{
   "Contributions" : {
      "X_0" : [ -7.298275 ],
      "X_1" : [ -7.622777 ],
      "X_2" : [ 31.975685 ],
      "X_3" : [ -9310.278320 ],
      "X_4" : [ -1310.250122 ],
      "X_5" : [ -2718.668213 ],
      "X_6" : [ -1317.406494 ],
      "X_7" : [ -5.971921 ],
      "X_8" : [ 0.000000 ]   
   },
   "Most_Contributive_Features" : {
      "y" : [ 3, 5, 6, 4, 2, 1, 0, 7 ]
   }
}