{
   "Contributions" : {
      "X_0" : [ -0.001488 ],
      "X_1" : [ -0.002339 ],
      "X_2" : [ 0.023235 ],
      "X_3" : [ -1.971555 ],
      "X_4" : [ -2.019025 ],
      "X_5" : [ -2.545046 ],
      "X_6" : [ 2.938652 ],
      "X_7" : [ 0.000115 ],
      "X_8" : [ 0.000000 ]   
   },
   "Most_Contributive_Features" : {
      "y" : [ 6, 5, 4, 3, 2, 1, 0, 7 ]
   }
}