{
   "Contributions" : {
      "X_0" : [ -0.006902, -0.000201, 0.004738, 0.002365 ],
      "X_1" : [ 0.004346, -0.002777, -0.001174, -0.000395 ],
      "X_2" : [ 0.000827, 0.005951, -0.005705, -0.001073 ],
      "X_3" : [ 0.007028, -0.000973, -0.004780, -0.001274 ],
      "X_4" : [ 0.000784, 0.000862, 0.000347, -0.001993 ],
      "X_5" : [ -0.000424, 0.000923, 0.000187, -0.000686 ],
      "X_6" : [ -0.004560, -0.000477, -0.004448, 0.009485 ],
      "X_7" : [ 0.009462, 0.005970, -0.010350, -0.005082 ],
      "X_8" : [ 0.001355, -0.000144, -0.000444, -0.000767 ],
      "X_9" : [ 0.001444, -0.000399, 0.001235, -0.002281 ],
      "X_10" : [ 0.000030, 0.001638, -0.004452, 0.002783 ],
      "X_11" : [ -0.001829, -0.004858, 0.007744, -0.001057 ],
      "X_12" : [ -0.003376, 0.004396, 0.004903, -0.005923 ],
      "X_13" : [ 0.001804, -0.002946, -0.001959, 0.003100 ],
      "X_14" : [ -0.002475, -0.005322, 0.002262, 0.005535 ],
      "X_15" : [ 0.007701, 0.006346, -0.015606, 0.001560 ],
      "X_16" : [ 0.001372, -0.000412, -0.000951, -0.000009 ],
      "X_17" : [ 0.000247, 0.002071, -0.000128, -0.002190 ],
      "X_18" : [ -0.006589, -0.005651, 0.008962, 0.003277 ],
      "X_19" : [ 0.002773, 0.001189, -0.001414, -0.002548 ],
      "X_20" : [ 0.000926, 0.001504, 0.000490, -0.002921 ],
      "X_21" : [ -0.001581, -0.002659, 0.000104, 0.004136 ],
      "X_22" : [ -0.003818, 0.006742, -0.000627, -0.002298 ],
      "X_23" : [ 0.002145, 0.003749, -0.006040, 0.000146 ],
      "X_24" : [ -0.003332, 0.000874, 0.001140, 0.001319 ],
      "X_25" : [ -0.000588, 0.007164, -0.005429, -0.001147 ],
      "X_26" : [ 0.002099, 0.000535, -0.002213, -0.000422 ],
      "X_27" : [ 0.000739, -0.005976, 0.002615, 0.002622 ],
      "X_28" : [ -0.000338, -0.013374, 0.006627, 0.007084 ],
      "X_29" : [ 0.005648, 0.000430, 0.008441, -0.014518 ],
      "X_30" : [ -0.001648, 0.000269, 0.001447, -0.000068 ],
      "X_31" : [ 0.010856, -0.003891, -0.004261, -0.002705 ],
      "X_32" : [ -0.000155, 0.000138, 0.000225, -0.000208 ],
      "X_33" : [ 0.002640, 0.005797, -0.007617, -0.000820 ],
      "X_34" : [ 0.000400, -0.000228, 0.000345, -0.000517 ],
      "X_35" : [ 0.003869, 0.002197, -0.005200, -0.000865 ],
      "X_36" : [ 0.000383, 0.001092, -0.001156, -0.000319 ],
      "X_37" : [ -0.006863, -0.000020, 0.012972, -0.006089 ],
      "X_38" : [ -0.002101, 0.000065, 0.001270, 0.000765 ],
      "X_39" : [ -0.000038, -0.001242, 0.001155, 0.000125 ],
      "X_40" : [ -0.008581, -0.005704, 0.000106, 0.014180 ],
      "X_41" : [ 0.004572, -0.002267, -0.005196, 0.002891 ],
      "X_42" : [ 0.002247, -0.001531, -0.004880, 0.004164 ],
      "X_43" : [ -0.000985, -0.001543, 0.001297, 0.001231 ],
      "X_44" : [ 0.002989, -0.000544, -0.001212, -0.001233 ],
      "X_45" : [ -0.005080, -0.003427, 0.004314, 0.004193 ],
      "X_46" : [ 0.007155, -0.005990, -0.003158, 0.001993 ],
      "X_47" : [ -0.000208, 0.000873, 0.000318, -0.000983 ],
      "X_48" : [ 0.001140, -0.001793, 0.000276, 0.000378 ],
      "X_49" : [ 0.006001, -0.000668, -0.005172, -0.000162 ],
      "X_50" : [ 0.001283, 0.002830, -0.000383, -0.003730 ],
      "X_51" : [ -0.002953, 0.002693, 0.003661, -0.003401 ],
      "X_52" : [ 0.004055, 0.001557, -0.004663, -0.000949 ],
      "X_53" : [ -0.000480, 0.000138, 0.000046, 0.000295 ],
      "X_54" : [ 0.001393, -0.001320, -0.001439, 0.001366 ],
      "X_55" : [ -0.000623, -0.001416, 0.000738, 0.001301 ],
      "X_56" : [ -0.000814, 0.001681, 0.005352, -0.006219 ],
      "X_57" : [ 0.002957, -0.004491, 0.001744, -0.000210 ],
      "X_58" : [ -0.001879, -0.000286, -0.001338, 0.003503 ],
      "X_59" : [ -0.006192, -0.000948, -0.003792, 0.010933 ],
      "X_60" : [ 0.000678, -0.003846, 0.005120, -0.001952 ],
      "X_61" : [ -0.004846, 0.001997, -0.003771, 0.006620 ],
      "X_62" : [ -0.007063, -0.005593, 0.004468, 0.008188 ],
      "X_63" : [ 0.002454, -0.008154, 0.003846, 0.001855 ],
      "X_64" : [ 0.003044, -0.003538, 0.000494, 0.000000 ],
      "X_65" : [ 0.003544, -0.003411, -0.000614, 0.000481 ],
      "X_66" : [ 0.014407, -0.001217, -0.008252, -0.004938 ],
      "X_67" : [ -0.000286, 0.003040, -0.001190, -0.001564 ],
      "X_68" : [ -0.001833, 0.003166, 0.000062, -0.001394 ],
      "X_69" : [ -0.002553, 0.001404, 0.000977, 0.000172 ],
      "X_70" : [ 0.006894, -0.004336, -0.000193, -0.002366 ],
      "X_71" : [ 0.010874, -0.005529, -0.000153, -0.005192 ],
      "X_72" : [ -0.006078, 0.003082, 0.001173, 0.001822 ],
      "X_73" : [ 0.000023, 0.001037, 0.000194, -0.001254 ],
      "X_74" : [ 0.000683, -0.001584, 0.002008, -0.001108 ],
      "X_75" : [ 0.000147, -0.001352, 0.003734, -0.002530 ],
      "X_76" : [ 0.006342, 0.001317, 0.004392, -0.012051 ],
      "X_77" : [ -0.000545, 0.001627, -0.007007, 0.005926 ],
      "X_78" : [ -0.002987, 0.004712, -0.001894, 0.000169 ],
      "X_79" : [ 0.003770, 0.000137, -0.003042, -0.000865 ],
      "X_80" : [ 0.011992, -0.008512, 0.005632, -0.009113 ],
      "X_81" : [ 0.003647, -0.003773, 0.001010, -0.000884 ],
      "X_82" : [ 0.000999, -0.000057, -0.007846, 0.006904 ],
      "X_83" : [ 0.000171, 0.000737, 0.000728, -0.001636 ],
      "X_84" : [ -0.003537, -0.001165, 0.002386, 0.002315 ],
      "X_85" : [ -0.002547, 0.001138, -0.001086, 0.002495 ],
      "X_86" : [ 0.002414, -0.009330, 0.001147, 0.005768 ],
      "X_87" : [ 0.002827, -0.002458, -0.000662, 0.000293 ],
      "X_88" : [ -0.004107, 0.000989, 0.002994, 0.000125 ],
      "X_89" : [ -0.003361, 0.003726, -0.000105, -0.000260 ],
      "X_90" : [ 0.002769, -0.006679, 0.003797, 0.000114 ],
      "X_91" : [ 0.000139, -0.000611, 0.000556, -0.000083 ],
      "X_92" : [ -0.001503, 0.003064, -0.001201, -0.000360 ],
      "X_93" : [ -0.014407, 0.003255, -0.009766, 0.020919 ],
      "X_94" : [ -0.006221, 0.002152, 0.003485, 0.000584 ],
      "X_95" : [ -0.000319, 0.001295, 0.002462, -0.003438 ],
      "X_96" : [ -0.002583, -0.004675, 0.007132, 0.000126 ],
      "X_97" : [ -0.000291, 0.002685, -0.004857, 0.002463 ],
      "X_98" : [ 0.002765, 0.001391, -0.003833, -0.000324 ],
      "X_99" : [ -0.002764, 0.007144, -0.005119, 0.000739 ]   
   },
   "Most_Contributive_Features_By_Class" : {
      "class_0" : [ 66, 93, 80, 71, 31, 7, 40, 15, 46, 62 ],
      "class_1" : [ 28, 86, 80, 63, 25, 99, 22, 90, 15, 46 ],
      "class_2" : [ 15, 37, 7, 93, 18, 29, 66, 82, 11, 33 ],
      "class_3" : [ 93, 29, 40, 76, 59, 6, 80, 62, 28, 82 ]
   }
}