{
	"metadata" : { "model" : "Tikhonov_Ridge", "version" : "2024-W13", "signature" : "ff4_il8"},
	"options" : { "alpha" : 0.000000, "random_state" : 1789 },
	"dataset" : { "dataset_rows" : 128, "dataset_features" : 100 },
	"classes" : [ 0, 1, 2, 3 ],
	"equations" : {
		"class_0" : {
			"intercept" : -0.584476,
			"coeffs" : [ -0.149482, 0.177374, 0.006457, 0.221549, -0.006775, 0.166078, 0.133836, -0.342083, 0.065577, 0.131714, -0.177602, 0.015111, -0.121622, 0.012661, 0.116193, -0.220935, 0.081262, -0.111115, 0.139084, -0.051024, 0.272064, -0.042323, -0.125059, -0.032476, -0.165943, -0.027691, -0.091845, 0.007514, -0.175878, -0.115776, -0.025400, 0.213897, -0.101205, -0.008131, -0.061767, 0.048025, 0.049709, -0.082073, 0.088260, -0.045333, 0.121818, 0.150798, 0.084119, -0.080673, -0.267043, 0.074550, 0.074983, -0.001198, -0.064360, -0.036843, 0.012829, 0.067431, 0.143346, -0.009441, -0.045341, 0.158448, -0.009826, 0.245732, -0.078063, 0.185085, -0.065655, -0.102528, 0.037533, -0.025775, 0.282400, -0.049630, 0.045499, -0.015525, -0.099236, 0.170258, 0.148471, 0.226160, 0.230163, 0.004486, -0.021293, 0.020048, 0.081731, -0.089122, -0.109616, 0.070820, 0.284101, -0.269289, -0.039934, -0.028882, -0.146797, 0.159601, -0.020691, -0.115997, -0.237720, -0.095270, 0.041029, 0.094548, 0.078023, -0.274951, 0.085865, 0.015906, 0.266422, 0.038177, 0.100254, 0.072483 ]
		},
		"class_1" : {
			"intercept" : -0.451225,
			"coeffs" : [ -0.011344, -0.120191, 0.246145, 0.125488, -0.077932, -0.049540, -0.040841, -0.113352, -0.179589, -0.203495, 0.065274, 0.103570, 0.063679, -0.178880, 0.104760, -0.085127, -0.003380, -0.076939, 0.072607, -0.017085, -0.144183, -0.119327, 0.219049, -0.212464, -0.050629, -0.320001, -0.007874, -0.118465, 0.343373, -0.026763, 0.005356, -0.020948, 0.030699, -0.123561, 0.084996, 0.043611, -0.123817, 0.010837, -0.038862, -0.053949, 0.128328, -0.034515, -0.045073, 0.196059, 0.217410, 0.049111, -0.106354, -0.161888, -0.084040, -0.005152, 0.180064, -0.064677, 0.053559, -0.100257, 0.101637, -0.103487, -0.025038, -0.230490, 0.001088, 0.023506, 0.098270, 0.086794, 0.123115, 0.175761, -0.193398, 0.067089, 0.011930, 0.121468, -0.183003, -0.081285, -0.107466, -0.141487, -0.097545, -0.100171, 0.019256, -0.053896, 0.025794, 0.131317, 0.175907, -0.002067, -0.237232, 0.170025, 0.065380, -0.007412, -0.056429, 0.081658, 0.186404, -0.155873, 0.031818, 0.136311, -0.121407, -0.039415, -0.180981, 0.105439, -0.037143, -0.033551, 0.051116, -0.078304, 0.182707, -0.161858 ]
		},
		"class_2" : {
			"intercept" : -0.517543,
			"coeffs" : [ 0.075500, -0.031313, -0.179848, -0.185499, -0.007088, -0.024311, 0.148488, 0.266681, 0.036949, 0.155383, 0.173507, -0.123068, 0.158625, -0.097844, -0.103307, 0.268755, 0.011330, 0.101214, -0.115272, 0.032845, 0.042012, 0.031905, -0.043262, 0.185386, 0.037967, 0.214675, 0.073515, 0.066277, -0.037082, -0.154406, 0.025466, -0.048213, 0.036976, 0.114338, 0.008839, -0.057436, 0.001217, 0.140320, -0.032805, 0.106185, -0.002348, -0.125542, -0.155516, -0.024535, -0.016020, -0.047866, -0.026209, 0.003736, -0.028453, 0.041483, -0.050938, -0.073957, -0.116936, 0.009532, -0.134487, 0.043353, -0.077166, 0.071805, -0.052453, 0.093659, 0.143064, -0.130462, -0.091074, -0.120431, -0.092353, -0.007889, -0.030340, -0.037059, 0.185729, -0.024315, 0.002305, 0.095725, -0.065462, -0.029083, -0.027027, 0.136243, 0.057201, -0.167520, -0.052736, -0.050223, 0.116978, 0.002750, 0.232277, -0.012485, 0.097530, -0.022447, -0.014701, 0.031809, 0.129679, -0.018849, 0.095345, -0.026117, 0.065089, -0.139273, -0.045635, -0.075261, -0.237609, 0.106648, -0.157031, 0.147590 ]
		},
		"class_3" : {
			"intercept" : -0.447006,
			"coeffs" : [ 0.085326, -0.025869, -0.072753, -0.161537, 0.091795, -0.092227, -0.241482, 0.188754, 0.077062, -0.083602, -0.061180, 0.002817, -0.100682, 0.264064, -0.117646, 0.037307, -0.089211, 0.086839, -0.096418, 0.035264, -0.169894, 0.129745, -0.050729, 0.059553, 0.178605, 0.133017, 0.026204, 0.045444, -0.130414, 0.296946, -0.005422, -0.144114, 0.033531, 0.017354, -0.032068, -0.034591, 0.072892, -0.069083, -0.016593, -0.006903, -0.247798, 0.009259, 0.116471, -0.090853, 0.065652, -0.075795, 0.057937, 0.159349, 0.176854, -0.000294, -0.141955, 0.071203, -0.079970, 0.096946, 0.078192, -0.098313, 0.112029, -0.087047, 0.129428, -0.302251, -0.177149, 0.146196, -0.067680, -0.029557, 0.003350, -0.008525, -0.029713, -0.068885, 0.096511, -0.064657, -0.043308, -0.180398, -0.067155, 0.124768, 0.029063, -0.102395, -0.164727, 0.125325, -0.013556, -0.015833, -0.163846, 0.096513, -0.257723, 0.048779, 0.105696, -0.218812, -0.151013, 0.240062, 0.076224, -0.022193, -0.014967, -0.029016, 0.037868, 0.308784, -0.003087, 0.092906, -0.079929, -0.066521, -0.125931, -0.058213 ]
		}
	}
}