{
   "Contributions" : {
      "X_0" : [ 0.000000, 0.000000, 0.000000, 0.000000, 0.000000, 0.000000, 0.000000, 0.000000, 0.000000, 0.000000 ],
      "X_1" : [ -0.000839, 0.000281, 0.001500, 0.000284, 0.000286, 0.003717, -0.000975, -0.003170, -0.000437, -0.000649 ],
      "X_2" : [ 0.001309, 0.000010, 0.000432, 0.001096, 0.004016, -0.000232, 0.000792, -0.003465, -0.002639, -0.001319 ],
      "X_3" : [ -0.000224, 0.000005, 0.000000, -0.000667, 0.000339, 0.000563, 0.000300, 0.000005, 0.000928, -0.001250 ],
      "X_4" : [ 0.000000, -0.000382, 0.000000, -0.000064, 0.000000, 0.000243, 0.000000, 0.000000, -0.000203, 0.000405 ],
      "X_5" : [ 0.001292, 0.004273, 0.000321, -0.000372, -0.004090, -0.000148, 0.001061, -0.002067, 0.000253, -0.000523 ],
      "X_6" : [ 0.000000, -0.000040, -0.000013, 0.000146, 0.000000, 0.000180, 0.000000, 0.000100, 0.000030, -0.000403 ],
      "X_7" : [ 0.000000, 0.000000, 0.000000, 0.000000, 0.000000, 0.000000, 0.000000, 0.000000, 0.000000, 0.000000 ],
      "X_8" : [ 0.000000, 0.000000, 0.000000, 0.000000, 0.000000, 0.000000, 0.000000, 0.000000, 0.000000, 0.000000 ],
      "X_9" : [ 0.000000, 0.000000, 0.000000, 0.000000, 0.000000, 0.000000, 0.000000, 0.000000, 0.000000, 0.000000 ],
      "X_10" : [ 0.000000, 0.000000, 0.000000, 0.000000, 0.000000, 0.000000, 0.000000, 0.000000, 0.000000, 0.000000 ],
      "X_11" : [ -0.001291, 0.000000, 0.000000, 0.003765, 0.000000, -0.002198, 0.000000, 0.000000, 0.000142, -0.000418 ],
      "X_12" : [ 0.001208, 0.000000, 0.000000, -0.000110, 0.000398, -0.000026, -0.001480, -0.000002, -0.000270, 0.000281 ],
      "X_13" : [ -0.000563, 0.001376, 0.000000, 0.000000, -0.004550, 0.000531, -0.000877, 0.002391, 0.001692, 0.000000 ],
      "X_14" : [ 0.000000, 0.000000, 0.000000, 0.000000, 0.000000, 0.000000, 0.000000, 0.000000, 0.000000, 0.000000 ],
      "X_15" : [ 0.000000, 0.000000, 0.000000, 0.000000, 0.000000, 0.000000, 0.000000, 0.000000, 0.000000, 0.000000 ],
      "X_16" : [ 0.000000, 0.000000, 0.000000, 0.000000, 0.000000, 0.000000, 0.000000, 0.000000, 0.000000, 0.000000 ],
      "X_17" : [ 0.000000, 0.000000, 0.000000, 0.000000, 0.000000, 0.000000, 0.000000, 0.000000, 0.000000, 0.000000 ],
      "X_18" : [ 0.002191, 0.000184, -0.001565, 0.006501, 0.004246, -0.005214, -0.000101, 0.000996, -0.004128, -0.003110 ],
      "X_19" : [ 0.000000, 0.000000, 0.000000, 0.000000, 0.000928, 0.000000, -0.000309, -0.000309, 0.000000, -0.000309 ],
      "X_20" : [ -0.000231, 0.007366, 0.003018, -0.001330, 0.001447, 0.000548, -0.001499, -0.003305, -0.005773, -0.000242 ],
      "X_21" : [ 0.000000, 0.000000, 0.000000, 0.000000, 0.000000, 0.000000, 0.000000, 0.000000, 0.000000, 0.000000 ],
      "X_22" : [ 0.000000, 0.000000, -0.000106, -0.000505, 0.000000, -0.000222, 0.001309, -0.000573, 0.000602, -0.000505 ],
      "X_23" : [ 0.000000, 0.000000, 0.000000, 0.000000, 0.000000, 0.000000, 0.000000, 0.000000, 0.000000, 0.000000 ],
      "X_24" : [ 0.000000, 0.000000, 0.000000, 0.000000, 0.000000, 0.000000, 0.000000, 0.000000, 0.000000, 0.000000 ],
      "X_25" : [ -0.000155, 0.002478, 0.000000, -0.000114, -0.000078, -0.000211, 0.000000, -0.004160, -0.000078, 0.002318 ],
      "X_26" : [ 0.000000, 0.000000, 0.000000, 0.000000, 0.000000, 0.000000, 0.000000, 0.000000, 0.000000, 0.000000 ],
      "X_27" : [ 0.000000, 0.000000, 0.000000, 0.000000, 0.000000, 0.000000, 0.000000, 0.000000, 0.000000, 0.000000 ],
      "X_28" : [ 0.000000, 0.000000, 0.000000, 0.000000, 0.000000, 0.000000, 0.000000, 0.000000, 0.000000, 0.000000 ],
      "X_29" : [ 0.000000, 0.000000, 0.000000, 0.000000, 0.000000, 0.000000, 0.000000, 0.000000, 0.000000, 0.000000 ],
      "X_30" : [ 0.006247, -0.001574, -0.000388, -0.001368, 0.001612, 0.001066, -0.000430, -0.001862, -0.002146, -0.001158 ],
      "X_31" : [ 0.000000, 0.000000, 0.000000, 0.000000, 0.000000, 0.000000, 0.000000, 0.000000, 0.000000, 0.000000 ],
      "X_32" : [ 0.000000, 0.000000, 0.000000, 0.000000, 0.000000, 0.000000, 0.000000, 0.000000, 0.000000, 0.000000 ],
      "X_33" : [ 0.006964, -0.000012, 0.000000, 0.000000, 0.002628, 0.000992, 0.002130, -0.003877, -0.006873, -0.001952 ],
      "X_34" : [ 0.008921, -0.000510, -0.010444, -0.003442, 0.008225, -0.002771, 0.009115, -0.001206, 0.005854, -0.013743 ],
      "X_35" : [ 0.001995, -0.003487, -0.000129, -0.000324, -0.000521, 0.004612, 0.000093, -0.000212, -0.005684, 0.003657 ],
      "X_36" : [ 0.000000, 0.000000, 0.000000, 0.000000, 0.000000, 0.000000, 0.000000, 0.000000, 0.000000, 0.000000 ],
      "X_37" : [ -0.001569, 0.001630, 0.000046, 0.001906, -0.000155, -0.000044, 0.000000, -0.000380, -0.001253, -0.000180 ],
      "X_38" : [ 0.000250, 0.002408, -0.000313, 0.000000, -0.001209, 0.000000, 0.000000, -0.000800, -0.000805, 0.000470 ],
      "X_39" : [ 0.000000, 0.000000, 0.000000, 0.000000, 0.000000, 0.000000, 0.000000, 0.000000, 0.000000, 0.000000 ],
      "X_40" : [ 0.000000, 0.000000, 0.000000, 0.000000, 0.000000, 0.000000, 0.000000, 0.000000, 0.000000, 0.000000 ],
      "X_41" : [ 0.000000, 0.000068, 0.000000, 0.000000, -0.000122, 0.000000, 0.000000, 0.000054, 0.000000, 0.000000 ],
      "X_42" : [ 0.001501, 0.000000, 0.000000, 0.000000, 0.000000, 0.000000, 0.001501, 0.000000, 0.000000, -0.003003 ],
      "X_43" : [ 0.000449, -0.001275, -0.002223, 0.011534, 0.000025, 0.003201, 0.000000, -0.006236, -0.010770, 0.005295 ],
      "X_44" : [ -0.001610, 0.007657, -0.005123, 0.000075, 0.000456, -0.000004, 0.002280, 0.000000, -0.003359, -0.000372 ],
      "X_45" : [ 0.002609, 0.002662, -0.019765, 0.002506, 0.001376, 0.000260, 0.004735, 0.001297, -0.001275, 0.005596 ],
      "X_46" : [ 0.002453, 0.001546, -0.004435, 0.000906, -0.003477, -0.002824, 0.004888, 0.000305, -0.003260, 0.003899 ],
      "X_47" : [ 0.000000, 0.000000, 0.000000, 0.000000, 0.000000, 0.000000, 0.000000, 0.000000, 0.000000, 0.000000 ],
      "X_48" : [ 0.000000, 0.000000, 0.000000, 0.000000, 0.000000, 0.000000, 0.000000, 0.000000, 0.000000, 0.000000 ],
      "X_49" : [ 0.000000, 0.000000, 0.000000, 0.000000, 0.000000, 0.000000, 0.000000, 0.000000, 0.000000, 0.000000 ],
      "X_50" : [ 0.000995, 0.003347, -0.001480, 0.002404, -0.001085, 0.000749, 0.000276, -0.001442, -0.005980, 0.002215 ],
      "X_51" : [ 0.000000, 0.000485, 0.000000, 0.000000, -0.000628, 0.000065, -0.000645, 0.000194, 0.000346, 0.000183 ],
      "X_52" : [ 0.000000, 0.000067, 0.000000, 0.000000, -0.000272, 0.000000, 0.000000, 0.000143, -0.000024, 0.000086 ],
      "X_53" : [ -0.001347, 0.000422, -0.001022, -0.002384, -0.002261, 0.001368, 0.001091, 0.004780, 0.000325, -0.000974 ],
      "X_54" : [ 0.000000, 0.000000, 0.000000, 0.000000, 0.000000, 0.000000, 0.000000, 0.000000, 0.000000, 0.000000 ],
      "X_55" : [ 0.000000, 0.000000, 0.000000, 0.000000, 0.000000, 0.000000, 0.000000, 0.000000, 0.000000, 0.000000 ],
      "X_56" : [ 0.000000, 0.000000, 0.000000, 0.000000, 0.000000, 0.000000, 0.000000, 0.000000, 0.000000, 0.000000 ],
      "X_57" : [ 0.000000, 0.000026, 0.001864, -0.003686, 0.000000, 0.000488, 0.000000, -0.000119, 0.000111, 0.001317 ],
      "X_58" : [ 0.007633, -0.002841, 0.000060, -0.000162, -0.000417, 0.001929, -0.001002, -0.002098, -0.003275, 0.000174 ],
      "X_59" : [ -0.002215, 0.013189, 0.002264, -0.001013, 0.006455, -0.000178, -0.006487, -0.001992, -0.006711, -0.003312 ],
      "X_60" : [ 0.000235, 0.000591, 0.000259, 0.000421, 0.001035, 0.000204, 0.000259, -0.003507, -0.000137, 0.000639 ],
      "X_61" : [ 0.000837, 0.008382, -0.007032, 0.000557, -0.002414, -0.005804, 0.005845, -0.004472, -0.001337, 0.005439 ],
      "X_62" : [ -0.003449, 0.002290, -0.009437, 0.000455, 0.000306, -0.000442, -0.002757, 0.001068, 0.010004, 0.001962 ],
      "X_63" : [ 0.000000, 0.000000, 0.000000, 0.000000, 0.000000, 0.000000, 0.000000, 0.000000, 0.000000, 0.000000 ]   
   },
   "Most_Contributive_Features_By_Class" : {
      "class_0" : [ 34, 58, 33, 30, 62, 45, 46, 59, 18, 35 ],
      "class_1" : [ 59, 61, 44, 20, 5, 35, 50, 58, 45, 25 ],