{
   "Contributions" : {
      "X_0" : [ 0.000000, 0.000000, 0.000000, 0.000000, 0.000000, 0.000000, 0.000000, 0.000000, 0.000000, 0.000000 ],
      "X_1" : [ 0.000031, -0.000191, 0.000568, 0.000837, -0.000258, 0.003065, 0.000009, -0.001662, -0.001327, -0.001072 ],
      "X_2" : [ 0.000408, 0.002999, 0.001012, 0.001990, 0.004286, 0.002797, -0.001694, -0.003068, -0.004277, -0.004452 ],
      "X_3" : [ -0.000608, 0.003941, 0.000083, -0.000236, 0.000517, -0.000940, -0.000015, -0.002691, -0.001837, 0.001786 ],
      "X_4" : [ 0.000418, 0.000088, 0.000304, 0.000204, -0.000347, -0.000045, 0.000447, 0.000399, -0.000912, -0.000556 ],
      "X_5" : [ 0.000038, 0.001480, -0.000694, 0.001080, -0.000029, 0.000520, 0.000018, -0.000605, -0.000557, -0.001251 ],
      "X_6" : [ 0.000245, 0.000821, -0.000078, -0.000295, 0.000465, 0.000247, 0.000035, -0.000473, -0.000499, -0.000468 ],
      "X_7" : [ 0.000362, -0.000021, 0.000000, -0.000051, -0.000109, -0.000078, -0.000011, -0.000220, -0.000065, 0.000193 ],
      "X_8" : [ 0.000000, 0.000000, 0.000000, 0.000000, 0.000000, 0.000000, 0.000000, 0.000000, 0.000000, 0.000000 ],
      "X_9" : [ -0.001095, 0.001572, -0.000981, -0.001254, 0.001140, -0.001798, 0.002760, -0.000825, 0.000428, 0.000054 ],
      "X_10" : [ 0.000703, 0.005046, -0.000466, -0.000889, 0.003599, -0.001299, -0.001718, -0.000680, -0.003594, -0.000700 ],
      "X_11" : [ -0.000003, 0.000635, -0.000587, -0.000227, 0.000572, 0.000258, 0.000798, -0.000271, -0.000715, -0.000460 ],
      "X_12" : [ 0.000856, 0.000390, -0.000430, 0.000247, -0.000474, 0.000269, -0.000282, -0.000158, -0.000663, 0.000244 ],
      "X_13" : [ 0.002736, -0.000437, -0.000176, -0.000421, -0.001805, 0.000894, -0.001858, 0.000943, -0.000570, 0.000693 ],
      "X_14" : [ -0.000180, 0.000188, 0.000154, -0.000211, 0.000139, -0.000341, -0.000042, -0.000113, 0.000102, 0.000304 ],
      "X_15" : [ 0.000000, 0.000000, 0.000000, 0.000000, 0.000000, 0.000004, 0.000000, -0.000061, 0.000000, 0.000057 ],
      "X_16" : [ 0.000000, 0.000000, 0.000000, 0.000000, 0.000000, 0.000000, 0.000000, 0.000000, 0.000000, 0.000000 ],
      "X_17" : [ -0.001051, 0.000323, -0.000249, 0.001008, 0.000985, -0.000683, 0.000791, 0.001274, -0.001903, -0.000496 ],
      "X_18" : [ 0.001707, -0.000429, -0.000313, 0.001068, 0.000036, -0.002747, 0.000087, 0.000052, 0.001379, -0.000839 ],
      "X_19" : [ -0.001365, 0.002075, -0.000254, 0.000532, 0.001955, -0.000035, 0.000497, -0.002648, -0.000130, -0.000627 ],
      "X_20" : [ 0.000771, 0.002682, -0.000263, 0.000652, -0.001950, -0.000645, 0.000157, 0.000247, -0.000572, -0.001078 ],
      "X_21" : [ -0.000157, 0.000993, -0.001719, 0.000128, 0.000569, -0.001661, -0.000670, -0.000038, 0.002664, -0.000108 ],
      "X_22" : [ 0.000000, 0.000011, -0.000521, 0.000006, 0.000210, 0.000177, 0.000320, -0.000046, 0.000027, -0.000185 ],
      "X_23" : [ 0.000000, 0.000000, 0.000000, 0.000000, 0.000000, 0.000000, 0.000000, 0.000000, 0.000000, 0.000000 ],
      "X_24" : [ 0.000000, 0.000000, 0.000000, 0.000000, 0.000000, 0.000000, 0.000000, 0.000000, 0.000000, 0.000000 ],
      "X_25" : [ 0.000954, -0.000289, -0.000507, 0.000490, 0.000707, 0.001160, -0.000620, -0.000817, -0.000304, -0.000774 ],
      "X_26" : [ 0.001441, 0.000311, -0.002329, 0.002102, 0.000489, 0.000005, 0.001215, -0.002376, -0.001229, 0.000371 ],
      "X_27" : [ 0.001882, 0.002184, -0.002266, -0.000041, -0.002836, 0.000347, -0.000392, -0.000148, 0.001461, -0.000192 ],
      "X_28" : [ 0.004250, 0.002403, -0.000782, 0.000466, -0.001348, -0.002777, 0.001362, -0.001053, -0.001552, -0.000970 ],
      "X_29" : [ 0.000122, -0.000457, 0.000708, 0.000322, 0.000836, -0.001192, -0.000932, 0.000601, -0.000642, 0.000635 ],
      "X_30" : [ 0.007021, -0.001131, -0.001316, 0.001169, -0.000999, -0.002398, -0.001156, 0.000347, -0.002416, 0.000878 ],
      "X_31" : [ 0.000000, 0.000000, 0.000000, 0.000000, 0.000000, 0.000000, 0.000000, 0.000000, 0.000000, 0.000000 ],
      "X_32" : [ 0.000000, 0.000000, 0.000000, 0.000000, 0.000000, 0.000000, 0.000000, 0.000000, 0.000000, 0.000000 ],
      "X_33" : [ 0.003191, 0.000646, 0.000761, 0.000050, 0.001243, -0.001035, 0.000189, -0.002495, -0.001429, -0.001120 ],
      "X_34" : [ 0.003157, -0.000356, -0.006503, -0.000500, 0.002997, 0.000609, 0.004090, -0.000363, 0.000192, -0.003322 ],
      "X_35" : [ 0.007145, -0.000396, -0.001349, 0.002066, -0.002095, 0.002324, -0.003025, -0.001305, -0.004220, 0.000856 ],
      "X_36" : [ 0.015476, -0.000990, -0.002945, -0.003961, 0.000368, -0.002220, -0.004320, -0.002085, -0.002113, 0.002791 ],
      "X_37" : [ 0.000024, 0.000032, 0.000059, -0.000115, -0.000256, 0.000105, 0.000147, -0.000353, -0.000011, 0.000369 ],
      "X_38" : [ 0.001696, 0.000087, -0.000076, 0.000271, -0.000126, -0.000784, -0.000207, -0.000027, -0.000983, 0.000149 ],
      "X_39" : [ 0.000000, 0.000000, 0.000000, 0.000000, 0.000000, 0.000000, 0.000000, 0.000000, 0.000000, 0.000000 ],
      "X_40" : [ 0.000000, 0.000000, 0.000000, 0.000000, 0.000000, 0.000000, 0.000000, 0.000000, 0.000000, 0.000000 ],
      "X_41" : [ 0.000823, 0.000557, 0.000126, -0.000847, -0.000034, -0.000531, 0.000393, -0.000407, 0.000379, -0.000459 ],
      "X_42" : [ 0.005119, 0.001339, -0.002495, -0.001214, -0.000993, 0.000329, 0.004015, 0.000667, -0.002604, -0.004164 ],
      "X_43" : [ -0.000029, 0.000532, -0.003452, 0.001426, -0.000137, 0.002819, 0.000803, -0.002077, -0.003848, 0.003963 ],
      "X_44" : [ 0.000654, 0.002875, -0.001607, -0.000593, 0.000426, -0.000227, -0.001052, 0.000135, -0.001733, 0.001122 ],
      "X_45" : [ 0.000979, 0.000412, -0.005835, 0.000202, 0.000943, 0.000758, 0.001025, -0.000478, 0.000454, 0.001540 ],
      "X_46" : [ 0.002323, 0.000856, -0.001699, -0.004950, 0.000171, 0.000433, 0.001217, 0.001075, 0.000410, 0.000165 ],
      "X_47" : [ 0.000000, 0.000000, 0.000000, 0.000000, 0.000000, 0.000000, 0.000000, 0.000000, 0.000000, 0.000000 ],
      "X_48" : [ 0.000000, -0.000025, 0.000025, 0.000000, 0.000000, 0.000000, 0.000000, 0.000000, 0.000000, 0.000000 ],
      "X_49" : [ 0.000108, -0.000077, 0.000114, -0.000391, 0.000021, 0.000012, 0.000002, -0.000025, 0.000080, 0.000156 ],
      "X_50" : [ 0.000827, 0.000510, -0.000435, 0.000627, 0.000640, -0.002213, 0.001559, -0.000857, 0.000938, -0.001596 ],
      "X_51" : [ -0.000298, -0.000006, 0.000294, 0.000163, 0.000187, 0.000834, 0.000757, -0.000856, -0.001172, 0.000098 ],
      "X_52" : [ 0.000648, 0.001113, 0.000777, -0.000483, 0.000845, 0.000360, 0.000816, -0.001406, -0.000811, -0.001860 ],
      "X_53" : [ 0.000944, -0.000085, -0.000114, 0.000554, -0.000086, 0.000194, 0.000251, 0.000200, -0.000938, -0.000920 ],
      "X_54" : [ -0.000126, 0.000123, -0.000188, 0.000547, -0.000066, -0.000542, 0.001753, -0.000226, -0.002138, 0.000864 ],
      "X_55" : [ 0.000000, -0.000039, 0.000000, -0.000034, 0.000000, 0.000000, 0.000073, 0.000000, 0.000000, 0.000000 ],
      "X_56" : [ 0.000000, 0.000000, 0.000000, 0.000000, 0.000000, 0.000000, 0.000000, 0.000000, 0.000000, 0.000000 ],
      "X_57" : [ -0.000195, -0.000007, 0.000286, 0.000476, -0.000013, 0.001016, 0.000142, -0.000715, -0.000755, -0.000235 ],
      "X_58" : [ 0.005053, -0.004106, 0.001160, 0.000830, 0.001071, 0.001146, -0.001369, -0.003713, 0.000008, -0.000079 ],
      "X_59" : [ -0.000271, 0.004465, 0.000724, -0.000854, 0.001140, 0.000634, -0.001362, -0.001307, -0.002377, -0.000792 ],
      "X_60" : [ 0.000950, -0.001233, 0.000506, 0.000635, 0.000894, 0.000067, 0.000579, -0.001730, -0.001125, 0.000457 ],
      "X_61" : [ 0.002636, 0.009263, 0.000236, -0.000221, -0.005203, -0.006137, 0.003068, -0.005158, 0.000847, 0.000669 ],
      "X_62" : [ -0.000045, 0.000160, -0.007560, -0.000687, 0.001279, 0.001307, 0.002252, 0.001791, 0.001733, -0.000231 ],
      "X_63" : [ -0.000011, 0.000061, 0.000021, -0.000086, -0.000023, -0.000037, -0.000034, -0.000000, -0.000036, 0.000146 ]   
   },
   "Most_Contributive_Features_By_Class" : {
      "class_0" : [ 36, 35, 30, 42, 58, 28, 33, 34, 13, 61 ],