{
	"metadata" : { "model" : "Breiman_CART", "version" : "2024-W13", "signature" : "ff4_il8"},
	"options" : { "ccp_alpha" : 0.000000, "criterion" : "", "max_depth" : 6, "max_features" : null, "max_leaf_nodes" : 32, "min_impurity_decrease" : 0.000000, "min_samples_leaf" : 1, "min_samples_split" : 2, "min_weight_fraction_leaf" : 0.000000, "random_state" : 1789, "splitter" : "best" },
	"dataset" : { "dataset_rows" : 1024, "dataset_features" : 100 },
	"classes" : [ 0, 1, 2, 3 ],
	"tree" : {
	"features" : 100,
	"outputs" : 4,
	"max_depth" : 5,
	"node_count" : 63,
	"nodes" : {
		"node_00" : {"left" : 1, "right" : 2, "feature" : 62, "threshold" : -0.410318, "impurity" : 0.749998, "n_samples" : 1024, "w_samples" : 1024.000000, "value" : [0.249023, 0.250000, 0.250977, 0.250000]},
		"node_01" : {"left" : 3, "right" : 4, "feature" : 60, "threshold" : 0.136527, "impurity" : 0.673491, "n_samples" : 388, "w_samples" : 388.000000, "value" : [0.146907, 0.108247, 0.283505, 0.461340]},
		"node_02" : {"left" : 51, "right" : 52, "feature" : 31, "threshold" : -0.547171, "impurity" : 0.721782, "n_samples" : 636, "w_samples" : 636.000000, "value" : [0.311321, 0.336478, 0.231132, 0.121069]},
		"node_03" : {"left" : 19, "right" : 20, "feature" : 49, "threshold" : 1.234337, "impurity" : 0.628351, "n_samples" : 234, "w_samples" : 234.000000, "value" : [0.222222, 0.123932, 0.111111, 0.542735]},
		"node_04" : {"left" : 5, "right" : 6, "feature" : 49, "threshold" : -0.456487, "impurity" : 0.580283, "n_samples" : 154, "w_samples" : 154.000000, "value" : [0.032468, 0.084416, 0.545455, 0.337662]},
		"node_05" : {"left" : 7, "right" : 8, "feature" : 35, "threshold" : -0.195895, "impurity" : 0.467512, "n_samples" : 51, "w_samples" : 51.000000, "value" : [0.058824, 0.156863, 0.078431, 0.705882]},
		"node_06" : {"left" : 43, "right" : 44, "feature" : 31, "threshold" : -2.507588, "impurity" : 0.369875, "n_samples" : 103, "w_samples" : 103.000000, "value" : [0.019417, 0.048544, 0.776699, 0.155340]},
		"node_07" : {"left" : 9, "right" : 10, "feature" : 50, "threshold" : -0.743755, "impurity" : 0.429752, "n_samples" : 11, "w_samples" : 11.000000, "value" : [0.000000, 0.727273, 0.090909, 0.181818]},
		"node_08" : {"left" : 13, "right" : 14, "feature" : 24, "threshold" : 1.746202, "impurity" : 0.266250, "n_samples" : 40, "w_samples" : 40.000000, "value" : [0.075000, 0.000000, 0.075000, 0.850000]},
		"node_09" : {"left" : 11, "right" : 12, "feature" : 92, "threshold" : -0.514659, "impurity" : 0.444444, "n_samples" : 3, "w_samples" : 3.000000, "value" : [0.000000, 0.000000, 0.333333, 0.666667]},
		"node_10" : {"left" : null, "right" : null, "feature" : null, "threshold" : null, "impurity" : 0.000000, "n_samples" : 8, "w_samples" : 8.000000, "value" : [0.000000, 1.000000, 0.000000, 0.000000]},
		"node_11" : {"left" : null, "right" : null, "feature" : null, "threshold" : null, "impurity" : 0.000000, "n_samples" : 2, "w_samples" : 2.000000, "value" : [0.000000, 0.000000, 0.000000, 1.000000]},
		"node_12" : {"left" : null, "right" : null, "feature" : null, "threshold" : null, "impurity" : 0.000000, "n_samples" : 1, "w_samples" : 1.000000, "value" : [0.000000, 0.000000, 1.000000, 0.000000]},
		"node_13" : {"left" : 17, "right" : 18, "feature" : 25, "threshold" : -1.101986, "impurity" : 0.151936, "n_samples" : 37, "w_samples" : 37.000000, "value" : [0.027027, 0.000000, 0.054054, 0.918919]},
		"node_14" : {"left" : 15, "right" : 16, "feature" : 38, "threshold" : 1.075104, "impurity" : 0.444444, "n_samples" : 3, "w_samples" : 3.000000, "value" : [0.666667, 0.000000, 0.333333, 0.000000]},
		"node_15" : {"left" : null, "right" : null, "feature" : null, "threshold" : null, "impurity" : 0.000000, "n_samples" : 2, "w_samples" : 2.000000, "value" : [1.000000, 0.000000, 0.000000, 0.000000]},
		"node_16" : {"left" : null, "right" : null, "feature" : null, "threshold" : null, "impurity" : 0.000000, "n_samples" : 1, "w_samples" : 1.000000, "value" : [0.000000, 0.000000, 1.000000, 0.000000]},
		"node_17" : {"left" : null, "right" : null, "feature" : null, "threshold" : null, "impurity" : 0.444444, "n_samples" : 3, "w_samples" : 3.000000, "value" : [0.000000, 0.000000, 0.666667, 0.333333]},
		"node_18" : {"left" : null, "right" : null, "feature" : null, "threshold" : null, "impurity" : 0.057093, "n_samples" : 34, "w_samples" : 34.000000, "value" : [0.029412, 0.000000, 0.000000, 0.970588]},
		"node_19" : {"left" : 35, "right" : 36, "feature" : 53, "threshold" : 1.441320, "impurity" : 0.571421, "n_samples" : 194, "w_samples" : 194.000000, "value" : [0.262887, 0.036082, 0.113402, 0.587629]},
		"node_20" : {"left" : 21, "right" : 22, "feature" : 11, "threshold" : -2.042675, "impurity" : 0.581250, "n_samples" : 40, "w_samples" : 40.000000, "value" : [0.025000, 0.550000, 0.100000, 0.325000]},
		"node_21" : {"left" : 23, "right" : 24, "feature" : 73, "threshold" : -0.793740, "impurity" : 0.473373, "n_samples" : 13, "w_samples" : 13.000000, "value" : [0.000000, 0.153846, 0.153846, 0.692308]},
		"node_22" : {"left" : 29, "right" : 30, "feature" : 36, "threshold" : 0.854245, "impurity" : 0.422497, "n_samples" : 27, "w_samples" : 27.000000, "value" : [0.037037, 0.740741, 0.074074, 0.148148]},
		"node_23" : {"left" : 25, "right" : 26, "feature" : 20, "threshold" : -0.175235, "impurity" : 0.444444, "n_samples" : 3, "w_samples" : 3.000000, "value" : [0.000000, 0.333333, 0.666667, 0.000000]},
		"node_24" : {"left" : 27, "right" : 28, "feature" : 78, "threshold" : 1.687439, "impurity" : 0.180000, "n_samples" : 10, "w_samples" : 10.000000, "value" : [0.000000, 0.100000, 0.000000, 0.900000]},
		"node_25" : {"left" : null, "right" : null, "feature" : null, "threshold" : null, "impurity" : 0.000000, "n_samples" : 1, "w_samples" : 1.000000, "value" : [0.000000, 1.000000, 0.000000, 0.000000]},
		"node_26" : {"left" : null, "right" : null, "feature" : null, "threshold" : null, "impurity" : 0.000000, "n_samples" : 2, "w_samples" : 2.000000, "value" : [0.000000, 0.000000, 1.000000, 0.000000]},
		"node_27" : {"left" : null, "right" : null, "feature" : null, "threshold" : null, "impurity" : 0.000000, "n_samples" : 9, "w_samples" : 9.000000, "value" : [0.000000, 0.000000, 0.000000, 1.000000]},
		"node_28" : {"left" : null, "right" : null, "feature" : null, "threshold" : null, "impurity" : 0.000000, "n_samples" : 1, "w_samples" : 1.000000, "value" : [0.000000, 1.000000, 0.000000, 0.000000]},
		"node_29" : {"left" : 33, "right" : 34, "feature" : 7, "threshold" : 1.382299, "impurity" : 0.247934, "n_samples" : 22, "w_samples" : 22.000000, "value" : [0.045455, 0.863636, 0.045455, 0.045455]},
		"node_30" : {"left" : 31, "right" : 32, "feature" : 35, "threshold" : 0.006854, "impurity" : 0.560000, "n_samples" : 5, "w_samples" : 5.000000, "value" : [0.000000, 0.200000, 0.200000, 0.600000]},
		"node_31" : {"left" : null, "right" : null, "feature" : null, "threshold" : null, "impurity" : 0.000000, "n_samples" : 3, "w_samples" : 3.000000, "value" : [0.000000, 0.000000, 0.000000, 1.000000]},
		"node_32" : {"left" : null, "right" : null, "feature" : null, "threshold" : null, "impurity" : 0.500000, "n_samples" : 2, "w_samples" : 2.000000, "value" : [0.000000, 0.500000, 0.500000, 0.000000]},
		"node_33" : {"left" : null, "right" : null, "feature" : null, "threshold" : null, "impurity" : 0.095000, "n_samples" : 20, "w_samples" : 20.000000, "value" : [0.050000, 0.950000, 0.000000, 0.000000]},
		"node_34" : {"left" : null, "right" : null, "feature" : null, "threshold" : null, "impurity" : 0.500000, "n_samples" : 2, "w_samples" : 2.000000, "value" : [0.000000, 0.000000, 0.500000, 0.500000]},
		"node_35" : {"left" : null, "right" : null, "feature" : null, "threshold" : null, "impurity" : 0.476468, "n_samples" : 147, "w_samples" : 147.000000, "value" : [0.183673, 0.040816, 0.081633, 0.693878]},
		"node_36" : {"left" : 37, "right" : 38, "feature" : 96, "threshold" : 1.211659, "impurity" : 0.628339, "n_samples" : 47, "w_samples" : 47.000000,