{
   "Contributions" : {
      "X_0" : [ 0.003665 ],
      "X_1" : [ 0.850405 ],
      "X_2" : [ -0.126383 ],
      "X_3" : [ 0.019456 ]   
   },
   "Most_Contributive_Features" : {
      "y" : [ 1, 2, 3, 0 ]
   }
}