{
	"metadata" : { "model" : "Vapnik_SVR_RBF", "version" : "2024-W13", "signature" : "ff4_ff4"},
	"options" : {"svm_type" : "epsilon_svr", "kernel" : "rbf", "degree" : 3, "gamma" : 0.030193, "coef0" : 0.000000, "cache_size" : 300, "tol" : 0.001000, "nu" : 0.500000, "epsilon" : 0.100000, "shrinking" : 0, "probability" : 0, "C" : 1.000000, "max_iter" : 128, "random_state" : 1789 },
	"dataset" : { "dataset_rows" : 100, "dataset_features" : 4 },
	"svm_model" : {
	"classes" : 2,
	"L" : 100,
	"SupportVectors" : {
		"SV_00" : [ 4.000000, 3.000000, 5.000000, 6.000000 ],
		"SV_01" : [ 9.000000, 9.000000, 10.000000, 3.000000 ],
		"SV_02" : [ 7.000000, 2.000000, 7.000000, 4.000000 ],
		"SV_03" : [ 3.000000, 2.000000, 4.000000, 0.000000 ],
		"SV_04" : [ 3.000000, 4.000000, 1.000000, 1.000000 ],
		"SV_05" : [ 1.000000, 6.000000, 1.000000, 7.000000 ],
		"SV_06" : [ 8.000000, 8.000000, 8.000000, 2.000000 ],
		"SV_07" : [ 6.000000, 6.000000, 0.000000, 7.000000 ],
		"SV_08" : [ 0.000000, 2.000000, 9.000000, 5.000000 ],
		"SV_09" : [ 4.000000, 1.000000, 7.000000, 9.000000 ],
		"SV_10" : [ 7.000000, 8.000000, 0.000000, 5.000000 ],
		"SV_11" : [ 1.000000, 3.000000, 5.000000, 4.000000 ],
		"SV_12" : [ 6.000000, 3.000000, 7.000000, 4.000000 ],
		"SV_13" : [ 8.000000, 8.000000, 2.000000, 6.000000 ],
		"SV_14" : [ 7.000000, 8.000000, 5.000000, 4.000000 ],
		"SV_15" : [ 7.000000, 1.000000, 1.000000, 6.000000 ],
		"SV_16" : [ 7.000000, 0.000000, 9.000000, 3.000000 ],
		"SV_17" : [ 0.000000, 4.000000, 1.000000, 0.000000 ],
		"SV_18" : [ 1.000000, 6.000000, 4.000000, 6.000000 ],
		"SV_19" : [ 4.000000, 10.000000, 0.000000, 7.000000 ],
		"SV_20" : [ 6.000000, 9.000000, 2.000000, 3.000000 ],
		"SV_21" : [ 0.000000, 6.000000, 7.000000, 5.000000 ],
		"SV_22" : [ 9.000000, 3.000000, 8.000000, 5.000000 ],
		"SV_23" : [ 6.000000, 1.000000, 8.000000, 4.000000 ],
		"SV_24" : [ 9.000000, 6.000000, 0.000000, 2.000000 ],
		"SV_25" : [ 2.000000, 1.000000, 9.000000, 5.000000 ],
		"SV_26" : [ 5.000000, 6.000000, 7.000000, 4.000000 ],
		"SV_27" : [ 2.000000, 6.000000, 2.000000, 9.000000 ],
		"SV_28" : [ 3.000000, 7.000000, 0.000000, 9.000000 ],
		"SV_29" : [ 5.000000, 8.000000, 3.000000, 0.000000 ],
		"SV_30" : [ 4.000000, 7.000000, 5.000000, 1.000000 ],
		"SV_31" : [ 6.000000, 0.000000, 8.000000, 5.000000 ],
		"SV_32" : [ 6.000000, 5.000000, 6.000000, 8.000000 ],
		"SV_33" : [ 6.000000, 5.000000, 6.000000, 9.000000 ],
		"SV_34" : [ 9.000000, 6.000000, 6.000000, 3.000000 ],
		"SV_35" : [ 7.000000, 5.000000, 8.000000, 8.000000 ],
		"SV_36" : [ 6.000000, 6.000000, 3.000000, 1.000000 ],
		"SV_37" : [ 0.000000, 5.000000, 7.000000, 1.000000 ],
		"SV_38" : [ 1.000000, 5.000000, 3.000000, 7.000000 ],
		"SV_39" : [ 7.000000, 9.000000, 6.000000, 2.000000 ],
		"SV_40" : [ 3.000000, 0.000000, 7.000000, 8.000000 ],
		"SV_41" : [ 2.000000, 1.000000, 6.000000, 4.000000 ],
		"SV_42" : [ 9.000000, 4.000000, 4.000000, 4.000000 ],
		"SV_43" : [ 3.000000, 6.000000, 3.000000, 9.000000 ],
		"SV_44" : [ 0.000000, 1.000000, 2.000000, 1.000000 ],
		"SV_45" : [ 1.000000, 8.000000, 9.000000, 7.000000 ],
		"SV_46" : [ 7.000000, 2.000000, 0.000000, 0.000000 ],
		"SV_47" : [ 0.000000, 9.000000, 4.000000, 8.000000 ],
		"SV_48" : [ 1.000000, 5.000000, 4.000000, 8.000000 ],
		"SV_49" : [ 1.000000, 1.000000, 0.000000, 9.000000 ],
		"SV_50" : [ 2.000000, 7.000000, 2.000000, 10.000000 ],
		"SV_51" : [ 9.000000, 3.000000, 5.000000, 3.000000 ],
		"SV_52" : [ 3.000000, 5.000000, 9.000000, 2.000000 ],
		"SV_53" : [ 8.000000, 2.000000, 2.000000, 0.000000 ],
		"SV_54" : [ 3.000000, 4.000000, 4.000000, 8.000000 ],
		"SV_55" : [ 4.000000, 7.000000, 3.000000, 8.000000 ],
		"SV_56" : [ 9.000000, 9.000000, 2.000000, 8.000000 ],
		"SV_57" : [ 8.000000, 6.000000, 4.000000, 6.000000 ],
		"SV_58" : [ 1.000000, 9.000000, 2.000000, 3.000000 ],
		"SV_59" : [ 4.000000, 8.000000, 5.000000, 6.000000 ],
		"SV_60" : [ 3.000000, 9.000000, 5.000000, 5.000000 ],
		"SV_61" : [ 6.000000, 4.000000, 9.000000, 3.000000 ],
		"SV_62" : [ 1.000000, 2.000000, 6.000000, 1.000000 ],
		"SV_63" : [ 0.000000, 2.000000, 1.000000, 7.000000 ],
		"SV_64" : [ 3.000000, 3.000000, 2.000000, 6.000000 ],
		"SV_65" : [ 7.000000, 4.000000, 8.000000, 9.000000 ],
		"SV_66" : [ 5.000000, 0.000000, 5.000000, 4.000000 ],
		"SV_67" : [ 8.000000, 1.000000, 8.000000, 9.000000 ],
		"SV_68" : [ 1.000000, 8.000000, 3.000000, 1.000000 ],
		"SV_69" : [ 4.000000, 2.000000, 5.000000, 1.000000 ],
		"SV_70" : [ 6.000000, 5.000000, 9.000000, 5.000000 ],
		"SV_71" : [ 8.000000, 7.000000, 1.000000, 7.000000 ],
		"SV_72" : [ 7.000000, 2.000000, 1.000000, 2.000000 ],
		"SV_73" : [ 6.000000, 0.000000, 5.000000, 2.000000 ],
		"SV_74" : [ 1.000000, 8.000000, 4.000000, 3.000000 ],
		"SV_75" : [ 8.000000, 1.000000, 7.000000, 0.000000 ],
		"SV_76" : [ 5.000000, 7.000000, 4.000000, 6.000000 ],
		"SV_77" : [ 3.000000, 1.000000, 1.000000, 1.000000 ],
		"SV_78" : [ 5.000000, 6.000000, 5.000000, 1.000000 ],
		"SV_79" : [ 5.000000, 1.000000, 5.000000, 2.000000 ],
		"SV_80" : [ 2.000000, 9.000000, 7.000000, 8.000000 ],
		"SV_81" : [ 8.000000, 4.000000, 1.000000, 8.000000 ],
		"SV_82" : [ 1.000000, 3.000000, 7.000000, 9.000000 ],
		"SV_83" : [ 4.000000, 8.000000, 9.000000, 2.000000 ],
		"SV_84" : [ 4.000000, 4.000000, 1.000000, 2.000000 ],
		"SV_85" : [ 10.000000, 0.000000, 3.000000, 5.000000 ],
		"SV_86" : [ 9.000000, 4.000000, 8.000000, 6.000000 ],
		"SV_87" : [ 1.000000, 2.000000, 0.000000, 1.000000 ],
		"SV_88" : [ 3.000000, 5.000000, 6.000000, 7.000000 ],
		"SV_89" : [ 4.000000, 0.000000, 3.000000, 2.000000 ],
		"SV_90" : [ 4.000000, 2.000000, 4.000000, 1.000000 ],
		"SV_91" : [ 9.000000, 5.000000, 0.000000, 0.000000 ],
		"SV_92" : [ 5.000000, 4.000000, 2.000000, 5.000000 ],
		"SV_93" : [ 2.000000, 2.000000, 1.000000, 6.000000 ],
		"SV_94" : [ 0.000000, 4.000000, 9.000000, 0.000000 ],
		"SV_95" : [ 2.000000, 6.000000, 6.000000, 4.000000 ],
		"SV_96" : [ 5.000000, 8.000000, 7.000000, 4.000000 ],
		"SV_97" : [ 7.000000, 9.000000, 3.000000, 0.000000 ],
		"SV_98" : [ 5.000000, 3.000000, 1.000000, 7.000000 ],
		"SV_99" : [ 0.000000, 0.000000, 9.000000, 9.000000 ]
	},
	"SupportVectorsCoefs" : {
		"SV_coef_0" : [ 0.422975, 1.000000, 1.000000, -1.000000, -1.000000, -1.000000, 1.000000, -1.000000, 1.000000, -1.000000, -1.000000, -1.000000, 1.000000, 1.000000, 1.000000, -1.000000, -1.000000, -1.000000, 1.000000, -1.000000, 1.000000, 1.000000, 1.000000, -1.000000, -1.000000, -1.000000, 1.000000, -1.000000, -1.000000, 1.000000, 1.000000, -1.000000, 1.000000, 1.000000, 1.000000, 1.000000, 1.000000, 1.000000, -1.000000, 1.000000, -1.000000, -1.000000, 1.000000, 1.000000, -1.000000, 1.000000, -1.000000, 1.000000, 1.000000, -1.000000, -1.000000, -1.000000, 1.000000, -1.000000, -0.422975, 1.000000, 1.000000, 1.000000, 1.000000, 1.000000, 1.000000, 1.000000, -1.000000, -1.000000, -1.000000, 1.000000, -1.000000, -1.000000, 1.000000, -1.000000, 1.000000, -1.000000, -1.000000, -1.000000, 1.000000, -1.000000, 1.000000, -1.000000, 1.000000, -1.000000, 1.000000, -1.000000, 1.000000, 1.000000, -1.000000, -1.000000, 1.000000, -1.000000, 1.000000, -1.000000, -1.000000, -1.000000, -1.000000, -1.000000, 1.000000, 1.000000, 1.000000, 1.000000, -1.000000, -1.000000 ]
	},
	"rho" : [ -363.444214 ],
	"nSV" : [ 100 ],
	"probA" : [ ],
	"probB" : [ ],
	"n_iter" : [ 53 ]
}
}