{
   "Contributions" : {
      "X_0" : [ 0.675426 ],
      "X_1" : [ -1.239545 ],
      "X_2" : [ 3.816903 ],
      "X_3" : [ -7.158154 ],
      "X_4" : [ -1.446023 ],
      "X_5" : [ 2.373580 ],
      "X_6" : [ -0.057784 ],
      "X_7" : [ -0.830966 ],
      "X_8" : [ 18.557045 ],
      "X_9" : [ -4.260738 ]   
   },
   "Most_Contributive_Features" : {
      "y" : [ 8, 3, 9, 2, 5, 4, 1, 7, 0, 6 ]
   }
}