{
   "Contributions" : {
      "X_0" : [ 1.347159 ],
      "X_1" : [ -1.036364 ],
      "X_2" : [ 3.537500 ],
      "X_3" : [ -6.708523 ],
      "X_4" : [ 0.847727 ],
      "X_5" : [ 0.613636 ],
      "X_6" : [ 0.539205 ],
      "X_7" : [ -0.777841 ],
      "X_8" : [ 17.227272 ],
      "X_9" : [ -2.969886 ]   
   },
   "Most_Contributive_Features" : {
      "y" : [ 8, 3, 2, 9, 0, 1, 4, 7, 5, 6 ]
   }
}