{
   "Contributions" : {
      "X_0" : [ -0.061323 ],
      "X_1" : [ 0.044060 ],
      "X_2" : [ -0.044802 ],
      "X_3" : [ 0.169106 ],
      "X_4" : [ 0.026175 ],
      "X_5" : [ -0.009291 ],
      "X_6" : [ 0.132295 ],
      "X_7" : [ -0.021688 ],
      "X_8" : [ 0.058521 ],
      "X_9" : [ -0.027209 ]   
   },
   "Most_Contributive_Features" : {
      "y" : [ 3, 6, 0, 8, 2, 1, 9, 4, 7, 5 ]
   }
}