{
   "Contributions" : {
      "X_0" : [ -0.001694 ],
      "X_1" : [ -0.001016 ],
      "X_2" : [ 0.012480 ],
      "X_3" : [ 0.048177 ],
      "X_4" : [ -0.022024 ],
      "X_5" : [ 0.009052 ],
      "X_6" : [ -0.038357 ],
      "X_7" : [ -0.007268 ],
      "X_8" : [ 0.012017 ],
      "X_9" : [ -0.014597 ]   
   },
   "Most_Contributive_Features" : {
      "y" : [ 3, 6, 4, 9, 2, 8, 5, 7, 0, 1 ]
   }
}