{
	"metadata" : { "model" : "Vapnik_NuSVR_RBF", "version" : "2024-W14", "signature" : "ff4_ff4"},
	"options" : {"svm_type" : "nu_svr", "kernel" : "rbf", "degree" : 3, "gamma" : 0.000001, "coef0" : 0.000000, "cache_size" : 300, "tol" : 0.001000, "nu" : 0.500000, "epsilon" : 0.000000, "shrinking" : 0, "probability" : 0, "C" : 1.000000, "max_iter" : 128, "random_state" : 1789 },
	"dataset" : { "dataset_rows" : 100, "dataset_features" : 4 },
	"svm_model" : {
	"classes" : 2,
	"L" : 50,
	"SupportVectors" : {
		"SV_00" : [ 92.630493, 1621.621948, 0.997097, 3.905369 ],
		"SV_01" : [ 34.726295, 778.125916, 0.167246, 2.339115 ],
		"SV_02" : [ 83.628975, 1564.098755, 0.798945, 2.980786 ],
		"SV_03" : [ 64.806686, 1046.145874, 0.071195, 8.048056 ],
		"SV_04" : [ 71.041054, 1540.879761, 0.056103, 6.055449 ],
		"SV_05" : [ 74.577126, 1412.240356, 0.582418, 4.633062 ],
		"SV_06" : [ 76.304665, 377.450928, 0.181362, 6.939103 ],
		"SV_07" : [ 11.772216, 671.264099, 0.172757, 1.573729 ],
		"SV_08" : [ 41.761013, 1756.453247, 0.074700, 8.084325 ],
		"SV_09" : [ 7.606344, 1112.226562, 0.732761, 6.140375 ],
		"SV_10" : [ 85.125381, 1049.026855, 0.039136, 3.186899 ],
		"SV_11" : [ 55.118420, 1002.086060, 0.726658, 4.570618 ],
		"SV_12" : [ 38.088467, 1321.297485, 0.052941, 10.429984 ],
		"SV_13" : [ 44.762737, 1255.201538, 0.591546, 2.754247 ],
		"SV_14" : [ 95.999474, 1121.298950, 0.682591, 3.437388 ],
		"SV_15" : [ 73.448112, 913.160706, 0.789831, 9.069126 ],
		"SV_16" : [ 2.070305, 957.545105, 0.737876, 2.535709 ],
		"SV_17" : [ 76.371201, 1620.264648, 0.622375, 3.062019 ],
		"SV_18" : [ 10.735011, 265.420807, 0.260950, 2.285511 ],
		"SV_19" : [ 13.316919, 1592.958618, 0.993566, 7.946761 ],
		"SV_20" : [ 75.648438, 442.560303, 0.035123, 1.334146 ],
		"SV_21" : [ 1.405850, 1607.972168, 0.402955, 9.850420 ],
		"SV_22" : [ 17.761709, 423.498322, 0.135270, 10.148129 ],
		"SV_23" : [ 39.016674, 895.294678, 0.992031, 3.333866 ],
		"SV_24" : [ 78.286156, 508.159058, 0.252201, 1.424874 ],
		"SV_25" : [ 40.263954, 1592.242188, 0.611773, 6.435989 ],
		"SV_26" : [ 31.518255, 1755.028198, 0.586190, 5.455982 ],
		"SV_27" : [ 65.455681, 755.864746, 0.990681, 3.455762 ],
		"SV_28" : [ 11.179132, 444.204834, 0.202220, 7.809537 ],
		"SV_29" : [ 55.340031, 215.592316, 0.588332, 4.610499 ],
		"SV_30" : [ 63.422050, 921.190674, 0.969793, 5.416355 ],
		"SV_31" : [ 69.792320, 473.447937, 0.233546, 3.411072 ],
		"SV_32" : [ 66.012100, 216.127472, 0.564663, 3.090549 ],
		"SV_33" : [ 14.282172, 1575.160400, 0.428596, 4.169882 ],
		"SV_34" : [ 39.873802, 428.048248, 0.235384, 2.176043 ],
		"SV_35" : [ 51.401745, 1161.331543, 0.618557, 2.218271 ],
		"SV_36" : [ 22.605108, 1660.837036, 0.731124, 9.374556 ],
		"SV_37" : [ 78.244774, 702.214600, 0.183212, 9.434527 ],
		"SV_38" : [ 43.550098, 1462.972046, 0.939145, 3.150335 ],
		"SV_39" : [ 44.357746, 674.885315, 0.220269, 3.032311 ],
		"SV_40" : [ 97.541664, 130.009232, 0.366127, 5.345118 ],
		"SV_41" : [ 15.123654, 486.957489, 0.123542, 2.365677 ],
		"SV_42" : [ 45.437614, 168.841202, 0.343817, 3.279963 ],
		"SV_43" : [ 85.409492, 865.747681, 0.002107, 1.657108 ],
		"SV_44" : [ 26.014614, 517.573425, 0.156860, 6.909534 ],
		"SV_45" : [ 7.737632, 682.638123, 0.943330, 1.569080 ],
		"SV_46" : [ 22.116344, 1162.774048, 0.675740, 4.934592 ],
		"SV_47" : [ 59.325420, 1558.844604, 0.742170, 4.222862 ],
		"SV_48" : [ 74.947220, 1754.316162, 0.366207, 1.961987 ],
		"SV_49" : [ 52.067585, 534.256165, 0.155164, 8.526538 ]
	},
	"SupportVectorsCoefs" : {
		"SV_coef_0" : [ 1.000000, -1.000000, 1.000000, -1.000000, -1.000000, 1.000000, -1.000000, -1.000000, -1.000000, 1.000000, -1.000000, 1.000000, -1.000000, 1.000000, 1.000000, 1.000000, 1.000000, 1.000000, -1.000000, 1.000000, -1.000000, 1.000000, -1.000000, 1.000000, -1.000000, 1.000000, 1.000000, 1.000000, -1.000000, -1.000000, 1.000000, -1.000000, -1.000000, 1.000000, -1.000000, 1.000000, 1.000000, -1.000000, 1.000000, -1.000000, -1.000000, -1.000000, -1.000000, -1.000000, -1.000000, 1.000000, 1.000000, 1.000000, 1.000000, -1.000000 ]
	},
	"rho" : [ -397.845703 ],
	"nSV" : [ 50 ],
	"probA" : [ ],
	"probB" : [ ],
	"n_iter" : [ 48 ]
}
}