{
   "Contributions" : {
      "X_0" : [ 0.014023, -0.014023 ],
      "X_1" : [ 0.009761, -0.009761 ],
      "X_2" : [ 0.037649, -0.037649 ],
      "X_3" : [ 0.045653, -0.045653 ],
      "X_4" : [ -0.000001, 0.000001 ],
      "X_5" : [ 0.000069, -0.000069 ],
      "X_6" : [ 0.000017, -0.000017 ],
      "X_7" : [ -0.000004, 0.000004 ],
      "X_8" : [ 0.000003, -0.000003 ],
      "X_9" : [ -0.000005, 0.000005 ],
      "X_10" : [ 0.000041, -0.000041 ],
      "X_11" : [ -0.000520, 0.000520 ],
      "X_12" : [ -0.001169, 0.001169 ],
      "X_13" : [ -0.018602, 0.018602 ],
      "X_14" : [ 0.000001, -0.000001 ],
      "X_15" : [ 0.000003, -0.000003 ],
      "X_16" : [ 0.000003, -0.000003 ],
      "X_17" : [ -0.000004, 0.000004 ],
      "X_18" : [ -0.000006, 0.000006 ],
      "X_19" : [ -0.000001, 0.000001 ],
      "X_20" : [ -0.005406, 0.005406 ],
      "X_21" : [ 0.008010, -0.008010 ],
      "X_22" : [ -0.063389, 0.063389 ],
      "X_23" : [ -0.015335, 0.015335 ],
      "X_24" : [ -0.000005, 0.000005 ],
      "X_25" : [ -0.000275, 0.000275 ],
      "X_26" : [ -0.000076, 0.000076 ],
      "X_27" : [ -0.000095, 0.000095 ],
      "X_28" : [ 0.000066, -0.000066 ],
      "X_29" : [ -0.000010, 0.000010 ]   
   },
   "Most_Contributive_Features_By_Class" : {
      "class_0" : [ 22, 3, 2, 13, 23, 0, 1, 21, 20, 12 ],
      "class_1" : [ 22, 3, 2, 13, 23, 0, 1, 21, 20, 12 ]
   }
}