{
   "Contributions" : {
      "X_0" : [ 0.000015, -0.000015 ],
      "X_1" : [ 0.000001, -0.000001 ],
      "X_2" : [ -0.000575, 0.000575 ],
      "X_3" : [ -0.012345, 0.012345 ],
      "X_4" : [ -0.000000, 0.000000 ],
      "X_5" : [ 0.000000, -0.000000 ],
      "X_6" : [ 0.000001, -0.000001 ],
      "X_7" : [ 0.000000, -0.000000 ],
      "X_8" : [ -0.000000, 0.000000 ],
      "X_9" : [ -0.000000, 0.000000 ],
      "X_10" : [ 0.000013, -0.000013 ],
      "X_11" : [ -0.000016, 0.000016 ],
      "X_12" : [ -0.000056, 0.000056 ],
      "X_13" : [ 0.001056, -0.001056 ],
      "X_14" : [ 0.000000, -0.000000 ],
      "X_15" : [ 0.000000, -0.000000 ],
      "X_16" : [ -0.000001, 0.000001 ],
      "X_17" : [ -0.000000, 0.000000 ],
      "X_18" : [ 0.000000, -0.000000 ],
      "X_19" : [ 0.000000, -0.000000 ],
      "X_20" : [ -0.000057, 0.000057 ],
      "X_21" : [ 0.000026, -0.000026 ],
      "X_22" : [ 0.001339, -0.001339 ],
      "X_23" : [ -0.009763, 0.009763 ],
      "X_24" : [ -0.000000, 0.000000 ],
      "X_25" : [ 0.000003, -0.000003 ],
      "X_26" : [ -0.000001, 0.000001 ],
      "X_27" : [ 0.000002, -0.000002 ],
      "X_28" : [ 0.000001, -0.000001 ],
      "X_29" : [ -0.000000, 0.000000 ]   
   },
   "Most_Contributive_Features_By_Class" : {
      "class_0" : [ 3, 23, 22, 13, 2, 20, 12, 21, 11, 0 ],
      "class_1" : [ 3, 23, 22, 13, 2, 20, 12, 21, 11, 0 ]
   }
}