{
   "Contributions" : {
      "X_0" : [ -0.000165, 0.000165 ],
      "X_1" : [ 0.000000, 0.000000 ],
      "X_2" : [ 0.000725, -0.000725 ],
      "X_3" : [ 0.000000, 0.000000 ],
      "X_4" : [ -0.000317, 0.000317 ],
      "X_5" : [ 0.000000, 0.000000 ],
      "X_6" : [ 0.000000, 0.000000 ],
      "X_7" : [ 0.000000, 0.000000 ],
      "X_8" : [ 0.000000, 0.000000 ],
      "X_9" : [ 0.000000, 0.000000 ],
      "X_10" : [ -0.000855, 0.000855 ],
      "X_11" : [ -0.000091, 0.000091 ],
      "X_12" : [ 0.000087, -0.000087 ],
      "X_13" : [ 0.000000, 0.000000 ]   
   },
   "Most_Contributive_Features_By_Class" : {
      "class_0" : [ 10, 2, 4, 0, 11, 12 ],
      "class_1" : [ 10, 2, 4, 0, 11, 12 ]
   }
}