{
   "Contributions" : {
      "X_0" : [ 0.004937, -0.004937 ],
      "X_1" : [ -0.005174, 0.005174 ],
      "X_2" : [ -0.018531, 0.018531 ],
      "X_3" : [ -0.014157, 0.014157 ],
      "X_4" : [ -0.009927, 0.009927 ],
      "X_5" : [ -0.064867, 0.064867 ],
      "X_6" : [ -0.021161, 0.021161 ],
      "X_7" : [ -0.002362, 0.002362 ],
      "X_8" : [ -0.012440, 0.012440 ],
      "X_9" : [ 0.000591, -0.000591 ]   
   },
   "Most_Contributive_Features_By_Class" : {
      "class_0" : [ 5, 6, 2, 3, 8, 4, 1, 0, 7, 9 ],
      "class_1" : [ 5, 6, 2, 3, 8, 4, 1, 0, 7, 9 ]
   }
}