{
   "Contributions" : {
      "X_0" : [ 0.007146, -0.007146 ],
      "X_1" : [ -0.010326, 0.010326 ],
      "X_2" : [ -0.015732, 0.015732 ],
      "X_3" : [ -0.015211, 0.015211 ],
      "X_4" : [ -0.009581, 0.009581 ],
      "X_5" : [ -0.063412, 0.063412 ],
      "X_6" : [ -0.005857, 0.005857 ],
      "X_7" : [ 0.000192, -0.000192 ],
      "X_8" : [ -0.014133, 0.014133 ],
      "X_9" : [ 0.003395, -0.003395 ]   
   },
   "Most_Contributive_Features_By_Class" : {
      "class_0" : [ 5, 2, 3, 8, 1, 4, 0, 6, 9, 7 ],
      "class_1" : [ 5, 2, 3, 8, 1, 4, 0, 6, 9, 7 ]
   }
}