{
   "Contributions" : {
      "X_0" : [ 0.000000, 0.000000, 0.000000, 0.000000, 0.000000, 0.000000, 0.000000, 0.000000, 0.000000, 0.000000 ],
      "X_1" : [ 0.000433, 0.000140, 0.000039, 0.000343, -0.000230, 0.000413, -0.000788, -0.000979, 0.000859, -0.000230 ],
      "X_2" : [ -0.000342, 0.002896, -0.001763, -0.002563, -0.002040, 0.002261, 0.004039, -0.002094, -0.001784, 0.001391 ],
      "X_3" : [ 0.001375, 0.002602, -0.003666, 0.000030, 0.002293, -0.000204, -0.001491, -0.003969, 0.001253, 0.001777 ],
      "X_4" : [ 0.002392, 0.001264, -0.001684, -0.000445, 0.001706, 0.002558, -0.005475, -0.000855, -0.001521, 0.002061 ],
      "X_5" : [ 0.003459, 0.001846, 0.006256, -0.001345, -0.004126, 0.002953, -0.000899, -0.000017, -0.000726, -0.007401 ],
      "X_6" : [ 0.002590, -0.000826, -0.002877, 0.001174, 0.002340, -0.001331, 0.001600, -0.001915, 0.001175, -0.001932 ],
      "X_7" : [ -0.002550, -0.000479, -0.000930, 0.000196, 0.002505, -0.002298, -0.000138, -0.000097, 0.002122, 0.001669 ],
      "X_8" : [ 0.000004, -0.000001, -0.000006, -0.000004, -0.000005, 0.000032, -0.000002, -0.000001, -0.000004, -0.000012 ],
      "X_9" : [ 0.003584, 0.006284, -0.006025, -0.000755, 0.001679, -0.001970, 0.004721, 0.002557, -0.008196, -0.001880 ],
      "X_10" : [ 0.000367, 0.012108, -0.005135, -0.001642, -0.005124, 0.004366, 0.000274, 0.002179, -0.001905, -0.005487 ],
      "X_11" : [ -0.003105, 0.001835, -0.001803, 0.004055, -0.001510, -0.005350, 0.005031, -0.000472, 0.002234, -0.000914 ],
      "X_12" : [ 0.005981, 0.013174, 0.002407, 0.000049, -0.006975, -0.003117, -0.003220, -0.003216, -0.004740, -0.000344 ],
      "X_13" : [ 0.004439, 0.005386, 0.000651, 0.000151, -0.000230, 0.001972, -0.011151, -0.001827, 0.001627, -0.001018 ],
      "X_14" : [ -0.003192, 0.000475, -0.003299, 0.002248, -0.002579, 0.001342, 0.004157, 0.003847, -0.000616, -0.002382 ],
      "X_15" : [ 0.000572, 0.000245, -0.000028, 0.000100, 0.003208, 0.000748, -0.000778, -0.002539, 0.000874, -0.002401 ],
      "X_16" : [ 0.000000, 0.000000, 0.000000, 0.000000, 0.000000, 0.000000, 0.000000, 0.000000, 0.000000, 0.000000 ],
      "X_17" : [ -0.000866, 0.001501, 0.001128, 0.001601, -0.000569, -0.000941, 0.001622, -0.000802, 0.000856, -0.003530 ],
      "X_18" : [ 0.003775, 0.008490, -0.007512, 0.003732, -0.000970, 0.000497, 0.003943, -0.003917, -0.002084, -0.005954 ],
      "X_19" : [ -0.000630, -0.003782, 0.001835, -0.001342, 0.004764, 0.003377, 0.008723, -0.000833, -0.012105, -0.000006 ],
      "X_20" : [ 0.004525, 0.001859, -0.008108, 0.003697, 0.003088, -0.004206, -0.001928, -0.000378, 0.002553, -0.001101 ],
      "X_21" : [ 0.001198, -0.001025, -0.008163, 0.002616, -0.005956, -0.007517, 0.000481, 0.004079, 0.010581, 0.003707 ],
      "X_22" : [ -0.000702, 0.001407, -0.000776, -0.000884, 0.000159, -0.001391, 0.000530, 0.003129, -0.000277, -0.001195 ],
      "X_23" : [ 0.000122, -0.000154, 0.000264, -0.000000, -0.000529, 0.000362, -0.000037, 0.000152, 0.000156, -0.000336 ],
      "X_24" : [ -0.000000, 0.000010, -0.000018, -0.000002, 0.000046, -0.000003, -0.000006, -0.000006, -0.000004, -0.000017 ],
      "X_25" : [ 0.002649, -0.001726, 0.001277, -0.000468, 0.002362, -0.003816, -0.001489, 0.001806, -0.002471, 0.001876 ],
      "X_26" : [ 0.007347, 0.001889, -0.006153, 0.003701, -0.001787, -0.003871, 0.001090, 0.000713, 0.000370, -0.003300 ],
      "X_27" : [ -0.000096, 0.009045, -0.013700, 0.001624, -0.007723, 0.001334, -0.002618, -0.003761, 0.011885, 0.004011 ],
      "X_28" : [ 0.010930, 0.015393, -0.008734, 0.000848, -0.005294, -0.005814, -0.001892, -0.002034, -0.002944, -0.000459 ],
      "X_29" : [ -0.000057, -0.002561, -0.004456, 0.000455, 0.001216, -0.000319, -0.005060, 0.005232, 0.003093, 0.002457 ],
      "X_30" : [ 0.004639, 0.000130, -0.000339, 0.001540, 0.000924, -0.003986, 0.002503, -0.001504, -0.002402, -0.001506 ],
      "X_31" : [ 0.000000, 0.000000, 0.000000, 0.000000, 0.000000, 0.000000, 0.000000, 0.000000, 0.000000, 0.000000 ],
      "X_32" : [ 0.000000, 0.000000, 0.000000, 0.000000, 0.000000, 0.000000, 0.000000, 0.000000, 0.000000, 0.000000 ],
      "X_33" : [ -0.004791, 0.000032, -0.000848, 0.000453, 0.000455, 0.000054, 0.005393, 0.000360, -0.000453, -0.000657 ],
      "X_34" : [ 0.011855, 0.002020, -0.005779, -0.000316, -0.000650, -0.004563, 0.003952, 0.004295, -0.005076, -0.005737 ],
      "X_35" : [ 0.020958, -0.001607, -0.008461, 0.001894, -0.001477, 0.015395, -0.006342, -0.004272, -0.013238, -0.002850 ],
      "X_36" : [ 0.028183, -0.000166, 0.000495, -0.000401, -0.002625, -0.002558, -0.005852, -0.002051, -0.013406, -0.001619 ],
      "X_37" : [ -0.000697, 0.000081, -0.004137, 0.003395, 0.003500, -0.002811, -0.005062, 0.001939, 0.003299, 0.000493 ],
      "X_38" : [ 0.010337, 0.000988, -0.003230, 0.000131, -0.002550, -0.003832, -0.002430, -0.000096, 0.000022, 0.000659 ],
      "X_39" : [ 0.000000, 0.000000, 0.000000, 0.000000, 0.000000, 0.000000, 0.000000, 0.000000, 0.000000, 0.000000 ],
      "X_40" : [ 0.000000, 0.000000, 0.000000, 0.000000, 0.000000, 0.000000, 0.000000, 0.000000, 0.000000, 0.000000 ],
      "X_41" : [ 0.002520, -0.000440, 0.000066, -0.000553, 0.000689, -0.001327, 0.000453, -0.000165, -0.003880, 0.002637 ],
      "X_42" : [ -0.006834, 0.006637, -0.004049, 0.001183, -0.000030, -0.004859, 0.009901, -0.001156, 0.003314, -0.004106 ],
      "X_43" : [ 0.003028, -0.001307, -0.007449, 0.010688, -0.000073, 0.002753, -0.001883, -0.012355, -0.006564, 0.013162 ],
      "X_44" : [ 0.005538, 0.006010, 0.000419, 0.006225, 0.002512, -0.022699, -0.009144, 0.000457, 0.008064, 0.002620 ],
      "X_45" : [ -0.000574, -0.000583, -0.005136, 0.001510, 0.004113, -0.001175, 0.001804, -0.003059, 0.004083, -0.000982 ],
      "X_46" : [ 0.001743, 0.004729, -0.005974, -0.001768, -0.001709, -0.002906, 0.007828, 0.000284, -0.001315, -0.000914 ],
      "X_47" : [ 0.000005, 0.000007, -0.000000, 0.000000, 0.000007, 0.000016, -0.000026, -0.000008, 0.000000, -0.000001 ],
      "X_48" : [ -0.000001, 0.000040, 0.000072, 0.000002, -0.000002, -0.000014, -0.000006, -0.000005, -0.000083, -0.000004 ],
      "X_49" : [ 0.000563, 0.000501, -0.000467, 0.001047, -0.000093, 0.001722, -0.000424, -0.000337, -0.001865, -0.000646 ],
      "X_50" : [ 0.006090, -0.002009, -0.003502, 0.000594, -0.003097, 0.000943, -0.000472, 0.003266, 0.008529, -0.010343 ],
      "X_51" : [ 0.000645, -0.000010, -0.000644, 0.002534, 0.001620, -0.001019, 0.000063, -0.005128, -0.001102, 0.003042 ],
      "X_52" : [ 0.000648, 0.001815, -0.001730, -0.002318, 0.004390, -0.000137, -0.001724, -0.000948, 0.000777, -0.000773 ],
      "X_53" : [ 0.005215, 0.000800, 0.005491, 0.005995, -0.002147, -0.001882, -0.007195, -0.001386, -0.002553, -0.002338 ],
      "X_54" : [ 0.000137, 0.003612, -0.001667, 0.001406, 0.000718, 0.000015, 0.002763, -0.010802, 0.001611, 0.002208 ],
      "X_55" : [ -0.000114, -0.000213, 0.000677, -0.000147, -0.000020, -0.000147, -0.000126, 0.000122, -0.000092, 0.000061 ],
      "X_56" : [ -0.000003, 0.000003, 0.000010, -0.000001, -0.000000, -0.000012, 0.000000, -0.000001, 0.000004, -0.000000 ],
      "X_57" : [ -0.000835, -0.000088, -0.000195, 0.000250, -0.000050, -0.000457, 0.002020, 0.000137, -0.000951, 0.000168 ],
      "X_58" : [ 0.001091, 0.000226, -0.002149, 0.002425, 0.001613, 0.009643, -0.005498, -0.002188, -0.002867, -0.002295 ],
      "X_59" : [ 0.000315, -0.002076, 0.000320, -0.001411, 0.003349, 0.001845, 0.000773, -0.002181, -0.003522, 0.002589 ],
      "X_60" : [ -0.001036, 0.000390, 0.000456, -0.003752, 0.000177, -0.000383, 0.000260, 0.004604, 0.002725, -0.003440 ],
      "X_61" : [ 0.002716, 0.011754, -0.002311, 0.002270, -0.003098, -0.001780, 0.002366, -0.002014, -0.006725, -0.003178 ],
      "X_62" : [ 0.001442, -0.000425, -0.012129, 0.001824, 0.001388, -0.000164, 0.001097, 0.004135, 0.002832, -0.000001 ],
      "X_63" : [ 0.000093, -0.000129, -0.000530, 0.000046, -0.000073, -0.000241, 0.000027, 0.000529, 0.000289, -0.000011 ]   
   },