{
   "Contributions" : {
      "X_0" : [ 0.000000, 0.000000, 0.000000, 0.000000, 0.000000, 0.000000, 0.000000, 0.000000, 0.000000, 0.000000 ],
      "X_1" : [ -0.000054, 0.000076, -0.000044, 0.000013, -0.000143, -0.000102, 0.000050, -0.000015, 0.000211, 0.000009 ],
      "X_2" : [ -0.000089, 0.001101, -0.000177, -0.000640, -0.000378, -0.000647, -0.000422, -0.000464, 0.001992, -0.000276 ],
      "X_3" : [ 0.000004, 0.000864, -0.000225, -0.000165, 0.000132, 0.001273, -0.001319, -0.000653, 0.000715, -0.000626 ],
      "X_4" : [ -0.000722, 0.000132, -0.000653, 0.001274, -0.001110, 0.001361, -0.000147, -0.000054, 0.000040, -0.000122 ],
      "X_5" : [ -0.000012, 0.001343, -0.000083, -0.000975, -0.000216, 0.000247, -0.001131, -0.000682, 0.002048, -0.000538 ],
      "X_6" : [ -0.000076, 0.002275, -0.000372, -0.001080, -0.000253, 0.001092, -0.002316, -0.001313, 0.003165, -0.001122 ],
      "X_7" : [ 0.000052, 0.000050, 0.000016, -0.000062, 0.000072, -0.000014, -0.000083, -0.000048, 0.000058, -0.000039 ],
      "X_8" : [ -0.000001, 0.000002, -0.000001, 0.000001, -0.000001, 0.000002, -0.000002, -0.000001, 0.000003, -0.000001 ],
      "X_9" : [ 0.000056, -0.000906, 0.000217, 0.000434, -0.000082, -0.000220, 0.000741, 0.000594, -0.001284, 0.000450 ],
      "X_10" : [ -0.000070, -0.000240, 0.000012, 0.000305, -0.000176, -0.000049, 0.000172, 0.000228, -0.000325, 0.000142 ],
      "X_11" : [ 0.000101, 0.000324, -0.000054, -0.000102, 0.000059, 0.000450, -0.000575, -0.000300, 0.000368, -0.000273 ],
      "X_12" : [ -0.000402, -0.000035, -0.000381, 0.000847, -0.000400, 0.001253, -0.000398, -0.000005, -0.000335, -0.000143 ],
      "X_13" : [ -0.000995, 0.002187, -0.000960, 0.000066, -0.000820, 0.002096, -0.002553, -0.001079, 0.003222, -0.001165 ],
      "X_14" : [ 0.000057, 0.000166, -0.000003, -0.000182, 0.000152, -0.000181, -0.000102, -0.000050, 0.000188, -0.000046 ],
      "X_15" : [ 0.000182, 0.000134, 0.000083, -0.000283, 0.000253, -0.000211, -0.000172, -0.000120, 0.000217, -0.000084 ],
      "X_16" : [ 0.000000, 0.000000, 0.000000, 0.000000, 0.000000, 0.000000, 0.000000, 0.000000, 0.000000, 0.000000 ],
      "X_17" : [ 0.000547, 0.001630, 0.000388, -0.002349, 0.000618, -0.001578, -0.001009, -0.000806, 0.003068, -0.000507 ],
      "X_18" : [ -0.000286, -0.001447, 0.000123, 0.001076, -0.000167, 0.000018, 0.001188, 0.001066, -0.002314, 0.000743 ],
      "X_19" : [ -0.000026, 0.000061, -0.000131, 0.000307, -0.000008, 0.000799, -0.000522, -0.000082, -0.000212, -0.000186 ],
      "X_20" : [ 0.000026, 0.001039, -0.000155, -0.000594, -0.000235, 0.000581, -0.001041, -0.000708, 0.001637, -0.000549 ],
      "X_21" : [ 0.000158, 0.000171, 0.000055, -0.000194, 0.000337, 0.000206, -0.000235, -0.000175, -0.000188, -0.000135 ],
      "X_22" : [ 0.000276, -0.000983, 0.000216, 0.000309, 0.000401, -0.000456, 0.000999, 0.000420, -0.001598, 0.000415 ],
      "X_23" : [ -0.000041, 0.000027, -0.000032, 0.000032, -0.000048, 0.000046, -0.000009, -0.000008, 0.000041, -0.000008 ],
      "X_24" : [ 0.000000, -0.000000, 0.000000, 0.000000, -0.000000, -0.000000, 0.000000, 0.000000, -0.000001, 0.000000 ],
      "X_25" : [ 0.000179, -0.000391, 0.000173, -0.000060, -0.000007, -0.000675, 0.000686, 0.000205, -0.000378, 0.000267 ],
      "X_26" : [ -0.000362, -0.000000, -0.000050, -0.000082, -0.000094, 0.000621, 0.000085, 0.000211, -0.000430, 0.000103 ],
      "X_27" : [ -0.000655, -0.001094, -0.000305, 0.001343, -0.000721, 0.000337, 0.001435, 0.000771, -0.001736, 0.000626 ],
      "X_28" : [ -0.000608, -0.000236, -0.000658, 0.001331, -0.000611, 0.001241, -0.000069, -0.000008, -0.000270, -0.000112 ],
      "X_29" : [ 0.000560, -0.000430, 0.000542, -0.000684, 0.000671, -0.001302, 0.000580, 0.000232, -0.000462, 0.000293 ],
      "X_30" : [ -0.000272, 0.000114, -0.000177, 0.000251, -0.000235, 0.000223, -0.000092, 0.000026, 0.000192, -0.000029 ],
      "X_31" : [ 0.000000, 0.000000, 0.000000, 0.000000, 0.000000, 0.000000, 0.000000, 0.000000, 0.000000, 0.000000 ],
      "X_32" : [ 0.000000, 0.000000, 0.000000, 0.000000, 0.000000, 0.000000, 0.000000, 0.000000, 0.000000, 0.000000 ],
      "X_33" : [ 0.000259, -0.000950, 0.000228, 0.000441, -0.000031, -0.000824, 0.001108, 0.000466, -0.001178, 0.000480 ],
      "X_34" : [ 0.000960, -0.001054, 0.000765, -0.000769, 0.000872, -0.002592, 0.001666, 0.000475, -0.000998, 0.000676 ],
      "X_35" : [ -0.001162, 0.001879, -0.001137, 0.000828, -0.001518, 0.002292, -0.002134, -0.000900, 0.002823, -0.000970 ],
      "X_36" : [ -0.001030, -0.000850, -0.000696, 0.002111, -0.000233, 0.001463, 0.000461, 0.000750, -0.002292, 0.000316 ],
      "X_37" : [ 0.000024, -0.000305, 0.000058, 0.000046, 0.000285, -0.000107, 0.000390, 0.000193, -0.000750, 0.000167 ],
      "X_38" : [ -0.000089, 0.000906, -0.000044, -0.001030, 0.000619, 0.000779, -0.001117, -0.000507, 0.000995, -0.000512 ],
      "X_39" : [ 0.000000, 0.000000, 0.000000, 0.000000, 0.000000, 0.000000, 0.000000, 0.000000, 0.000000, 0.000000 ],
      "X_40" : [ 0.000000, 0.000000, 0.000000, 0.000000, 0.000000, 0.000000, 0.000000, 0.000000, 0.000000, 0.000000 ],
      "X_41" : [ 0.000008, 0.000094, 0.000008, -0.000006, -0.000250, -0.000190, 0.000023, -0.000003, 0.000288, 0.000027 ],
      "X_42" : [ -0.000549, 0.003548, -0.001159, -0.000887, -0.000234, 0.001838, -0.004015, -0.002170, 0.005631, -0.002004 ],
      "X_43" : [ 0.000309, -0.001024, 0.000351, -0.000020, 0.000528, -0.000909, 0.001255, 0.000534, -0.001560, 0.000536 ],
      "X_44" : [ 0.000814, -0.000581, 0.000652, -0.000553, 0.000645, -0.000512, 0.000304, 0.000142, -0.001107, 0.000195 ],
      "X_45" : [ -0.000023, 0.000511, 0.000032, -0.000401, -0.000433, -0.000072, -0.000356, -0.000256, 0.001167, -0.000168 ],
      "X_46" : [ -0.000088, -0.000510, -0.000020, 0.000396, -0.000094, -0.000212, 0.000691, 0.000316, -0.000767, 0.000289 ],
      "X_47" : [ 0.000000, 0.000001, -0.000000, -0.000000, 0.000001, 0.000001, -0.000001, -0.000001, 0.000001, -0.000001 ],
      "X_48" : [ -0.000002, -0.000006, 0.000001, 0.000003, -0.000006, -0.000002, 0.000009, 0.000005, -0.000007, 0.000005 ],
      "X_49" : [ 0.000246, -0.000118, 0.000178, -0.000254, 0.000258, -0.000286, 0.000099, 0.000001, -0.000166, 0.000042 ],
      "X_50" : [ 0.000034, 0.000046, 0.000079, -0.000103, -0.000341, -0.000107, -0.000024, -0.000007, 0.000405, 0.000019 ],
      "X_51" : [ 0.000248, -0.000862, 0.000322, 0.000025, 0.000584, -0.000669, 0.000953, 0.000486, -0.001532, 0.000446 ],
      "X_52" : [ -0.000381, 0.001520, -0.000540, -0.000196, -0.000376, 0.001201, -0.001673, -0.000874, 0.002138, -0.000818 ],
      "X_53" : [ 0.001798, -0.002115, 0.001559, -0.001305, 0.002074, -0.002959, 0.002051, 0.000896, -0.003013, 0.001013 ],
      "X_54" : [ -0.000109, 0.000480, -0.000142, -0.000139, -0.000361, -0.000010, -0.000297, -0.000229, 0.000974, -0.000167 ],
      "X_55" : [ 0.000038, -0.000116, 0.000048, 0.000013, 0.000010, -0.000099, 0.000134, 0.000067, -0.000162, 0.000067 ],
      "X_56" : [ -0.000001, -0.000000, -0.000000, 0.000001, -0.000001, 0.000001, -0.000000, 0.000000, -0.000000, 0.000000 ],
      "X_57" : [ 0.000114, -0.000079, 0.000129, -0.000285, 0.000236, -0.000849, 0.000400, 0.000092, 0.000095, 0.000148 ],
      "X_58" : [ -0.000053, -0.000630, -0.000086, 0.000676, -0.000263, -0.000849, 0.001058, 0.000346, -0.000596, 0.000397 ],
      "X_59" : [ -0.000002, 0.000662, -0.000052, -0.000368, 0.000204, 0.000358, -0.001063, -0.000365, 0.001048, -0.000421 ],
      "X_60" : [ 0.000171, 0.000563, 0.000208, -0.000738, -0.000336, -0.000405, -0.000447, -0.000291, 0.001451, -0.000178 ],
      "X_61" : [ 0.000712, 0.000050, 0.000614, -0.001402, 0.001267, -0.001075, -0.000125, -0.000063, 0.000021, 0.000000 ],
      "X_62" : [ 0.000140, 0.000292, 0.000101, -0.000454, 0.000222, 0.000046, -0.000379, -0.000186, 0.000379, -0.000161 ],
      "X_63" : [ -0.000003, -0.000038, 0.000010, 0.000010, -0.000000, -0.000026, 0.000045, 0.000028, -0.000049, 0.000024 ]   
   },