{
   "Contributions" : {
      "X_0" : [ 0.000000, 0.000000, 0.000000, 0.000000, 0.000000, 0.000000, 0.000000, 0.000000, 0.000000, 0.000000 ],
      "X_1" : [ 0.000000, 0.000000, 0.000000, 0.000000, 0.000000, 0.000000, 0.000000, 0.000000, 0.000000, 0.000000 ],
      "X_2" : [ 0.000359, 0.000387, 0.000373, -0.000018, 0.001672, 0.000154, -0.000114, -0.000932, -0.000878, -0.001002 ],
      "X_3" : [ 0.000050, 0.000532, -0.001917, -0.000206, 0.000323, 0.000207, 0.000362, -0.000005, 0.000517, 0.000137 ],
      "X_4" : [ -0.000009, -0.000025, 0.000015, 0.000061, -0.000005, 0.000071, -0.000012, -0.000010, -0.000023, -0.000063 ],
      "X_5" : [ 0.000290, -0.000218, 0.000351, 0.000798, 0.002992, -0.003094, -0.000372, 0.000174, -0.000749, -0.000173 ],
      "X_6" : [ 0.000189, 0.000136, 0.000340, 0.000113, 0.000039, -0.000110, -0.000053, 0.000791, -0.000331, -0.001113 ],
      "X_7" : [ 0.000000, 0.000000, 0.000000, 0.000000, 0.000000, 0.000000, 0.000000, 0.000000, 0.000000, 0.000000 ],
      "X_8" : [ 0.000000, 0.000000, 0.000000, 0.000000, 0.000000, 0.000000, 0.000000, 0.000000, 0.000000, 0.000000 ],
      "X_9" : [ 0.000245, -0.000132, 0.000027, 0.000026, -0.000075, 0.000200, -0.000046, -0.000194, 0.000101, -0.000153 ],
      "X_10" : [ -0.000050, 0.013179, -0.002127, 0.000983, 0.005722, -0.007535, 0.000078, 0.003893, -0.004814, -0.009329 ],
      "X_11" : [ 0.000584, 0.001131, -0.001533, -0.000780, -0.000086, -0.000116, 0.000447, -0.000025, -0.000140, 0.000518 ],
      "X_12" : [ -0.000040, 0.005811, 0.000860, 0.000827, -0.000464, -0.000220, 0.000075, -0.000662, -0.005209, -0.000978 ],
      "X_13" : [ 0.000693, 0.002221, -0.002356, -0.000592, -0.002363, 0.000268, -0.001230, 0.000192, 0.004943, -0.001777 ],
      "X_14" : [ 0.000000, 0.000298, 0.000022, 0.000029, -0.000354, -0.000196, 0.000025, 0.000154, 0.000023, -0.000002 ],
      "X_15" : [ 0.000000, 0.000000, 0.000000, 0.000000, 0.000000, 0.000000, 0.000000, 0.000000, 0.000000, 0.000000 ],
      "X_16" : [ 0.000000, 0.000000, 0.000000, 0.000000, 0.000000, 0.000000, 0.000000, 0.000000, 0.000000, 0.000000 ],
      "X_17" : [ -0.000011, 0.000276, -0.000036, 0.000207, -0.000051, 0.000059, -0.000080, -0.000058, 0.000379, -0.000687 ],
      "X_18" : [ -0.000032, 0.000931, 0.000689, 0.008400, 0.001021, -0.006393, 0.000686, -0.001531, -0.000119, -0.003652 ],
      "X_19" : [ -0.000075, 0.003440, -0.001719, 0.002421, -0.000101, -0.000388, -0.000009, -0.000294, -0.000345, -0.002930 ],
      "X_20" : [ 0.000171, 0.018723, -0.004861, -0.001082, -0.002475, -0.000471, 0.001216, -0.001791, -0.006387, -0.003043 ],
      "X_21" : [ 0.001436, 0.001118, -0.003657, -0.001150, -0.001872, -0.003559, -0.003389, 0.000165, 0.010784, 0.000124 ],
      "X_22" : [ 0.000280, -0.000088, 0.000025, -0.000076, -0.000124, -0.000611, 0.000064, 0.000347, 0.000120, 0.000063 ],
      "X_23" : [ 0.000000, 0.000000, 0.000000, 0.000000, 0.000000, 0.000000, 0.000000, 0.000000, 0.000000, 0.000000 ],
      "X_24" : [ 0.000000, 0.000000, 0.000000, 0.000000, 0.000000, 0.000000, 0.000000, 0.000000, 0.000000, 0.000000 ],
      "X_25" : [ 0.000878, -0.000313, -0.000270, -0.000196, 0.002035, 0.000738, -0.000131, -0.001462, -0.000923, -0.000356 ],
      "X_26" : [ 0.003719, -0.000084, -0.003153, 0.005937, 0.005068, -0.001362, 0.003199, -0.004279, -0.003527, -0.005518 ],
      "X_27" : [ 0.011048, 0.009593, -0.009787, -0.001094, -0.002525, -0.002382, -0.001595, -0.011480, 0.002617, 0.005605 ],
      "X_28" : [ 0.009817, 0.001128, -0.000272, -0.000487, -0.001714, -0.001553, 0.002339, -0.001758, -0.005610, -0.001891 ],
      "X_29" : [ -0.000060, -0.000142, -0.001999, 0.001952, -0.000919, -0.001202, 0.001445, 0.004323, 0.000688, -0.004086 ],
      "X_30" : [ 0.001944, -0.000019, -0.000352, 0.000310, 0.000190, -0.000991, -0.000737, -0.000001, -0.000174, -0.000170 ],
      "X_31" : [ 0.000000, 0.000000, 0.000000, 0.000000, 0.000000, 0.000000, 0.000000, 0.000000, 0.000000, 0.000000 ],
      "X_32" : [ 0.000000, 0.000000, 0.000000, 0.000000, 0.000000, 0.000000, 0.000000, 0.000000, 0.000000, 0.000000 ],
      "X_33" : [ -0.000177, -0.001143, -0.000334, -0.000167, 0.004625, -0.000683, -0.000084, -0.000706, -0.001252, -0.000079 ],
      "X_34" : [ 0.006986, -0.002228, -0.005141, 0.000961, 0.009172, -0.002800, 0.001349, -0.002861, -0.002578, -0.002861 ],
      "X_35" : [ 0.003188, -0.000003, -0.000152, 0.000915, -0.000249, 0.000272, -0.001315, 0.000015, -0.001946, -0.000724 ],
      "X_36" : [ 0.052021, -0.002819, -0.011682, -0.007696, -0.003800, -0.002023, -0.012100, -0.005008, -0.013709, 0.006815 ],
      "X_37" : [ 0.001745, -0.000592, 0.001164, -0.001214, 0.001697, -0.001292, 0.000072, -0.002216, 0.000290, 0.000347 ],
      "X_38" : [ 0.002853, -0.000038, -0.001360, -0.000654, 0.000089, -0.000941, 0.000427, -0.001248, -0.001027, 0.001899 ],
      "X_39" : [ 0.000000, 0.000000, 0.000000, 0.000000, 0.000000, 0.000000, 0.000000, 0.000000, 0.000000, 0.000000 ],
      "X_40" : [ 0.000000, 0.000000, 0.000000, 0.000000, 0.000000, 0.000000, 0.000000, 0.000000, 0.000000, 0.000000 ],
      "X_41" : [ 0.000000, 0.000000, 0.000000, 0.000000, 0.000000, 0.000000, 0.000000, 0.000000, 0.000000, 0.000000 ],
      "X_42" : [ 0.003322, -0.001896, -0.003084, 0.002535, 0.000497, 0.003689, 0.010076, -0.000288, -0.015924, 0.001071 ],
      "X_43" : [ 0.001904, -0.000055, -0.002712, -0.001550, -0.000499, -0.000646, 0.001038, 0.000381, 0.000673, 0.001464 ],
      "X_44" : [ 0.002219, 0.002040, -0.002606, 0.000162, 0.003774, -0.001009, -0.000941, -0.001898, -0.000776, -0.000964 ],
      "X_45" : [ 0.000242, 0.002830, -0.024189, 0.004239, 0.005290, 0.001772, 0.008573, -0.001538, -0.000540, 0.003323 ],
      "X_46" : [ 0.000703, 0.001213, -0.000668, -0.000222, -0.000642, -0.000312, 0.001154, -0.000507, -0.000687, -0.000033 ],
      "X_47" : [ 0.000000, 0.000000, 0.000000, 0.000000, 0.000000, 0.000000, 0.000000, 0.000000, 0.000000, 0.000000 ],
      "X_48" : [ 0.000000, 0.000000, 0.000000, 0.000000, 0.000000, 0.000000, 0.000000, 0.000000, 0.000000, 0.000000 ],
      "X_49" : [ 0.000000, 0.000000, 0.000000, 0.000000, 0.000000, 0.000000, 0.000000, 0.000000, 0.000000, 0.000000 ],
      "X_50" : [ 0.001257, -0.000172, -0.001109, -0.001165, -0.000955, -0.000867, -0.000581, -0.002198, 0.008503, -0.002713 ],
      "X_51" : [ -0.000188, 0.002302, -0.000149, -0.000805, -0.000477, 0.000630, 0.001027, -0.000899, -0.000984, -0.000456 ],
      "X_52" : [ 0.000056, 0.000516, -0.000258, 0.000084, 0.000208, 0.000291, 0.000316, -0.000396, -0.000746, -0.000071 ],
      "X_53" : [ 0.003682, 0.000623, -0.000836, 0.000377, -0.002640, -0.001440, 0.002122, 0.000921, -0.002107, -0.000701 ],
      "X_54" : [ 0.000000, 0.000000, 0.000000, 0.000000, 0.000000, 0.000000, 0.000000, 0.000000, 0.000000, 0.000000 ],
      "X_55" : [ 0.000000, 0.000000, 0.000000, 0.000000, 0.000000, 0.000000, 0.000000, 0.000000, 0.000000, 0.000000 ],
      "X_56" : [ 0.000000, 0.000000, 0.000000, 0.000000, 0.000000, 0.000000, 0.000000, 0.000000, 0.000000, 0.000000 ],
      "X_57" : [ 0.000000, 0.000000, 0.000000, 0.000000, 0.000000, 0.000000, 0.000000, 0.000000, 0.000000, 0.000000 ],
      "X_58" : [ 0.000899, 0.003221, -0.002846, 0.001855, 0.007597, 0.003616, -0.000833, -0.003865, -0.004930, -0.004716 ],
      "X_59" : [ -0.000282, 0.002044, -0.000042, 0.000336, 0.000423, 0.000354, 0.000952, -0.000711, -0.001538, -0.001535 ],
      "X_60" : [ 0.000624, -0.000405, -0.001685, -0.001272, 0.001859, -0.003519, 0.003414, 0.005311, -0.002509, -0.001817 ],
      "X_61" : [ 0.000818, 0.007978, -0.008469, 0.002020, -0.003030, 0.003009, 0.002490, -0.006777, 0.003788, -0.001827 ],
      "X_62" : [ 0.001174, 0.004471, -0.020390, -0.001471, 0.000806, 0.002777, 0.002868, 0.000825, 0.006396, 0.002543 ],
      "X_63" : [ 0.000000, 0.000000, 0.000000, 0.000000, 0.000000, 0.000000, 0.000000, 0.000000, 0.000000, 0.000000 ]   
   },
   "Most_Contributive_Features_By_Class" : {
      "class_0" : [ 36, 27, 28, 34, 26, 53, 42, 35, 38, 44 ],