{
   "Contributions" : {
      "X_0" : [ 0.000000, 0.000000, 0.000000, 0.000000, 0.000000, 0.000000, 0.000000, 0.000000, 0.000000, 0.000000 ],
      "X_1" : [ 0.000000, 0.000000, 0.000000, 0.000000, 0.000000, 0.000000, 0.000000, 0.000000, 0.000000, 0.000000 ],
      "X_2" : [ 0.000000, 0.000000, 0.000000, 0.000000, 0.000000, 0.000000, 0.000000, 0.000000, 0.000000, 0.000000 ],
      "X_3" : [ 0.000000, 0.000000, 0.000000, 0.000000, 0.000000, 0.000000, 0.000000, 0.000000, 0.000000, 0.000000 ],
      "X_4" : [ 0.000000, 0.000000, 0.000000, 0.000000, 0.000000, 0.000000, 0.000000, 0.000000, 0.000000, 0.000000 ],
      "X_5" : [ -0.000247, 0.001685, -0.000182, -0.000072, -0.002428, 0.000764, -0.000149, 0.000634, -0.000153, 0.000148 ],
      "X_6" : [ 0.000000, 0.000000, 0.000000, 0.000000, 0.000000, 0.000000, 0.000000, 0.000000, 0.000000, 0.000000 ],
      "X_7" : [ 0.000000, 0.000000, 0.000000, 0.000000, 0.000000, 0.000000, 0.000000, 0.000000, 0.000000, 0.000000 ],
      "X_8" : [ 0.000000, 0.000000, 0.000000, 0.000000, 0.000000, 0.000000, 0.000000, 0.000000, 0.000000, 0.000000 ],
      "X_9" : [ 0.000000, 0.000000, 0.000000, 0.000000, 0.000000, 0.000000, 0.000000, 0.000000, 0.000000, 0.000000 ],
      "X_10" : [ 0.000913, 0.000320, 0.000649, 0.001691, 0.002113, -0.001738, 0.001110, 0.002006, -0.002141, -0.004922 ],
      "X_11" : [ 0.000000, 0.000000, 0.000000, 0.000000, 0.000000, 0.000000, 0.000000, 0.000000, 0.000000, 0.000000 ],
      "X_12" : [ 0.000000, 0.000000, 0.000000, 0.000000, 0.000000, 0.000000, 0.000000, 0.000000, 0.000000, 0.000000 ],
      "X_13" : [ 0.000136, 0.006150, -0.000900, 0.000115, -0.005601, -0.000013, -0.000973, 0.000485, 0.000327, 0.000273 ],
      "X_14" : [ 0.000000, 0.000000, 0.000000, 0.000000, 0.000000, 0.000000, 0.000000, 0.000000, 0.000000, 0.000000 ],
      "X_15" : [ 0.000000, 0.000000, 0.000000, 0.000000, 0.000000, 0.000000, 0.000000, 0.000000, 0.000000, 0.000000 ],
      "X_16" : [ 0.000000, 0.000000, 0.000000, 0.000000, 0.000000, 0.000000, 0.000000, 0.000000, 0.000000, 0.000000 ],
      "X_17" : [ 0.000000, 0.000000, 0.000000, 0.000000, 0.000000, 0.000000, 0.000000, 0.000000, 0.000000, 0.000000 ],
      "X_18" : [ 0.000000, 0.000000, 0.000000, 0.000000, 0.000000, 0.000000, 0.000000, 0.000000, 0.000000, 0.000000 ],
      "X_19" : [ 0.000000, 0.000000, 0.000000, 0.000000, 0.000000, 0.000000, 0.000000, 0.000000, 0.000000, 0.000000 ],
      "X_20" : [ 0.000106, 0.008613, -0.000481, -0.000907, 0.000831, -0.000427, -0.000347, 0.001409, -0.006728, -0.002070 ],
      "X_21" : [ 0.003078, 0.001500, -0.001293, -0.000693, -0.002451, 0.001459, -0.001684, -0.000086, -0.000642, 0.000812 ],
      "X_22" : [ 0.000000, 0.000000, 0.000000, 0.000000, 0.000000, 0.000000, 0.000000, 0.000000, 0.000000, 0.000000 ],
      "X_23" : [ 0.000000, 0.000000, 0.000000, 0.000000, 0.000000, 0.000000, 0.000000, 0.000000, 0.000000, 0.000000 ],
      "X_24" : [ 0.000000, 0.000000, 0.000000, 0.000000, 0.000000, 0.000000, 0.000000, 0.000000, 0.000000, 0.000000 ],
      "X_25" : [ 0.000000, 0.000000, 0.000000, 0.000000, 0.000000, 0.000000, 0.000000, 0.000000, 0.000000, 0.000000 ],
      "X_26" : [ 0.000197, -0.001959, -0.000174, 0.005366, 0.000088, -0.000803, -0.003371, -0.000094, 0.000269, 0.000480 ],
      "X_27" : [ 0.010201, -0.000389, -0.001619, -0.000970, -0.002163, 0.000003, -0.000853, -0.004310, 0.002454, -0.002354 ],
      "X_28" : [ -0.000387, 0.000400, -0.000099, 0.000963, -0.001360, -0.000098, -0.000180, -0.000236, 0.000199, 0.000797 ],
      "X_29" : [ 0.001783, -0.000240, -0.001699, -0.000015, 0.000054, -0.001266, -0.000451, 0.002870, -0.001909, 0.000873 ],
      "X_30" : [ 0.000000, 0.000000, 0.000000, 0.000000, 0.000000, 0.000000, 0.000000, 0.000000, 0.000000, 0.000000 ],
      "X_31" : [ 0.000000, 0.000000, 0.000000, 0.000000, 0.000000, 0.000000, 0.000000, 0.000000, 0.000000, 0.000000 ],
      "X_32" : [ 0.000000, 0.000000, 0.000000, 0.000000, 0.000000, 0.000000, 0.000000, 0.000000, 0.000000, 0.000000 ],
      "X_33" : [ 0.000000, 0.000000, 0.000000, 0.000000, 0.000000, 0.000000, 0.000000, 0.000000, 0.000000, 0.000000 ],
      "X_34" : [ 0.000763, -0.000071, -0.002059, -0.002413, 0.000245, 0.000869, 0.000190, -0.000146, 0.003370, -0.000747 ],
      "X_35" : [ 0.000000, 0.000000, 0.000000, 0.000000, 0.000000, 0.000000, 0.000000, 0.000000, 0.000000, 0.000000 ],
      "X_36" : [ 0.025112, -0.001261, -0.008887, -0.004990, -0.003304, -0.001405, -0.003177, -0.002781, -0.002279, 0.002971 ],
      "X_37" : [ 0.000000, 0.000000, 0.000000, 0.000000, 0.000000, 0.000000, 0.000000, 0.000000, 0.000000, 0.000000 ],
      "X_38" : [ 0.001033, -0.000113, 0.000103, -0.000010, -0.000032, -0.000082, 0.000066, -0.000054, -0.000946, 0.000034 ],
      "X_39" : [ 0.000000, 0.000000, 0.000000, 0.000000, 0.000000, 0.000000, 0.000000, 0.000000, 0.000000, 0.000000 ],
      "X_40" : [ 0.000000, 0.000000, 0.000000, 0.000000, 0.000000, 0.000000, 0.000000, 0.000000, 0.000000, 0.000000 ],
      "X_41" : [ 0.000000, 0.000000, 0.000000, 0.000000, 0.000000, 0.000000, 0.000000, 0.000000, 0.000000, 0.000000 ],
      "X_42" : [ 0.001846, 0.000434, -0.000922, -0.000208, -0.000288, -0.001373, 0.000243, -0.000120, 0.000375, 0.000014 ],
      "X_43" : [ -0.000035, -0.000555, -0.000612, 0.003219, -0.000527, 0.001153, -0.001307, -0.000524, -0.000300, -0.000512 ],
      "X_44" : [ 0.000139, 0.000801, -0.000103, -0.000179, 0.001418, 0.000468, -0.002183, 0.000095, -0.000446, -0.000010 ],
      "X_45" : [ 0.004362, -0.000128, -0.020680, 0.001988, 0.005066, 0.002271, 0.003519, -0.000657, -0.000108, 0.004367 ],
      "X_46" : [ 0.000036, 0.000278, 0.000054, -0.000131, 0.000682, 0.000119, -0.001023, 0.000010, 0.000004, -0.000029 ],
      "X_47" : [ 0.000000, 0.000000, 0.000000, 0.000000, 0.000000, 0.000000, 0.000000, 0.000000, 0.000000, 0.000000 ],
      "X_48" : [ 0.000000, 0.000000, 0.000000, 0.000000, 0.000000, 0.000000, 0.000000, 0.000000, 0.000000, 0.000000 ],
      "X_49" : [ 0.000000, 0.000000, 0.000000, 0.000000, 0.000000, 0.000000, 0.000000, 0.000000, 0.000000, 0.000000 ],
      "X_50" : [ -0.000086, -0.000279, 0.000032, -0.000708, -0.000238, -0.000120, -0.000058, -0.000130, 0.001609, -0.000023 ],
      "X_51" : [ 0.000055, 0.001985, -0.000131, 0.000185, 0.001264, 0.001188, -0.005610, 0.000082, 0.000460, 0.000522 ],
      "X_52" : [ 0.000000, 0.000000, 0.000000, 0.000000, 0.000000, 0.000000, 0.000000, 0.000000, 0.000000, 0.000000 ],
      "X_53" : [ 0.002094, -0.000206, 0.000073, 0.001383, -0.000425, -0.000278, -0.000039, -0.002651, 0.000010, 0.000039 ],
      "X_54" : [ 0.000000, 0.000000, 0.000000, 0.000000, 0.000000, 0.000000, 0.000000, 0.000000, 0.000000, 0.000000 ],
      "X_55" : [ 0.000000, 0.000000, 0.000000, 0.000000, 0.000000, 0.000000, 0.000000, 0.000000, 0.000000, 0.000000 ],
      "X_56" : [ 0.000000, 0.000000, 0.000000, 0.000000, 0.000000, 0.000000, 0.000000, 0.000000, 0.000000, 0.000000 ],
      "X_57" : [ 0.000000, 0.000000, 0.000000, 0.000000, 0.000000, 0.000000, 0.000000, 0.000000, 0.000000, 0.000000 ],
      "X_58" : [ 0.000023, -0.001640, -0.002063, 0.004006, -0.000275, 0.002259, -0.000970, -0.001837, 0.002004, -0.001506 ],
      "X_59" : [ 0.000000, 0.000000, 0.000000, 0.000000, 0.000000, 0.000000, 0.000000, 0.000000, 0.000000, 0.000000 ],
      "X_60" : [ -0.000318, 0.000898, 0.000000, -0.000385, 0.001920, -0.003515, -0.000050, 0.003184, -0.000738, -0.000995 ],
      "X_61" : [ 0.002711, 0.000708, -0.001480, 0.000646, -0.003248, -0.000016, 0.001599, -0.002394, 0.000311, 0.001163 ],
      "X_62" : [ 0.001240, 0.003151, -0.013305, -0.000011, 0.001233, 0.001458, 0.001471, 0.001446, 0.002161, 0.001155 ],
      "X_63" : [ 0.000000, 0.000000, 0.000000, 0.000000, 0.000000, 0.000000, 0.000000, 0.000000, 0.000000, 0.000000 ]   
   },
   "Most_Contributive_Features_By_Class" : {
      "class_0" : [ 36, 27, 45, 21, 61, 53, 42, 29, 62, 38 ],
      "class_1" : [ 20, 13, 62, 51, 26, 5, 58, 21, 36, 60 ],
      "class_2" : [ 45, 62, 36, 58, 34, 29, 27, 61, 21, 42 ],