{
   "Contributions" : {
      "X_0" : [ -0.000840, -0.004251, 0.005091 ],
      "X_1" : [ -0.000579, -0.011185, 0.011764 ],
      "X_2" : [ -0.003242, -0.012441, 0.015684 ],
      "X_3" : [ -0.001172, 0.031257, -0.030085 ]   
   },
   "Most_Contributive_Features_By_Class" : {
      "class_0" : [ 2, 3, 0, 1 ],
      "class_1" : [ 3, 2, 1, 0 ],
      "class_2" : [ 3, 2, 1, 0 ]
   }
}