{
	"metadata" : { "model" : "Tikhonov_Ridge", "version" : "2024-W12", "signature" : "ff4_OO8"},
	"options" : { "alpha" : 0.000000, "random_state" : 1789 },
	"dataset" : { "dataset_rows" : 64, "dataset_features" : 14 },
	"classes" : [ "<=50K", ">50K" ],
	"equations" : {
		"class_1" : {
			"intercept" : 22480.269531,
			"coeffs" : [ -1348.670166, 0.000000, -0.084104, 0.000000, -397.204651, 0.000000, 0.000000, 0.000000, 0.000000, 0.000000, -808.140015, -1632.449829, 276.754242, 0.000000 ]
		}
	}
}