{
   "Contributions" : {
      "X_0" : [ -0.006456, 0.006456 ],
      "X_1" : [ 0.000000, 0.000000 ],
      "X_2" : [ 0.047488, -0.047488 ],
      "X_3" : [ 0.000000, 0.000000 ],
      "X_4" : [ 0.008718, -0.008718 ],
      "X_5" : [ 0.000000, 0.000000 ],
      "X_6" : [ 0.000000, 0.000000 ],
      "X_7" : [ 0.000000, 0.000000 ],
      "X_8" : [ 0.000000, 0.000000 ],
      "X_9" : [ 0.000000, 0.000000 ],
      "X_10" : [ -0.006945, 0.006945 ],
      "X_11" : [ 0.007812, -0.007812 ],
      "X_12" : [ -0.002960, 0.002960 ],
      "X_13" : [ 0.000000, 0.000000 ]   
   },
   "Most_Contributive_Features_By_Class" : {
      "class_0" : [ 2, 4, 11, 10, 0, 12 ],
      "class_1" : [ 2, 4, 11, 10, 0, 12 ]
   }
}