{
	"metadata" : { "model" : "Tikhonov_Ridge", "version" : "2024-W12", "signature" : "ff4_OO8"},
	"options" : { "alpha" : 1.000000, "random_state" : 1789 },
	"dataset" : { "dataset_rows" : 64, "dataset_features" : 14 },
	"classes" : [ "<=50K", ">50K" ],
	"equations" : {
		"class_1" : {
			"intercept" : 22020.355469,
			"coeffs" : [ -1305.617920, 0.000000, -0.082703, 0.000000, -384.225159, 0.000000, 0.000000, 0.000000, 0.000000, 0.000000, -790.494568, -1593.595947, 262.210663, 0.000000 ]
		}
	}
}