{
	"metadata" : { "model" : "Breiman_CART", "version" : "2024-W14", "signature" : "ff4_il8"},
	"options" : { "ccp_alpha" : 0.000000, "criterion" : "", "max_depth" : null, "max_features" : null, "max_leaf_nodes" : 64, "min_impurity_decrease" : 0.000000, "min_samples_leaf" : 1, "min_samples_split" : 2, "min_weight_fraction_leaf" : 0.000000, "random_state" : 1789, "splitter" : "best" },
	"dataset" : { "dataset_rows" : 128, "dataset_features" : 10 },
	"classes" : [ 0, 1, 2, 3 ],
	"tree" : {
	"features" : 10,
	"outputs" : 4,
	"max_depth" : 8,
	"node_count" : 75,
	"nodes" : {
		"node_00" : {"left" : 1, "right" : 2, "feature" : 8, "threshold" : 0.152687, "impurity" : 0.748413, "n_samples" : 128, "w_samples" : 128.000000, "value" : [0.226562, 0.250000, 0.281250, 0.242188]},
		"node_01" : {"left" : 3, "right" : 4, "feature" : 3, "threshold" : 0.558276, "impurity" : 0.666247, "n_samples" : 69, "w_samples" : 69.000000, "value" : [0.217391, 0.057971, 0.463768, 0.260870]},
		"node_02" : {"left" : 5, "right" : 6, "feature" : 7, "threshold" : -0.989518, "impurity" : 0.665326, "n_samples" : 59, "w_samples" : 59.000000, "value" : [0.237288, 0.474576, 0.067797, 0.220339]},
		"node_03" : {"left" : 23, "right" : 24, "feature" : 7, "threshold" : -1.125393, "impurity" : 0.582840, "n_samples" : 52, "w_samples" : 52.000000, "value" : [0.269231, 0.076923, 0.576923, 0.076923]},
		"node_04" : {"left" : 17, "right" : 18, "feature" : 3, "threshold" : 2.514059, "impurity" : 0.304498, "n_samples" : 17, "w_samples" : 17.000000, "value" : [0.058824, 0.000000, 0.117647, 0.823529]},
		"node_05" : {"left" : 7, "right" : 8, "feature" : 1, "threshold" : -0.206592, "impurity" : 0.559557, "n_samples" : 19, "w_samples" : 19.000000, "value" : [0.315789, 0.052632, 0.052632, 0.578947]},
		"node_06" : {"left" : 13, "right" : 14, "feature" : 3, "threshold" : 1.240127, "impurity" : 0.496250, "n_samples" : 40, "w_samples" : 40.000000, "value" : [0.200000, 0.675000, 0.075000, 0.050000]},
		"node_07" : {"left" : null, "right" : null, "feature" : null, "threshold" : null, "impurity" : 0.000000, "n_samples" : 6, "w_samples" : 6.000000, "value" : [1.000000, 0.000000, 0.000000, 0.000000]},
		"node_08" : {"left" : 9, "right" : 10, "feature" : 0, "threshold" : 0.245479, "impurity" : 0.272189, "n_samples" : 13, "w_samples" : 13.000000, "value" : [0.000000, 0.076923, 0.076923, 0.846154]},
		"node_09" : {"left" : null, "right" : null, "feature" : null, "threshold" : null, "impurity" : 0.000000, "n_samples" : 11, "w_samples" : 11.000000, "value" : [0.000000, 0.000000, 0.000000, 1.000000]},
		"node_10" : {"left" : 11, "right" : 12, "feature" : 9, "threshold" : -1.173777, "impurity" : 0.500000, "n_samples" : 2, "w_samples" : 2.000000, "value" : [0.000000, 0.500000, 0.500000, 0.000000]},
		"node_11" : {"left" : null, "right" : null, "feature" : null, "threshold" : null, "impurity" : 0.000000, "n_samples" : 1, "w_samples" : 1.000000, "value" : [0.000000, 0.000000, 1.000000, 0.000000]},
		"node_12" : {"left" : null, "right" : null, "feature" : null, "threshold" : null, "impurity" : 0.000000, "n_samples" : 1, "w_samples" : 1.000000, "value" : [0.000000, 1.000000, 0.000000, 0.000000]},
		"node_13" : {"left" : 39, "right" : 40, "feature" : 2, "threshold" : 1.909400, "impurity" : 0.319559, "n_samples" : 33, "w_samples" : 33.000000, "value" : [0.060606, 0.818182, 0.060606, 0.060606]},
		"node_14" : {"left" : 15, "right" : 16, "feature" : 0, "threshold" : 0.087463, "impurity" : 0.244898, "n_samples" : 7, "w_samples" : 7.000000, "value" : [0.857143, 0.000000, 0.142857, 0.000000]},
		"node_15" : {"left" : null, "right" : null, "feature" : null, "threshold" : null, "impurity" : 0.000000, "n_samples" : 1, "w_samples" : 1.000000, "value" : [0.000000, 0.000000, 1.000000, 0.000000]},
		"node_16" : {"left" : null, "right" : null, "feature" : null, "threshold" : null, "impurity" : 0.000000, "n_samples" : 6, "w_samples" : 6.000000, "value" : [1.000000, 0.000000, 0.000000, 0.000000]},
		"node_17" : {"left" : 21, "right" : 22, "feature" : 1, "threshold" : 0.087285, "impurity" : 0.124444, "n_samples" : 15, "w_samples" : 15.000000, "value" : [0.000000, 0.000000, 0.066667, 0.933333]},
		"node_18" : {"left" : 19, "right" : 20, "feature" : 4, "threshold" : -0.445996, "impurity" : 0.500000, "n_samples" : 2, "w_samples" : 2.000000, "value" : [0.500000, 0.000000, 0.500000, 0.000000]},
		"node_19" : {"left" : null, "right" : null, "feature" : null, "threshold" : null, "impurity" : 0.000000, "n_samples" : 1, "w_samples" : 1.000000, "value" : [1.000000, 0.000000, 0.000000, 0.000000]},
		"node_20" : {"left" : null, "right" : null, "feature" : null, "threshold" : null, "impurity" : 0.000000, "n_samples" : 1, "w_samples" : 1.000000, "value" : [0.000000, 0.000000, 1.000000, 0.000000]},
		"node_21" : {"left" : null, "right" : null, "feature" : null, "threshold" : null, "impurity" : 0.000000, "n_samples" : 14, "w_samples" : 14.000000, "value" : [0.000000, 0.000000, 0.000000, 1.000000]},
		"node_22" : {"left" : null, "right" : null, "feature" : null, "threshold" : null, "impurity" : 0.000000, "n_samples" : 1, "w_samples" : 1.000000, "value" : [0.000000, 0.000000, 1.000000, 0.000000]},
		"node_23" : {"left" : 25, "right" : 26, "feature" : 2, "threshold" : -1.200194, "impurity" : 0.571429, "n_samples" : 14, "w_samples" : 14.000000, "value" : [0.571429, 0.000000, 0.285714, 0.142857]},
		"node_24" : {"left" : 33, "right" : 34, "feature" : 2, "threshold" : 1.546596, "impurity" : 0.493075, "n_samples" : 38, "w_samples" : 38.000000, "value" : [0.157895, 0.105263, 0.684211, 0.052632]},
		"node_25" : {"left" : null, "right" : null, "feature" : null, "threshold" : null, "impurity" : 0.000000, "n_samples" : 2, "w_samples" : 2.000000, "value" : [0.000000, 0.000000, 0.000000, 1.000000]},
		"node_26" : {"left" : 27, "right" : 28, "feature" : 4, "threshold" : -0.975906, "impurity" : 0.444444, "n_samples" : 12, "w_samples" : 12.000000, "value" : [0.666667, 0.000000, 0.333333, 0.000000]},
		"node_27" : {"left" : null, "right" : null, "feature" : null, "threshold" : null, "impurity" : 0.000000, "n_samples" : 2, "w_samples" : 2.000000, "value" : [0.000000, 0.000000, 1.000000, 0.000000]},
		"node_28" : {"left" : 29, "right" : 30, "feature" : 0, "threshold" : 0.427335, "impurity" : 0.320000, "n_samples" : 10, "w_samples" : 10.000000, "value" : [0.800000, 0.000000, 0.200000, 0.000000]},
		"node_29" : {"left" : null, "right" : null, "feature" : null, "threshold" : null, "impurity" : 0.000000, "n_samples" : 7, "w_samples" : 7.000000, "value" : [1.000000, 0.000000, 0.000000, 0.000000]},
		"node_30" : {"left" : 31, "right" : 32, "feature" : 9, "threshold" : -0.499828, "impurity" : 0.444444, "n_samples" : 3, "w_samples" : 3.000000, "value" : [0.333333, 0.000000, 0.666667, 0.000000]},
		"node_31" : {"left" : null, "right" : null, "feature" : null, "threshold" : null, "impurity" : 0.000000, "n_samples" : 1, "w_samples" : 1.000000, "value" : [1.000000, 0.000000, 0.000000, 0.000000]},
		"node_32" : {"left" : null, "right" : null, "feature" : null, "threshold" : null, "impurity" : 0.000000, "n_samples" : 2, "w_samples" : 2.000000, "value" : [0.000000, 0.000000, 1.000000, 0.000000]},
		"node_33" : {"left" : 43, "right" : 44, "feature" : 0, "threshold" : -2.893364, "impurity" : 0.392734, "n_samples" : 34, "w_samples" : 34.000000, "value" : [0.117647, 0.088235, 0.764706, 0.029412]},
		"node_34" : {"left" : 35, "right" : 36, "feature" : 5, "threshold" : -0.262668, "impurity" : 0.625000, "n_samples" : 4, "w_samples" : 4.000000, "value" : [0.500000, 0.250000, 0.000000, 0.250000]},
		"node_35" : {"left" : null, "right" : null, "feature" : null, "threshold" : null, "impurity" : 0.000000, "n_samples" : 2, "w_samples" : 2.000000, "value" : [1.000000, 0.000000, 0.000000, 0.000000]},
		"node_36" : {"left" : 37, "right" : 38, "feature" : 9, "threshold" : 0.352333, "impurity" : 0.500000, "n_samples" : 2, "w_samples" : 2.000000, "value" : [0.000000, 0.500000, 0.000000, 0.500000]},