{
   "Contributions" : {
      "X_0" : [ 0.030614, -0.016735, -0.032589, 0.018710 ],
      "X_1" : [ -0.014404, -0.006592, -0.044189, 0.065186 ],
      "X_2" : [ 0.001850, 0.005274, -0.024258, 0.017134 ],
      "X_3" : [ 0.037482, 0.001190, -0.027663, -0.011009 ],
      "X_4" : [ -0.001136, -0.000455, 0.002501, -0.000910 ],
      "X_5" : [ 0.007568, -0.000244, 0.000000, -0.007324 ],
      "X_6" : [ 0.009567, -0.019133, 0.009567, 0.000000 ],
      "X_7" : [ -0.001628, -0.000120, -0.006130, 0.007879 ],
      "X_8" : [ 0.004079, -0.015912, 0.010412, 0.001420 ],
      "X_9" : [ 0.000000, -0.002441, 0.002441, 0.000000 ]   
   },
   "Most_Contributive_Features_By_Class" : {
      "class_0" : [ 3, 0, 1, 6, 5, 8, 2, 7, 4 ],
      "class_1" : [ 6, 0, 8, 1, 2, 9, 3, 4, 5, 7 ],
      "class_2" : [ 1, 0, 3, 2, 8, 6, 7, 4, 9 ],
      "class_3" : [ 1, 0, 2, 3, 7, 5, 8, 4 ]
   }
}