{
   "Contributions" : {
      "X_0" : [ 0.031738, -0.012695, -0.039307, 0.020264 ],
      "X_1" : [ -0.014404, -0.006592, -0.044189, 0.065186 ],
      "X_2" : [ 0.009277, -0.002686, -0.022217, 0.015625 ],
      "X_3" : [ 0.018799, 0.010010, -0.016113, -0.012695 ],
      "X_4" : [ -0.006592, 0.005127, 0.002197, -0.000732 ],
      "X_5" : [ 0.009521, -0.002441, 0.000000, -0.007080 ],
      "X_6" : [ 0.000488, -0.029785, 0.009033, 0.020264 ],
      "X_7" : [ -0.007080, 0.014160, -0.010742, 0.003662 ],
      "X_8" : [ -0.014648, -0.002686, 0.021240, -0.003906 ],
      "X_9" : [ -0.000732, -0.002930, 0.003174, 0.000488 ]   
   },
   "Most_Contributive_Features_By_Class" : {
      "class_0" : [ 0, 3, 8, 1, 5, 2, 7, 4, 9, 6 ],
      "class_1" : [ 6, 7, 0, 3, 1, 4, 9, 2, 8, 5 ],
      "class_2" : [ 1, 0, 2, 8, 3, 7, 6, 9, 4 ],
      "class_3" : [ 1, 0, 6, 2, 3, 5, 8, 7, 4, 9 ]
   }
}