{
   "Contributions" : {
      "X_0" : [ 0.000001 ],
      "X_1" : [ -0.000001 ],
      "X_2" : [ -0.000001 ],
      "X_3" : [ -0.037165 ],
      "X_4" : [ 0.002281 ],
      "X_5" : [ 0.014129 ],
      "X_6" : [ -0.002178 ],
      "X_7" : [ 0.000000 ],
      "X_8" : [ 0.000000 ]   
   },
   "Most_Contributive_Features" : {
      "y" : [ 3, 5, 4, 6, 2, 1, 0, 7 ]
   }
}