{
   "Contributions" : {
      "X_0" : [ -0.000000 ],
      "X_1" : [ -0.000003 ],
      "X_2" : [ 0.000001 ],
      "X_3" : [ -0.057465 ],
      "X_4" : [ 0.015742 ],
      "X_5" : [ 0.024519 ],
      "X_6" : [ 0.001787 ],
      "X_7" : [ -0.000002 ],
      "X_8" : [ 0.000000 ]   
   },
   "Most_Contributive_Features" : {
      "y" : [ 3, 5, 4, 6, 1, 7, 2, 0 ]
   }
}