{
   "Contributions" : {
      "X_0" : [ 2.621308 ],
      "X_1" : [ 7.392085 ],
      "X_2" : [ 7.753442 ],
      "X_3" : [ 0.000000 ],
      "X_4" : [ -0.574849 ],
      "X_5" : [ 0.000000 ],
      "X_6" : [ 7.395523 ],
      "X_7" : [ -0.198846 ],
      "X_8" : [ -1.867307 ],
      "X_9" : [ 0.000000 ]   
   },
   "Most_Contributive_Features" : {
      "y" : [ 2, 6, 1, 0, 8, 4, 7 ]
   }
}