{
   "Contributions" : {
      "X_0" : [ 5.777587 ],
      "X_1" : [ 7.140195 ],
      "X_2" : [ 8.401253 ],
      "X_3" : [ -0.099282 ],
      "X_4" : [ -0.574849 ],
      "X_5" : [ -5.066462 ],
      "X_6" : [ 9.536286 ],
      "X_7" : [ -0.011420 ],
      "X_8" : [ -1.568022 ],
      "X_9" : [ 0.125826 ]   
   },
   "Most_Contributive_Features" : {
      "y" : [ 6, 2, 1, 0, 5, 8, 4, 9, 3, 7 ]
   }
}