{
   "Contributions" : {
      "X_0" : [ -0.000267, 0.000267 ],
      "X_1" : [ -0.000046, 0.000046 ],
      "X_2" : [ 0.000000, 0.000000 ],
      "X_3" : [ -0.000702, 0.000702 ],
      "X_4" : [ -0.004082, 0.004082 ],
      "X_5" : [ 0.000000, 0.000000 ],
      "X_6" : [ -0.000137, 0.000137 ],
      "X_7" : [ 0.000641, -0.000641 ],
      "X_8" : [ 0.000465, -0.000465 ],
      "X_9" : [ 0.000000, 0.000000 ],
      "X_10" : [ 0.000816, -0.000816 ],
      "X_11" : [ -0.000465, 0.000465 ],
      "X_12" : [ 0.000000, 0.000000 ],
      "X_13" : [ -0.000069, 0.000069 ],
      "X_14" : [ -0.000038, 0.000038 ],
      "X_15" : [ -0.000816, 0.000816 ],
      "X_16" : [ -0.001236, 0.001236 ],
      "X_17" : [ -0.001091, 0.001091 ],
      "X_18" : [ -0.000336, 0.000336 ],
      "X_19" : [ 0.000183, -0.000183 ],
      "X_20" : [ -0.000198, 0.000198 ],
      "X_21" : [ 0.000000, 0.000000 ],
      "X_22" : [ -0.000542, 0.000542 ],
      "X_23" : [ 0.001236, -0.001236 ],
      "X_24" : [ -0.001709, 0.001709 ],
      "X_25" : [ -0.000995, 0.000995 ],
      "X_26" : [ 0.000000, 0.000000 ],
      "X_27" : [ 0.000839, -0.000839 ],
      "X_28" : [ 0.001144, -0.001144 ],
      "X_29" : [ 0.000648, -0.000648 ],
      "X_30" : [ 0.000000, 0.000000 ],
      "X_31" : [ 0.000000, 0.000000 ],
      "X_32" : [ -0.000137, 0.000137 ],
      "X_33" : [ 0.000000, 0.000000 ],
      "X_34" : [ 0.000000, 0.000000 ],
      "X_35" : [ 0.000519, -0.000519 ],
      "X_36" : [ 0.000000, 0.000000 ],
      "X_37" : [ -0.000223, 0.000223 ],
      "X_38" : [ 0.001129, -0.001129 ],
      "X_39" : [ 0.001503, -0.001503 ],
      "X_40" : [ 0.001747, -0.001747 ],
      "X_41" : [ 0.001831, -0.001831 ],
      "X_42" : [ 0.000450, -0.000450 ],
      "X_43" : [ -0.000061, 0.000061 ],
      "X_44" : [ 0.000000, 0.000000 ],
      "X_45" : [ -0.000732, 0.000732 ],
      "X_46" : [ -0.000557, 0.000557 ],
      "X_47" : [ -0.000786, 0.000786 ],
      "X_48" : [ -0.001286, 0.001286 ],
      "X_49" : [ -0.000359, 0.000359 ],
      "X_50" : [ -0.000549, 0.000549 ],
      "X_51" : [ -0.000168, 0.000168 ],
      "X_52" : [ 0.001755, -0.001755 ],
      "X_53" : [ -0.000107, 0.000107 ],
      "X_54" : [ 0.000328, -0.000328 ],
      "X_55" : [ 0.000526, -0.000526 ],
      "X_56" : [ -0.000778, 0.000778 ],
      "X_57" : [ 0.001610, -0.001610 ],
      "X_58" : [ -0.000557, 0.000557 ],
      "X_59" : [ 0.000566, -0.000566 ],
      "X_60" : [ 0.000648, -0.000648 ],
      "X_61" : [ 0.011803, -0.011803 ],
      "X_62" : [ 0.000671, -0.000671 ],
      "X_63" : [ 0.000473, -0.000473 ],
      "X_64" : [ 0.000587, -0.000587 ],
      "X_65" : [ 0.000000, 0.000000 ],
      "X_66" : [ 0.000237, -0.000237 ],
      "X_67" : [ 0.000816, -0.000816 ],
      "X_68" : [ 0.000000, 0.000000 ],
      "X_69" : [ 0.000595, -0.000595 ],
      "X_70" : [ 0.000000, 0.000000 ],
      "X_71" : [ 0.000923, -0.000923 ],
      "X_72" : [ 0.000206, -0.000206 ],
      "X_73" : [ 0.000000, 0.000000 ],
      "X_74" : [ -0.001404, 0.001404 ],
      "X_75" : [ -0.000092, 0.000092 ],
      "X_76" : [ -0.000671, 0.000671 ],
      "X_77" : [ 0.000000, 0.000000 ],
      "X_78" : [ 0.000056, -0.000056 ],
      "X_79" : [ 0.000122, -0.000122 ],
      "X_80" : [ -0.000313, 0.000313 ],
      "X_81" : [ 0.001495, -0.001495 ],
      "X_82" : [ -0.000198, 0.000198 ],
      "X_83" : [ -0.000862, 0.000862 ],
      "X_84" : [ 0.000000, 0.000000 ],
      "X_85" : [ 0.000237, -0.000237 ],
      "X_86" : [ 0.000343, -0.000343 ],
      "X_87" : [ -0.000313, 0.000313 ],
      "X_88" : [ 0.000328, -0.000328 ],
      "X_89" : [ -0.000183, 0.000183 ],
      "X_90" : [ -0.001472, 0.001472 ],
      "X_91" : [ 0.001266, -0.001266 ],
      "X_92" : [ 0.001466, -0.001466 ],
      "X_93" : [ 0.005920, -0.005920 ],
      "X_94" : [ 0.002182, -0.002182 ],
      "X_95" : [ 0.009761, -0.009761 ],
      "X_96" : [ 0.000961, -0.000961 ],
      "X_97" : [ -0.001360, 0.001360 ],
      "X_98" : [ 0.006058, -0.006058 ],
      "X_99" : [ -0.004265, 0.004265 ]   
   },
   "Most_Contributive_Features_By_Class" : {
      "class_0" : [ 61, 95, 98, 93, 99, 4, 94, 41, 52, 40 ],
      "class_1" : [ 61, 95, 98, 93, 99, 4, 94, 41, 52, 40 ]
   }
}