{
   "Contributions" : {
      "X_0" : [ 0.127556 ],
      "X_1" : [ 0.441878 ],
      "X_2" : [ 0.084404 ],
      "X_3" : [ -0.094827 ],
      "X_4" : [ 0.222622 ],
      "X_5" : [ -0.065873 ],
      "X_6" : [ 0.196259 ],
      "X_7" : [ -0.137845 ],
      "X_8" : [ -0.073107 ],
      "X_9" : [ -0.388954 ],
      "X_10" : [ 0.430291 ],
      "X_11" : [ -0.505802 ],
      "X_12" : [ -0.273441 ],
      "X_13" : [ 0.258023 ],
      "X_14" : [ 0.089280 ],
      "X_15" : [ 0.077105 ],
      "X_16" : [ -0.032950 ],
      "X_17" : [ 0.181147 ],
      "X_18" : [ 0.173291 ],
      "X_19" : [ -0.089659 ],
      "X_20" : [ -0.008229 ],
      "X_21" : [ 0.003860 ],
      "X_22" : [ 0.235395 ],
      "X_23" : [ -0.059006 ],
      "X_24" : [ -0.295050 ],
      "X_25" : [ -0.373762 ],
      "X_26" : [ -0.051730 ],
      "X_27" : [ 0.247883 ],
      "X_28" : [ 0.317406 ],
      "X_29" : [ 0.123733 ],
      "X_30" : [ -24.142178 ],
      "X_31" : [ 0.630657 ],
      "X_32" : [ -1.613820 ],
      "X_33" : [ 0.261482 ],
      "X_34" : [ 0.135000 ],
      "X_35" : [ -0.255844 ],
      "X_36" : [ 4.718335 ],
      "X_37" : [ -0.015626 ],
      "X_38" : [ 0.050750 ],
      "X_39" : [ 0.094881 ],
      "X_40" : [ -0.264170 ],
      "X_41" : [ -0.190073 ],
      "X_42" : [ -0.067977 ],
      "X_43" : [ -0.014242 ],
      "X_44" : [ 0.221682 ],
      "X_45" : [ 0.514217 ],
      "X_46" : [ -11.188959 ],
      "X_47" : [ 0.047190 ],
      "X_48" : [ -0.010279 ],
      "X_49" : [ 0.053625 ],
      "X_50" : [ 0.006664 ],
      "X_51" : [ 0.225757 ],
      "X_52" : [ -0.099125 ],
      "X_53" : [ -0.002986 ],
      "X_54" : [ 0.235691 ],
      "X_55" : [ 0.102188 ],
      "X_56" : [ 0.134210 ],
      "X_57" : [ 0.030176 ],
      "X_58" : [ -0.375008 ],
      "X_59" : [ -5.913791 ],
      "X_60" : [ -0.044745 ],
      "X_61" : [ 0.039164 ],
      "X_62" : [ -0.023541 ],
      "X_63" : [ 0.268783 ],
      "X_64" : [ -0.381912 ],
      "X_65" : [ 0.025114 ],
      "X_66" : [ 0.226657 ],
      "X_67" : [ -0.231049 ],
      "X_68" : [ 0.363930 ],
      "X_69" : [ 0.009155 ],
      "X_70" : [ 0.044175 ],
      "X_71" : [ -0.275919 ],
      "X_72" : [ 0.013148 ],
      "X_73" : [ 0.193917 ],
      "X_74" : [ 0.103830 ],
      "X_75" : [ 0.064389 ],
      "X_76" : [ -0.456067 ],
      "X_77" : [ 3.983587 ],
      "X_78" : [ -0.189037 ],
      "X_79" : [ 0.058966 ],
      "X_80" : [ 0.380442 ],
      "X_81" : [ -0.066377 ],
      "X_82" : [ -0.054979 ],
      "X_83" : [ 0.025616 ],
      "X_84" : [ -0.108669 ],
      "X_85" : [ 0.434222 ],
      "X_86" : [ -0.099809 ],
      "X_87" : [ 0.192094 ],
      "X_88" : [ 0.003642 ],
      "X_89" : [ -0.030362 ],
      "X_90" : [ 0.679883 ],
      "X_91" : [ 0.018745 ],
      "X_92" : [ 0.067123 ],
      "X_93" : [ 0.165857 ],
      "X_94" : [ -0.019983 ],
      "X_95" : [ 2.079990 ],
      "X_96" : [ -0.167347 ],
      "X_97" : [ -0.109383 ],
      "X_98" : [ -0.006315 ],
      "X_99" : [ 0.198383 ]   
   },
   "Most_Contributive_Features" : {
      "y" : [ 30, 46, 59, 36, 77, 95, 32, 90, 31, 45 ]
   }
}