{
   "Contributions" : {
      "X_0" : [ 0.144692 ],
      "X_1" : [ 0.158287 ],
      "X_2" : [ 0.000000 ],
      "X_3" : [ 0.000000 ],
      "X_4" : [ 0.000000 ],
      "X_5" : [ 0.000000 ],
      "X_6" : [ 0.000000 ],
      "X_7" : [ 0.000000 ],
      "X_8" : [ -0.005394 ],
      "X_9" : [ 0.000000 ],
      "X_10" : [ 0.000000 ],
      "X_11" : [ 0.038452 ],
      "X_12" : [ 0.000000 ],
      "X_13" : [ -0.006296 ],
      "X_14" : [ 0.000000 ],
      "X_15" : [ -0.062895 ],
      "X_16" : [ 0.000000 ],
      "X_17" : [ 0.000000 ],
      "X_18" : [ 0.000000 ],
      "X_19" : [ -0.025846 ],
      "X_20" : [ 0.000000 ],
      "X_21" : [ 0.000000 ],
      "X_22" : [ -1.157209 ],
      "X_23" : [ 0.000000 ],
      "X_24" : [ 0.000000 ],
      "X_25" : [ -0.303946 ],
      "X_26" : [ 0.000000 ],
      "X_27" : [ 0.011620 ],
      "X_28" : [ 0.000000 ],
      "X_29" : [ 0.000000 ],
      "X_30" : [ -16.682941 ],
      "X_31" : [ 0.000000 ],
      "X_32" : [ -0.905672 ],
      "X_33" : [ 0.132810 ],
      "X_34" : [ 0.000000 ],
      "X_35" : [ -0.009831 ],
      "X_36" : [ 3.906800 ],
      "X_37" : [ 0.000000 ],
      "X_38" : [ 0.000000 ],
      "X_39" : [ -0.282018 ],
      "X_40" : [ 0.034205 ],
      "X_41" : [ -0.266507 ],
      "X_42" : [ 0.000000 ],
      "X_43" : [ 0.013040 ],
      "X_44" : [ 0.020002 ],
      "X_45" : [ 0.000000 ],
      "X_46" : [ -9.377937 ],
      "X_47" : [ 0.000000 ],
      "X_48" : [ -0.011260 ],
      "X_49" : [ -0.090604 ],
      "X_50" : [ 0.000000 ],
      "X_51" : [ 0.000000 ],
      "X_52" : [ -0.081650 ],
      "X_53" : [ 0.010010 ],
      "X_54" : [ 0.000000 ],
      "X_55" : [ 0.039272 ],
      "X_56" : [ 0.080620 ],
      "X_57" : [ 0.000000 ],
      "X_58" : [ 0.000000 ],
      "X_59" : [ -2.108082 ],
      "X_60" : [ 0.000000 ],
      "X_61" : [ 0.000000 ],
      "X_62" : [ 0.000000 ],
      "X_63" : [ 0.064164 ],
      "X_64" : [ 0.000000 ],
      "X_65" : [ 0.000000 ],
      "X_66" : [ 0.000000 ],
      "X_67" : [ -0.030541 ],
      "X_68" : [ 0.000000 ],
      "X_69" : [ 0.000000 ],
      "X_70" : [ 0.000000 ],
      "X_71" : [ 0.000000 ],
      "X_72" : [ 0.000000 ],
      "X_73" : [ 0.000000 ],
      "X_74" : [ 0.000000 ],
      "X_75" : [ 0.000000 ],
      "X_76" : [ 0.000000 ],
      "X_77" : [ 4.223498 ],
      "X_78" : [ 0.000000 ],
      "X_79" : [ 0.121570 ],
      "X_80" : [ 0.000000 ],
      "X_81" : [ 0.000000 ],
      "X_82" : [ 0.000000 ],
      "X_83" : [ -0.068300 ],
      "X_84" : [ -0.153067 ],
      "X_85" : [ 0.000000 ],
      "X_86" : [ 0.000000 ],
      "X_87" : [ 0.000000 ],
      "X_88" : [ -0.044757 ],
      "X_89" : [ -0.689522 ],
      "X_90" : [ 0.442624 ],
      "X_91" : [ 0.253166 ],
      "X_92" : [ 0.000000 ],
      "X_93" : [ 0.000000 ],
      "X_94" : [ -0.066737 ],
      "X_95" : [ -0.040410 ],
      "X_96" : [ -0.058427 ],
      "X_97" : [ 0.000000 ],
      "X_98" : [ 0.000000 ],
      "X_99" : [ 0.000000 ]   
   },
   "Most_Contributive_Features" : {
      "y" : [ 30, 46, 77, 36, 59, 22, 32, 89, 90, 25 ]
   }
}