{
   "Contributions" : {
      "X_0" : [ 0.000305, -0.000090, 0.000294, -0.000509 ],
      "X_1" : [ 0.000026, -0.000077, -0.000032, 0.000083 ],
      "X_2" : [ -0.000239, -0.000435, 0.000880, -0.000205 ],
      "X_3" : [ 0.001441, -0.000295, -0.001216, 0.000070 ],
      "X_4" : [ 0.000077, 0.000170, 0.000053, -0.000301 ],
      "X_5" : [ 0.000244, 0.000486, 0.000488, -0.001217 ],
      "X_6" : [ -0.000261, 0.000201, -0.000296, 0.000356 ],
      "X_7" : [ 0.000964, 0.000762, -0.001549, -0.000178 ],
      "X_8" : [ 0.000053, -0.000258, 0.000201, 0.000004 ],
      "X_9" : [ -0.001671, 0.000005, 0.000239, 0.001427 ],
      "X_10" : [ 0.000000, 0.000000, 0.000000, 0.000000 ],
      "X_11" : [ -0.001173, -0.000491, 0.000052, 0.001613 ],
      "X_12" : [ -0.000401, 0.000171, -0.000121, 0.000352 ],
      "X_13" : [ 0.000748, -0.000707, 0.000948, -0.000990 ],
      "X_14" : [ 0.003991, -0.000296, -0.000022, -0.003673 ],
      "X_15" : [ -0.000570, -0.000482, 0.001761, -0.000709 ],
      "X_16" : [ -0.000021, 0.000320, -0.000379, 0.000080 ],
      "X_17" : [ 0.000000, 0.000000, 0.000000, 0.000000 ],
      "X_18" : [ -0.000154, 0.000443, -0.000070, -0.000220 ],
      "X_19" : [ 0.001293, -0.000395, -0.002032, 0.001134 ],
      "X_20" : [ -0.000852, 0.000060, -0.000531, 0.001324 ],
      "X_21" : [ -0.001427, 0.002206, 0.000242, -0.001020 ],
      "X_22" : [ -0.000398, -0.000255, -0.000453, 0.001105 ],
      "X_23" : [ -0.000014, 0.000000, 0.000069, -0.000055 ],
      "X_24" : [ 0.000000, 0.000000, 0.000000, 0.000000 ],
      "X_25" : [ 0.000189, 0.000180, -0.000011, -0.000357 ],
      "X_26" : [ 0.000000, 0.000000, 0.000000, 0.000000 ],
      "X_27" : [ -0.000987, -0.000939, -0.000547, 0.002473 ],
      "X_28" : [ -0.002105, 0.001385, -0.001070, 0.001791 ],
      "X_29" : [ 0.000139, 0.000049, -0.000075, -0.000113 ],
      "X_30" : [ 0.001337, 0.002032, -0.000171, -0.003198 ],
      "X_31" : [ 0.010439, -0.006614, -0.001435, -0.002390 ],
      "X_32" : [ -0.000210, -0.000120, -0.000500, 0.000830 ],
      "X_33" : [ -0.000749, 0.001739, 0.000329, -0.001319 ],
      "X_34" : [ 0.000122, -0.000497, -0.000079, 0.000454 ],
      "X_35" : [ 0.006385, -0.004158, -0.005587, 0.003360 ],
      "X_36" : [ 0.000000, 0.000000, 0.000000, 0.000000 ],
      "X_37" : [ -0.001191, 0.000312, 0.000765, 0.000114 ],
      "X_38" : [ 0.001978, -0.001124, 0.000834, -0.001688 ],
      "X_39" : [ 0.002163, -0.005252, 0.001965, 0.001124 ],
      "X_40" : [ 0.000408, -0.001074, -0.000382, 0.001048 ],
      "X_41" : [ -0.000982, -0.000696, -0.000388, 0.002067 ],
      "X_42" : [ -0.001760, -0.001905, -0.000932, 0.004597 ],
      "X_43" : [ 0.000010, 0.000066, 0.000077, -0.000153 ],
      "X_44" : [ 0.000000, 0.000000, 0.000000, 0.000000 ],
      "X_45" : [ -0.001007, -0.000371, 0.001495, -0.000117 ],
      "X_46" : [ 0.009986, -0.002365, -0.009534, 0.001913 ],
      "X_47" : [ 0.000080, 0.000119, -0.000871, 0.000672 ],
      "X_48" : [ -0.000246, 0.000528, -0.000713, 0.000431 ],
      "X_49" : [ 0.002508, 0.004791, -0.006084, -0.001215 ],
      "X_50" : [ 0.001240, 0.000204, -0.001049, -0.000395 ],
      "X_51" : [ -0.000612, -0.002486, 0.006767, -0.003668 ],
      "X_52" : [ 0.000323, 0.000102, -0.000221, -0.000204 ],
      "X_53" : [ 0.000558, 0.000141, 0.000734, -0.001434 ],
      "X_54" : [ 0.001368, 0.003263, -0.003100, -0.001531 ],
      "X_55" : [ 0.002598, -0.001894, -0.000357, -0.000348 ],
      "X_56" : [ 0.000000, 0.000000, 0.000000, 0.000000 ],
      "X_57" : [ 0.000236, 0.000134, -0.000422, 0.000053 ],
      "X_58" : [ 0.005815, -0.007645, 0.002632, -0.000802 ],
      "X_59" : [ 0.000035, 0.000230, -0.000551, 0.000287 ],
      "X_60" : [ 0.000258, -0.000765, 0.008310, -0.007804 ],
      "X_61" : [ -0.001282, -0.000455, -0.000369, 0.002107 ],
      "X_62" : [ -0.019595, -0.010163, -0.001522, 0.031279 ],
      "X_63" : [ -0.001196, 0.001627, -0.001083, 0.000651 ],
      "X_64" : [ 0.000035, 0.000760, -0.000701, -0.000093 ],
      "X_65" : [ 0.001776, -0.000447, -0.002940, 0.001611 ],
      "X_66" : [ 0.013378, -0.008130, -0.007807, 0.002559 ],
      "X_67" : [ 0.000031, -0.000024, -0.000002, -0.000005 ],
      "X_68" : [ -0.000353, 0.001394, 0.000289, -0.001330 ],
      "X_69" : [ 0.000000, 0.000000, 0.000000, 0.000000 ],
      "X_70" : [ 0.005480, -0.005040, 0.000324, -0.000764 ],
      "X_71" : [ -0.000125, 0.001662, -0.000405, -0.001132 ],
      "X_72" : [ 0.000000, 0.000000, 0.000000, 0.000000 ],
      "X_73" : [ -0.000541, 0.002540, -0.000548, -0.001451 ],
      "X_74" : [ 0.001212, -0.002014, 0.001870, -0.001068 ],
      "X_75" : [ -0.001008, -0.003077, 0.004564, -0.000478 ],
      "X_76" : [ 0.000435, 0.001059, -0.000572, -0.000921 ],
      "X_77" : [ -0.000502, 0.000050, -0.000250, 0.000701 ],
      "X_78" : [ -0.000039, 0.000004, 0.000042, -0.000006 ],
      "X_79" : [ 0.004949, -0.002556, -0.000131, -0.002262 ],
      "X_80" : [ 0.000041, 0.001366, 0.000999, -0.002406 ],
      "X_81" : [ -0.000375, 0.000705, -0.000171, -0.000159 ],
      "X_82" : [ 0.000629, -0.000091, -0.000596, 0.000058 ],
      "X_83" : [ 0.000000, 0.000000, 0.000000, 0.000000 ],
      "X_84" : [ 0.000509, 0.000078, 0.000632, -0.001218 ],
      "X_85" : [ -0.002278, -0.000758, 0.000672, 0.002364 ],
      "X_86" : [ -0.000036, 0.000563, -0.000505, -0.000021 ],
      "X_87" : [ 0.000690, 0.000479, 0.000195, -0.001363 ],
      "X_88" : [ -0.000340, 0.000244, 0.000569, -0.000473 ],
      "X_89" : [ 0.000000, 0.000000, 0.000000, 0.000000 ],
      "X_90" : [ 0.000000, 0.000000, 0.000000, 0.000000 ],
      "X_91" : [ -0.000000, -0.000101, -0.000024, 0.000125 ],
      "X_92" : [ 0.000109, -0.000119, 0.000072, -0.000062 ],
      "X_93" : [ -0.000883, -0.000559, -0.001572, 0.003014 ],
      "X_94" : [ -0.003071, 0.001262, -0.003274, 0.005083 ],
      "X_95" : [ 0.000427, 0.001122, -0.001433, -0.000115 ],
      "X_96" : [ -0.000503, -0.000140, 0.000517, 0.000126 ],
      "X_97" : [ 0.000355, -0.000132, 0.000530, -0.000753 ],
      "X_98" : [ 0.000000, 0.000000, 0.000000, 0.000000 ],
      "X_99" : [ 0.000000, 0.000000, 0.000000, 0.000000 ]   
   },
   "Most_Contributive_Features_By_Class" : {
      "class_0" : [ 62, 66, 31, 46, 35, 58, 70, 79, 14, 94 ],
      "class_1" : [ 62, 66, 58, 31, 39, 70, 49, 35, 54, 75 ],
      "class_2" : [ 46, 60, 66, 51, 49, 35, 75, 94, 54, 65 ],
      "class_3" : [ 62, 60, 94, 42, 14, 51, 35, 30, 93, 66 ]
   }
}