{
   "Contributions" : {
      "X_0" : [ -0.002930, -0.007812, 0.010742 ],
      "X_1" : [ 0.000000, -0.000305, 0.000305 ],
      "X_2" : [ -0.007385, -0.009155, 0.016541 ],
      "X_3" : [ -0.016357, 0.003479, 0.012878 ]   
   },
   "Most_Contributive_Features_By_Class" : {
      "class_0" : [ 3, 2, 0 ],
      "class_1" : [ 2, 0, 3, 1 ],
      "class_2" : [ 2, 3, 0, 1 ]
   }
}