,Prob_0,Prob_1,Prob_2
0,0.0,0.03125,0.96875
1,0.0,0.84375,0.15625
2,0.0,0.0,1.0
3,0.0,0.28125,0.71875
4,0.0,0.0,1.0
5,0.0,1.0,0.0
6,0.0,0.96875,0.03125
7,0.0,0.9375,0.0625
8,0.96875,0.03125,0.0
9,0.96875,0.03125,0.0
10,0.96875,0.03125,0.0
11,0.0,0.9375,0.0625
12,0.03125,0.96875,0.0
13,0.0,1.0,0.0
14,0.0,0.0,1.0
15,0.96875,0.03125,0.0
