,Prob_0,Prob_1,Prob_2
0,0.0,0.0,1.0
1,0.03125,0.90625,0.0625
2,0.0,0.0,1.0
3,0.0,0.09375,0.90625
4,0.0,0.0,1.0
5,0.0,1.0,0.0
6,0.0,0.9375,0.0625
7,0.03125,0.9375,0.03125
8,0.875,0.125,0.0
9,0.9375,0.0625,0.0
10,0.875,0.125,0.0
11,0.0,1.0,0.0
12,0.03125,0.96875,0.0
13,0.0,0.96875,0.03125
14,0.0,0.0,1.0
15,0.9375,0.0625,0.0
