{
   "Contributions" : {
      "X_0" : [ 0.000000, 0.000000, 0.000000, 0.000000, 0.000000, 0.000000, 0.000000, 0.000000, 0.000000, 0.000000 ],
      "X_1" : [ 0.002211, 0.000007, -0.000816, 0.003472, -0.000388, -0.004644, 0.004187, -0.004029, -0.000000, -0.000000 ],
      "X_2" : [ 0.006339, 0.000968, 0.001805, 0.001078, -0.003855, -0.000143, -0.005856, -0.000339, 0.000002, 0.000001 ],
      "X_3" : [ 0.002301, -0.000350, -0.004253, 0.004572, -0.000640, -0.000600, -0.000833, -0.000195, -0.000002, -0.000000 ],
      "X_4" : [ 0.000592, -0.000092, -0.000240, 0.000721, -0.001045, -0.000442, -0.001510, 0.002014, 0.000002, -0.000000 ],
      "X_5" : [ -0.004437, 0.000072, 0.001551, -0.004158, 0.001743, 0.002496, 0.003785, -0.001047, -0.000004, -0.000000 ],
      "X_6" : [ 0.004083, 0.000168, 0.002427, -0.001963, 0.000732, -0.006517, 0.000233, 0.000893, -0.000056, 0.000000 ],
      "X_7" : [ -0.000755, 0.000354, 0.000042, 0.003994, -0.001604, 0.001834, 0.000781, -0.004645, -0.000000, 0.000000 ],
      "X_8" : [ 0.000122, 0.000000, -0.000460, -0.000455, 0.000305, 0.000244, 0.000244, 0.000000, 0.000000, 0.000000 ],
      "X_9" : [ 0.024780, 0.002546, -0.022338, 0.001073, 0.011932, -0.037829, 0.007276, 0.012560, 0.000000, -0.000000 ],
      "X_10" : [ -0.007789, -0.000832, 0.000671, 0.007672, 0.004200, 0.002522, 0.001254, -0.007691, -0.000007, 0.000000 ],
      "X_11" : [ 0.000820, -0.000164, 0.001400, 0.000315, -0.001533, 0.002515, -0.001798, -0.001550, -0.000002, -0.000005 ],
      "X_12" : [ 0.001021, -0.000169, -0.000456, -0.003157, -0.001473, 0.000412, 0.001381, 0.002437, 0.000002, -0.000000 ],
      "X_13" : [ -0.008422, -0.000248, 0.001616, 0.010853, -0.012359, -0.001173, 0.003305, 0.006416, 0.000013, 0.000000 ],
      "X_14" : [ -0.001063, -0.000329, -0.000283, -0.000682, -0.001184, 0.004721, -0.001448, 0.000316, -0.000048, 0.000000 ],
      "X_15" : [ 0.000330, -0.000500, -0.001209, -0.002355, 0.005624, -0.000752, -0.000950, -0.000188, 0.000000, -0.000000 ],
      "X_16" : [ 0.000000, 0.000000, 0.000000, 0.000000, 0.000000, 0.000000, 0.000000, 0.000000, 0.000000, 0.000000 ],
      "X_17" : [ 0.002343, 0.000088, 0.011696, -0.006914, 0.004332, -0.008381, -0.002642, -0.000426, -0.000096, 0.000000 ],
      "X_18" : [ 0.000140, 0.000660, 0.003904, -0.028759, -0.014762, 0.010799, 0.008022, 0.019990, -0.000004, 0.000010 ],
      "X_19" : [ 0.000104, 0.000098, 0.003216, -0.007801, -0.000491, 0.000849, 0.001111, 0.002910, 0.000003, -0.000000 ],
      "X_20" : [ 0.003154, -0.000329, 0.005859, -0.002500, -0.001682, -0.002239, -0.001601, -0.000659, -0.000003, -0.000000 ],
      "X_21" : [ 0.001196, 0.000181, -0.003416, -0.002973, 0.002903, 0.001939, 0.000128, 0.000041, 0.000001, 0.000000 ],
      "X_22" : [ 0.001547, -0.000115, -0.000915, 0.002307, 0.000001, -0.004723, 0.000654, 0.001245, -0.000002, 0.000000 ],
      "X_23" : [ -0.000146, 0.000062, -0.002692, 0.000464, 0.001832, -0.000101, 0.000386, 0.000196, -0.000000, -0.000002 ],
      "X_24" : [ 0.000061, 0.000000, 0.000079, -0.000578, 0.000183, 0.000389, 0.000122, -0.000257, 0.000000, 0.000000 ],
      "X_25" : [ -0.007710, -0.000894, 0.019385, 0.007228, -0.014762, -0.004021, -0.011124, 0.011927, -0.000029, -0.000000 ],
      "X_26" : [ -0.002341, -0.000843, -0.041427, -0.008640, -0.016087, 0.016397, 0.016432, 0.036441, 0.000070, 0.000000 ],
      "X_27" : [ -0.003354, 0.000330, 0.005925, 0.001026, -0.004372, -0.007645, 0.003497, 0.004598, -0.000004, -0.000000 ],
      "X_28" : [ -0.009411, 0.000654, 0.005333, 0.003051, 0.009863, -0.003234, 0.001457, -0.007709, -0.000002, -0.000000 ],
      "X_29" : [ -0.000389, -0.000087, -0.000150, -0.000183, 0.000666, 0.002759, -0.001604, -0.001013, 0.000001, 0.000000 ],
      "X_30" : [ -0.001229, 0.000191, -0.002060, -0.005507, 0.002440, 0.006138, -0.000179, 0.000209, -0.000004, 0.000000 ],
      "X_31" : [ 0.000000, 0.000000, 0.000000, 0.000000, 0.000000, 0.000000, 0.000000, 0.000000, 0.000000, 0.000000 ],
      "X_32" : [ 0.000000, 0.000000, 0.000000, 0.000000, 0.000000, 0.000000, 0.000000, 0.000000, 0.000000, 0.000000 ],
      "X_33" : [ -0.000100, 0.000253, 0.002964, -0.002070, 0.000928, -0.000513, -0.002927, 0.001463, 0.000000, 0.000002 ],
      "X_34" : [ -0.015749, -0.002365, 0.027771, 0.006294, -0.007015, -0.014103, -0.001616, 0.006791, -0.000028, 0.000020 ],
      "X_35" : [ -0.014731, 0.000705, 0.010426, 0.009227, -0.010491, -0.003601, -0.003712, 0.012186, -0.000007, -0.000003 ],
      "X_36" : [ 0.006998, -0.000569, -0.004186, 0.001106, -0.001889, -0.001319, 0.001759, -0.001896, -0.000005, -0.000000 ],
      "X_37" : [ 0.007639, -0.000375, -0.004557, -0.003121, -0.000966, -0.003328, 0.001305, 0.003406, -0.000002, 0.000000 ],
      "X_38" : [ 0.000682, 0.000022, 0.002980, -0.001762, 0.000210, -0.000352, -0.000486, -0.001294, -0.000000, 0.000000 ],
      "X_39" : [ 0.000000, 0.000000, 0.000000, 0.000000, 0.000000, 0.000000, 0.000000, 0.000000, 0.000000, 0.000000 ],
      "X_40" : [ 0.000000, 0.000000, 0.000000, 0.000000, 0.000000, 0.000000, 0.000000, 0.000000, 0.000000, 0.000000 ],
      "X_41" : [ 0.000698, -0.000170, -0.000257, 0.001571, 0.000978, -0.001460, -0.001605, 0.000246, -0.000002, -0.000000 ],
      "X_42" : [ 0.001928, 0.000995, -0.002272, -0.002410, -0.006207, -0.010389, 0.002806, 0.015551, 0.000000, 0.000000 ],
      "X_43" : [ -0.006467, -0.000379, -0.001807, -0.004164, 0.009887, 0.006059, -0.002468, -0.000659, -0.000002, -0.000000 ],
      "X_44" : [ 0.001774, 0.000735, 0.001603, -0.010118, 0.001753, -0.002812, -0.001364, 0.008425, 0.000002, 0.000000 ],
      "X_45" : [ -0.041390, -0.001066, 0.001981, 0.011557, 0.018385, 0.013943, 0.003830, -0.007243, 0.000003, -0.000000 ],
      "X_46" : [ -0.002889, 0.000330, -0.005392, 0.011277, 0.005268, 0.002721, -0.009685, -0.001629, 0.000000, 0.000000 ],
      "X_47" : [ 0.000063, -0.000000, -0.000131, 0.000204, -0.000061, -0.000249, 0.000127, 0.000047, 0.000000, 0.000000 ],
      "X_48" : [ -0.000050, 0.000000, 0.000186, -0.000064, -0.000000, -0.000001, -0.000012, -0.000061, 0.000000, 0.000000 ],
      "X_49" : [ 0.002845, -0.000021, -0.005462, 0.002888, 0.000171, 0.000061, -0.000728, 0.000306, -0.000059, -0.000000 ],
      "X_50" : [ 0.001207, 0.000049, 0.001558, -0.004772, 0.001380, 0.000267, -0.001374, 0.001763, -0.000078, -0.000000 ],
      "X_51" : [ -0.000646, -0.000043, -0.002717, 0.001540, -0.002281, -0.001437, 0.003417, 0.002148, 0.000018, 0.000000 ],
      "X_52" : [ -0.014060, -0.000198, -0.001362, 0.000365, 0.006980, 0.004038, 0.001408, 0.002829, 0.000000, 0.000000 ],
      "X_53" : [ 0.049365, 0.003167, 0.035103, 0.032560, -0.026709, 0.003984, 0.009565, -0.107027, -0.000008, 0.000000 ],
      "X_54" : [ 0.003140, -0.001071, -0.020197, 0.014417, -0.000233, 0.003354, -0.002814, 0.003389, 0.000016, -0.000000 ],
      "X_55" : [ 0.001436, 0.000298, -0.000089, -0.000443, 0.000481, 0.000521, -0.001897, -0.000307, 0.000000, 0.000000 ],
      "X_56" : [ -0.000050, 0.000000, 0.000186, -0.000125, -0.000061, -0.000183, -0.000011, 0.000244, 0.000000, 0.000000 ],
      "X_57" : [ 0.000483, -0.000161, -0.001137, -0.000327, 0.000362, -0.007220, 0.000343, 0.007656, 0.000000, 0.000000 ],
      "X_58" : [ -0.005224, 0.000135, 0.003011, -0.005799, 0.007647, -0.002551, 0.000346, 0.002379, 0.000056, -0.000000 ],
      "X_59" : [ -0.000086, 0.000483, 0.001342, -0.000584, 0.004600, -0.000608, 0.004238, -0.009322, -0.000063, -0.000000 ],
      "X_60" : [ 0.000140, -0.000182, -0.001646, 0.002393, -0.000354, 0.000740, -0.000003, -0.001088, -0.000000, 0.000000 ],
      "X_61" : [ 0.008002, 0.001314, -0.014948, -0.003691, 0.000852, -0.007254, -0.003975, 0.019699, 0.000002, -0.000000 ],
      "X_62" : [ 0.037488, -0.000815, -0.001498, -0.001056, 0.002207, 0.009028, -0.030091, -0.015259, -0.000005, 0.000000 ],
      "X_63" : [ 0.001126, -0.000143, -0.002609, 0.002228, 0.001102, -0.000776, -0.000393, -0.000536, 0.000000, 0.000000 ]   
   },