{
   "Contributions" : {
      "X_0" : [ 0.000000, 0.000000, 0.000000, 0.000000, 0.000000, 0.000000, 0.000000, 0.000000, 0.000000, 0.000000 ],
      "X_1" : [ 0.002257, 0.000033, -0.000652, 0.003431, -0.000745, -0.004785, 0.004077, -0.003616, -0.000000, -0.000000 ],
      "X_2" : [ 0.006606, 0.001053, 0.001328, 0.000801, -0.003751, 0.000387, -0.006186, -0.000239, 0.000001, 0.000001 ],
      "X_3" : [ 0.002444, -0.000247, -0.003834, 0.004414, -0.000711, -0.000848, -0.000766, -0.000450, -0.000001, -0.000000 ],
      "X_4" : [ 0.000327, -0.000209, 0.000388, 0.000647, -0.000784, -0.000575, -0.001514, 0.001719, 0.000001, -0.000000 ],
      "X_5" : [ -0.004030, 0.000149, 0.001313, -0.003864, 0.001883, 0.002341, 0.003645, -0.001429, -0.000008, -0.000000 ],
      "X_6" : [ 0.004183, 0.000087, 0.002688, -0.002041, 0.000599, -0.006423, 0.000301, 0.000664, -0.000058, 0.000000 ],
      "X_7" : [ -0.000679, 0.000324, 0.000232, 0.003863, -0.001816, 0.001854, 0.000872, -0.004650, 0.000000, 0.000000 ],
      "X_8" : [ 0.000122, 0.000000, -0.000448, -0.000468, 0.000305, 0.000244, 0.000244, -0.000000, 0.000000, 0.000000 ],
      "X_9" : [ 0.024159, 0.002340, -0.021392, 0.000820, 0.011887, -0.037226, 0.007306, 0.012106, 0.000001, 0.000000 ],
      "X_10" : [ -0.007993, -0.000796, 0.001059, 0.007680, 0.004099, 0.002839, 0.000825, -0.007703, -0.000010, 0.000000 ],
      "X_11" : [ 0.000834, -0.000197, 0.001697, 0.000349, -0.001214, 0.002373, -0.001995, -0.001844, -0.000002, -0.000003 ],
      "X_12" : [ 0.001070, -0.000200, -0.000592, -0.002573, -0.001153, 0.000362, 0.001047, 0.002038, 0.000001, 0.000000 ],
      "X_13" : [ -0.008832, -0.000327, 0.001443, 0.011300, -0.012151, -0.001706, 0.003456, 0.006815, 0.000002, 0.000000 ],
      "X_14" : [ -0.001181, -0.000428, -0.000618, -0.000503, -0.001062, 0.005078, -0.001496, 0.000265, -0.000056, -0.000000 ],
      "X_15" : [ 0.000312, -0.000485, -0.001420, -0.002439, 0.005725, -0.000643, -0.000944, -0.000106, -0.000000, -0.000000 ],
      "X_16" : [ 0.000000, 0.000000, 0.000000, 0.000000, 0.000000, 0.000000, 0.000000, 0.000000, 0.000000, 0.000000 ],
      "X_17" : [ 0.002668, 0.000259, 0.011304, -0.007129, 0.004187, -0.008066, -0.002523, -0.000591, -0.000111, 0.000000 ],
      "X_18" : [ 0.000164, 0.000803, 0.003873, -0.028976, -0.014699, 0.010938, 0.007890, 0.020004, -0.000002, 0.000006 ],
      "X_19" : [ 0.000483, 0.000144, 0.003173, -0.008117, -0.000634, 0.001350, 0.001091, 0.002506, 0.000004, -0.000000 ],
      "X_20" : [ 0.003061, -0.000145, 0.005709, -0.002232, -0.001313, -0.002401, -0.001471, -0.001207, -0.000003, -0.000000 ],
      "X_21" : [ 0.000954, 0.000099, -0.003223, -0.002921, 0.002562, 0.002048, 0.000345, 0.000136, -0.000000, 0.000000 ],
      "X_22" : [ 0.001430, -0.000191, -0.000785, 0.002246, 0.000089, -0.004608, 0.000521, 0.001300, -0.000001, 0.000000 ],
      "X_23" : [ -0.000166, 0.000060, -0.002691, 0.000502, 0.001689, 0.000017, 0.000403, 0.000187, -0.000000, -0.000002 ],
      "X_24" : [ 0.000061, 0.000000, 0.000052, -0.000581, 0.000183, 0.000386, 0.000122, -0.000224, 0.000000, 0.000000 ],
      "X_25" : [ -0.007446, -0.000832, 0.019024, 0.007469, -0.014389, -0.004164, -0.011231, 0.011604, -0.000035, 0.000000 ],
      "X_26" : [ -0.001705, -0.000720, -0.041038, -0.008893, -0.015581, 0.015991, 0.016307, 0.035583, 0.000056, 0.000000 ],
      "X_27" : [ -0.003751, 0.000273, 0.005984, 0.000905, -0.004822, -0.007144, 0.003584, 0.004973, -0.000001, -0.000000 ],
      "X_28" : [ -0.009478, 0.000523, 0.005295, 0.003197, 0.009985, -0.003122, 0.001651, -0.008049, -0.000002, 0.000000 ],
      "X_29" : [ -0.000451, -0.000032, -0.000394, -0.000181, 0.001071, 0.002729, -0.001762, -0.000984, 0.000004, 0.000000 ],
      "X_30" : [ -0.001363, 0.000286, -0.002537, -0.005779, 0.002369, 0.006233, -0.000176, 0.000973, -0.000006, 0.000000 ],
      "X_31" : [ 0.000000, 0.000000, 0.000000, 0.000000, 0.000000, 0.000000, 0.000000, 0.000000, 0.000000, 0.000000 ],
      "X_32" : [ 0.000000, 0.000000, 0.000000, 0.000000, 0.000000, 0.000000, 0.000000, 0.000000, 0.000000, 0.000000 ],
      "X_33" : [ 0.000079, 0.000429, 0.002198, -0.001456, 0.000677, -0.000173, -0.002761, 0.001008, -0.000001, 0.000001 ],
      "X_34" : [ -0.015743, -0.002392, 0.028196, 0.005961, -0.006445, -0.014179, -0.001836, 0.006438, -0.000003, 0.000004 ],
      "X_35" : [ -0.015083, 0.000752, 0.010575, 0.009310, -0.010279, -0.003624, -0.003595, 0.011941, 0.000003, -0.000000 ],
      "X_36" : [ 0.007222, -0.000320, -0.004121, 0.000982, -0.001566, -0.001190, 0.001700, -0.002689, -0.000018, -0.000000 ],
      "X_37" : [ 0.007993, -0.000444, -0.004348, -0.003243, -0.000632, -0.003513, 0.001064, 0.003124, -0.000001, 0.000000 ],
      "X_38" : [ 0.000729, -0.000020, 0.003047, -0.002016, 0.000308, -0.000309, -0.000593, -0.001146, -0.000000, 0.000000 ],
      "X_39" : [ 0.000000, 0.000000, 0.000000, 0.000000, 0.000000, 0.000000, 0.000000, 0.000000, 0.000000, 0.000000 ],
      "X_40" : [ 0.000000, 0.000000, 0.000000, 0.000000, 0.000000, 0.000000, 0.000000, 0.000000, 0.000000, 0.000000 ],
      "X_41" : [ 0.000767, -0.000117, -0.000067, 0.001662, 0.000758, -0.001495, -0.001587, 0.000080, -0.000001, -0.000000 ],
      "X_42" : [ 0.001960, 0.000953, -0.002151, -0.002458, -0.006903, -0.010297, 0.002661, 0.016236, 0.000000, 0.000000 ],
      "X_43" : [ -0.006293, -0.000206, -0.002296, -0.004502, 0.010456, 0.006407, -0.002279, -0.001286, -0.000001, -0.000000 ],
      "X_44" : [ 0.001876, 0.000688, 0.001634, -0.010030, 0.001886, -0.002626, -0.001555, 0.008126, 0.000001, 0.000000 ],
      "X_45" : [ -0.041695, -0.001104, 0.001650, 0.011162, 0.017875, 0.014949, 0.004187, -0.007026, 0.000002, -0.000000 ],
      "X_46" : [ -0.002991, 0.000131, -0.005366, 0.011146, 0.005268, 0.002810, -0.009492, -0.001506, -0.000000, -0.000000 ],
      "X_47" : [ 0.000069, -0.000000, -0.000130, 0.000209, -0.000060, -0.000245, 0.000123, 0.000035, 0.000000, 0.000000 ],
      "X_48" : [ -0.000115, 0.000000, 0.000794, -0.000328, -0.000000, -0.000164, -0.000007, -0.000180, 0.000000, 0.000000 ],
      "X_49" : [ 0.002785, -0.000092, -0.004809, 0.002875, 0.000322, -0.000040, -0.000839, -0.000147, -0.000056, -0.000000 ],
      "X_50" : [ 0.000815, -0.000082, 0.002457, -0.004959, 0.001251, -0.000015, -0.001473, 0.002050, -0.000043, -0.000000 ],
      "X_51" : [ -0.000675, -0.000056, -0.002572, 0.001647, -0.002649, -0.001217, 0.003462, 0.002039, 0.000020, 0.000000 ],
      "X_52" : [ -0.014307, -0.000066, -0.001449, 0.000739, 0.007215, 0.004085, 0.001432, 0.002350, -0.000000, 0.000000 ],
      "X_53" : [ 0.049382, 0.003065, 0.034699, 0.031996, -0.026579, 0.004022, 0.009019, -0.105603, -0.000001, 0.000000 ],
      "X_54" : [ 0.003061, -0.000876, -0.020560, 0.014415, -0.000603, 0.003961, -0.003077, 0.003648, 0.000031, -0.000000 ],
      "X_55" : [ 0.001389, 0.000298, -0.000079, -0.000432, 0.000488, 0.000507, -0.001866, -0.000305, 0.000000, 0.000000 ],
      "X_56" : [ 0.000061, 0.000000, -0.000854, 0.000182, 0.000122, 0.000004, 0.000122, 0.000363, 0.000000, 0.000000 ],
      "X_57" : [ 0.000451, -0.000199, -0.001030, -0.000597, 0.000138, -0.006738, 0.000256, 0.007719, 0.000000, 0.000000 ],
      "X_58" : [ -0.005534, 0.000180, 0.002904, -0.005726, 0.007574, -0.002276, 0.000338, 0.002480, 0.000059, -0.000000 ],
      "X_59" : [ -0.000194, 0.000662, 0.001293, -0.000606, 0.005246, -0.000233, 0.003673, -0.009784, -0.000057, -0.000000 ],
      "X_60" : [ 0.000403, -0.000134, -0.001771, 0.002411, -0.000175, 0.000579, 0.000065, -0.001377, 0.000001, -0.000000 ],
      "X_61" : [ 0.007829, 0.001104, -0.014366, -0.004015, 0.001029, -0.006834, -0.004870, 0.020120, 0.000001, -0.000000 ],
      "X_62" : [ 0.037239, -0.000852, -0.001750, -0.000868, 0.002030, 0.009193, -0.029719, -0.015258, -0.000013, 0.000000 ],
      "X_63" : [ 0.001151, -0.000142, -0.002577, 0.002237, 0.001147, -0.000860, -0.000388, -0.000568, 0.000000, 0.000000 ]   
   },