{
   "Contributions" : {
      "X_0" : [ -0.004888, -0.001934, -0.007115, 0.013938 ],
      "X_1" : [ -0.012952, -0.007906, -0.008527, 0.029385 ],
      "X_2" : [ -0.001154, -0.000070, -0.000636, 0.001861 ],
      "X_3" : [ -0.008505, -0.001699, 0.005480, 0.004724 ],
      "X_4" : [ 0.002509, 0.002147, 0.006736, -0.011392 ],
      "X_5" : [ 0.003191, -0.003369, 0.005448, -0.005270 ],
      "X_6" : [ -0.006107, -0.006665, 0.001809, 0.010962 ],
      "X_7" : [ 0.003342, -0.009883, -0.001549, 0.008090 ],
      "X_8" : [ 0.004686, 0.006814, -0.003859, -0.007641 ],
      "X_9" : [ -0.004487, -0.000685, -0.001115, 0.006287 ]   
   },
   "Most_Contributive_Features_By_Class" : {
      "class_0" : [ 1, 3, 6, 0, 8, 9, 7, 5, 4, 2 ],
      "class_1" : [ 7, 1, 8, 6, 5, 4, 0, 3, 9, 2 ],
      "class_2" : [ 1, 0, 4, 3, 5, 8, 6, 7, 9, 2 ],
      "class_3" : [ 1, 0, 4, 6, 7, 8, 9, 5, 3, 2 ]
   }
}