{
   "Contributions" : {
      "X_0" : [ -0.001877, -0.005001, -0.001641, 0.008519 ],
      "X_1" : [ -0.009647, 0.003962, -0.005170, 0.010854 ],
      "X_2" : [ 0.000499, 0.001579, 0.001184, -0.003262 ],
      "X_3" : [ -0.007068, 0.014128, 0.016503, -0.023562 ],
      "X_4" : [ -0.000473, -0.000429, 0.001015, -0.000113 ],
      "X_5" : [ -0.000412, -0.000429, 0.001281, -0.000439 ],
      "X_6" : [ -0.004863, -0.006103, 0.001254, 0.009711 ],
      "X_7" : [ 0.000847, 0.003752, 0.002763, -0.007362 ],
      "X_8" : [ 0.000784, 0.002661, 0.003455, -0.006900 ],
      "X_9" : [ -0.000932, -0.002331, 0.001846, 0.001418 ]   
   },
   "Most_Contributive_Features_By_Class" : {
      "class_0" : [ 1, 3, 6, 0, 9, 7, 8, 2, 4, 5 ],
      "class_1" : [ 3, 6, 0, 1, 7, 8, 9, 2, 4, 5 ],
      "class_2" : [ 3, 1, 8, 7, 9, 0, 5, 6, 2, 4 ],
      "class_3" : [ 3, 1, 6, 0, 7, 8, 2, 9, 5, 4 ]
   }
}