{
   "Contributions" : {
      "X_0" : [ 0.000000, 0.000000, 0.000000, 0.000000, 0.000000, 0.000000, 0.000000, 0.000000, 0.000000, 0.000000 ],
      "X_1" : [ 0.000000, -0.000244, 0.000000, 0.000244, 0.000000, 0.000000, 0.000000, 0.000000, 0.000000, 0.000000 ],
      "X_2" : [ 0.000000, -0.000767, 0.000218, 0.000989, -0.000626, 0.001922, 0.000000, 0.000326, -0.001253, -0.000809 ],
      "X_3" : [ -0.000230, -0.000711, 0.000357, -0.000011, 0.001235, 0.000420, 0.000000, -0.001235, 0.000000, 0.000176 ],
      "X_4" : [ 0.000021, 0.000000, 0.000000, 0.000000, 0.000000, 0.000000, 0.000000, 0.000000, 0.000000, -0.000021 ],
      "X_5" : [ 0.000802, -0.006801, -0.002315, -0.000532, 0.001027, 0.011168, -0.000325, 0.001165, -0.004188, 0.000000 ],
      "X_6" : [ 0.003897, -0.001885, 0.000056, -0.000143, 0.000950, -0.004395, 0.000121, 0.001296, 0.000155, -0.000051 ],
      "X_7" : [ 0.000000, 0.000000, 0.000000, 0.000000, 0.000000, 0.000000, 0.000000, 0.000000, 0.000000, 0.000000 ],
      "X_8" : [ 0.000000, 0.000000, 0.000000, 0.000000, 0.000000, 0.000000, 0.000000, 0.000000, 0.000000, 0.000000 ],
      "X_9" : [ 0.000000, 0.000000, 0.000000, 0.000000, 0.000000, -0.004883, 0.000000, 0.005218, -0.000502, 0.000167 ],
      "X_10" : [ 0.000000, 0.000000, 0.000000, 0.000000, 0.000000, 0.000000, 0.000000, 0.000000, 0.000000, 0.000000 ],
      "X_11" : [ 0.000000, 0.000000, 0.000000, 0.000000, 0.000000, 0.000000, 0.000000, 0.000000, 0.000000, 0.000000 ],
      "X_12" : [ 0.000000, -0.000453, -0.000391, -0.000353, 0.000000, -0.000107, 0.000000, -0.000227, 0.000882, 0.000649 ],
      "X_13" : [ 0.000000, 0.000656, -0.000732, -0.000858, 0.000000, 0.000000, -0.000307, 0.000328, -0.000300, 0.001214 ],
      "X_14" : [ 0.000000, -0.002595, -0.000038, -0.000184, -0.000214, -0.002984, 0.000000, 0.004404, 0.001401, 0.000209 ],
      "X_15" : [ 0.000000, 0.000000, 0.000000, 0.000000, 0.000000, 0.000000, 0.000000, 0.000000, 0.000000, 0.000000 ],
      "X_16" : [ 0.000000, 0.000000, 0.000000, 0.000000, 0.000000, 0.000000, 0.000000, 0.000000, 0.000000, 0.000000 ],
      "X_17" : [ 0.000000, 0.000000, 0.000000, 0.000000, 0.000195, -0.002588, 0.000000, 0.001807, 0.000000, 0.000586 ],
      "X_18" : [ -0.000748, -0.000716, 0.000230, -0.000300, -0.001047, 0.007107, -0.003873, 0.000068, -0.001224, 0.000502 ],
      "X_19" : [ -0.001711, 0.002241, -0.004311, 0.000558, 0.000000, 0.001535, -0.001925, 0.004604, -0.000502, -0.000488 ],
      "X_20" : [ 0.000000, 0.000000, 0.000000, 0.000000, 0.000000, 0.000000, 0.000000, 0.000000, 0.000000, 0.000000 ],
      "X_21" : [ 0.000881, -0.006822, -0.001455, 0.001090, -0.005987, -0.003532, 0.002137, 0.000764, 0.003877, 0.009048 ],
      "X_22" : [ 0.000000, 0.000000, 0.000000, 0.000000, 0.000000, 0.000000, 0.000000, 0.000000, 0.000000, 0.000000 ],
      "X_23" : [ 0.000000, 0.000000, 0.000000, 0.000000, 0.000000, 0.000000, 0.000000, 0.000000, 0.000000, 0.000000 ],
      "X_24" : [ 0.000000, 0.000000, 0.000000, 0.000000, 0.000000, 0.000000, 0.000000, 0.000000, 0.000000, 0.000000 ],
      "X_25" : [ 0.007958, -0.001116, -0.004732, -0.000105, 0.003828, 0.000000, -0.001251, -0.000558, -0.004024, 0.000000 ],
      "X_26" : [ 0.000000, 0.000000, 0.000000, 0.000000, 0.000000, 0.000000, 0.000000, 0.000000, 0.000000, 0.000000 ],
      "X_27" : [ 0.000000, 0.000765, 0.000000, 0.000000, 0.001437, 0.000000, 0.000000, -0.004116, 0.000765, 0.001148 ],
      "X_28" : [ 0.000000, 0.000000, 0.000000, 0.000000, 0.000000, 0.000000, 0.000000, 0.000000, 0.000000, 0.000000 ],
      "X_29" : [ 0.000000, 0.000000, 0.000000, 0.000000, 0.000000, 0.000000, 0.000000, 0.000000, 0.000000, 0.000000 ],
      "X_30" : [ 0.000000, 0.000000, 0.000000, 0.000000, 0.000000, 0.000000, 0.000000, 0.000000, 0.000000, 0.000000 ],
      "X_31" : [ 0.000000, 0.000000, 0.000000, 0.000000, 0.000000, 0.000000, 0.000000, 0.000000, 0.000000, 0.000000 ],
      "X_32" : [ 0.000000, 0.000000, 0.000000, 0.000000, 0.000000, 0.000000, 0.000000, 0.000000, 0.000000, 0.000000 ],
      "X_33" : [ 0.011492, 0.000814, -0.000223, -0.001368, 0.006735, -0.000686, -0.003653, -0.002044, -0.005850, -0.005216 ],
      "X_34" : [ 0.003685, -0.003754, -0.014572, -0.000320, 0.008336, -0.000619, 0.011151, 0.006982, 0.001916, -0.012805 ],
      "X_35" : [ 0.005619, 0.002476, 0.004704, -0.000462, -0.001957, -0.001312, -0.000016, -0.001647, -0.007450, 0.000044 ],
      "X_36" : [ 0.000000, 0.000000, 0.000000, -0.001995, 0.000000, 0.000000, 0.000000, 0.000000, 0.000000, 0.001995 ],
      "X_37" : [ 0.000000, 0.000000, 0.000000, 0.000000, 0.000000, 0.000391, 0.000000, -0.000391, 0.000000, 0.000000 ],
      "X_38" : [ -0.001702, -0.000281, -0.001873, 0.001673, -0.000502, 0.000000, 0.000874, 0.000368, 0.000813, 0.000631 ],
      "X_39" : [ 0.000000, 0.000000, 0.000000, 0.000000, 0.000000, 0.000000, 0.000000, 0.000000, 0.000000, 0.000000 ],
      "X_40" : [ 0.000000, 0.000000, 0.000000, 0.000000, 0.000000, 0.000000, 0.000000, 0.000000, 0.000000, 0.000000 ],
      "X_41" : [ 0.002387, -0.000367, -0.000099, -0.000263, 0.000322, -0.000348, -0.000065, -0.000183, -0.000739, -0.000645 ],
      "X_42" : [ 0.005893, -0.005952, -0.008169, -0.000645, 0.003917, -0.003056, 0.012434, 0.001314, -0.001752, -0.003985 ],
      "X_43" : [ -0.000623, 0.002036, -0.007542, 0.006677, -0.002202, 0.009371, -0.002134, -0.003836, -0.003963, 0.002217 ],
      "X_44" : [ 0.006062, -0.000035, -0.003990, 0.001157, -0.003725, 0.000329, 0.000000, -0.000174, -0.002288, 0.002665 ],
      "X_45" : [ -0.000975, 0.005855, -0.005847, 0.002706, -0.000403, 0.000206, -0.001223, -0.002958, 0.003104, -0.000466 ],
      "X_46" : [ 0.000664, 0.000117, 0.000000, 0.000000, -0.000978, -0.000607, 0.001975, -0.001172, 0.000000, 0.000000 ],
      "X_47" : [ 0.000000, 0.000000, 0.000000, 0.000000, 0.000000, 0.000000, 0.000000, 0.000000, 0.000000, 0.000000 ],
      "X_48" : [ 0.000000, 0.000000, 0.000000, 0.000000, 0.000000, 0.000000, 0.000000, 0.000000, 0.000000, 0.000000 ],
      "X_49" : [ -0.001376, -0.000578, -0.000031, -0.000356, 0.000000, 0.000000, 0.002065, 0.000059, 0.000178, 0.000039 ],
      "X_50" : [ 0.000000, 0.000000, 0.000000, 0.000000, 0.000000, 0.000000, 0.000000, 0.000000, 0.000000, 0.000000 ],
      "X_51" : [ 0.003332, -0.006230, -0.003962, 0.001622, -0.001518, 0.001814, 0.000175, -0.000847, 0.002778, 0.002836 ],
      "X_52" : [ 0.000000, 0.000000, 0.000000, 0.000000, 0.000000, 0.000000, 0.000000, 0.000000, 0.000000, 0.000000 ],
      "X_53" : [ 0.000037, 0.001869, 0.000109, 0.000166, 0.000000, 0.000300, -0.000051, 0.000000, -0.000565, -0.001863 ],
      "X_54" : [ -0.000394, 0.001344, 0.001929, -0.000128, 0.000266, 0.000129, -0.001721, -0.002033, 0.000608, 0.000000 ],
      "X_55" : [ 0.000000, 0.000000, 0.000000, 0.000000, 0.000000, 0.000000, 0.000000, 0.000000, 0.000000, 0.000000 ],
      "X_56" : [ 0.000000, 0.000000, 0.000000, 0.000000, 0.000000, 0.000000, 0.000000, 0.000000, 0.000000, 0.000000 ],
      "X_57" : [ 0.000000, 0.000000, 0.000000, 0.000000, 0.000000, 0.000000, 0.000000, 0.000000, 0.000000, 0.000000 ],
      "X_58" : [ -0.000576, -0.008482, 0.001568, 0.001584, 0.000173, 0.000188, 0.000764, 0.003913, -0.001208, 0.002076 ],
      "X_59" : [ 0.000000, -0.000214, 0.002890, 0.004208, -0.000063, -0.001091, 0.000000, 0.004226, -0.001287, -0.008670 ],
      "X_60" : [ 0.003737, -0.002105, 0.005731, 0.000279, 0.002648, -0.002785, 0.000909, -0.007974, -0.002128, 0.001689 ],
      "X_61" : [ 0.002344, -0.005791, -0.003014, 0.004122, -0.002668, 0.006073, -0.004004, 0.001265, 0.000363, 0.001310 ],
      "X_62" : [ 0.000511, -0.002212, -0.003221, 0.000861, -0.000022, 0.001380, -0.002668, -0.002355, 0.006000, 0.001727 ],
      "X_63" : [ 0.000000, 0.000000, 0.000000, 0.000000, 0.000000, 0.000000, 0.000000, 0.000000, 0.000000, 0.000000 ]   
   },
   "Most_Contributive_Features_By_Class" : {
      "class_0" : [ 33, 25, 44, 42, 35, 6, 60, 34, 51, 41 ],
      "class_1" : [ 58, 21, 5, 51, 42, 45, 61, 34, 14, 35 ],