{
   "Contributions" : {
      "X_0" : [ 0.000000, 0.000000, 0.000000, 0.000000, 0.000000, 0.000000, 0.000000, 0.000000, 0.000000, 0.000000 ],
      "X_1" : [ 0.000024, 0.000637, -0.000397, -0.000004, 0.000083, -0.001057, 0.000375, 0.000606, -0.000711, 0.000445 ],
      "X_2" : [ -0.000772, -0.000510, 0.000868, -0.002215, 0.002594, -0.001439, 0.001365, -0.000166, -0.003414, 0.003688 ],
      "X_3" : [ -0.000111, 0.000065, 0.001234, -0.001398, 0.001896, -0.002873, 0.000181, 0.000122, -0.000056, 0.000940 ],
      "X_4" : [ 0.000258, -0.000078, -0.000985, 0.000791, 0.000092, -0.000493, -0.000026, 0.000249, -0.000700, 0.000894 ],
      "X_5" : [ -0.000881, -0.001883, -0.002803, -0.000344, -0.001888, 0.003292, 0.000698, 0.000929, 0.001225, 0.001657 ],
      "X_6" : [ 0.000698, 0.000205, 0.000201, -0.000070, -0.000528, -0.003087, 0.000615, 0.000663, 0.000924, 0.000379 ],
      "X_7" : [ 0.000065, 0.000000, 0.000000, 0.000000, 0.000000, 0.000000, 0.000000, -0.000205, 0.000078, 0.000061 ],
      "X_8" : [ 0.000000, -0.000039, -0.000153, 0.000000, 0.000000, 0.000000, 0.000000, 0.000000, 0.000192, 0.000000 ],
      "X_9" : [ -0.000044, 0.000017, 0.000026, 0.000157, 0.000000, -0.000201, -0.000222, 0.000209, 0.000196, -0.000140 ],
      "X_10" : [ -0.000545, 0.000737, 0.000767, -0.000135, -0.000684, 0.002341, 0.000054, -0.001090, -0.001718, 0.000272 ],
      "X_11" : [ 0.001408, -0.000122, -0.000641, 0.000480, 0.000170, -0.000811, 0.000126, -0.000397, -0.000488, 0.000275 ],
      "X_12" : [ 0.000780, 0.000815, -0.001186, 0.000105, 0.000096, 0.000087, -0.000752, -0.000209, 0.000100, 0.000163 ],
      "X_13" : [ 0.000196, -0.001888, 0.001522, 0.001086, -0.001744, -0.004983, -0.000652, 0.001508, 0.002258, 0.002696 ],
      "X_14" : [ -0.000251, 0.000536, -0.000942, -0.000177, -0.000331, -0.000507, 0.000044, 0.000632, 0.001737, -0.000741 ],
      "X_15" : [ 0.000000, 0.000000, 0.000000, 0.000000, 0.000000, 0.000000, 0.000000, 0.000000, 0.000000, 0.000000 ],
      "X_16" : [ 0.000000, 0.000000, 0.000000, 0.000000, 0.000000, 0.000000, 0.000000, 0.000000, 0.000000, 0.000000 ],
      "X_17" : [ 0.001007, -0.000963, -0.000092, 0.000628, 0.000031, -0.000183, -0.000528, -0.001155, -0.000296, 0.001552 ],
      "X_18" : [ 0.002681, -0.000375, -0.001103, 0.004408, -0.000911, 0.000667, 0.000144, 0.000004, -0.004429, -0.001086 ],
      "X_19" : [ 0.001269, -0.001674, -0.000148, -0.000717, -0.000475, 0.001430, -0.001282, 0.000192, 0.001140, 0.000266 ],
      "X_20" : [ -0.000022, 0.000327, -0.001208, 0.000009, -0.000174, 0.000671, 0.001356, -0.000480, -0.000392, -0.000087 ],
      "X_21" : [ 0.001395, -0.000031, -0.002659, 0.000257, -0.000362, -0.002559, -0.000017, 0.000680, -0.000048, 0.003344 ],
      "X_22" : [ -0.001522, 0.000584, 0.000619, -0.000004, 0.000375, 0.000663, -0.000310, 0.000201, -0.000227, -0.000379 ],
      "X_23" : [ 0.000000, 0.000000, 0.000000, 0.000000, 0.000000, 0.000000, 0.000000, 0.000000, 0.000000, 0.000000 ],
      "X_24" : [ 0.000000, 0.000000, 0.000000, 0.000000, 0.000000, 0.000000, 0.000000, 0.000000, 0.000000, 0.000000 ],
      "X_25" : [ 0.003706, -0.000331, -0.002459, -0.001478, 0.001247, 0.001809, 0.000589, -0.001304, -0.002132, 0.000353 ],
      "X_26" : [ 0.000366, -0.002354, -0.000109, 0.000161, 0.001238, -0.000235, 0.001094, -0.000044, -0.001373, 0.001256 ],
      "X_27" : [ -0.001112, 0.004578, -0.002237, -0.000637, -0.001426, 0.001613, -0.001116, -0.002585, 0.003492, -0.000571 ],
      "X_28" : [ 0.003518, 0.000039, 0.001569, 0.000501, -0.000872, -0.002415, -0.001426, -0.001221, 0.000937, -0.000632 ],
      "X_29" : [ -0.000933, -0.000240, -0.000035, -0.000183, -0.000310, 0.000680, 0.001474, -0.000026, -0.001029, 0.000602 ],
      "X_30" : [ -0.001831, 0.002642, 0.001508, 0.001517, -0.002376, -0.002219, 0.001831, -0.001609, 0.002393, -0.001857 ],
      "X_31" : [ -0.000017, -0.000061, 0.000000, 0.000000, 0.000083, -0.000004, 0.000000, 0.000000, 0.000000, 0.000000 ],
      "X_32" : [ 0.000000, 0.000000, 0.000000, 0.000000, 0.000000, 0.000000, 0.000000, 0.000000, 0.000000, 0.000000 ],
      "X_33" : [ 0.006509, 0.001282, -0.000501, -0.000070, 0.002646, -0.004085, 0.001025, -0.006029, -0.001705, 0.000929 ],
      "X_34" : [ 0.001016, -0.000820, -0.003557, -0.000859, 0.002315, 0.000942, 0.003095, -0.001369, -0.000658, -0.000105 ],
      "X_35" : [ 0.003113, 0.002908, -0.001635, -0.001138, -0.001805, 0.000698, 0.000301, -0.000728, -0.002040, 0.000327 ],
      "X_36" : [ 0.003976, 0.000292, -0.001460, -0.001844, -0.001025, 0.000637, -0.001487, -0.002128, 0.000266, 0.002773 ],
      "X_37" : [ -0.001583, 0.000562, 0.001395, -0.000126, 0.000471, -0.000676, -0.000872, -0.000166, -0.000183, 0.001177 ],
      "X_38" : [ 0.000436, -0.000288, -0.001134, 0.000645, 0.000000, 0.000118, 0.000000, -0.000044, -0.000575, 0.000841 ],
      "X_39" : [ 0.000000, 0.000000, 0.000000, 0.000000, 0.000000, 0.000000, 0.000000, 0.000000, 0.000000, 0.000000 ],
      "X_40" : [ 0.000000, 0.000000, 0.000000, 0.000000, 0.000000, 0.000000, 0.000000, 0.000000, 0.000000, 0.000000 ],
      "X_41" : [ -0.000425, -0.000201, -0.000262, -0.000466, 0.000166, 0.000301, 0.001474, -0.000017, 0.000621, -0.001190 ],
      "X_42" : [ 0.003876, -0.000802, 0.000179, -0.000828, 0.000759, -0.004874, 0.003309, 0.000214, -0.001914, 0.000083 ],
      "X_43" : [ 0.004155, 0.000009, -0.003780, 0.000676, -0.002158, 0.004931, -0.001687, -0.002869, -0.004303, 0.005027 ],
      "X_44" : [ 0.002223, -0.001539, 0.001443, 0.000436, -0.000985, -0.000227, -0.000828, -0.000497, 0.000580, -0.000606 ],
      "X_45" : [ 0.000096, 0.000868, -0.000850, 0.000231, 0.000310, 0.000109, 0.000654, -0.001731, 0.000100, 0.000214 ],
      "X_46" : [ -0.000174, -0.000876, -0.003884, 0.000057, -0.001979, 0.000340, 0.005986, -0.000235, -0.000950, 0.001718 ],
      "X_47" : [ 0.000000, 0.000000, 0.000000, 0.000000, 0.000000, 0.000000, 0.000000, 0.000000, 0.000000, 0.000000 ],
      "X_48" : [ 0.000000, -0.000061, 0.000096, -0.000004, 0.000000, 0.000000, 0.000000, 0.000000, -0.000031, 0.000000 ],
      "X_49" : [ 0.000000, -0.000065, 0.000044, -0.000449, 0.000349, 0.000057, -0.000048, 0.000296, -0.000201, 0.000017 ],
      "X_50" : [ 0.000122, 0.000227, -0.000501, 0.000628, -0.001282, 0.000122, 0.001386, 0.000205, 0.000161, -0.001068 ],
      "X_51" : [ 0.000362, -0.001796, -0.000449, 0.000292, 0.000754, 0.000759, -0.000022, -0.000466, -0.001273, 0.001840 ],
      "X_52" : [ 0.001495, -0.001434, -0.001731, 0.000044, 0.000196, -0.000170, 0.000360, -0.000292, 0.002101, -0.000569 ],
      "X_53" : [ 0.000737, -0.000201, -0.000323, 0.000493, -0.000436, -0.000048, 0.000096, 0.000837, -0.000371, -0.000785 ],
      "X_54" : [ -0.000109, -0.000929, 0.000096, 0.000214, -0.000654, -0.000388, 0.002071, -0.000946, -0.001256, 0.001901 ],
      "X_55" : [ 0.000000, -0.000270, 0.000078, 0.000026, 0.000000, 0.000004, 0.000096, 0.000000, 0.000000, 0.000065 ],
      "X_56" : [ 0.000000, 0.000000, 0.000000, 0.000000, 0.000000, 0.000000, 0.000000, 0.000000, 0.000000, 0.000000 ],
      "X_57" : [ 0.000201, 0.000170, -0.001020, -0.000126, 0.000017, -0.000445, -0.000024, 0.000911, 0.000458, -0.000142 ],
      "X_58" : [ -0.003772, -0.002389, 0.002175, -0.000379, 0.005284, -0.001361, -0.000414, 0.000916, -0.000839, 0.000780 ],
      "X_59" : [ -0.000126, 0.000227, 0.001195, 0.000235, -0.000296, 0.000333, 0.000344, 0.000288, -0.002130, -0.000070 ],
      "X_60" : [ 0.002236, -0.001639, 0.001408, -0.000833, -0.000423, -0.000808, 0.000610, -0.001918, 0.000831, 0.000536 ],
      "X_61" : [ 0.001536, -0.006553, 0.000388, -0.003227, 0.001011, 0.003996, 0.004255, 0.001295, -0.000204, -0.002498 ],
      "X_62" : [ 0.000298, -0.002498, -0.003911, 0.001149, 0.000706, -0.000773, 0.004146, -0.000401, 0.001615, -0.000331 ],
      "X_63" : [ 0.000196, -0.001997, -0.000667, 0.000214, 0.000000, 0.000405, 0.000510, 0.000000, 0.000218, 0.001120 ]   
   },
   "Most_Contributive_Features_By_Class" : {
      "class_0" : [ 33, 43, 36, 42, 58, 25, 28, 35, 18, 60 ],