{
   "Contributions" : {
      "X_0" : [ -0.002591, 0.002591 ],
      "X_1" : [ 0.000005, -0.000005 ],
      "X_2" : [ -0.000177, 0.000177 ],
      "X_3" : [ 0.001305, -0.001305 ],
      "X_4" : [ -0.000057, 0.000057 ],
      "X_5" : [ 0.000104, -0.000104 ],
      "X_6" : [ 0.000055, -0.000055 ],
      "X_7" : [ 0.000126, -0.000126 ],
      "X_8" : [ -0.000130, 0.000130 ],
      "X_9" : [ 0.000005, -0.000005 ],
      "X_10" : [ -0.000129, 0.000129 ],
      "X_11" : [ -0.003999, 0.003999 ],
      "X_12" : [ -0.000727, 0.000727 ],
      "X_13" : [ -0.002094, 0.002094 ],
      "X_14" : [ 0.000078, -0.000078 ],
      "X_15" : [ -0.000317, 0.000317 ],
      "X_16" : [ -0.002553, 0.002553 ],
      "X_17" : [ -0.000155, 0.000155 ],
      "X_18" : [ 0.002241, -0.002241 ],
      "X_19" : [ -0.000008, 0.000008 ],
      "X_20" : [ -0.000181, 0.000181 ],
      "X_21" : [ 0.000013, -0.000013 ],
      "X_22" : [ 0.000372, -0.000372 ],
      "X_23" : [ 0.000000, 0.000000 ],
      "X_24" : [ -0.000006, 0.000006 ],
      "X_25" : [ -0.000064, 0.000064 ],
      "X_26" : [ -0.004055, 0.004055 ],
      "X_27" : [ -0.000636, 0.000636 ],
      "X_28" : [ 0.001070, -0.001070 ],
      "X_29" : [ -0.000367, 0.000367 ],
      "X_30" : [ 0.001196, -0.001196 ],
      "X_31" : [ -0.000841, 0.000841 ],
      "X_32" : [ 0.000832, -0.000832 ],
      "X_33" : [ 0.000167, -0.000167 ],
      "X_34" : [ -0.000149, 0.000149 ],
      "X_35" : [ -0.001228, 0.001228 ],
      "X_36" : [ 0.001027, -0.001027 ],
      "X_37" : [ -0.000152, 0.000152 ],
      "X_38" : [ 0.000066, -0.000066 ],
      "X_39" : [ 0.000094, -0.000094 ],
      "X_40" : [ -0.000019, 0.000019 ],
      "X_41" : [ 0.000372, -0.000372 ],
      "X_42" : [ -0.000419, 0.000419 ],
      "X_43" : [ -0.005851, 0.005851 ],
      "X_44" : [ -0.000636, 0.000636 ],
      "X_45" : [ -0.004220, 0.004220 ],
      "X_46" : [ -0.000008, 0.000008 ],
      "X_47" : [ 0.000861, -0.000861 ],
      "X_48" : [ -0.000015, 0.000015 ],
      "X_49" : [ -0.000002, 0.000002 ],
      "X_50" : [ 0.000023, -0.000023 ],
      "X_51" : [ 0.000064, -0.000064 ],
      "X_52" : [ -0.000031, 0.000031 ]   
   },
   "Most_Contributive_Features_By_Class" : {
      "class_0" : [ 43, 45, 26, 11, 0, 16, 18, 13, 3, 35 ],
      "class_1" : [ 43, 45, 26, 11, 0, 16, 18, 13, 3, 35 ]
   }
}