{
   "Contributions" : {
      "X_0" : [ -0.002321, 0.002321 ],
      "X_1" : [ 0.000000, 0.000000 ],
      "X_2" : [ -0.000175, 0.000175 ],
      "X_3" : [ 0.000000, 0.000000 ],
      "X_4" : [ 0.000000, 0.000000 ],
      "X_5" : [ 0.000000, 0.000000 ],
      "X_6" : [ 0.000000, 0.000000 ],
      "X_7" : [ 0.000000, 0.000000 ],
      "X_8" : [ -0.000315, 0.000315 ],
      "X_9" : [ 0.000000, 0.000000 ],
      "X_10" : [ 0.000000, 0.000000 ],
      "X_11" : [ -0.007552, 0.007552 ],
      "X_12" : [ 0.000666, -0.000666 ],
      "X_13" : [ 0.000000, 0.000000 ],
      "X_14" : [ 0.000022, -0.000022 ],
      "X_15" : [ 0.000324, -0.000324 ],
      "X_16" : [ -0.006591, 0.006591 ],
      "X_17" : [ -0.001590, 0.001590 ],
      "X_18" : [ 0.001071, -0.001071 ],
      "X_19" : [ 0.000000, 0.000000 ],
      "X_20" : [ 0.000397, -0.000397 ],
      "X_21" : [ 0.000000, 0.000000 ],
      "X_22" : [ 0.000000, 0.000000 ],
      "X_23" : [ 0.000000, 0.000000 ],
      "X_24" : [ 0.000000, 0.000000 ],
      "X_25" : [ 0.000812, -0.000812 ],
      "X_26" : [ -0.006706, 0.006706 ],
      "X_27" : [ -0.001592, 0.001592 ],
      "X_28" : [ 0.001130, -0.001130 ],
      "X_29" : [ 0.000000, 0.000000 ],
      "X_30" : [ 0.000000, 0.000000 ],
      "X_31" : [ 0.000000, 0.000000 ],
      "X_32" : [ 0.002157, -0.002157 ],
      "X_33" : [ 0.000000, 0.000000 ],
      "X_34" : [ -0.002444, 0.002444 ],
      "X_35" : [ -0.000472, 0.000472 ],
      "X_36" : [ 0.001238, -0.001238 ],
      "X_37" : [ 0.000000, 0.000000 ],
      "X_38" : [ 0.000000, 0.000000 ],
      "X_39" : [ -0.000087, 0.000087 ],
      "X_40" : [ 0.000000, 0.000000 ],
      "X_41" : [ -0.002514, 0.002514 ],
      "X_42" : [ 0.000000, 0.000000 ],
      "X_43" : [ -0.001591, 0.001591 ],
      "X_44" : [ 0.000000, 0.000000 ],
      "X_45" : [ -0.002688, 0.002688 ],
      "X_46" : [ 0.000000, 0.000000 ],
      "X_47" : [ 0.000594, -0.000594 ],
      "X_48" : [ 0.000000, 0.000000 ],
      "X_49" : [ 0.000000, 0.000000 ],
      "X_50" : [ 0.000261, -0.000261 ],
      "X_51" : [ 0.000000, 0.000000 ],
      "X_52" : [ 0.000303, -0.000303 ]   
   },
   "Most_Contributive_Features_By_Class" : {
      "class_0" : [ 11, 26, 16, 45, 41, 34, 0, 32, 27, 43 ],
      "class_1" : [ 11, 26, 16, 45, 41, 34, 0, 32, 27, 43 ]
   }
}