{
   "Contributions" : {
      "X_0" : [ -0.009454, 0.009454 ],
      "X_1" : [ 0.000000, 0.000000 ],
      "X_2" : [ -0.000257, 0.000257 ],
      "X_3" : [ 0.000000, 0.000000 ],
      "X_4" : [ -0.026289, 0.026289 ],
      "X_5" : [ 0.000000, 0.000000 ],
      "X_6" : [ 0.000000, 0.000000 ],
      "X_7" : [ 0.000000, 0.000000 ],
      "X_8" : [ 0.000000, 0.000000 ],
      "X_9" : [ 0.000000, 0.000000 ],
      "X_10" : [ -0.010979, 0.010979 ],
      "X_11" : [ -0.000395, 0.000395 ],
      "X_12" : [ 0.001762, -0.001762 ],
      "X_13" : [ 0.000000, 0.000000 ]   
   },
   "Most_Contributive_Features_By_Class" : {
      "class_0" : [ 4, 10, 0, 12, 11, 2 ],
      "class_1" : [ 4, 10, 0, 12, 11, 2 ]
   }
}