{
   "Contributions" : {
      "X_0" : [ -0.010128, 0.010128 ],
      "X_1" : [ 0.000000, 0.000000 ],
      "X_2" : [ -0.002604, 0.002604 ],
      "X_3" : [ 0.000000, 0.000000 ],
      "X_4" : [ -0.032721, 0.032721 ],
      "X_5" : [ 0.000000, 0.000000 ],
      "X_6" : [ 0.000000, 0.000000 ],
      "X_7" : [ 0.000000, 0.000000 ],
      "X_8" : [ 0.000000, 0.000000 ],
      "X_9" : [ 0.000000, 0.000000 ],
      "X_10" : [ -0.013732, 0.013732 ],
      "X_11" : [ -0.001684, 0.001684 ],
      "X_12" : [ 0.001911, -0.001911 ],
      "X_13" : [ 0.000000, 0.000000 ]   
   },
   "Most_Contributive_Features_By_Class" : {
      "class_0" : [ 4, 10, 0, 2, 12, 11 ],
      "class_1" : [ 4, 10, 0, 2, 12, 11 ]
   }
}