{
   "Contributions" : {
      "X_0" : [ 0.007833, -0.007833 ],
      "X_1" : [ 0.008554, -0.008554 ],
      "X_2" : [ -0.006560, 0.006560 ],
      "X_3" : [ -0.001316, 0.001316 ],
      "X_4" : [ 0.017051, -0.017051 ],
      "X_5" : [ 0.015652, -0.015652 ],
      "X_6" : [ 0.033534, -0.033534 ],
      "X_7" : [ -0.008598, 0.008598 ],
      "X_8" : [ 0.001059, -0.001059 ],
      "X_9" : [ -0.007114, 0.007114 ]   
   },
   "Most_Contributive_Features_By_Class" : {
      "class_0" : [ 6, 4, 5, 7, 1, 0, 9, 2, 3, 8 ],
      "class_1" : [ 6, 4, 5, 7, 1, 0, 9, 2, 3, 8 ]
   }
}