{
   "Contributions" : {
      "X_0" : [ 0.003745, -0.003745 ],
      "X_1" : [ -0.001530, 0.001530 ],
      "X_2" : [ -0.000648, 0.000648 ],
      "X_3" : [ -0.004837, 0.004837 ],
      "X_4" : [ 0.007688, -0.007688 ],
      "X_5" : [ -0.027059, 0.027059 ],
      "X_6" : [ 0.006191, -0.006191 ],
      "X_7" : [ 0.002031, -0.002031 ],
      "X_8" : [ -0.000963, 0.000963 ],
      "X_9" : [ 0.001015, -0.001015 ]   
   },
   "Most_Contributive_Features_By_Class" : {
      "class_0" : [ 5, 4, 6, 3, 0, 7, 1, 9, 8, 2 ],
      "class_1" : [ 5, 4, 6, 3, 0, 7, 1, 9, 8, 2 ]
   }
}