{
   "Contributions" : {
      "X_0" : [ 1.319883 ],
      "X_1" : [ -0.342031 ],
      "X_2" : [ -5.387357 ],
      "X_3" : [ 0.192618 ],
      "X_4" : [ 0.861487 ],
      "X_5" : [ 0.982584 ],
      "X_6" : [ -14.892355 ],
      "X_7" : [ -3.184400 ],
      "X_8" : [ -0.909100 ],
      "X_9" : [ -0.456660 ]   
   },
   "Most_Contributive_Features" : {
      "y" : [ 6, 2, 7, 0, 5, 8, 4, 9, 1, 3 ]
   }
}