{
   "Contributions" : {
      "X_0" : [ 1.942938 ],
      "X_1" : [ -1.400931 ],
      "X_2" : [ -3.680885 ],
      "X_3" : [ 2.256412 ],
      "X_4" : [ 0.819202 ],
      "X_5" : [ 1.279856 ],
      "X_6" : [ -17.489817 ],
      "X_7" : [ -0.371248 ],
      "X_8" : [ -4.621068 ],
      "X_9" : [ -0.632924 ]   
   },
   "Most_Contributive_Features" : {
      "y" : [ 6, 8, 2, 3, 0, 1, 5, 4, 9, 7 ]
   }
}