{
   "Contributions" : {
      "X_0" : [ 0.000514, 0.000068, 0.000201, -0.000782 ],
      "X_1" : [ 0.000104, -0.000088, 0.000087, -0.000102 ],
      "X_2" : [ 0.000150, 0.000472, -0.000289, -0.000333 ],
      "X_3" : [ 0.000719, -0.001126, 0.000463, -0.000056 ],
      "X_4" : [ 0.000090, -0.000125, 0.000064, -0.000029 ],
      "X_5" : [ 0.000408, -0.000351, 0.000054, -0.000111 ],
      "X_6" : [ -0.000024, 0.000344, 0.000005, -0.000324 ],
      "X_7" : [ 0.000068, -0.000199, -0.000173, 0.000305 ],
      "X_8" : [ 0.000204, -0.000381, -0.000093, 0.000270 ],
      "X_9" : [ 0.000380, -0.000345, -0.000910, 0.000875 ],
      "X_10" : [ -0.000153, 0.000235, 0.000144, -0.000227 ],
      "X_11" : [ -0.000661, 0.003115, -0.000227, -0.002227 ],
      "X_12" : [ 0.000319, -0.001130, 0.001131, -0.000321 ],
      "X_13" : [ -0.000691, 0.002233, -0.000508, -0.001034 ],
      "X_14" : [ 0.000275, -0.000417, 0.000166, -0.000025 ],
      "X_15" : [ -0.001314, 0.002209, -0.000857, -0.000038 ],
      "X_16" : [ 0.000545, -0.000727, 0.000199, -0.000016 ],
      "X_17" : [ -0.000145, -0.000528, -0.000321, 0.000994 ],
      "X_18" : [ 0.000447, -0.000220, 0.000427, -0.000655 ],
      "X_19" : [ 0.000137, -0.001618, 0.001712, -0.000232 ],
      "X_20" : [ -0.000871, -0.000531, -0.000180, 0.001582 ],
      "X_21" : [ -0.000052, 0.000050, -0.000089, 0.000091 ],
      "X_22" : [ 0.000263, -0.000525, 0.000520, -0.000258 ],
      "X_23" : [ -0.000118, 0.000325, -0.000290, 0.000083 ],
      "X_24" : [ 0.000089, 0.001051, -0.000073, -0.001067 ],
      "X_25" : [ -0.000173, 0.000360, -0.000322, 0.000134 ],
      "X_26" : [ 0.000370, 0.000082, 0.000618, -0.001070 ],
      "X_27" : [ 0.000141, -0.000798, -0.000320, 0.000977 ],
      "X_28" : [ -0.000008, 0.000307, 0.000322, -0.000621 ],
      "X_29" : [ 0.000351, -0.000548, 0.000322, -0.000125 ],
      "X_30" : [ 0.000695, 0.000168, 0.000684, -0.001548 ],
      "X_31" : [ 0.001303, 0.000310, 0.000820, -0.002433 ],
      "X_32" : [ 0.000674, -0.001075, 0.000103, 0.000297 ],
      "X_33" : [ 0.000618, -0.000772, 0.000062, 0.000092 ],
      "X_34" : [ -0.000306, 0.000433, -0.000073, -0.000053 ],
      "X_35" : [ 0.001188, -0.001165, 0.000044, -0.000066 ],
      "X_36" : [ -0.000080, 0.000229, 0.000004, -0.000153 ],
      "X_37" : [ 0.000024, -0.000065, 0.000195, -0.000154 ],
      "X_38" : [ -0.000478, 0.000970, -0.000424, -0.000068 ],
      "X_39" : [ -0.000532, 0.001454, -0.000735, -0.000187 ],
      "X_40" : [ -0.000629, -0.000427, 0.000083, 0.000973 ],
      "X_41" : [ 0.000280, 0.000658, 0.000042, -0.000980 ],
      "X_42" : [ 0.000916, -0.001569, 0.000422, 0.000232 ],
      "X_43" : [ -0.000050, 0.000117, -0.000127, 0.000061 ],
      "X_44" : [ 0.000342, -0.000139, -0.000008, -0.000195 ],
      "X_45" : [ -0.000572, 0.001049, -0.000323, -0.000153 ],
      "X_46" : [ 0.000262, 0.000347, 0.000923, -0.001532 ],
      "X_47" : [ 0.000043, -0.000040, 0.000067, -0.000071 ],
      "X_48" : [ -0.000020, 0.000060, -0.000120, 0.000079 ],
      "X_49" : [ -0.000724, 0.000161, 0.000349, 0.000213 ],
      "X_50" : [ 0.000638, -0.000470, 0.000266, -0.000434 ],
      "X_51" : [ -0.000151, 0.000152, 0.000124, -0.000124 ],
      "X_52" : [ -0.000178, 0.000283, -0.000060, -0.000044 ],
      "X_53" : [ -0.000521, 0.000624, -0.000125, 0.000022 ],
      "X_54" : [ 0.000458, 0.000257, 0.000089, -0.000804 ],
      "X_55" : [ 0.000122, 0.000111, 0.000881, -0.001114 ],
      "X_56" : [ -0.000419, 0.000961, -0.000522, -0.000019 ],
      "X_57" : [ 0.000155, 0.000137, 0.000117, -0.000409 ],
      "X_58" : [ -0.000420, 0.000842, -0.000805, 0.000382 ],
      "X_59" : [ 0.000028, -0.001029, -0.000594, 0.001595 ],
      "X_60" : [ -0.000172, 0.000096, -0.000353, 0.000429 ],
      "X_61" : [ 0.000896, 0.000314, 0.000482, -0.001692 ],
      "X_62" : [ 0.001439, -0.002127, 0.001887, -0.001198 ],
      "X_63" : [ -0.000316, 0.000750, -0.000220, -0.000214 ],
      "X_64" : [ -0.000569, 0.001216, -0.000356, -0.000291 ],
      "X_65" : [ 0.002044, -0.004412, 0.001886, 0.000482 ],
      "X_66" : [ 0.001037, -0.001080, 0.000531, -0.000488 ],
      "X_67" : [ -0.000218, 0.000294, 0.000875, -0.000951 ],
      "X_68" : [ 0.000673, -0.000907, 0.000201, 0.000034 ],
      "X_69" : [ -0.000362, 0.000070, -0.000191, 0.000484 ],
      "X_70" : [ -0.000143, -0.000118, -0.000116, 0.000376 ],
      "X_71" : [ -0.000048, 0.000692, -0.000493, -0.000151 ],
      "X_72" : [ 0.000075, -0.000214, 0.000310, -0.000171 ],
      "X_73" : [ -0.000399, 0.000012, -0.000769, 0.001157 ],
      "X_74" : [ -0.000206, 0.000147, 0.000210, -0.000150 ],
      "X_75" : [ -0.000242, 0.000855, -0.000512, -0.000100 ],
      "X_76" : [ 0.001233, -0.001698, 0.000117, 0.000349 ],
      "X_77" : [ 0.000089, -0.000274, 0.000321, -0.000135 ],
      "X_78" : [ -0.000804, 0.000279, -0.000205, 0.000730 ],
      "X_79" : [ 0.000142, -0.001559, 0.000621, 0.000796 ],
      "X_80" : [ -0.000754, 0.000665, 0.000293, -0.000204 ],
      "X_81" : [ -0.001109, -0.000306, -0.000342, 0.001757 ],
      "X_82" : [ -0.000261, 0.001056, -0.000456, -0.000339 ],
      "X_83" : [ 0.000335, 0.000154, 0.000264, -0.000753 ],
      "X_84" : [ 0.000161, -0.000116, 0.000173, -0.000219 ],
      "X_85" : [ 0.000349, -0.000109, -0.000141, -0.000099 ],
      "X_86" : [ -0.000127, 0.000160, 0.000002, -0.000035 ],
      "X_87" : [ 0.000426, -0.000648, -0.000025, 0.000247 ],
      "X_88" : [ 0.000380, 0.000209, 0.000098, -0.000686 ],
      "X_89" : [ 0.000603, 0.001246, -0.000500, -0.001349 ],
      "X_90" : [ 0.000735, 0.001843, 0.001174, -0.003753 ],
      "X_91" : [ 0.000360, -0.000258, -0.000108, 0.000006 ],
      "X_92" : [ -0.000381, 0.001120, -0.000352, -0.000386 ],
      "X_93" : [ -0.000658, 0.000019, 0.001026, -0.000387 ],
      "X_94" : [ 0.000537, -0.001467, 0.000375, 0.000555 ],
      "X_95" : [ -0.000269, 0.001148, -0.000414, -0.000465 ],
      "X_96" : [ 0.000267, -0.000467, 0.000174, 0.000026 ],
      "X_97" : [ 0.000027, -0.000508, 0.000481, -0.000000 ],
      "X_98" : [ -0.000012, 0.001174, 0.000919, -0.002081 ],
      "X_99" : [ 0.000153, -0.002954, 0.000105, 0.002695 ]   
   },
   "Most_Contributive_Features_By_Class" : {
      "class_0" : [ 65, 62, 15, 31, 76, 35, 81, 66, 42, 61 ],
      "class_1" : [ 65, 11, 99, 13, 15, 62, 90, 76, 19, 42 ],
      "class_2" : [ 62, 65, 19, 90, 12, 93, 46, 98, 9, 55 ],
      "class_3" : [ 90, 99, 31, 11, 98, 81, 61, 59, 20, 30 ]
   }
}