{
   "Contributions" : {
      "X_0" : [ -0.001392, 0.000271, 0.001495, -0.000374 ],
      "X_1" : [ -0.000317, -0.000851, 0.000084, 0.001085 ],
      "X_2" : [ -0.001269, 0.000041, 0.001937, -0.000709 ],
      "X_3" : [ 0.000126, 0.000114, -0.000707, 0.000467 ],
      "X_4" : [ -0.000194, 0.000194, 0.000642, -0.000642 ],
      "X_5" : [ -0.000368, 0.001392, -0.001189, 0.000164 ],
      "X_6" : [ -0.001776, -0.002149, 0.004570, -0.000644 ],
      "X_7" : [ 0.001173, -0.001354, -0.000084, 0.000265 ],
      "X_8" : [ 0.001851, -0.000981, -0.000303, -0.000567 ],
      "X_9" : [ 0.000299, 0.000148, -0.000104, -0.000343 ],
      "X_10" : [ 0.003114, -0.001036, -0.001326, -0.000752 ],
      "X_11" : [ -0.004244, 0.009487, 0.002779, -0.008022 ],
      "X_12" : [ 0.000380, -0.000311, 0.001319, -0.001388 ],
      "X_13" : [ -0.001900, -0.004036, 0.003086, 0.002851 ],
      "X_14" : [ -0.000731, -0.002569, 0.002391, 0.000909 ],
      "X_15" : [ 0.000628, -0.001819, -0.000642, 0.001833 ],
      "X_16" : [ -0.000233, -0.000634, 0.001672, -0.000805 ],
      "X_17" : [ -0.005011, 0.001456, 0.006338, -0.002784 ],
      "X_18" : [ 0.000124, 0.001032, -0.002947, 0.001791 ],
      "X_19" : [ -0.002028, -0.000256, 0.002174, 0.000111 ],
      "X_20" : [ -0.000882, -0.000918, 0.001244, 0.000556 ],
      "X_21" : [ 0.000932, 0.003592, -0.006618, 0.002093 ],
      "X_22" : [ -0.002844, 0.001506, 0.001657, -0.000319 ],
      "X_23" : [ 0.000115, 0.000834, -0.001171, 0.000223 ],
      "X_24" : [ 0.001293, -0.001956, 0.000749, -0.000086 ],
      "X_25" : [ 0.000438, -0.000470, -0.001311, 0.001344 ],
      "X_26" : [ 0.001818, -0.000371, 0.000201, -0.001649 ],
      "X_27" : [ 0.004826, -0.013745, 0.006059, 0.002860 ],
      "X_28" : [ 0.000549, 0.000397, -0.000301, -0.000645 ],
      "X_29" : [ -0.001671, 0.000872, -0.000620, 0.001419 ],
      "X_30" : [ -0.000295, -0.000300, 0.001595, -0.000999 ],
      "X_31" : [ -0.019265, -0.011035, 0.014204, 0.016095 ],
      "X_32" : [ 0.011671, -0.003541, -0.005438, -0.002692 ],
      "X_33" : [ 0.002302, -0.001979, -0.000332, 0.000009 ],
      "X_34" : [ -0.003313, -0.001423, 0.002715, 0.002020 ],
      "X_35" : [ -0.002292, -0.004747, -0.001354, 0.008394 ],
      "X_36" : [ -0.000711, -0.002546, 0.001774, 0.001483 ],
      "X_37" : [ -0.001246, 0.000454, 0.001035, -0.000242 ],
      "X_38" : [ -0.001264, -0.000076, -0.000805, 0.002145 ],
      "X_39" : [ 0.006646, -0.001278, -0.002446, -0.002921 ],
      "X_40" : [ 0.001740, 0.001829, -0.001313, -0.002256 ],
      "X_41" : [ -0.001246, -0.000200, 0.002725, -0.001278 ],
      "X_42" : [ -0.002773, 0.001929, 0.000217, 0.000627 ],
      "X_43" : [ -0.004288, 0.003849, -0.000324, 0.000763 ],
      "X_44" : [ -0.001318, 0.002318, -0.000902, -0.000098 ],
      "X_45" : [ 0.000320, 0.002154, 0.000256, -0.002730 ],
      "X_46" : [ -0.007280, 0.009063, -0.006183, 0.004400 ],
      "X_47" : [ 0.002276, 0.000228, -0.005005, 0.002501 ],
      "X_48" : [ 0.000514, -0.002162, 0.001583, 0.000065 ],
      "X_49" : [ 0.022904, -0.006434, -0.023080, 0.006610 ],
      "X_50" : [ 0.000835, 0.000102, 0.000242, -0.001180 ],
      "X_51" : [ 0.000915, 0.000973, -0.001044, -0.000844 ],
      "X_52" : [ -0.002604, 0.000968, 0.001664, -0.000028 ],
      "X_53" : [ 0.000714, -0.002984, 0.001090, 0.001180 ],
      "X_54" : [ -0.001010, -0.000603, 0.002655, -0.001042 ],
      "X_55" : [ -0.000182, -0.001075, -0.001108, 0.002364 ],
      "X_56" : [ 0.002287, -0.002619, -0.001669, 0.002001 ],
      "X_57" : [ 0.001174, -0.001973, 0.000710, 0.000089 ],
      "X_58" : [ 0.000817, 0.001390, -0.001831, -0.000376 ],
      "X_59" : [ -0.000117, -0.000207, 0.000247, 0.000078 ],
      "X_60" : [ 0.000741, -0.012237, 0.011436, 0.000061 ],
      "X_61" : [ 0.001206, -0.002307, 0.001124, -0.000023 ],
      "X_62" : [ -0.025609, -0.012074, 0.000848, 0.036835 ],
      "X_63" : [ 0.001481, 0.000539, -0.000926, -0.001093 ],
      "X_64" : [ -0.000559, -0.004666, 0.006683, -0.001458 ],
      "X_65" : [ 0.001588, -0.002575, 0.008503, -0.007515 ],
      "X_66" : [ -0.002219, -0.022996, 0.008335, 0.016881 ],
      "X_67" : [ -0.000990, 0.002062, 0.000788, -0.001860 ],
      "X_68" : [ 0.001002, 0.001275, -0.003333, 0.001056 ],
      "X_69" : [ 0.000489, 0.001392, -0.000191, -0.001689 ],
      "X_70" : [ -0.000658, 0.000121, 0.001310, -0.000773 ],
      "X_71" : [ 0.002006, 0.003648, -0.004626, -0.001029 ],
      "X_72" : [ -0.000746, 0.001995, 0.001847, -0.003096 ],
      "X_73" : [ 0.000906, -0.000533, -0.000506, 0.000134 ],
      "X_74" : [ 0.002051, -0.000248, -0.000345, -0.001457 ],
      "X_75" : [ 0.000281, -0.003146, 0.004639, -0.001773 ],
      "X_76" : [ -0.002175, 0.006048, -0.003684, -0.000188 ],
      "X_77" : [ 0.003454, -0.001630, -0.003137, 0.001313 ],
      "X_78" : [ 0.003514, 0.000532, -0.004121, 0.000075 ],
      "X_79" : [ -0.001072, -0.001460, 0.001004, 0.001527 ],
      "X_80" : [ -0.001987, -0.000790, -0.002148, 0.004925 ],
      "X_81" : [ -0.000076, -0.005191, 0.001020, 0.004246 ],
      "X_82" : [ 0.000456, -0.000662, 0.000245, -0.000039 ],
      "X_83" : [ -0.003236, 0.004179, -0.003719, 0.002775 ],
      "X_84" : [ 0.001027, -0.000758, -0.000834, 0.000565 ],
      "X_85" : [ -0.004305, 0.003155, 0.002211, -0.001061 ],
      "X_86" : [ -0.000380, -0.000092, 0.000044, 0.000428 ],
      "X_87" : [ 0.000430, -0.000290, 0.000218, -0.000359 ],
      "X_88" : [ 0.000215, 0.003279, -0.003101, -0.000393 ],
      "X_89" : [ -0.003265, -0.000477, 0.002613, 0.001128 ],
      "X_90" : [ 0.001018, -0.002167, 0.003210, -0.002061 ],
      "X_91" : [ -0.001141, 0.002671, -0.000891, -0.000639 ],
      "X_92" : [ 0.001078, 0.000966, 0.000469, -0.002513 ],
      "X_93" : [ -0.001951, 0.000985, 0.003443, -0.002476 ],
      "X_94" : [ -0.000652, -0.000942, 0.003182, -0.001588 ],
      "X_95" : [ 0.000436, -0.000693, 0.001026, -0.000769 ],
      "X_96" : [ -0.003684, 0.001238, 0.003608, -0.001162 ],
      "X_97" : [ -0.000227, 0.000949, -0.001460, 0.000738 ],
      "X_98" : [ -0.001204, -0.000193, 0.001663, -0.000266 ],
      "X_99" : [ 0.002566, -0.004334, 0.001549, 0.000220 ]   
   },
   "Most_Contributive_Features_By_Class" : {
      "class_0" : [ 62, 49, 31, 32, 46, 39, 17, 27, 85, 43 ],
      "class_1" : [ 66, 27, 60, 62, 31, 11, 46, 49, 76, 81 ],
      "class_2" : [ 49, 31, 60, 65, 66, 64, 21, 17, 46, 27 ],
      "class_3" : [ 62, 66, 31, 35, 11, 65, 49, 80, 46, 81 ]
   }
}