{
	"metadata" : { "model" : "Tikhonov_Ridge", "version" : "2024-W13", "signature" : "ff4_il8"},
	"options" : { "alpha" : 1.000000, "random_state" : 1789 },
	"dataset" : { "dataset_rows" : 1024, "dataset_features" : 100 },
	"classes" : [ 0, 1 ],
	"equations" : {
		"class_1" : {
			"intercept" : 0.003748,
			"coeffs" : [ 0.013764, 0.225043, -0.014635, -0.047658, 0.154311, -0.001092, 0.005976, -0.017901, 0.000300, 0.008050, 0.044033, 0.027678, -0.001250, 0.012116, 0.000055, 0.002884, 0.040197, -0.009311, 0.020820, -0.038981, -0.008839, -0.003353, -0.010993, -0.056814, -0.005426, 0.016733, -0.018064, -0.027717, -0.017203, 0.013827, -0.017393, -0.000569, 0.043415, -0.009717, 0.000669, -0.011892, 0.005687, -0.007102, -0.042337, 0.040165, 0.017321, -0.002786, 0.014874, -0.005949, 0.028728, 0.016701, -0.004665, 0.002432, 0.038988, -0.027382, -0.012602, 0.028047, -0.000453, 0.039666, 0.014043, -0.041393, 0.001743, -0.025103, 0.020837, 0.010213, -0.017996, 0.285037, 0.012697, 0.014041, -0.001428, 0.013038, -0.016906, -0.160957, 0.016576, 0.037517, -0.023180, 0.018118, 0.026514, -0.012901, 0.005033, -0.008453, 0.006092, -0.017917, -0.024329, 0.017785, 0.022461, 0.009818, 0.021377, 0.016098, -0.009839, 0.011862, 0.020298, 0.001490, -0.011870, -0.026981, 0.014632, 0.042503, 0.041591, -0.022326, 0.034358, -0.013144, 0.000650, -0.014585, -0.029079, -0.010725 ]
		}
	}
}