{
   "Contributions" : {
      "X_0" : [ -0.098105 ],
      "X_1" : [ -0.032804 ],
      "X_2" : [ -0.133912 ],
      "X_3" : [ -0.144322 ],
      "X_4" : [ -0.013174 ],
      "X_5" : [ 0.008985 ],
      "X_6" : [ 0.015652 ],
      "X_7" : [ 0.010078 ],
      "X_8" : [ -0.242513 ],
      "X_9" : [ 0.017325 ]   
   },
   "Most_Contributive_Features" : {
      "y" : [ 8, 3, 2, 0, 1, 9, 6, 4, 7, 5 ]
   }
}