{
   "Contributions" : {
      "X_0" : [ -0.049052 ],
      "X_1" : [ -0.016402 ],
      "X_2" : [ -0.066956 ],
      "X_3" : [ -0.072161 ],
      "X_4" : [ -0.006587 ],
      "X_5" : [ 0.004492 ],
      "X_6" : [ 0.007826 ],
      "X_7" : [ 0.005039 ],
      "X_8" : [ -0.121256 ],
      "X_9" : [ 0.008663 ]   
   },
   "Most_Contributive_Features" : {
      "y" : [ 8, 3, 2, 0, 1, 9, 6, 4, 7, 5 ]
   }
}