{
   "Contributions" : {
      "X_0" : [ -0.003701, 0.000997, 0.002704 ],
      "X_1" : [ -0.000497, -0.001117, 0.001614 ],
      "X_2" : [ -0.007554, -0.004003, 0.011556 ],
      "X_3" : [ -0.000640, 0.006728, -0.006088 ]   
   },
   "Most_Contributive_Features_By_Class" : {
      "class_0" : [ 2, 0, 3, 1 ],
      "class_1" : [ 3, 2, 1, 0 ],
      "class_2" : [ 2, 3, 0, 1 ]
   }
}