{
   "Contributions" : {
      "X_0" : [ -0.002620, 0.003559, -0.000939 ],
      "X_1" : [ -0.002372, 0.001654, 0.000717 ],
      "X_2" : [ -0.007926, -0.005099, 0.013025 ],
      "X_3" : [ -0.000253, -0.001131, 0.001385 ]   
   },
   "Most_Contributive_Features_By_Class" : {
      "class_0" : [ 2, 0, 1, 3 ],
      "class_1" : [ 2, 0, 1, 3 ],
      "class_2" : [ 2, 3, 0, 1 ]
   }
}