{
   "Contributions" : {
      "X_0" : [ 0.892920 ],
      "X_1" : [ -44.361195 ],
      "X_2" : [ -5.888694 ],
      "X_3" : [ -9.812331 ]   
   },
   "Most_Contributive_Features" : {
      "y" : [ 1, 3, 2, 0 ]
   }
}