{
   "Contributions" : {
      "X_0" : [ 0.664604 ],
      "X_1" : [ -45.770630 ],
      "X_2" : [ -7.615249 ],
      "X_3" : [ -8.525676 ]   
   },
   "Most_Contributive_Features" : {
      "y" : [ 1, 3, 2, 0 ]
   }
}