{
   "Contributions" : {
      "X_0" : [ 4.018034 ],
      "X_1" : [ 17.956545 ],
      "X_2" : [ 0.407242 ],
      "X_3" : [ -0.326744 ],
      "X_4" : [ 0.930552 ],
      "X_5" : [ -1.414551 ],
      "X_6" : [ -0.182736 ],
      "X_7" : [ -0.508470 ],
      "X_8" : [ -4.777387 ],
      "X_9" : [ 1.249848 ]   
   },
   "Most_Contributive_Features" : {
      "y" : [ 1, 8, 0, 5, 9, 4, 7, 2, 3, 6 ]
   }
}