{
   "Contributions" : {
      "X_0" : [ -0.077688 ],
      "X_1" : [ 0.423726 ],
      "X_2" : [ 0.455761 ],
      "X_3" : [ -0.073140 ],
      "X_4" : [ 0.101578 ],
      "X_5" : [ -0.245737 ],
      "X_6" : [ 0.284923 ],
      "X_7" : [ -0.302246 ],
      "X_8" : [ 0.078365 ],
      "X_9" : [ -0.102738 ]   
   },
   "Most_Contributive_Features" : {
      "y" : [ 2, 1, 7, 6, 5, 9, 4, 8, 0, 3 ]
   }
}