{
   "Contributions" : {
      "X_0" : [ 0.014290 ],
      "X_1" : [ 0.057310 ],
      "X_2" : [ -0.052101 ],
      "X_3" : [ -0.032844 ],
      "X_4" : [ 0.022722 ],
      "X_5" : [ -0.049509 ],
      "X_6" : [ 0.032884 ],
      "X_7" : [ -0.023610 ],
      "X_8" : [ 0.010247 ],
      "X_9" : [ 0.020686 ]   
   },
   "Most_Contributive_Features" : {
      "y" : [ 1, 2, 5, 6, 3, 7, 4, 9, 0, 8 ]
   }
}