{
   "Contributions" : {
      "X_0" : [ 0.672525 ],
      "X_1" : [ 0.309419 ],
      "X_2" : [ -0.495398 ],
      "X_3" : [ 2.287555 ],
      "X_4" : [ -0.334841 ],
      "X_5" : [ -0.849661 ],
      "X_6" : [ -0.715041 ],
      "X_7" : [ -0.931095 ],
      "X_8" : [ -1.186314 ],
      "X_9" : [ 2.032026 ]   
   },
   "Most_Contributive_Features" : {
      "y" : [ 3, 9, 8, 7, 5, 6, 0, 2, 4, 1 ]
   }
}