{
   "Contributions" : {
      "X_0" : [ -0.805177 ],
      "X_1" : [ 0.171856 ],
      "X_2" : [ 0.663601 ],
      "X_3" : [ 0.412900 ],
      "X_4" : [ -0.731204 ],
      "X_5" : [ -0.824964 ],
      "X_6" : [ 0.125539 ],
      "X_7" : [ -1.391344 ],
      "X_8" : [ -2.190472 ],
      "X_9" : [ 1.770977 ]   
   },
   "Most_Contributive_Features" : {
      "y" : [ 8, 9, 7, 5, 0, 4, 2, 3, 1, 6 ]
   }
}