{
	"metadata" : { "model" : "Tikhonov_Ridge", "version" : "2024-W12", "signature" : "ff4_il8"},
	"options" : { "alpha" : 1.000000, "random_state" : 1789 },
	"dataset" : { "dataset_rows" : 16, "dataset_features" : 10 },
	"classes" : [ 0, 1 ],
	"equations" : {
		"class_1" : {
			"intercept" : -0.394584,
			"coeffs" : [ -0.394657, 0.296095, 0.233951, 0.161713, 0.048136, 0.177003, 0.228771, -0.188083, 0.366605, -0.048062 ]
		}
	}
}