{
	"metadata" : { "model" : "Tikhonov_Ridge", "version" : "2024-W14", "signature" : "ff4_il8"},
	"options" : { "alpha" : 0.000000, "random_state" : 1789 },
	"dataset" : { "dataset_rows" : 16, "dataset_features" : 10 },
	"classes" : [ 0, 1 ],
	"equations" : {
		"class_1" : {
			"intercept" : -0.510548,
			"coeffs" : [ -0.528621, 0.373187, 0.266694, 0.332732, 0.129516, 0.142436, 0.233994, -0.268385, 0.555305, 0.000056 ]
		}
	}
}