{
   "Contributions" : {
      "X_0" : [ 0.020383, -0.020383 ],
      "X_1" : [ 0.002582, -0.002582 ],
      "X_2" : [ -0.005762, 0.005762 ],
      "X_3" : [ -0.007331, 0.007331 ],
      "X_4" : [ -0.000100, 0.000100 ],
      "X_5" : [ -0.007049, 0.007049 ],
      "X_6" : [ -0.007196, 0.007196 ],
      "X_7" : [ 0.008761, -0.008761 ],
      "X_8" : [ -0.008730, 0.008730 ],
      "X_9" : [ -0.000913, 0.000913 ]   
   },
   "Most_Contributive_Features_By_Class" : {
      "class_0" : [ 0, 7, 8, 3, 6, 5, 2, 1, 9, 4 ],
      "class_1" : [ 0, 7, 8, 3, 6, 5, 2, 1, 9, 4 ]
   }
}