{
   "Contributions" : {
      "X_0" : [ 0.000000, 0.000000, 0.000000, 0.000000, 0.000000, 0.000000, 0.000000, 0.000000, 0.000000, 0.000000 ],
      "X_1" : [ 0.000000, 0.000000, 0.000000, 0.000000, 0.000000, 0.000000, 0.000000, 0.000000, 0.000000, 0.000000 ],
      "X_2" : [ 0.000000, 0.000000, 0.000000, 0.000000, 0.000000, 0.000000, 0.000000, 0.000000, 0.000000, 0.000000 ],
      "X_3" : [ -0.000706, -0.001155, -0.000584, 0.000204, 0.001173, 0.000332, -0.000371, -0.000998, 0.001422, 0.000682 ],
      "X_4" : [ 0.001511, -0.000737, 0.001135, -0.000327, -0.000746, -0.000924, 0.000366, -0.002486, 0.000702, 0.001507 ],
      "X_5" : [ -0.000241, 0.000999, -0.000592, -0.000156, -0.000311, -0.002630, 0.003295, -0.000160, 0.000202, -0.000405 ],
      "X_6" : [ 0.000000, 0.000000, 0.000000, 0.000000, 0.000000, 0.000000, 0.000000, 0.000000, 0.000000, 0.000000 ],
      "X_7" : [ 0.000000, 0.000000, 0.000000, 0.000000, 0.000000, 0.000000, 0.000000, 0.000000, 0.000000, 0.000000 ],
      "X_8" : [ 0.000000, 0.000000, 0.000000, 0.000000, 0.000000, 0.000000, 0.000000, 0.000000, 0.000000, 0.000000 ],
      "X_9" : [ 0.000000, 0.000000, 0.000000, 0.000000, 0.000000, 0.000000, 0.000000, 0.000000, 0.000000, 0.000000 ],
      "X_10" : [ -0.000104, -0.001680, -0.000957, 0.002438, 0.002924, -0.003335, 0.000510, -0.001010, -0.000862, 0.002075 ],
      "X_11" : [ 0.000000, 0.000000, 0.000000, 0.000000, 0.000000, 0.000000, 0.000000, 0.000000, 0.000000, 0.000000 ],
      "X_12" : [ 0.000220, -0.000009, -0.000280, 0.001054, -0.000025, -0.000191, -0.000258, -0.000666, 0.000391, -0.000236 ],
      "X_13" : [ -0.000028, -0.000227, 0.000015, -0.000177, 0.006182, -0.000367, -0.000919, -0.003482, -0.002104, 0.001107 ],
      "X_14" : [ 0.000000, 0.000000, 0.000000, 0.000000, 0.000000, 0.000000, 0.000000, 0.000000, 0.000000, 0.000000 ],
      "X_15" : [ 0.000000, 0.000000, 0.000000, 0.000000, 0.000000, 0.000000, 0.000000, 0.000000, 0.000000, 0.000000 ],
      "X_16" : [ 0.000000, 0.000000, 0.000000, 0.000000, 0.000000, 0.000000, 0.000000, 0.000000, 0.000000, 0.000000 ],
      "X_17" : [ -0.000161, -0.000771, -0.000180, 0.000491, -0.000126, -0.000040, 0.000850, -0.001620, 0.001254, 0.000303 ],
      "X_18" : [ 0.000177, -0.000067, -0.000281, 0.000160, -0.000053, 0.001111, -0.000147, -0.000229, -0.000563, -0.000107 ],
      "X_19" : [ 0.000150, 0.001326, 0.000273, -0.000435, 0.001960, -0.000686, -0.000786, -0.002039, -0.000588, 0.000824 ],
      "X_20" : [ -0.000090, -0.000124, -0.000078, 0.001403, -0.000044, -0.000242, -0.000092, -0.000383, -0.000346, -0.000004 ],
      "X_21" : [ 0.003048, 0.000480, -0.001692, -0.000369, -0.004096, -0.003030, 0.004818, -0.001874, -0.001994, 0.004709 ],
      "X_22" : [ 0.000000, 0.000000, 0.000000, 0.000000, 0.000000, 0.000000, 0.000000, 0.000000, 0.000000, 0.000000 ],
      "X_23" : [ 0.000000, 0.000000, 0.000000, 0.000000, 0.000000, 0.000000, 0.000000, 0.000000, 0.000000, 0.000000 ],
      "X_24" : [ 0.000000, 0.000000, 0.000000, 0.000000, 0.000000, 0.000000, 0.000000, 0.000000, 0.000000, 0.000000 ],
      "X_25" : [ -0.000054, -0.000237, -0.000122, -0.000233, 0.000202, 0.000540, -0.000198, -0.000376, 0.000657, -0.000178 ],
      "X_26" : [ 0.000106, -0.000623, -0.001947, 0.002511, -0.000105, -0.001466, -0.001299, -0.001982, 0.002655, 0.002150 ],
      "X_27" : [ 0.004466, 0.005988, -0.003073, -0.001655, 0.000115, -0.005609, -0.001659, -0.004274, 0.004024, 0.001677 ],
      "X_28" : [ 0.003523, -0.000270, -0.000979, 0.000322, -0.001032, -0.002872, 0.002846, -0.000702, -0.000082, -0.000753 ],
      "X_29" : [ -0.000461, -0.001486, -0.001399, 0.000713, -0.002398, -0.002913, 0.002953, -0.003185, 0.001935, 0.006239 ],
      "X_30" : [ 0.000000, 0.000000, 0.000000, 0.000000, 0.000000, 0.000000, 0.000000, 0.000000, 0.000000, 0.000000 ],
      "X_31" : [ 0.000000, 0.000000, 0.000000, 0.000000, 0.000000, 0.000000, 0.000000, 0.000000, 0.000000, 0.000000 ],
      "X_32" : [ 0.000000, 0.000000, 0.000000, 0.000000, 0.000000, 0.000000, 0.000000, 0.000000, 0.000000, 0.000000 ],
      "X_33" : [ 0.001910, -0.000135, -0.000543, -0.000554, 0.002805, -0.002134, 0.000854, -0.001302, -0.000476, -0.000425 ],
      "X_34" : [ 0.000264, 0.000079, -0.001135, -0.000110, 0.001938, -0.002376, 0.001093, -0.001476, 0.001215, 0.000507 ],
      "X_35" : [ 0.002903, -0.001140, 0.000495, -0.000599, -0.002062, 0.001207, -0.000417, -0.002433, -0.000056, 0.002101 ],
      "X_36" : [ 0.006413, -0.000094, -0.003992, -0.001675, -0.000941, -0.002760, -0.000526, -0.003120, -0.000769, 0.007463 ],
      "X_37" : [ 0.000328, -0.000539, 0.000321, -0.000148, -0.000072, -0.000143, 0.000346, -0.000091, -0.000190, 0.000188 ],
      "X_38" : [ 0.000808, -0.001276, -0.001334, -0.000760, 0.001420, -0.001093, -0.001341, -0.000725, 0.003989, 0.000312 ],
      "X_39" : [ 0.000000, 0.000000, 0.000000, 0.000000, 0.000000, 0.000000, 0.000000, 0.000000, 0.000000, 0.000000 ],
      "X_40" : [ 0.000000, 0.000000, 0.000000, 0.000000, 0.000000, 0.000000, 0.000000, 0.000000, 0.000000, 0.000000 ],
      "X_41" : [ 0.000000, 0.000000, 0.000000, 0.000000, 0.000000, 0.000000, 0.000000, 0.000000, 0.000000, 0.000000 ],
      "X_42" : [ 0.003893, -0.007097, -0.001401, 0.000107, 0.003977, -0.006000, 0.011315, -0.003129, -0.000709, -0.000954 ],
      "X_43" : [ -0.000044, -0.000084, -0.002543, 0.000815, -0.000018, -0.000123, -0.000021, -0.001565, -0.000007, 0.003591 ],
      "X_44" : [ -0.000145, -0.000813, -0.000590, -0.000285, 0.004247, -0.001719, -0.001511, -0.000271, 0.001134, -0.000049 ],
      "X_45" : [ 0.000147, -0.000730, -0.002064, 0.001046, 0.002246, 0.000115, -0.000261, -0.001008, -0.000829, 0.001339 ],
      "X_46" : [ -0.000212, -0.000590, -0.000127, -0.000239, -0.000846, -0.000612, 0.003036, -0.000215, -0.001469, 0.001275 ],
      "X_47" : [ 0.000000, 0.000000, 0.000000, 0.000000, 0.000000, 0.000000, 0.000000, 0.000000, 0.000000, 0.000000 ],
      "X_48" : [ 0.000000, 0.000000, 0.000000, 0.000000, 0.000000, 0.000000, 0.000000, 0.000000, 0.000000, 0.000000 ],
      "X_49" : [ 0.000000, 0.000000, 0.000000, 0.000000, 0.000000, 0.000000, 0.000000, 0.000000, 0.000000, 0.000000 ],
      "X_50" : [ 0.000000, 0.000000, 0.000000, 0.000000, 0.000000, 0.000000, 0.000000, 0.000000, 0.000000, 0.000000 ],
      "X_51" : [ -0.000275, 0.001022, -0.001782, -0.000224, 0.002926, 0.001751, -0.001287, -0.001295, -0.001116, 0.000280 ],
      "X_52" : [ 0.000000, 0.000000, 0.000000, 0.000000, 0.000000, 0.000000, 0.000000, 0.000000, 0.000000, 0.000000 ],
      "X_53" : [ 0.000934, -0.000993, 0.001998, 0.001455, -0.000238, 0.000173, 0.001644, -0.003606, -0.002534, 0.001168 ],
      "X_54" : [ 0.000012, -0.000144, 0.000643, 0.000889, -0.000311, -0.000635, 0.000798, -0.000874, -0.000714, 0.000336 ],
      "X_55" : [ 0.000000, 0.000000, 0.000000, 0.000000, 0.000000, 0.000000, 0.000000, 0.000000, 0.000000, 0.000000 ],
      "X_56" : [ 0.000000, 0.000000, 0.000000, 0.000000, 0.000000, 0.000000, 0.000000, 0.000000, 0.000000, 0.000000 ],
      "X_57" : [ 0.000000, 0.000000, 0.000000, 0.000000, 0.000000, 0.000000, 0.000000, 0.000000, 0.000000, 0.000000 ],
      "X_58" : [ -0.000138, -0.001229, -0.001055, 0.000337, 0.008531, -0.004236, -0.000630, -0.001315, -0.001245, 0.000980 ],
      "X_59" : [ 0.000000, 0.000000, 0.000000, 0.000000, 0.000000, 0.000000, 0.000000, 0.000000, 0.000000, 0.000000 ],
      "X_60" : [ -0.000130, -0.000710, -0.000119, 0.001547, 0.000482, -0.002054, 0.000570, -0.000839, 0.000431, 0.000822 ],
      "X_61" : [ -0.000422, -0.000061, -0.000345, 0.002465, 0.000174, -0.001762, 0.002990, -0.001314, -0.002951, 0.001226 ],
      "X_62" : [ 0.000000, 0.000000, 0.000000, 0.000000, 0.000000, 0.000000, 0.000000, 0.000000, 0.000000, 0.000000 ],
      "X_63" : [ 0.000000, 0.000000, 0.000000, 0.000000, 0.000000, 0.000000, 0.000000, 0.000000, 0.000000, 0.000000 ]   
   },
   "Most_Contributive_Features_By_Class" : {
      "class_0" : [ 36, 27, 42, 28, 21, 35, 33, 4, 53, 38 ],