{
	"metadata" : { "model" : "Friedman_XGB", "version" : "2024-W14", "signature" : "ff4_il8"},
	"options" : { "base_score" : [ ], "early_stopping_rounds" : 0, "eval_metric" : "", "gamma" : 0.000000, "grow_policy" : 0, "learning_rate" : 0.300000, "max_bin" : 10, "max_depth" : 6, "max_leaves" : 32, "min_child_weight" : 5.000000, "n_estimators" : 5, "objective" : "reg:squarederror", "reg_alpha" : 0.000000, "reg_lambda" : 1.000000, "tree_method" : "auto" },
	"dataset" : { "dataset_rows" : 64, "dataset_features" : 64 },
	"classes" : [ 0, 1, 2, 3, 4, 5, 6, 7, 8, 9 ],
	"booster" : {
		"BaseScore" : [ 0.093750, 0.078125, 0.062500, 0.046875, 0.109375, 0.140625, 0.109375, 0.093750, 0.140625, 0.125000 ],
		"Trees" : 5,
		"Tree_0" : {
			"Node_0" : { "leaf_value" : [ ], "parent" : null, "left" : 1, "right" : 2, "svalue" : 2.000000, "sindex" : 38 },
			"Node_1" : { "leaf_value" : [ -0.140390, 0.050822, 0.053615, -0.089957, -0.140939, 0.085373, 0.045309, -0.046168, 0.267307, -0.095471 ], "parent" : 0, "left" : null, "right" : null, "svalue" : 0.000000, "sindex" : 0 },
			"Node_2" : { "leaf_value" : [ 0.111073, -0.099647, -0.141982, -0.053669, 0.149377, 0.018821, -0.018016, 0.026371, -0.144625, 0.145371 ], "parent" : 0, "left" : null, "right" : null, "svalue" : 0.000000, "sindex" : 0 }
		},
		"Tree_1" : {
			"Node_0" : { "leaf_value" : [ ], "parent" : null, "left" : 1, "right" : 2, "svalue" : 2.000000, "sindex" : 25 },
			"Node_1" : { "leaf_value" : [ -0.096395, -0.001905, 0.050129, 0.009610, -0.055082, -0.145025, -0.011054, 0.084536, 0.098374, 0.070009 ], "parent" : 0, "left" : null, "right" : null, "svalue" : 0.000000, "sindex" : 0 },
			"Node_2" : { "leaf_value" : [ 0.080924, -0.047082, -0.138835, -0.137613, 0.073028, 0.230563, 0.033430, -0.096409, -0.020865, -0.017553 ], "parent" : 0, "left" : null, "right" : null, "svalue" : 0.000000, "sindex" : 0 }
		},
		"Tree_2" : {
			"Node_0" : { "leaf_value" : [ 0.079214, 0.024517, -0.032149, -0.087806, 0.131639, 0.233411, 0.132230, 0.080182, 0.227848, 0.183704 ], "parent" : null, "left" : null, "right" : null, "svalue" : 0.000000, "sindex" : 0 }
		},
		"Tree_3" : {
			"Node_0" : { "leaf_value" : [ 0.158428, 0.049034, -0.064299, -0.175611, 0.263279, 0.466822, 0.264461, 0.160364, 0.455696, 0.367408 ], "parent" : null, "left" : null, "right" : null, "svalue" : 0.000000, "sindex" : 0 }
		},
		"Tree_4" : {
			"Node_0" : { "leaf_value" : [ 0.316855, 0.098069, -0.128597, -0.351222, 0.526558, 0.933644, 0.528921, 0.320728, 0.911392, 0.734816 ], "parent" : null, "left" : null, "right" : null, "svalue" : 0.000000, "sindex" : 0 }
		}
	}
}