{
   "Contributions" : {
      "X_0" : [ -0.056285 ],
      "X_1" : [ -0.046992 ],
      "X_2" : [ 0.019174 ],
      "X_3" : [ -0.982270 ],
      "X_4" : [ 0.051129 ],
      "X_5" : [ -0.033835 ],
      "X_6" : [ 0.002061 ],
      "X_7" : [ -0.043903 ],
      "X_8" : [ -0.043455 ],
      "X_9" : [ -0.006008 ]   
   },
   "Most_Contributive_Features" : {
      "y" : [ 3, 0, 4, 1, 7, 8, 5, 2, 9, 6 ]
   }
}