{
   "Contributions" : {
      "X_0" : [ -0.008155 ],
      "X_1" : [ -0.148502 ],
      "X_2" : [ 0.029335 ],
      "X_3" : [ -0.821972 ],
      "X_4" : [ 0.036653 ],
      "X_5" : [ -0.006515 ],
      "X_6" : [ 0.012517 ],
      "X_7" : [ -0.098972 ],
      "X_8" : [ -0.062577 ],
      "X_9" : [ -0.023042 ]   
   },
   "Most_Contributive_Features" : {
      "y" : [ 3, 1, 7, 8, 4, 2, 9, 6, 0, 5 ]
   }
}