{
   "Contributions" : {
      "X_0" : [ -0.008631, 0.003451, 0.002940, 0.002239 ],
      "X_1" : [ 0.014517, -0.008805, -0.005018, -0.000694 ],
      "X_2" : [ -0.001517, 0.001308, 0.000301, -0.000093 ],
      "X_3" : [ 0.003422, 0.002067, -0.019741, 0.014252 ],
      "X_4" : [ 0.003262, 0.000869, -0.005654, 0.001523 ],
      "X_5" : [ 0.003215, -0.001478, 0.000142, -0.001879 ],
      "X_6" : [ -0.011188, -0.012774, 0.010107, 0.013856 ],
      "X_7" : [ -0.011648, 0.017625, -0.006912, 0.000935 ],
      "X_8" : [ -0.012358, -0.007756, 0.017874, 0.002240 ],
      "X_9" : [ -0.000541, 0.004373, -0.000956, -0.002876 ]   
   },
   "Most_Contributive_Features_By_Class" : {
      "class_0" : [ 1, 8, 7, 6, 0, 3, 4, 5, 2, 9 ],
      "class_1" : [ 7, 6, 1, 8, 9, 0, 3, 5, 2, 4 ],
      "class_2" : [ 3, 8, 6, 7, 4, 1, 0, 9, 2, 5 ],
      "class_3" : [ 3, 6, 9, 8, 0, 5, 4, 7, 1, 2 ]
   }
}