{
   "Contributions" : {
      "X_0" : [ -0.000812, 0.001230, -0.000245, -0.000173 ],
      "X_1" : [ 0.000087, -0.000407, 0.000025, 0.000295 ],
      "X_2" : [ 0.002360, -0.001716, -0.000377, -0.000266 ],
      "X_3" : [ -0.000346, 0.000385, 0.000690, -0.000729 ],
      "X_4" : [ 0.004370, -0.007572, 0.000692, 0.002510 ],
      "X_5" : [ -0.002714, 0.002946, 0.000111, -0.000343 ],
      "X_6" : [ -0.005624, 0.007316, 0.000157, -0.001849 ],
      "X_7" : [ 0.000286, 0.001860, -0.000764, -0.001381 ],
      "X_8" : [ 0.001488, -0.002488, 0.000316, 0.000685 ],
      "X_9" : [ -0.007118, 0.007406, 0.000209, -0.000497 ]   
   },
   "Most_Contributive_Features_By_Class" : {
      "class_0" : [ 9, 6, 4, 5, 2, 8, 0, 3, 7, 1 ],
      "class_1" : [ 4, 9, 6, 5, 8, 7, 2, 0, 1, 3 ],
      "class_2" : [ 7, 4, 3, 2, 8, 0, 9, 6, 5, 1 ],
      "class_3" : [ 4, 6, 7, 3, 8, 9, 5, 1, 2, 0 ]
   }
}