{
	"metadata" : { "model" : "Vapnik_NuSVR_RBF", "version" : "2024-W12", "signature" : "ff4_ff4"},
	"options" : {"svm_type" : "nu_svr", "kernel" : "rbf", "degree" : 3, "gamma" : 0.011928, "coef0" : 0.000000, "cache_size" : 300, "tol" : 0.001000, "nu" : 0.100000, "epsilon" : 0.000000, "shrinking" : 0, "probability" : 0, "C" : 1.000000, "max_iter" : 128, "random_state" : 1789 },
	"dataset" : { "dataset_rows" : 100, "dataset_features" : 10 },
	"svm_model" : {
	"classes" : 2,
	"L" : 14,
	"SupportVectors" : {
		"SV_00" : [ 6.000000, 5.000000, 7.000000, 7.000000, 6.000000, 5.000000, 3.000000, 1.000000, 0.000000, 6.000000 ],
		"SV_01" : [ 7.000000, 4.000000, 8.000000, 9.000000, 5.000000, 1.000000, 6.000000, 4.000000, 7.000000, 1.000000 ],
		"SV_02" : [ 2.000000, 3.000000, 6.000000, 0.000000, 5.000000, 2.000000, 1.000000, 9.000000, 4.000000, 4.000000 ],
		"SV_03" : [ 3.000000, 1.000000, 5.000000, 2.000000, 0.000000, 7.000000, 0.000000, 0.000000, 9.000000, 9.000000 ],
		"SV_04" : [ 5.000000, 4.000000, 1.000000, 9.000000, 8.000000, 9.000000, 1.000000, 5.000000, 10.000000, 7.000000 ],
		"SV_05" : [ 6.000000, 5.000000, 1.000000, 9.000000, 4.000000, 7.000000, 0.000000, 6.000000, 5.000000, 8.000000 ],
		"SV_06" : [ 9.000000, 0.000000, 3.000000, 2.000000, 2.000000, 0.000000, 1.000000, 8.000000, 8.000000, 6.000000 ],
		"SV_07" : [ 4.000000, 7.000000, 9.000000, 5.000000, 10.000000, 7.000000, 2.000000, 6.000000, 0.000000, 0.000000 ],
		"SV_08" : [ 9.000000, 1.000000, 6.000000, 0.000000, 1.000000, 4.000000, 9.000000, 6.000000, 1.000000, 6.000000 ],
		"SV_09" : [ 4.000000, 1.000000, 5.000000, 0.000000, 0.000000, 2.000000, 8.000000, 0.000000, 0.000000, 3.000000 ],
		"SV_10" : [ 5.000000, 7.000000, 3.000000, 8.000000, 7.000000, 8.000000, 8.000000, 1.000000, 8.000000, 0.000000 ],
		"SV_11" : [ 3.000000, 2.000000, 2.000000, 0.000000, 4.000000, 4.000000, 0.000000, 8.000000, 6.000000, 5.000000 ],
		"SV_12" : [ 0.000000, 2.000000, 1.000000, 1.000000, 4.000000, 7.000000, 7.000000, 1.000000, 3.000000, 8.000000 ],
		"SV_13" : [ 2.000000, 2.000000, 2.000000, 0.000000, 1.000000, 7.000000, 5.000000, 0.000000, 7.000000, 0.000000 ]
	},
	"SupportVectorsCoefs" : {
		"SV_coef_0" : [ 0.588424, 0.411577, -1.000000, -1.000000, 1.000000, 1.000000, -0.622438, 1.000000, -0.291799, -1.000000, 1.000000, -0.072273, -0.013491, -1.000000 ]
	},
	"rho" : [ -13.994666 ],
	"nSV" : [ 14 ],
	"probA" : [ ],
	"probB" : [ ],
	"n_iter" : [ 25 ]
}
}