{
   "Contributions" : {
      "X_0" : [ -0.055268 ],
      "X_1" : [ 0.015091 ],
      "X_2" : [ 0.002574 ],
      "X_3" : [ -0.342589 ],
      "X_4" : [ 0.048721 ],
      "X_5" : [ -0.097626 ],
      "X_6" : [ -0.021831 ],
      "X_7" : [ 0.016077 ],
      "X_8" : [ 0.005504 ],
      "X_9" : [ 0.002832 ]   
   },
   "Most_Contributive_Features" : {
      "y" : [ 3, 5, 0, 4, 6, 7, 1, 8, 9, 2 ]
   }
}