{
   "Contributions" : {
      "X_0" : [ -0.011210 ],
      "X_1" : [ 0.001113 ],
      "X_2" : [ 0.007504 ],
      "X_3" : [ -0.113813 ],
      "X_4" : [ 0.017672 ],
      "X_5" : [ -0.046845 ],
      "X_6" : [ -0.000880 ],
      "X_7" : [ 0.005424 ],
      "X_8" : [ 0.006343 ],
      "X_9" : [ -0.000806 ]   
   },
   "Most_Contributive_Features" : {
      "y" : [ 3, 5, 4, 0, 2, 8, 7, 1, 6, 9 ]
   }
}