{
   "Contributions" : {
      "X_0" : [ -0.002580, 0.001793, 0.000786 ],
      "X_1" : [ 0.001752, -0.002326, 0.000574 ],
      "X_2" : [ -0.005460, -0.004703, 0.010162 ],
      "X_3" : [ -0.000000, 0.007083, -0.007082 ]   
   },
   "Most_Contributive_Features_By_Class" : {
      "class_0" : [ 2, 0, 1, 3 ],
      "class_1" : [ 3, 2, 1, 0 ],
      "class_2" : [ 2, 3, 0, 1 ]
   }
}