{
	"metadata" : { "model" : "Vapnik_NuSVC_RBF", "version" : "2024-W14", "signature" : "ff4_il8"},
	"options" : {"svm_type" : "nu_svc", "kernel" : "rbf", "degree" : 3, "gamma" : 0.064167, "coef0" : 0.000000, "cache_size" : 300, "tol" : 0.001000, "nu" : 0.500000, "epsilon" : 0.000000, "shrinking" : 0, "probability" : 1, "C" : 1.000000, "max_iter" : 128, "random_state" : 1789 },
	"dataset" : { "dataset_rows" : 150, "dataset_features" : 4 },
	"classes" : [ 0, 1, 2 ],
	"svm_model" : {
	"classes" : 3,
	"L" : 109,
	"SupportVectors" : {
		"SV_000" : [ 4.900000, 3.000000, 1.400000, 0.200000 ],
		"SV_001" : [ 4.600000, 3.100000, 1.500000, 0.200000 ],
		"SV_002" : [ 5.400000, 3.900000, 1.700000, 0.400000 ],
		"SV_003" : [ 4.400000, 2.900000, 1.400000, 0.200000 ],
		"SV_004" : [ 4.900000, 3.100000, 1.500000, 0.100000 ],
		"SV_005" : [ 5.400000, 3.700000, 1.500000, 0.200000 ],
		"SV_006" : [ 4.800000, 3.400000, 1.600000, 0.200000 ],
		"SV_007" : [ 5.800000, 4.000000, 1.200000, 0.200000 ],
		"SV_008" : [ 5.700000, 4.400000, 1.500000, 0.400000 ],
		"SV_009" : [ 5.700000, 3.800000, 1.700000, 0.300000 ],
		"SV_010" : [ 5.400000, 3.400000, 1.700000, 0.200000 ],
		"SV_011" : [ 5.100000, 3.700000, 1.500000, 0.400000 ],
		"SV_012" : [ 5.100000, 3.300000, 1.700000, 0.500000 ],
		"SV_013" : [ 4.800000, 3.400000, 1.900000, 0.200000 ],
		"SV_014" : [ 5.000000, 3.000000, 1.600000, 0.200000 ],
		"SV_015" : [ 5.000000, 3.400000, 1.600000, 0.400000 ],
		"SV_016" : [ 5.200000, 3.500000, 1.500000, 0.200000 ],
		"SV_017" : [ 4.700000, 3.200000, 1.600000, 0.200000 ],
		"SV_018" : [ 4.800000, 3.100000, 1.600000, 0.200000 ],
		"SV_019" : [ 5.400000, 3.400000, 1.500000, 0.400000 ],
		"SV_020" : [ 5.500000, 4.200000, 1.400000, 0.200000 ],
		"SV_021" : [ 4.900000, 3.100000, 1.500000, 0.200000 ],
		"SV_022" : [ 5.100000, 3.400000, 1.500000, 0.200000 ],
		"SV_023" : [ 4.500000, 2.300000, 1.300000, 0.300000 ],
		"SV_024" : [ 5.000000, 3.500000, 1.600000, 0.600000 ],
		"SV_025" : [ 5.100000, 3.800000, 1.900000, 0.400000 ],
		"SV_026" : [ 4.800000, 3.000000, 1.400000, 0.300000 ],
		"SV_027" : [ 5.100000, 3.800000, 1.600000, 0.200000 ],
		"SV_028" : [ 5.300000, 3.700000, 1.500000, 0.200000 ],
		"SV_029" : [ 7.000000, 3.200000, 4.700000, 1.400000 ],
		"SV_030" : [ 6.400000, 3.200000, 4.500000, 1.500000 ],
		"SV_031" : [ 6.900000, 3.100000, 4.900000, 1.500000 ],
		"SV_032" : [ 5.500000, 2.300000, 4.000000, 1.300000 ],
		"SV_033" : [ 6.500000, 2.800000, 4.600000, 1.500000 ],
		"SV_034" : [ 5.700000, 2.800000, 4.500000, 1.300000 ],
		"SV_035" : [ 6.300000, 3.300000, 4.700000, 1.600000 ],
		"SV_036" : [ 4.900000, 2.400000, 3.300000, 1.000000 ],
		"SV_037" : [ 6.600000, 2.900000, 4.600000, 1.300000 ],
		"SV_038" : [ 5.200000, 2.700000, 3.900000, 1.400000 ],
		"SV_039" : [ 5.000000, 2.000000, 3.500000, 1.000000 ],
		"SV_040" : [ 5.900000, 3.000000, 4.200000, 1.500000 ],
		"SV_041" : [ 6.000000, 2.200000, 4.000000, 1.000000 ],
		"SV_042" : [ 6.100000, 2.900000, 4.700000, 1.400000 ],
		"SV_043" : [ 5.600000, 2.900000, 3.600000, 1.300000 ],
		"SV_044" : [ 6.700000, 3.100000, 4.400000, 1.400000 ],
		"SV_045" : [ 5.600000, 3.000000, 4.500000, 1.500000 ],
		"SV_046" : [ 5.800000, 2.700000, 4.100000, 1.000000 ],
		"SV_047" : [ 6.200000, 2.200000, 4.500000, 1.500000 ],
		"SV_048" : [ 5.600000, 2.500000, 3.900000, 1.100000 ],
		"SV_049" : [ 5.900000, 3.200000, 4.800000, 1.800000 ],
		"SV_050" : [ 6.100000, 2.800000, 4.000000, 1.300000 ],
		"SV_051" : [ 6.300000, 2.500000, 4.900000, 1.500000 ],
		"SV_052" : [ 6.100000, 2.800000, 4.700000, 1.200000 ],
		"SV_053" : [ 6.600000, 3.000000, 4.400000, 1.400000 ],
		"SV_054" : [ 6.800000, 2.800000, 4.800000, 1.400000 ],
		"SV_055" : [ 6.700000, 3.000000, 5.000000, 1.700000 ],
		"SV_056" : [ 6.000000, 2.900000, 4.500000, 1.500000 ],
		"SV_057" : [ 5.700000, 2.600000, 3.500000, 1.000000 ],
		"SV_058" : [ 5.500000, 2.400000, 3.800000, 1.100000 ],
		"SV_059" : [ 5.500000, 2.400000, 3.700000, 1.000000 ],
		"SV_060" : [ 5.800000, 2.700000, 3.900000, 1.200000 ],
		"SV_061" : [ 6.000000, 2.700000, 5.100000, 1.600000 ],
		"SV_062" : [ 5.400000, 3.000000, 4.500000, 1.500000 ],
		"SV_063" : [ 6.000000, 3.400000, 4.500000, 1.600000 ],
		"SV_064" : [ 6.700000, 3.100000, 4.700000, 1.500000 ],
		"SV_065" : [ 6.300000, 2.300000, 4.400000, 1.300000 ],
		"SV_066" : [ 5.600000, 3.000000, 4.100000, 1.300000 ],
		"SV_067" : [ 5.500000, 2.500000, 4.000000, 1.300000 ],
		"SV_068" : [ 5.500000, 2.600000, 4.400000, 1.200000 ],
		"SV_069" : [ 6.100000, 3.000000, 4.600000, 1.400000 ],
		"SV_070" : [ 5.800000, 2.600000, 4.000000, 1.200000 ],
		"SV_071" : [ 5.000000, 2.300000, 3.300000, 1.000000 ],
		"SV_072" : [ 5.600000, 2.700000, 4.200000, 1.300000 ],
		"SV_073" : [ 5.700000, 3.000000, 4.200000, 1.200000 ],
		"SV_074" : [ 5.700000, 2.900000, 4.200000, 1.300000 ],
		"SV_075" : [ 6.200000, 2.900000, 4.300000, 1.300000 ],
		"SV_076" : [ 5.100000, 2.500000, 3.000000, 1.100000 ],
		"SV_077" : [ 5.700000, 2.800000, 4.100000, 1.300000 ],
		"SV_078" : [ 5.800000, 2.700000, 5.100000, 1.900000 ],
		"SV_079" : [ 6.300000, 2.900000, 5.600000, 1.800000 ],
		"SV_080" : [ 4.900000, 2.500000, 4.500000, 1.700000 ],
		"SV_081" : [ 6.500000, 3.200000, 5.100000, 2.000000 ],
		"SV_082" : [ 6.400000, 2.700000, 5.300000, 1.900000 ],
		"SV_083" : [ 5.700000, 2.500000, 5.000000, 2.000000 ],
		"SV_084" : [ 5.800000, 2.800000, 5.100000, 2.400000 ],
		"SV_085" : [ 6.400000, 3.200000, 5.300000, 2.300000 ],
		"SV_086" : [ 6.500000, 3.000000, 5.500000, 1.800000 ],
		"SV_087" : [ 7.700000, 3.800000, 6.700000, 2.200000 ],
		"SV_088" : [ 7.700000, 2.600000, 6.900000, 2.300000 ],
		"SV_089" : [ 6.000000, 2.200000, 5.000000, 1.500000 ],
		"SV_090" : [ 5.600000, 2.800000, 4.900000, 2.000000 ],
		"SV_091" : [ 7.700000, 2.800000, 6.700000, 2.000000 ],
		"SV_092" : [ 6.300000, 2.700000, 4.900000, 1.800000 ],
		"SV_093" : [ 6.200000, 2.800000, 4.800000, 1.800000 ],
		"SV_094" : [ 6.100000, 3.000000, 4.900000, 1.800000 ],
		"SV_095" : [ 7.200000, 3.000000, 5.800000, 1.600000 ],
		"SV_096" : [ 7.900000, 3.800000, 6.400000, 2.000000 ],
		"SV_097" : [ 6.300000, 2.800000, 5.100000, 1.500000 ],
		"SV_098" : [ 6.100000, 2.600000, 5.600000, 1.400000 ],
		"SV_099" : [ 6.400000, 3.100000, 5.500000, 1.800000 ],
		"SV_100" : [ 6.000000, 3.000000, 4.800000, 1.800000 ],
		"SV_101" : [ 6.900000, 3.100000, 5.400000, 2.100000 ],
		"SV_102" : [ 6.900000, 3.100000, 5.100000, 2.300000 ],
		"SV_103" : [ 5.800000, 2.700000, 5.100000, 1.900000 ],
		"SV_104" : [ 6.700000, 3.000000, 5.200000, 2.300000 ],
		"SV_105" : [ 6.300000, 2.500000, 5.000000, 1.900000 ],
		"SV_106" : [ 6.500000, 3.000000, 5.200000, 2.000000 ],
		"SV_107" : [ 6.200000, 3.400000, 5.400000, 2.300000 ],
		"SV_108" : [ 5.900000, 3.000000, 5.100000, 1.800000 ]
	},
	"SupportVectorsCoefs" : {
		"SV_coef_0" : [ 0.099789, 0.099789, 0.099789, 0.032328, 0.099789, 0.099789, 0.099789, 0.000000, 0.099789, 0.099789, 0.099789, 0.099789, 0.099789, 0.099789, 0.099789, 0.099789, 0.099789, 0.099789, 0.099789, 0.099789, 0.000000, 0.099789, 0.099789, 0.099789, 0.099789, 0.099789, 0.099789, 0.067462, 0.000000, -0.000000, -0.000000, -0.000000, -0.099789, -0.000000, -0.000000, -0.000000, -0.099789, -0.000000, -0.099789, -0.099789, -0.099789, -0.099789, -0.000000, -0.099789, -0.051654, -0.000000, -0.099789, -0.000000, -0.099789, -0.000000, -0.099789, -0.000000, -0.000000, -0.000000, -0.000000, -0.000000, -0.000000, -0.099789, -0.099789, -0.099789, -0.099789, -0.000000, -0.000000, -0.099789, -0.000000, -0.000000, -0.099789, -0.099789, -0.000000, -0.000000, -0.099789, -0.099789, -0.099789, -0.099789, -0.099789, -0.048135, -0.099789, -0.099789, -0.060383, -0.000000, -0.060383, -0.060383, -0.060383, -0.060383, -0.060383, -0.060383, -0.000000, -0.060383, -0.060383, -0.060383, -0.060383, -0.056450, -0.060383, -0.060383, -0.060383, -0.000000, -0.060383, -0.060383, -0.060383, -0.000000, -0.060383, -0.000000, -0.060383, -0.060383, -0.003933, -0.060383, -0.060383, -0.060383, -0.060383 ],