{
   "Contributions" : {
      "X_0" : [ 0.000000, 0.000000, 0.000000, 0.000000, 0.000000, 0.000000, 0.000000, 0.000000, 0.000000, 0.000000 ],
      "X_1" : [ -0.003486, 0.000393, -0.001248, 0.002152, -0.008202, 0.005366, 0.002511, 0.002844, 0.001916, -0.002246 ],
      "X_2" : [ -0.006806, -0.001492, 0.001877, 0.009088, -0.013637, 0.013169, 0.009434, -0.005762, -0.004205, -0.001665 ],
      "X_3" : [ -0.008688, 0.004767, 0.002194, -0.034199, 0.000930, 0.013423, 0.007955, 0.003263, -0.000562, 0.010917 ],
      "X_4" : [ -0.002166, -0.007712, -0.000188, 0.003921, 0.005972, -0.000583, 0.003398, -0.000539, 0.002952, -0.005055 ],
      "X_5" : [ -0.008672, 0.005305, -0.001848, -0.003069, 0.011312, 0.004297, -0.004130, 0.004778, -0.004793, -0.003179 ],
      "X_6" : [ 0.000907, -0.007041, 0.000233, -0.016650, 0.007162, 0.000360, 0.003920, -0.001047, -0.000056, 0.012211 ],
      "X_7" : [ -0.001310, 0.001114, -0.000583, -0.001311, 0.001149, 0.000976, -0.000996, 0.001371, -0.001693, 0.001282 ],
      "X_8" : [ 0.000332, 0.000633, -0.000933, 0.000805, -0.001001, -0.000013, -0.000283, -0.000534, -0.000245, 0.001240 ],
      "X_9" : [ 0.015394, -0.004175, 0.000751, 0.015875, -0.000199, -0.004636, 0.000032, 0.002969, 0.004260, -0.030270 ],
      "X_10" : [ 0.003797, 0.006770, 0.000510, -0.012590, 0.010447, -0.001873, -0.030893, 0.006343, 0.000902, 0.016588 ],
      "X_11" : [ -0.001253, -0.007862, 0.001131, 0.000708, 0.004157, -0.000134, 0.003019, 0.003940, 0.002680, -0.006386 ],
      "X_12" : [ 0.005162, -0.000805, -0.000921, 0.000755, -0.002051, 0.002573, -0.001643, -0.008567, 0.003980, 0.001516 ],
      "X_13" : [ -0.003988, 0.003873, 0.003396, -0.013719, 0.002832, -0.001706, 0.003831, 0.001143, 0.001652, 0.002686 ],
      "X_14" : [ 0.001190, 0.005954, 0.002980, 0.010818, -0.003264, -0.001057, 0.000487, 0.002084, 0.004127, -0.023318 ],
      "X_15" : [ -0.000184, 0.001916, -0.000057, -0.000957, 0.001669, -0.000101, -0.000212, -0.002390, -0.000669, 0.000987 ],
      "X_16" : [ 0.000774, 0.000635, -0.000849, -0.000028, -0.000894, 0.000330, -0.000577, -0.000188, -0.000009, 0.000808 ],
      "X_17" : [ -0.004062, -0.015843, -0.001933, -0.006339, -0.005029, -0.005099, -0.001133, 0.001172, 0.004911, 0.033355 ],
      "X_18" : [ -0.001156, 0.000395, 0.000512, 0.017806, 0.012838, -0.011683, -0.022385, -0.007370, -0.000051, 0.011093 ],
      "X_19" : [ -0.001558, -0.002543, -0.000668, -0.000164, 0.014475, -0.005106, 0.008085, -0.000149, -0.002154, -0.010218 ],
      "X_20" : [ 0.000560, -0.002584, 0.000299, -0.000524, 0.004442, -0.002428, 0.006366, -0.000025, -0.004711, -0.001396 ],
      "X_21" : [ -0.004788, -0.011928, 0.006178, 0.012369, -0.006164, -0.004827, 0.000751, -0.002981, 0.001482, 0.009906 ],
      "X_22" : [ -0.000912, 0.000071, -0.000022, -0.000326, -0.001170, -0.000605, 0.005979, -0.004243, 0.000232, 0.000995 ],
      "X_23" : [ 0.000488, 0.000543, 0.000011, 0.000954, -0.002910, -0.002851, 0.000642, -0.001437, -0.001348, 0.005909 ],
      "X_24" : [ 0.000000, 0.000000, 0.000000, 0.000000, 0.000000, 0.000000, 0.000000, 0.000000, 0.000000, 0.000000 ],
      "X_25" : [ -0.003550, 0.006244, -0.000543, 0.004543, -0.007647, 0.012342, 0.014086, 0.000203, 0.001221, -0.026899 ],
      "X_26" : [ -0.008981, 0.012778, -0.003148, -0.000251, -0.004093, 0.007913, -0.012578, -0.005293, 0.008041, 0.005613 ],
      "X_27" : [ 0.004044, -0.007506, 0.000733, -0.004818, 0.009471, 0.005758, 0.005952, -0.003983, -0.002990, -0.006661 ],
      "X_28" : [ -0.001490, 0.014929, -0.005975, 0.006099, 0.016659, 0.000533, 0.002004, -0.001241, -0.003220, -0.028296 ],
      "X_29" : [ -0.001101, 0.001303, 0.001471, 0.003437, -0.013385, 0.011860, 0.006081, -0.004582, -0.002792, -0.002294 ],
      "X_30" : [ -0.000750, -0.000175, -0.001113, 0.004160, 0.000375, -0.002106, -0.009053, 0.008074, -0.000670, 0.001258 ],
      "X_31" : [ 0.000000, 0.000000, 0.000000, 0.000000, 0.000000, 0.000000, 0.000000, 0.000000, 0.000000, 0.000000 ],
      "X_32" : [ 0.000000, 0.000000, 0.000000, 0.000000, 0.000000, 0.000000, 0.000000, 0.000000, 0.000000, 0.000000 ],
      "X_33" : [ -0.010163, -0.010542, 0.001228, 0.003567, -0.018387, 0.002973, 0.007677, 0.005860, -0.006433, 0.024221 ],
      "X_34" : [ -0.003278, 0.008139, 0.000422, 0.005542, -0.003213, 0.001901, -0.002272, 0.003779, -0.000566, -0.010453 ],
      "X_35" : [ 0.006786, 0.002669, -0.003526, 0.001373, 0.018260, -0.001178, -0.025718, -0.000848, 0.004766, -0.002585 ],
      "X_36" : [ -0.001329, -0.004900, 0.000335, 0.003313, 0.000246, -0.008491, 0.001573, 0.005040, 0.003668, 0.000545 ],
      "X_37" : [ 0.000398, 0.004281, -0.000734, -0.002426, -0.007013, -0.000721, -0.003091, 0.005402, 0.001112, 0.002792 ],
      "X_38" : [ -0.001743, 0.001820, 0.000524, -0.001412, -0.011062, -0.003724, 0.003681, 0.000629, -0.004213, 0.015500 ],
      "X_39" : [ 0.000000, 0.000000, 0.000000, 0.000000, 0.000000, 0.000000, 0.000000, 0.000000, 0.000000, 0.000000 ],
      "X_40" : [ 0.000000, 0.000000, 0.000000, 0.000000, 0.000000, 0.000000, 0.000000, 0.000000, 0.000000, 0.000000 ],
      "X_41" : [ -0.000225, 0.003475, 0.001957, 0.000969, 0.000909, -0.003608, 0.000171, -0.000448, 0.000638, -0.003838 ],
      "X_42" : [ 0.007402, -0.001543, -0.002584, -0.000769, 0.001855, -0.000739, 0.001841, 0.001022, 0.001420, -0.007904 ],
      "X_43" : [ 0.001258, -0.002039, -0.001665, 0.004188, -0.004943, -0.003142, -0.000016, 0.002485, -0.003437, 0.007312 ],
      "X_44" : [ 0.000279, 0.002836, -0.000036, 0.001454, 0.000700, -0.000433, -0.000985, -0.001117, -0.008675, 0.005979 ],
      "X_45" : [ 0.005140, -0.009903, -0.003350, 0.001577, 0.006385, 0.000646, -0.002109, -0.009206, -0.000584, 0.011404 ],
      "X_46" : [ -0.003552, -0.000294, 0.004115, 0.000518, 0.003258, -0.001311, -0.000372, -0.001527, 0.001483, -0.002318 ],
      "X_47" : [ 0.000000, 0.000000, 0.000000, 0.000000, 0.000000, 0.000000, 0.000000, 0.000000, 0.000000, 0.000000 ],
      "X_48" : [ 0.005459, 0.007428, 0.000253, -0.007439, -0.002254, -0.003739, 0.000171, 0.000077, 0.000924, -0.000879 ],
      "X_49" : [ -0.017431, 0.014743, 0.000538, 0.005080, 0.005141, 0.002342, -0.003908, -0.001833, 0.000732, -0.005404 ],
      "X_50" : [ -0.002138, -0.002405, 0.002008, 0.000237, 0.005187, 0.005374, -0.018310, 0.001741, -0.003697, 0.012004 ],
      "X_51" : [ -0.000420, 0.000983, 0.000740, -0.001384, 0.001484, -0.000827, -0.000181, -0.000865, 0.000929, -0.000461 ],
      "X_52" : [ -0.001756, -0.008776, 0.000255, 0.002550, 0.002744, 0.005250, 0.006630, -0.003758, 0.002217, -0.005355 ],
      "X_53" : [ -0.001473, -0.001730, 0.003027, -0.005642, 0.000853, -0.000353, 0.003857, 0.002537, -0.001451, 0.000375 ],
      "X_54" : [ -0.000527, -0.002673, 0.000775, 0.002118, -0.005601, -0.004919, 0.007682, -0.001785, 0.001126, 0.003804 ],
      "X_55" : [ -0.000928, 0.002036, -0.000662, 0.001649, 0.001793, 0.001842, -0.000973, 0.000250, -0.000998, -0.004010 ],
      "X_56" : [ 0.000276, 0.006951, -0.000000, -0.007347, -0.000818, -0.004410, -0.000405, 0.000109, 0.000409, 0.005235 ],
      "X_57" : [ 0.001785, -0.033675, -0.000292, 0.002989, 0.010652, -0.000880, 0.003719, 0.000318, 0.000213, 0.015171 ],
      "X_58" : [ 0.009200, 0.012411, 0.002287, 0.001972, -0.008125, -0.039106, -0.013638, 0.005801, 0.003878, 0.025319 ],
      "X_59" : [ 0.000004, -0.003507, 0.002542, -0.004601, 0.000141, -0.000970, 0.000335, 0.000036, 0.002436, 0.003585 ],
      "X_60" : [ -0.000887, 0.000720, 0.000394, -0.004937, -0.005128, 0.003080, 0.015706, 0.002770, 0.000269, -0.011986 ],
      "X_61" : [ -0.000843, 0.003840, 0.003153, 0.000898, 0.011197, -0.000536, -0.020635, -0.001255, 0.000708, 0.003472 ],
      "X_62" : [ -0.000998, -0.003643, -0.009766, 0.002414, 0.006456, 0.004257, -0.003781, 0.000768, 0.000010, 0.004284 ],
      "X_63" : [ 0.000376, 0.009281, -0.000789, -0.001188, -0.002691, -0.002609, -0.001474, -0.000497, -0.000575, 0.000166 ]   
   },