{
   "Contributions" : {
      "X_0" : [ 0.000000, 0.000000, 0.000000, 0.000000, 0.000000, 0.000000, 0.000000, 0.000000, 0.000000, 0.000000 ],
      "X_1" : [ -0.005204, -0.000867, 0.000009, 0.002641, -0.005489, 0.000999, 0.006530, 0.000474, 0.000521, 0.000386 ],
      "X_2" : [ 0.003203, 0.000140, -0.002511, 0.011607, -0.018961, 0.018512, 0.001104, -0.004145, -0.007634, -0.001314 ],
      "X_3" : [ -0.007344, -0.003905, -0.000946, -0.022462, 0.011073, 0.014603, 0.009550, -0.002267, 0.001436, 0.000262 ],
      "X_4" : [ -0.002353, -0.007432, 0.001470, 0.005121, 0.003775, 0.002077, 0.005785, -0.001200, -0.000272, -0.006970 ],
      "X_5" : [ -0.002148, -0.000777, -0.000056, 0.002280, 0.006651, -0.004562, 0.003890, 0.004186, 0.006907, -0.016371 ],
      "X_6" : [ -0.002300, -0.003452, 0.000777, -0.004017, 0.006234, 0.001765, -0.007475, -0.004307, -0.007713, 0.020489 ],
      "X_7" : [ -0.001465, 0.000975, -0.000456, -0.001954, -0.001039, 0.011892, -0.011657, 0.009248, 0.001399, -0.006944 ],
      "X_8" : [ 0.000911, 0.000938, 0.000488, 0.000546, 0.004901, -0.015590, 0.002403, 0.000000, -0.006946, 0.012347 ],
      "X_9" : [ 0.005054, 0.000496, 0.000036, 0.004267, -0.016686, 0.007340, 0.014962, -0.000232, 0.002896, -0.018134 ],
      "X_10" : [ -0.003919, -0.003589, 0.002815, -0.012982, 0.019565, -0.000255, 0.004871, 0.000816, 0.006597, -0.013919 ],
      "X_11" : [ -0.000275, -0.002148, 0.000678, -0.002914, 0.004720, 0.003444, 0.000383, -0.001825, -0.001227, -0.000837 ],
      "X_12" : [ -0.000666, 0.002568, -0.001218, -0.002459, 0.002703, -0.005656, 0.002780, -0.002565, -0.000523, 0.005036 ],
      "X_13" : [ -0.006566, -0.005181, 0.001517, 0.002043, 0.004847, -0.003499, 0.007596, -0.001088, 0.004960, -0.004630 ],
      "X_14" : [ 0.001217, 0.009843, -0.002136, -0.001229, -0.001701, 0.005516, -0.002962, 0.002389, 0.003496, -0.014433 ],
      "X_15" : [ 0.001879, 0.001129, -0.000000, -0.000637, 0.002880, -0.010381, 0.005007, -0.009766, -0.001350, 0.011238 ],
      "X_16" : [ 0.000911, 0.000980, -0.000488, 0.001457, 0.006834, -0.000480, 0.001471, 0.000000, -0.023926, 0.013241 ],
      "X_17" : [ 0.000470, -0.016462, 0.000863, 0.002247, -0.001320, -0.009511, 0.003763, 0.002820, -0.000768, 0.017897 ],
      "X_18" : [ 0.002748, 0.008549, 0.000523, 0.014222, -0.012014, -0.000259, -0.010703, -0.000480, -0.002928, 0.000344 ],
      "X_19" : [ -0.000718, 0.000935, -0.000081, -0.001786, 0.019739, -0.010597, 0.012503, -0.003317, -0.006725, -0.009953 ],
      "X_20" : [ -0.000673, -0.001918, 0.000769, 0.003266, -0.002083, -0.003225, 0.006989, 0.001192, 0.002850, -0.007166 ],
      "X_21" : [ -0.003370, -0.004758, 0.001736, 0.008999, 0.000709, -0.012577, 0.010282, 0.002612, 0.002057, -0.005689 ],
      "X_22" : [ -0.001848, 0.000319, -0.000401, 0.000238, -0.004075, 0.001022, 0.004130, -0.001460, -0.001217, 0.003294 ],
      "X_23" : [ -0.000010, -0.000488, -0.000002, 0.000576, -0.001868, -0.002432, -0.000085, -0.000574, -0.000000, 0.004883 ],
      "X_24" : [ 0.000000, 0.000000, 0.000000, 0.000000, 0.000000, 0.000000, 0.000000, 0.000000, 0.000000, 0.000000 ],
      "X_25" : [ -0.001706, 0.002841, 0.001217, 0.001229, -0.007617, -0.006460, 0.003643, -0.002483, -0.001206, 0.010542 ],
      "X_26" : [ -0.003986, 0.008625, -0.000476, -0.000398, -0.002244, 0.007693, -0.008659, -0.001279, 0.004543, -0.003819 ],
      "X_27" : [ -0.001488, -0.008376, 0.001386, -0.001148, -0.008564, 0.001605, 0.011543, -0.002250, 0.001212, 0.006080 ],
      "X_28" : [ -0.001685, 0.001826, -0.001548, 0.006530, 0.004078, -0.000772, 0.011029, 0.000119, -0.006797, -0.012779 ],
      "X_29" : [ 0.000809, 0.004368, -0.000213, -0.000404, -0.012569, -0.000762, 0.005958, 0.000841, -0.001160, 0.003133 ],
      "X_30" : [ 0.001607, 0.001957, -0.000164, -0.001350, -0.003136, -0.001546, -0.001573, 0.003411, 0.000167, 0.000626 ],
      "X_31" : [ 0.000000, 0.000000, 0.000000, 0.000000, 0.000000, 0.000000, 0.000000, 0.000000, 0.000000, 0.000000 ],
      "X_32" : [ 0.000000, 0.000000, 0.000000, 0.000000, 0.000000, 0.000000, 0.000000, 0.000000, 0.000000, 0.000000 ],
      "X_33" : [ 0.001064, -0.004103, -0.000137, 0.007148, -0.014388, 0.006832, 0.003510, 0.005805, 0.000414, -0.006144 ],
      "X_34" : [ -0.004306, 0.001104, 0.000162, 0.008555, 0.009008, 0.004729, 0.000018, 0.005363, 0.002244, -0.026877 ],
      "X_35" : [ 0.003346, 0.002150, -0.000497, 0.003632, 0.010672, -0.001245, -0.021579, -0.001432, 0.000624, 0.004331 ],
      "X_36" : [ -0.001238, -0.002165, -0.000991, 0.000225, -0.002185, 0.003774, 0.002545, 0.004038, -0.004660, 0.000658 ],
      "X_37" : [ -0.000049, -0.002784, -0.001874, 0.009798, -0.001270, 0.001535, -0.006005, -0.005472, -0.000040, 0.006162 ],
      "X_38" : [ -0.001558, 0.002050, -0.001143, -0.002094, -0.002370, -0.004809, 0.010605, 0.000138, -0.001737, 0.000919 ],
      "X_39" : [ 0.000000, 0.000000, 0.000000, 0.000000, 0.000000, 0.000000, 0.000000, 0.000000, 0.000000, 0.000000 ],
      "X_40" : [ 0.000000, 0.000000, 0.000000, 0.000000, 0.000000, 0.000000, 0.000000, 0.000000, 0.000000, 0.000000 ],
      "X_41" : [ 0.000265, -0.001963, 0.000400, 0.004028, -0.002437, -0.002170, 0.004372, -0.000115, -0.001357, -0.001022 ],
      "X_42" : [ 0.004349, -0.006886, 0.000088, 0.008634, 0.001478, 0.005488, 0.001607, 0.004094, -0.001015, -0.017837 ],
      "X_43" : [ 0.001756, -0.011175, -0.000302, -0.017110, 0.013306, 0.004783, 0.022410, -0.003770, -0.003769, -0.006129 ],
      "X_44" : [ -0.001054, 0.002331, 0.001137, 0.001798, 0.004775, 0.000312, -0.007719, -0.002283, 0.001845, -0.001143 ],
      "X_45" : [ 0.004206, -0.006964, 0.002107, 0.007249, -0.003649, -0.001733, -0.018918, -0.000495, -0.001986, 0.020182 ],
      "X_46" : [ -0.002541, -0.003255, 0.000348, 0.000138, -0.003222, 0.002632, 0.000571, 0.001126, 0.000628, 0.003575 ],
      "X_47" : [ 0.000000, 0.000000, 0.000000, 0.000000, 0.000000, 0.000000, 0.000000, 0.000000, 0.000000, 0.000000 ],
      "X_48" : [ 0.002575, 0.015806, -0.057129, 0.004294, -0.000184, -0.001421, 0.007234, 0.000488, -0.000345, 0.028682 ],
      "X_49" : [ -0.019528, 0.006424, 0.000270, 0.010226, 0.007812, 0.001723, 0.003798, -0.001454, -0.006460, -0.002810 ],
      "X_50" : [ -0.006782, 0.006293, -0.002285, -0.013110, 0.021497, -0.002393, -0.040126, 0.000917, 0.004582, 0.031406 ],
      "X_51" : [ -0.000279, 0.001716, -0.000154, 0.001931, -0.002015, -0.001759, 0.009835, 0.000738, -0.002005, -0.008007 ],
      "X_52" : [ -0.001574, -0.001768, 0.001618, -0.012155, -0.002047, -0.000228, 0.012263, 0.003578, 0.006746, -0.006432 ],
      "X_53" : [ 0.003717, -0.003105, -0.001043, -0.001575, -0.008379, 0.004326, 0.003884, 0.000952, 0.002943, -0.001720 ],
      "X_54" : [ -0.002867, 0.004320, 0.000994, 0.003991, -0.000134, -0.000809, 0.004355, -0.000952, -0.006202, -0.002696 ],
      "X_55" : [ -0.001395, 0.001745, -0.000287, 0.001619, 0.002928, -0.004012, 0.001183, -0.000054, 0.001592, -0.003320 ],
      "X_56" : [ -0.001953, 0.015318, 0.022949, 0.003805, 0.002257, 0.000968, 0.000888, 0.000000, -0.018414, -0.025819 ],
      "X_57" : [ 0.001512, -0.020890, -0.000476, -0.002266, 0.004033, 0.005924, 0.000250, -0.000461, -0.000118, 0.012492 ],
      "X_58" : [ 0.006878, 0.010207, -0.001216, -0.005301, 0.002150, -0.032849, 0.011113, 0.003277, 0.003530, 0.002210 ],
      "X_59" : [ 0.001321, -0.004511, 0.002748, 0.001410, -0.000311, 0.002019, -0.017821, 0.002151, 0.000591, 0.012403 ],
      "X_60" : [ -0.000833, -0.000573, -0.000684, -0.004090, -0.003769, 0.008901, 0.013778, 0.002665, -0.002975, -0.012421 ],
      "X_61" : [ -0.002415, -0.000493, 0.002027, -0.005035, 0.011307, 0.000914, -0.006246, -0.001423, -0.003667, 0.005030 ],
      "X_62" : [ 0.000732, -0.005424, 0.000577, -0.002031, 0.002801, -0.002031, 0.000065, -0.004122, 0.001210, 0.008221 ],
      "X_63" : [ 0.000000, 0.004057, -0.000540, 0.000152, -0.000472, -0.000849, -0.001689, -0.000924, -0.000583, 0.000849 ]   
   },