{
	"metadata" : { "model" : "Tikhonov_Ridge", "version" : "2024-W14", "signature" : "ff4_il8"},
	"options" : { "alpha" : 1.000000, "random_state" : 1789 },
	"dataset" : { "dataset_rows" : 64, "dataset_features" : 64 },
	"classes" : [ 0, 1, 2, 3, 4, 5, 6, 7, 8, 9 ],
	"equations" : {
		"class_0" : {
			"intercept" : -0.148333,
			"coeffs" : [ 0.000000, 10.257131, 0.812787, 2.445566, -0.451078, 1.612755, -1.578122, 0.751604, -2.100856, -4.324389, -0.756977, -0.709880, 1.198216, -0.997752, 1.289839, 3.321393, -6.231643, 3.424100, -0.298536, -0.272079, 0.271164, -0.308234, -0.824233, 3.952650, 0.000000, 1.906898, -0.469070, -1.111655, 0.811181, -0.328656, 0.176870, 0.000000, 0.000000, -1.832933, 0.706377, -0.694546, -1.679560, -0.586708, -0.345301, 0.000000, 0.000000, -1.073432, 0.441161, 0.463790, 0.214231, 1.077856, -0.094941, 0.000000, -8.353028, 5.843174, -0.386500, -0.234675, 1.502084, -0.762834, 0.366885, -2.283455, -24.045835, -7.950914, -1.677591, -0.102724, -0.317111, 0.818143, 0.791075, 1.225148 ]
		},
		"class_1" : {
			"intercept" : -16.389236,
			"coeffs" : [ 0.000000, 3.166997, -3.030457, 0.387714, 2.124525, -1.114474, 1.378758, 0.800785, 1.718190, 3.280632, 1.376118, -0.271735, 0.386129, 0.091730, -1.560004, 3.291213, 1.745240, -7.064883, -0.594438, 0.499651, -0.072363, 1.338975, -0.075363, 2.308561, 0.000000, 2.122401, 2.081082, 1.165604, -1.766467, 0.411782, -0.666974, 0.000000, 0.000000, -3.222043, -0.516689, -0.057963, 0.188360, 0.322745, 0.491160, 0.000000, 0.000000, 1.260100, 0.599581, -0.469286, 0.157942, -1.638143, -0.673422, 0.000000, -4.640734, -3.695179, -0.207084, -0.262985, -0.890690, 1.011602, 0.693448, 2.511549, -13.077177, 18.470600, 1.387805, -0.492986, 0.018085, -0.954508, -2.307695, 6.443555 ]
		},
		"class_2" : {
			"intercept" : 3.458225,
			"coeffs" : [ 0.000000, -1.497760, -0.459191, -1.076337, 0.358708, -0.603492, 0.693908, -0.604159, 2.947137, 2.255976, 0.095778, 0.289439, -0.596934, 0.147681, -0.813485, -1.101332, 4.541236, -2.182636, 0.589104, -0.091241, -0.252001, 0.177265, 0.794464, -0.775505, 0.000000, -1.540032, -0.094127, 0.528891, -0.095560, 0.110347, -0.739531, 0.000000, 0.000000, 0.607540, 0.315333, -0.559406, 0.474367, 0.626235, 0.518022, 0.000000, 0.000000, 0.626878, -0.324358, -0.094458, 0.110690, -1.379864, -0.880348, 0.000000, 2.292338, -0.377492, 0.075839, 0.292489, -0.745829, 1.200504, -0.377331, -0.448069, -3.256680, -2.653192, 0.693338, 0.323383, 0.217377, -0.717923, 0.850259, -1.993214 ]
		},
		"class_3" : {
			"intercept" : 33.676350,
			"coeffs" : [ 0.000000, -12.896371, 2.198319, -2.226829, 0.218418, -1.274741, 2.233369, -1.330799, -2.135732, 4.758698, -1.293257, 0.296746, -0.748412, 1.135280, -0.492532, -3.458945, -5.286148, -0.411185, 1.975210, -0.536989, -0.586078, -1.085045, 1.297930, 9.038708, 0.000000, -2.402351, -1.688538, -0.301608, 1.372321, -0.327340, -0.224953, 0.000000, 0.000000, 2.876857, 0.527181, -0.107494, -0.184791, 0.248338, -0.798151, 0.000000, 0.000000, 0.460576, -0.210836, 0.147002, -0.043984, 0.361354, -0.035978, 0.000000, 5.229381, -2.480350, 0.046066, 0.769552, -1.115331, 0.324158, 0.624447, 1.229929, 16.194733, 0.045066, -0.797252, -0.326985, -0.952245, 0.176563, -0.720440, 0.417616 ]
		},
		"class_4" : {
			"intercept" : -8.586842,
			"coeffs" : [ 0.000000, 9.381593, -6.031996, 2.115582, 0.435934, -0.631357, -0.608243, 0.893078, 3.258295, 2.784596, 1.519210, 0.773275, -0.384391, -0.551316, -0.843081, 3.923343, 4.148955, -9.307059, -2.751818, 0.953098, 0.825951, 1.792800, -2.099804, -15.185624, 0.000000, 6.599575, 2.764846, 1.940713, -3.538649, 1.337533, -0.405723, 0.000000, 0.000000, -6.333735, -1.001187, -0.372598, 1.378847, -0.514427, 2.129424, 0.000000, 0.000000, -0.244251, 0.690009, -1.662112, -0.213865, -0.471196, -0.460761, 0.000000, -8.997521, 1.094735, -0.628667, -0.289099, -0.276837, -0.363022, -1.869435, 1.525587, -25.809860, 11.992013, 3.340072, -0.162122, 1.197125, -0.363692, -0.133946, -1.056391 ]
		},
		"class_5" : {
			"intercept" : -16.351198,
			"coeffs" : [ 0.000000, 2.824394, 7.755404, 1.122873, -1.245931, 1.019385, -0.620213, -0.502147, -1.247462, -3.689113, -1.886173, -0.534075, 0.048361, 0.466379, 0.238321, 0.093485, -5.539653, 5.030211, -0.108181, -1.371490, 0.974474, -0.286103, 0.782673, -13.379651, 0.000000, 4.352321, -0.891830, -0.482574, 0.965757, -1.547041, 1.191577, 0.000000, 0.000000, -0.214215, 0.862745, -0.423444, 0.452114, 0.167784, 0.026023, 0.000000, 0.000000, -2.575248, 0.638339, 1.670173, -0.381867, 1.538266, 0.821148, 0.000000, 7.464957, 2.162375, 0.498176, -0.705643, 1.373539, -1.696441, -0.209802, -0.709353, 23.914639, -10.270124, -6.198964, 0.016234, -0.633841, 1.080962, 1.530108, -1.295396 ]
		},
		"class_6" : {
			"intercept" : -20.424404,
			"coeffs" : [ 0.000000, 5.082394, -5.673357, 0.953765, 0.243988, 0.031496, -0.573309, 1.080427, 4.752993, 0.935205, 2.572768, 0.228015, -0.280464, -0.170653, -0.624620, 4.485555, 7.138270, -5.670537, -1.982654, 1.654324, 0.838486, 1.538881, -1.248466, -9.825907, 0.000000, 2.327991, 2.775210, 0.521333, -2.252542, 0.400475, 0.801436, 0.000000, 0.000000, -3.406774, -1.978496, 1.158531, 0.530551, -0.063829, 0.278092, 0.000000, 0.000000, 2.246207, 0.674143, -1.918411, 0.182529, -1.335107, -0.070472, 0.000000, -3.733838, -1.574205, -1.505305, -0.070643, -0.234628, 0.492636, 1.226343, -0.253779, -10.018894, 12.308145, 3.720962, -0.135878, 1.366297, -1.291163, -0.740781, -1.112625 ]
		},
		"class_7" : {
			"intercept" : 0.953847,
			"coeffs" : [ 0.000000, 2.814344, -2.129237, -0.720005, 0.622272, -0.918206, 0.698176, 0.878397, 6.876025, 2.312027, 1.403149, 0.637075, -1.115827, -0.001739, -1.270175, -7.675356, 11.722459, -5.113575, -0.518471, 1.112572, -0.112302, 0.994867, 0.402518, -10.767503, 0.000000, -0.064979, 0.561318, 1.218526, -1.572348, 0.569860, -0.791153, 0.000000, 0.000000, -0.551574, -0.509525, 0.448312, 0.969867, 0.418231, 0.811551, 0.000000, 0.000000, 1.632758, -0.737731, -0.918413, -0.139817, -1.464448, -0.243235, 0.000000, 2.298743, -2.395185, 0.026118, 0.161456, -1.177631, 0.719713, -1.177506, 0.242669, 7.909637, 4.276649, 1.598305, 0.155657, 0.954279, -0.826971, -0.204653, -2.054453 ]
		},
		"class_8" : {
			"intercept" : 8.925086,
			"coeffs" : [ 0.000000, -9.274024, 1.702325, -2.038422, -0.741528, -0.316742, 0.089714, -1.620123, -6.917729, -0.829063, -0.615438, 0.110958, -0.334440, 0.381537, 0.903472, -3.260460, 4.769972, 5.106354, 1.125285, -0.258179, -0.693037, -1.199448, 0.352182, 5.726140, 0.000000, -4.265100, -1.754177, -0.294508, 1.098533, 0.241369, -0.032347, 0.000000, 0.000000, 4.577151, 0.250060, 0.636489, 0.494747, -0.254518, -0.268434, 0.000000, 0.000000, -0.549478, -1.022277, 0.566195, -0.363466, 0.991833, 0.456124, 0.000000, 7.982080, -2.095542, 1.032975, 0.247899, -0.198575, -0.317862, -0.774937, 0.387246, 25.466013, -6.295415, 0.064929, 0.453868, -0.291153, 0.658025, 0.041945, -1.760796 ]
		},
		"class_9" : {
			"intercept" : 6.886523,
			"coeffs" : [ 0.000000, -9.858706, 4.855401, -0.963908, -1.565306, 2.195372, -1.714030, -0.347066, -7.150856, -7.484556, -2.415178, -0.819818, 1.827762, -0.501146, 3.172261, 0.381117, -17.008705, 16.189198, 2.564500, -1.689666, -1.194295, -2.963955, 0.618099, 28.908134, 0.000000, -9.036716, -3.284713, -3.184717, 4.977773, -0.868327, 0.690797, 0.000000, 0.000000, 7.499717, 1.344203, -0.027882, -2.624502, -0.363851, -2.842386, 0.000000, 0.000000, -1.784108, -0.748030, 2.215521, 0.477606, 2.319445, 1.181884, 0.000000, 0.457619, 3.517662, 1.048381, 0.091651, 1.763894, -0.608453, 1.497888, -2.202321, 2.723392, -19.922804, -2.131600, 0.271551, -1.558814, 1.420563, 0.894125, 1.186564 ]
		}
	}
}