{
	"metadata" : { "model" : "Tikhonov_Ridge", "version" : "2024-W13", "signature" : "ff4_il8"},
	"options" : { "alpha" : 0.000000, "random_state" : 1789 },
	"dataset" : { "dataset_rows" : 64, "dataset_features" : 64 },
	"classes" : [ 0, 1, 2, 3, 4, 5, 6, 7, 8, 9 ],
	"equations" : {
		"class_0" : {
			"intercept" : 64.699631,
			"coeffs" : [ 0.000000, 35.347122, 11.394555, 6.953054, -2.690786, 6.712885, -9.007689, -178.924454, 501.489014, -14.922093, -5.520471, -1.459428, 4.140357, -5.206999, 7.073659, 530.954895, -1026.890869, 14.418811, -0.628599, -3.705360, -1.131930, -2.925578, -4.648191, 12.644375, 0.000000, 1.657603, -3.562741, -3.836616, 4.542861, -0.740382, 1.485721, 0.000000, 0.000000, -0.577543, 2.643078, -2.121090, -4.760728, -4.344812, 1.132190, 0.000000, 0.000000, -7.750238, -2.286082, 3.361180, -0.166977, 7.147630, -0.094749, 0.000000, -201.076691, 27.696899, 3.250828, -2.207176, 6.559566, -4.855795, -1.827793, -13.884045, 412.986633, -52.865051, -15.049545, 1.276331, -2.230702, 4.510204, 5.619611, -0.521454 ]
		},
		"class_1" : {
			"intercept" : -102.147148,
			"coeffs" : [ 0.000000, -7.404775, -24.677370, 0.882812, 4.540390, -6.115782, 10.524306, -142.474091, 423.006073, 18.479839, 9.766844, 2.450106, -3.989963, 5.260397, -8.407254, 463.004120, -842.682678, -26.530819, -2.110406, 8.264493, 4.395580, 6.941845, 0.543143, -16.227093, 0.000000, 7.974407, 9.203450, 3.155381, -9.659710, 1.712535, -1.424255, 0.000000, 0.000000, -15.183141, -4.864015, 2.892032, 2.256702, 5.603834, -3.193079, 0.000000, 0.000000, 13.394942, 8.059429, -8.971598, -0.658853, -11.321981, -3.553416, 0.000000, -148.433304, -19.255857, -12.738366, 3.184864, -5.907020, 5.804283, 7.028536, 14.659637, 398.717560, 83.574371, 22.568804, -5.235005, 4.693454, -5.062144, -10.077480, 9.658552 ]
		},
		"class_2" : {
			"intercept" : -27.245543,
			"coeffs" : [ 0.000000, -8.080043, -4.222646, -3.035575, 1.157862, -2.562529, 3.997625, -118.363831, 340.631042, 6.930255, 2.199646, 0.139188, -1.708580, 1.626119, -3.538706, 357.108215, -670.578979, -6.915915, 0.805278, 1.263649, 0.182344, 1.499446, 2.912067, -6.639061, 0.000000, -1.451531, 1.049012, 1.522278, -1.356654, 0.070068, -1.886361, 0.000000, 0.000000, 0.195571, 0.097938, -0.064354, 1.221411, 2.783373, 0.025595, 0.000000, 0.000000, 3.474106, 0.530854, -1.058923, 0.653751, -4.383203, -1.117653, 0.000000, 1700.396362, -7.012230, -1.250961, 1.386144, -2.920821, 3.512714, -0.180500, 3.449043, -5043.933105, 9.053607, 5.210101, 0.125665, 0.951383, -2.640891, 0.546516, -2.200592 ]
		},
		"class_3" : {
			"intercept" : 72.895508,
			"coeffs" : [ 0.000000, -33.836864, 9.132626, -6.830155, 1.514800, -3.493999, 5.424738, -93.156197, 254.859985, 6.876512, -4.649177, -1.011132, -0.729644, 2.463162, -2.785877, 254.703934, -504.248230, 0.990250, 5.164043, -3.510174, -2.178525, -3.271703, 6.461943, 12.487131, 0.000000, -4.908402, -4.740451, 0.583366, 4.317081, -1.822748, -0.737663, 0.000000, 0.000000, 8.846783, 2.012175, -1.408457, 0.477106, 0.144885, -0.335475, 0.000000, 0.000000, -0.583832, -1.874642, 2.972147, 0.820881, 1.520730, 0.580221, 0.000000, -57.322388, -12.690083, 4.107549, 0.746114, -2.834001, 0.675310, 1.088679, 3.381580, 334.554016, 2.832155, -4.379594, 0.899107, -3.324431, 0.053228, -2.172887, 2.987305 ]
		},
		"class_4" : {
			"intercept" : -109.208511,
			"coeffs" : [ 0.000000, 17.783607, -38.829777, 7.965043, 1.239608, -4.506094, 6.897426, -199.757278, 592.311890, 19.285366, 11.841699, 7.585642, -6.447846, 4.585627, -6.027770, 646.962402, -1179.896240, -33.704796, -7.315609, 11.755435, 8.217148, 9.521338, -7.207078, -44.338257, 0.000000, 17.646042, 12.738659, 4.270539, -16.325073, 5.305660, -0.756139, 0.000000, 0.000000, -27.047188, -7.100202, 3.277756, 3.982089, 4.261566, -1.984882, 0.000000, 0.000000, 13.532308, 10.764256, -14.590081, -3.533771, -11.183681, -4.436934, 0.000000, -245.070358, -0.150737, -19.910728, 3.825069, -3.946523, 3.116286, 4.074386, 12.998157, 448.218994, 77.443199, 33.384144, -7.436064, 9.196767, -3.642121, -7.841545, -1.129642 ]
		},
		"class_5" : {
			"intercept" : 103.573242,
			"coeffs" : [ 0.000000, 25.843512, 42.164684, 1.125459, -2.657407, 6.665541, -9.652744, -275.435028, 761.419556, -21.094721, -12.463692, -4.243845, 4.288358, -5.609887, 5.589411, 775.833435, -1521.692627, 24.630182, 1.273726, -11.872971, -3.365932, -6.028478, 1.889338, -8.552494, 0.000000, 1.892570, -8.870980, -1.939766, 9.803208, -4.909842, 2.423678, 0.000000, 0.000000, 10.959721, 6.061598, -4.446124, -1.781310, -5.968956, 5.918689, 0.000000, 0.000000, -17.415449, -7.629565, 12.414501, 1.164626, 13.186559, 3.623046, 0.000000, -228.763123, 17.779520, 16.154680, -5.667552, 7.056485, -7.781898, -7.099154, -16.412699, 836.565430, -83.583153, -41.666553, 5.781880, -7.231850, 5.581890, 11.039890, -5.053546 ]
		},
		"class_6" : {
			"intercept" : -142.591400,
			"coeffs" : [ 0.000000, 6.470518, -38.790810, 5.226891, 0.993242, -3.610883, 7.623341, -198.267059, 592.093750, 17.118183, 15.153897, 4.976936, -6.067507, 5.318088, -6.275987, 651.356506, -1180.791992, -28.337618, -5.773452, 13.938547, 8.145741, 9.477250, -4.469316, -38.058960, 0.000000, 10.118064, 13.318121, 1.000383, -13.385832, 2.738824, 1.218033, 0.000000, 0.000000, -21.233555, -9.223718, 6.591346, 1.736372, 6.485494, -5.792613, 0.000000, 0.000000, 18.613287, 11.661437, -15.527713, -2.065299, -13.763245, -4.487526, 0.000000, -227.349930, -8.310874, -22.177734, 5.133502, -4.508659, 5.418709, 9.990815, 11.459621, 501.139526, 81.311211, 34.748764, -7.166878, 9.590631, -5.396764, -9.262168, -1.177012 ]
		},
		"class_7" : {
			"intercept" : -78.126701,
			"coeffs" : [ 0.000000, -2.848362, -16.951485, -1.643242, 2.017658, -4.634903, 7.079245, 1722.957153, 512.672729, 12.711460, 8.326294, 2.244681, -4.472504, 3.424583, -6.211375, -5154.267090, -1000.475769, -18.375032, -2.060261, 6.960119, 2.629557, 5.348451, 1.389854, -28.073141, 0.000000, 2.976195, 5.400411, 3.035366, -7.305812, 1.698639, -2.140351, 0.000000, 0.000000, -6.972805, -3.090121, 2.888093, 2.862600, 4.646180, -1.311543, 0.000000, 0.000000, 9.992690, 3.257209, -6.228557, -0.390222, -8.648806, -1.152481, 0.000000, -161.318878, -14.142841, -7.359137, 2.660916, -5.235073, 4.660486, 0.769159, 9.397623, 529.704163, 42.937286, 16.401321, -2.373937, 4.560740, -4.405226, -3.447279, -2.286133 ]
		},
		"class_8" : {
			"intercept" : 46.489105,
			"coeffs" : [ 0.000000, -23.066013, 14.831062, -6.323420, -1.072666, 0.582120, -3.959040, -271.380249, -4647.511719, -8.620286, -5.862170, -2.421039, 2.664048, -1.717201, 4.078654, 786.948486, 9297.663086, 17.459021, 3.241521, -5.797241, -4.989140, -5.463367, 2.168229, 28.391361, 0.000000, -11.074168, -6.954589, -0.087449, 6.609036, -0.240353, -0.365875, 0.000000, 0.000000, 16.506302, 3.483458, -1.660654, 1.044103, -3.376373, 2.429686, 0.000000, 0.000000, -8.287161, -7.028951, 7.616787, 0.821100, 6.733465, 3.692586, 0.000000, -223.137466, -6.144914, 12.290731, -2.233913, 1.049626, -2.083979, -5.436077, -2.155621, 851.876953, -31.994164, -10.260324, 4.304818, -4.076536, 2.144806, 2.975603, -1.275498 ]
		},
		"class_9" : {
			"intercept" : 163.661865,
			"coeffs" : [ 0.000000, -10.208759, 45.949142, -4.320870, -5.042691, 10.963629, -18.927177, -245.202667, 669.031738, -36.764481, -18.792858, -8.261103, 12.323275, -10.143875, 16.505226, 687.407043, -1370.415527, 56.365879, 7.403758, -17.296482, -11.904841, -15.099195, 0.960016, 88.366096, 0.000000, -24.830763, -17.580881, -7.703479, 22.760878, -3.812395, 2.183210, 0.000000, 0.000000, 34.505821, 9.979800, -5.948551, -7.038337, -10.235182, 3.111421, 0.000000, 0.000000, -24.970629, -15.453932, 20.012239, 3.354759, 20.712519, 6.946898, 0.000000, -207.925522, 22.231083, 27.633123, -6.827958, 10.686408, -8.466108, -8.408042, -22.893255, 730.173340, -128.709320, -40.957111, 9.824070, -12.129445, 8.857007, 12.619708, 0.998041 ]
		}
	}
}