{
   "Contributions" : {
      "X_0" : [ -0.005280, 0.005280 ],
      "X_1" : [ 0.000000, 0.000000 ],
      "X_2" : [ 0.011413, -0.011413 ],
      "X_3" : [ 0.002808, -0.002808 ],
      "X_4" : [ -0.025978, 0.025978 ],
      "X_5" : [ 0.094871, -0.094871 ],
      "X_6" : [ -0.012451, 0.012451 ],
      "X_7" : [ -0.008270, 0.008270 ],
      "X_8" : [ -0.012787, 0.012787 ],
      "X_9" : [ 0.000092, -0.000092 ]   
   },
   "Most_Contributive_Features_By_Class" : {
      "class_0" : [ 5, 4, 8, 6, 2, 7, 0, 3, 9 ],
      "class_1" : [ 5, 4, 8, 6, 2, 7, 0, 3, 9 ]
   }
}