{
   "Contributions" : {
      "X_0" : [ -0.001513, 0.001513 ],
      "X_1" : [ -0.000880, 0.000880 ],
      "X_2" : [ 0.012395, -0.012395 ],
      "X_3" : [ 0.001990, -0.001990 ],
      "X_4" : [ 0.003067, -0.003067 ],
      "X_5" : [ 0.056659, -0.056659 ],
      "X_6" : [ 0.005376, -0.005376 ],
      "X_7" : [ 0.000000, 0.000000 ],
      "X_8" : [ 0.006352, -0.006352 ],
      "X_9" : [ -0.003047, 0.003047 ]   
   },
   "Most_Contributive_Features_By_Class" : {
      "class_0" : [ 5, 2, 8, 6, 4, 9, 3, 0, 1 ],
      "class_1" : [ 5, 2, 8, 6, 4, 9, 3, 0, 1 ]
   }
}