{
   "Contributions" : {
      "X_0" : [ -16.259661 ],
      "X_1" : [ 532.008606 ],
      "X_2" : [ 2747.262695 ],
      "X_3" : [ -624.527771 ],
      "X_4" : [ -60.642101 ],
      "X_5" : [ 759.651306 ],
      "X_6" : [ -64.707558 ],
      "X_7" : [ 2865.422363 ],
      "X_8" : [ 0.000000 ]   
   },
   "Most_Contributive_Features" : {
      "y" : [ 7, 2, 5, 3, 1, 6, 4, 0 ]
   }
}