{
   "Contributions" : {
      "X_0" : [ 852.676819 ],
      "X_1" : [ -4526.490234 ],
      "X_2" : [ 3649.327637 ],
      "X_3" : [ -175.706558 ],
      "X_4" : [ -785.629761 ],
      "X_5" : [ 218.056641 ],
      "X_6" : [ 262.838409 ],
      "X_7" : [ 768.463928 ],
      "X_8" : [ 0.000000 ]   
   },
   "Most_Contributive_Features" : {
      "y" : [ 1, 2, 0, 4, 7, 6, 5, 3 ]
   }
}