{
	"metadata" : { "model" : "Breiman_CART", "version" : "2024-W12", "signature" : "ff4_ff4"},
	"options" : { "ccp_alpha" : 0.000000, "criterion" : "", "max_depth" : 6, "max_features" : null, "max_leaf_nodes" : 32, "min_impurity_decrease" : 0.000000, "min_samples_leaf" : 1, "min_samples_split" : 2, "min_weight_fraction_leaf" : 0.000000, "random_state" : 1789, "splitter" : "best" },
	"dataset" : { "dataset_rows" : 20640, "dataset_features" : 9 },
	"tree" : {
	"features" : 9,
	"outputs" : 1,
	"max_depth" : 5,
	"node_count" : 63,
	"nodes" : {
		"node_00" : {"left" : 1, "right" : 2, "feature" : 7, "threshold" : 7.500000, "impurity" : 13315502080.000000, "n_samples" : 20640, "w_samples" : 20640.000000, "value" : [206854.968750]},
		"node_01" : {"left" : 5, "right" : 6, "feature" : 7, "threshold" : 3.500000, "impurity" : 8571310080.000000, "n_samples" : 16690, "w_samples" : 16690.000000, "value" : [175773.156250]},
		"node_02" : {"left" : 3, "right" : 4, "feature" : 7, "threshold" : 8.500000, "impurity" : 12030541824.000000, "n_samples" : 3950, "w_samples" : 3950.000000, "value" : [338188.187500]},
		"node_03" : {"left" : 7, "right" : 8, "feature" : 2, "threshold" : 4.500000, "impurity" : 8900952064.000000, "n_samples" : 2685, "w_samples" : 2685.000000, "value" : [297410.062500]},
		"node_04" : {"left" : 9, "right" : 10, "feature" : 2, "threshold" : 4.500000, "impurity" : 7660748800.000000, "n_samples" : 1265, "w_samples" : 1265.000000, "value" : [424737.687500]},
		"node_05" : {"left" : 39, "right" : 40, "feature" : 1, "threshold" : 4.500000, "impurity" : 5789716480.000000, "n_samples" : 8325, "w_samples" : 8325.000000, "value" : [138054.140625]},
		"node_06" : {"left" : 21, "right" : 22, "feature" : 2, "threshold" : 7.500000, "impurity" : 8514453504.000000, "n_samples" : 8365, "w_samples" : 8365.000000, "value" : [213313.140625]},
		"node_07" : {"left" : null, "right" : null, "feature" : null, "threshold" : null, "impurity" : 6608199680.000000, "n_samples" : 1677, "w_samples" : 1677.000000, "value" : [272883.375000]},
		"node_08" : {"left" : 19, "right" : 20, "feature" : 2, "threshold" : 7.500000, "impurity" : 10049527808.000000, "n_samples" : 1008, "w_samples" : 1008.000000, "value" : [338214.312500]},
		"node_09" : {"left" : 53, "right" : 54, "feature" : 2, "threshold" : 2.500000, "impurity" : 7599341568.000000, "n_samples" : 741, "w_samples" : 741.000000, "value" : [398518.531250]},
		"node_10" : {"left" : 11, "right" : 12, "feature" : 3, "threshold" : 0.500000, "impurity" : 5391613952.000000, "n_samples" : 524, "w_samples" : 524.000000, "value" : [461813.843750]},
		"node_11" : {"left" : 13, "right" : 14, "feature" : 2, "threshold" : 9.500000, "impurity" : 20235911168.000000, "n_samples" : 43, "w_samples" : 43.000000, "value" : [374305.062500]},
		"node_12" : {"left" : null, "right" : null, "feature" : null, "threshold" : null, "impurity" : 3321544704.000000, "n_samples" : 481, "w_samples" : 481.000000, "value" : [469636.843750]},
		"node_13" : {"left" : 17, "right" : 18, "feature" : 0, "threshold" : 7.500000, "impurity" : 15808593920.000000, "n_samples" : 33, "w_samples" : 33.000000, "value" : [405858.062500]},
		"node_14" : {"left" : 15, "right" : 16, "feature" : 5, "threshold" : 2.500000, "impurity" : 20718624768.000000, "n_samples" : 10, "w_samples" : 10.000000, "value" : [270180.187500]},
		"node_15" : {"left" : null, "right" : null, "feature" : null, "threshold" : null, "impurity" : 16499986432.000000, "n_samples" : 9, "w_samples" : 9.000000, "value" : [244644.562500]},
		"node_16" : {"left" : null, "right" : null, "feature" : null, "threshold" : null, "impurity" : 32768.000000, "n_samples" : 1, "w_samples" : 1.000000, "value" : [500001.000000]},
		"node_17" : {"left" : null, "right" : null, "feature" : null, "threshold" : null, "impurity" : 13529219072.000000, "n_samples" : 32, "w_samples" : 32.000000, "value" : [415025.500000]},
		"node_18" : {"left" : null, "right" : null, "feature" : null, "threshold" : null, "impurity" : 62464.000000, "n_samples" : 1, "w_samples" : 1.000000, "value" : [112500.000000]},
		"node_19" : {"left" : 33, "right" : 34, "feature" : 0, "threshold" : 5.500000, "impurity" : 9283158016.000000, "n_samples" : 691, "w_samples" : 691.000000, "value" : [320746.125000]},
		"node_20" : {"left" : null, "right" : null, "feature" : null, "threshold" : null, "impurity" : 9606905856.000000, "n_samples" : 317, "w_samples" : 317.000000, "value" : [376291.593750]},
		"node_21" : {"left" : null, "right" : null, "feature" : null, "threshold" : null, "impurity" : 7144837120.000000, "n_samples" : 6780, "w_samples" : 6780.000000, "value" : [201591.375000]},
		"node_22" : {"left" : 23, "right" : 24, "feature" : 4, "threshold" : 4.500000, "impurity" : 11268710400.000000, "n_samples" : 1585, "w_samples" : 1585.000000, "value" : [263455.906250]},
		"node_23" : {"left" : 25, "right" : 26, "feature" : 7, "threshold" : 5.500000, "impurity" : 9302786048.000000, "n_samples" : 1019, "w_samples" : 1019.000000, "value" : [239787.468750]},
		"node_24" : {"left" : 27, "right" : 28, "feature" : 7, "threshold" : 5.500000, "impurity" : 11978694656.000000, "n_samples" : 566, "w_samples" : 566.000000, "value" : [306067.093750]},
		"node_25" : {"left" : 51, "right" : 52, "feature" : 2, "threshold" : 8.500000, "impurity" : 7668432896.000000, "n_samples" : 522, "w_samples" : 522.000000, "value" : [208720.031250]},
		"node_26" : {"left" : 59, "right" : 60, "feature" : 2, "threshold" : 9.500000, "impurity" : 8940896256.000000, "n_samples" : 497, "w_samples" : 497.000000, "value" : [272417.718750]},
		"node_27" : {"left" : 31, "right" : 32, "feature" : 4, "threshold" : 7.500000, "impurity" : 11044921344.000000, "n_samples" : 317, "w_samples" : 317.000000, "value" : [279240.468750]},
		"node_28" : {"left" : 29, "right" : 30, "feature" : 2, "threshold" : 9.500000, "impurity" : 11086446592.000000, "n_samples" : 249, "w_samples" : 249.000000, "value" : [340219.656250]},
		"node_29" : {"left" : null, "right" : null, "feature" : null, "threshold" : null, "impurity" : 10164150272.000000, "n_samples" : 149, "w_samples" : 149.000000, "value" : [313404.062500]},
		"node_30" : {"left" : null, "right" : null, "feature" : null, "threshold" : null, "impurity" : 9792946176.000000, "n_samples" : 100, "w_samples" : 100.000000, "value" : [380175.125000]},
		"node_31" : {"left" : null, "right" : null, "feature" : null, "threshold" : null, "impurity" : 9447972864.000000, "n_samples" : 258, "w_samples" : 258.000000, "value" : [263589.156250]},
		"node_32" : {"left" : null, "right" : null, "feature" : null, "threshold" : null, "impurity" : 12272902144.000000, "n_samples" : 59, "w_samples" : 59.000000, "value" : [347681.500000]},
		"node_33" : {"left" : 37, "right" : 38, "feature" : 1, "threshold" : 3.500000, "impurity" : 8467816448.000000, "n_samples" : 461, "w_samples" : 461.000000, "value" : [335959.500000]},
		"node_34" : {"left" : 35, "right" : 36, "feature" : 1, "threshold" : 3.500000, "impurity" : 9523724288.000000, "n_samples" : 230, "w_samples" : 230.000000, "value" : [290253.062500]},
		"node_35" : {"left" : null, "right" : null, "feature" : null, "threshold" : null, "impurity" : 8732106752.000000, "n_samples" : 182, "w_samples" : 182.000000, "value" : [273431.875000]},
		"node_36" : {"left" : null, "right" : null, "feature" : null, "threshold" : null, "impurity" : 7384621056.000000, "n_samples" : 48, "w_samples" : 48.000000, "value" : [354033.406250]},
		"node_37" : {"left" : null, "right" : null, "feature" : null, "threshold" : null, "impurity" : 7727824896.000000, "n_samples" : 103, "w_samples" : 103.000000, "value" : [374590.375000]},
		"node_38" : {"left" : null, "right" : null, "feature" : null, "threshold" : null, "impurity" : 8127856640.000000, "n_samples" : 358, "w_samples" : 358.000000, "value" : [324844.875000]},
		"node_39" : {"left" : 41, "right" : 42, "feature" : 0, "threshold" : 5.500000, "impurity" : 5722464256.000000, "n_samples" : 4110,