{
   "Contributions" : {
      "X_0" : [ 0.587728 ],
      "X_1" : [ -5.222018 ],
      "X_2" : [ 2.333371 ],
      "X_3" : [ 1.486464 ],
      "X_4" : [ -13.059425 ],
      "X_5" : [ 3.760043 ],
      "X_6" : [ 0.007934 ],
      "X_7" : [ 3.348616 ],
      "X_8" : [ 11.213315 ],
      "X_9" : [ -1.377581 ]   
   },
   "Most_Contributive_Features" : {
      "y" : [ 4, 8, 1, 5, 7, 2, 3, 9, 0, 6 ]
   }
}