{
	"metadata" : { "model" : "Tikhonov_Ridge", "version" : "2024-W13", "signature" : "ff4_ff4"},
	"options" : { "alpha" : 0.000000, "random_state" : 1789 },
	"dataset" : { "dataset_rows" : 55, "dataset_features" : 10 },
	"equations" : {
			"intercept" : 157.396317,
			"coeffs" : [ 52.029972, -532.696777, 445.122528, 676.320129, -740.972778, 250.759003, -56.610695, 385.025146, 822.402161, -106.097534 ]
		}
}