{
   "Contributions" : {
      "X_0" : [ 0.679816 ],
      "X_1" : [ -5.125813 ],
      "X_2" : [ 2.334937 ],
      "X_3" : [ 1.450583 ],
      "X_4" : [ -4.533562 ],
      "X_5" : [ -2.121459 ],
      "X_6" : [ 0.035098 ],
      "X_7" : [ 3.091299 ],
      "X_8" : [ 8.629985 ],
      "X_9" : [ -1.187573 ]   
   },
   "Most_Contributive_Features" : {
      "y" : [ 8, 1, 4, 7, 2, 5, 3, 9, 0, 6 ]
   }
}