{
	"metadata" : { "model" : "Tikhonov_Ridge", "version" : "2024-W12", "signature" : "ff4_ff4"},
	"options" : { "alpha" : 1.000000, "random_state" : 1789 },
	"dataset" : { "dataset_rows" : 55, "dataset_features" : 10 },
	"equations" : {
			"intercept" : 157.151749,
			"coeffs" : [ 60.182159, -522.883667, 445.421112, 659.995239, -257.227692, -141.481125, -250.421204, 355.438965, 632.936768, -91.463654 ]
		}
}