{
   "Contributions" : {
      "X_0" : [ 0.656408 ],
      "X_1" : [ -0.210281 ],
      "X_2" : [ 0.046997 ],
      "X_3" : [ -0.555029 ],
      "X_4" : [ -0.075131 ],
      "X_5" : [ -0.107670 ],
      "X_6" : [ -0.014310 ],
      "X_7" : [ 0.140568 ],
      "X_8" : [ 0.003076 ],
      "X_9" : [ -0.060704 ]   
   },
   "Most_Contributive_Features" : {
      "y" : [ 0, 3, 1, 7, 5, 4, 9, 2, 6, 8 ]
   }
}