{
	"metadata" : { "model" : "Tikhonov_Ridge", "version" : "2024-W13", "signature" : "ff4_ff4"},
	"options" : { "alpha" : 1.000000, "random_state" : 1789 },
	"dataset" : { "dataset_rows" : 16, "dataset_features" : 10 },
	"equations" : {
			"intercept" : -0.170644,
			"coeffs" : [ 8.570517, 7.521006, 5.024872, 8.512961, 3.021130, 0.550156, -1.561722, -2.274378, 0.765304, -1.953000 ]
		}
}