{
	"metadata" : { "model" : "Tikhonov_Ridge", "version" : "2024-W12", "signature" : "ff4_ff4"},
	"options" : { "alpha" : 0.000000, "random_state" : 1789 },
	"dataset" : { "dataset_rows" : 16, "dataset_features" : 10 },
	"equations" : {
			"intercept" : -3.849333,
			"coeffs" : [ 10.790152, 7.858099, 6.379314, 10.510880, 3.065520, 1.299748, -1.495082, -2.421443, 0.452585, -1.499503 ]
		}
}