{
   "Contributions" : {
      "X_0" : [ 0.000001 ],
      "X_1" : [ 0.000006 ],
      "X_2" : [ 0.000173 ],
      "X_3" : [ -0.248548 ],
      "X_4" : [ 0.047398 ],
      "X_5" : [ 0.125118 ],
      "X_6" : [ 0.024623 ],
      "X_7" : [ -0.000023 ],
      "X_8" : [ 0.000000 ]   
   },
   "Most_Contributive_Features" : {
      "y" : [ 3, 5, 4, 6, 2, 7, 1, 0 ]
   }
}