{
   "Contributions" : {
      "X_0" : [ 0.000000, 0.000000 ],
      "X_1" : [ -0.002848, 0.002848 ],
      "X_2" : [ 0.000000, 0.000000 ],
      "X_3" : [ 0.000000, 0.000000 ],
      "X_4" : [ 0.000464, -0.000464 ],
      "X_5" : [ 0.000000, 0.000000 ],
      "X_6" : [ 0.000000, 0.000000 ],
      "X_7" : [ -0.000483, 0.000483 ],
      "X_8" : [ 0.000000, 0.000000 ],
      "X_9" : [ -0.001457, 0.001457 ],
      "X_10" : [ 0.000000, 0.000000 ],
      "X_11" : [ 0.000000, 0.000000 ],
      "X_12" : [ 0.000818, -0.000818 ],
      "X_13" : [ 0.000070, -0.000070 ],
      "X_14" : [ 0.000000, 0.000000 ],
      "X_15" : [ 0.000000, 0.000000 ],
      "X_16" : [ 0.000000, 0.000000 ],
      "X_17" : [ 0.000000, 0.000000 ],
      "X_18" : [ -0.000162, 0.000162 ],
      "X_19" : [ 0.000000, 0.000000 ],
      "X_20" : [ -0.017396, 0.017396 ],
      "X_21" : [ -0.006391, 0.006391 ],
      "X_22" : [ -0.048748, 0.048748 ],
      "X_23" : [ -0.002798, 0.002798 ],
      "X_24" : [ 0.005309, -0.005309 ],
      "X_25" : [ 0.000000, 0.000000 ],
      "X_26" : [ 0.000000, 0.000000 ],
      "X_27" : [ -0.004038, 0.004038 ],
      "X_28" : [ -0.007671, 0.007671 ],
      "X_29" : [ 0.000000, 0.000000 ]   
   },
   "Most_Contributive_Features_By_Class" : {
      "class_0" : [ 22, 20, 28, 21, 24, 27, 1, 23, 9, 12 ],
      "class_1" : [ 22, 20, 28, 21, 24, 27, 1, 23, 9, 12 ]
   }
}