{
   "Contributions" : {
      "X_0" : [ -0.000655, 0.000655 ],
      "X_1" : [ -0.000786, 0.000786 ],
      "X_2" : [ 0.000000, 0.000000 ],
      "X_3" : [ -0.000153, 0.000153 ],
      "X_4" : [ 0.004440, -0.004440 ],
      "X_5" : [ 0.000010, -0.000010 ],
      "X_6" : [ 0.000774, -0.000774 ],
      "X_7" : [ -0.006448, 0.006448 ],
      "X_8" : [ 0.001148, -0.001148 ],
      "X_9" : [ -0.000626, 0.000626 ],
      "X_10" : [ -0.000857, 0.000857 ],
      "X_11" : [ 0.000846, -0.000846 ],
      "X_12" : [ -0.000921, 0.000921 ],
      "X_13" : [ -0.004472, 0.004472 ],
      "X_14" : [ 0.000723, -0.000723 ],
      "X_15" : [ -0.006537, 0.006537 ],
      "X_16" : [ 0.000285, -0.000285 ],
      "X_17" : [ -0.000940, 0.000940 ],
      "X_18" : [ -0.002040, 0.002040 ],
      "X_19" : [ 0.002187, -0.002187 ],
      "X_20" : [ -0.019427, 0.019427 ],
      "X_21" : [ -0.015630, 0.015630 ],
      "X_22" : [ -0.066489, 0.066489 ],
      "X_23" : [ -0.027807, 0.027807 ],
      "X_24" : [ -0.005370, 0.005370 ],
      "X_25" : [ -0.003641, 0.003641 ],
      "X_26" : [ 0.000364, -0.000364 ],
      "X_27" : [ -0.020515, 0.020515 ],
      "X_28" : [ -0.015550, 0.015550 ],
      "X_29" : [ 0.000859, -0.000859 ]   
   },
   "Most_Contributive_Features_By_Class" : {
      "class_0" : [ 22, 23, 27, 20, 21, 28, 15, 7, 24, 13 ],
      "class_1" : [ 22, 23, 27, 20, 21, 28, 15, 7, 24, 13 ]
   }
}