{
   "Contributions" : {
      "X_0" : [ -0.026083, 0.026083 ],
      "X_1" : [ -0.018342, 0.018342 ],
      "X_2" : [ -0.031505, 0.031505 ],
      "X_3" : [ -0.026846, 0.026846 ],
      "X_4" : [ -0.007959, 0.007959 ],
      "X_5" : [ -0.028342, 0.028342 ],
      "X_6" : [ -0.051192, 0.051192 ],
      "X_7" : [ -0.025982, 0.025982 ],
      "X_8" : [ -0.004245, 0.004245 ],
      "X_9" : [ -0.005568, 0.005568 ]   
   },
   "Most_Contributive_Features_By_Class" : {
      "class_0" : [ 6, 2, 5, 3, 0, 7, 1, 4, 9, 8 ],
      "class_1" : [ 6, 2, 5, 3, 0, 7, 1, 4, 9, 8 ]
   }
}