{
   "Contributions" : {
      "X_0" : [ -0.006494, 0.006494 ],
      "X_1" : [ 0.002878, -0.002878 ],
      "X_2" : [ -0.030931, 0.030931 ],
      "X_3" : [ 0.004172, -0.004172 ],
      "X_4" : [ 0.009763, -0.009763 ],
      "X_5" : [ 0.002833, -0.002833 ],
      "X_6" : [ 0.020392, -0.020392 ],
      "X_7" : [ -0.000751, 0.000751 ],
      "X_8" : [ -0.003511, 0.003511 ],
      "X_9" : [ -0.004897, 0.004897 ],
      "X_10" : [ 0.017374, -0.017374 ],
      "X_11" : [ 0.009187, -0.009187 ],
      "X_12" : [ 0.030604, -0.030604 ],
      "X_13" : [ 0.007735, -0.007735 ],
      "X_14" : [ 0.001037, -0.001037 ],
      "X_15" : [ 0.006662, -0.006662 ],
      "X_16" : [ -0.006981, 0.006981 ],
      "X_17" : [ 0.005590, -0.005590 ],
      "X_18" : [ 0.006103, -0.006103 ],
      "X_19" : [ -0.004059, 0.004059 ],
      "X_20" : [ 0.022124, -0.022124 ],
      "X_21" : [ 0.002879, -0.002879 ],
      "X_22" : [ 0.012810, -0.012810 ],
      "X_23" : [ 0.015614, -0.015614 ],
      "X_24" : [ 0.008213, -0.008213 ],
      "X_25" : [ 0.013496, -0.013496 ],
      "X_26" : [ 0.009617, -0.009617 ],
      "X_27" : [ 0.021686, -0.021686 ],
      "X_28" : [ 0.002073, -0.002073 ],
      "X_29" : [ 0.000611, -0.000611 ]   
   },
   "Most_Contributive_Features_By_Class" : {
      "class_0" : [ 2, 12, 20, 27, 6, 10, 23, 25, 22, 4 ],
      "class_1" : [ 2, 12, 20, 27, 6, 10, 23, 25, 22, 4 ]
   }
}