{
   "Contributions" : {
      "X_0" : [ -0.008098, 0.008098 ],
      "X_1" : [ 0.001341, -0.001341 ],
      "X_2" : [ 0.030018, -0.030018 ],
      "X_3" : [ -0.002406, 0.002406 ],
      "X_4" : [ -0.004998, 0.004998 ],
      "X_5" : [ -0.001026, 0.001026 ],
      "X_6" : [ -0.013413, 0.013413 ],
      "X_7" : [ -0.022858, 0.022858 ],
      "X_8" : [ 0.004792, -0.004792 ],
      "X_9" : [ -0.002467, 0.002467 ],
      "X_10" : [ 0.002074, -0.002074 ],
      "X_11" : [ 0.007856, -0.007856 ],
      "X_12" : [ 0.035554, -0.035554 ],
      "X_13" : [ -0.007206, 0.007206 ],
      "X_14" : [ 0.000955, -0.000955 ],
      "X_15" : [ 0.007046, -0.007046 ],
      "X_16" : [ -0.004822, 0.004822 ],
      "X_17" : [ 0.005924, -0.005924 ],
      "X_18" : [ 0.004434, -0.004434 ],
      "X_19" : [ 0.009343, -0.009343 ],
      "X_20" : [ 0.028152, -0.028152 ],
      "X_21" : [ 0.002454, -0.002454 ],
      "X_22" : [ -0.016869, 0.016869 ],
      "X_23" : [ 0.002999, -0.002999 ],
      "X_24" : [ -0.006222, 0.006222 ],
      "X_25" : [ -0.007311, 0.007311 ],
      "X_26" : [ 0.020533, -0.020533 ],
      "X_27" : [ 0.006950, -0.006950 ],
      "X_28" : [ 0.008563, -0.008563 ],
      "X_29" : [ -0.002542, 0.002542 ]   
   },
   "Most_Contributive_Features_By_Class" : {
      "class_0" : [ 12, 2, 20, 7, 26, 22, 6, 19, 28, 0 ],
      "class_1" : [ 12, 2, 20, 7, 26, 22, 6, 19, 28, 0 ]
   }
}