{
   "Contributions" : {
      "X_0" : [ -0.171651 ],
      "X_1" : [ 0.327939 ],
      "X_2" : [ -0.066543 ],
      "X_3" : [ 0.174408 ],
      "X_4" : [ -0.102025 ],
      "X_5" : [ -0.184786 ],
      "X_6" : [ -0.974322 ],
      "X_7" : [ -0.769778 ],
      "X_8" : [ -0.658947 ],
      "X_9" : [ 0.109374 ]   
   },
   "Most_Contributive_Features" : {
      "y" : [ 6, 7, 8, 1, 5, 3, 0, 9, 4, 2 ]
   }
}