{
   "Contributions" : {
      "X_0" : [ -0.103230 ],
      "X_1" : [ 0.248620 ],
      "X_2" : [ -0.013830 ],
      "X_3" : [ 0.106787 ],
      "X_4" : [ -0.050467 ],
      "X_5" : [ -0.114124 ],
      "X_6" : [ -0.560285 ],
      "X_7" : [ -0.437759 ],
      "X_8" : [ -0.369228 ],
      "X_9" : [ 0.016391 ]   
   },
   "Most_Contributive_Features" : {
      "y" : [ 6, 7, 8, 1, 5, 3, 0, 4, 9, 2 ]
   }
}