{
   "Contributions" : {
      "X_0" : [ 0.000000, 0.000000, 0.000000, 0.000000, 0.000000, 0.000000, 0.000000, 0.000000, 0.000000, 0.000000 ],
      "X_1" : [ 0.000000, -0.001758, 0.002051, 0.001758, 0.000000, 0.000000, -0.002051, 0.000000, 0.000000, 0.000000 ],
      "X_2" : [ -0.004590, -0.000781, 0.000879, 0.001074, 0.000000, 0.009082, -0.005176, -0.008008, 0.002930, 0.004590 ],
      "X_3" : [ 0.000000, -0.000977, -0.000879, 0.004102, -0.002148, 0.002790, -0.000765, 0.000664, 0.003398, -0.006185 ],
      "X_4" : [ 0.000000, 0.000000, 0.000000, 0.000000, 0.000000, 0.000000, 0.000000, 0.000000, 0.000000, 0.000000 ],
      "X_5" : [ 0.000000, 0.000537, 0.000049, -0.000098, 0.000000, -0.001270, 0.000000, 0.000000, 0.000781, 0.000000 ],
      "X_6" : [ 0.000000, 0.000000, 0.000000, 0.000000, 0.000000, 0.000000, 0.000000, 0.000000, 0.000000, 0.000000 ],
      "X_7" : [ 0.000000, 0.000000, 0.000000, 0.000000, 0.000000, 0.000000, 0.000000, 0.000000, 0.000000, 0.000000 ],
      "X_8" : [ 0.000000, 0.000000, 0.000000, 0.000000, 0.000000, 0.000000, 0.000000, 0.000000, 0.000000, 0.000000 ],
      "X_9" : [ 0.000000, 0.000000, 0.000000, 0.000000, 0.000000, 0.000000, 0.000000, 0.000000, 0.000000, 0.000000 ],
      "X_10" : [ 0.000000, 0.000000, 0.000000, 0.000000, 0.000000, 0.000000, 0.000000, 0.000000, 0.000000, 0.000000 ],
      "X_11" : [ 0.000000, 0.000000, 0.000000, 0.000000, 0.000000, 0.000000, 0.000000, 0.000000, 0.000000, 0.000000 ],
      "X_12" : [ 0.000000, 0.000000, 0.000000, 0.000000, -0.000195, 0.000000, 0.000195, 0.000000, 0.000000, 0.000000 ],
      "X_13" : [ -0.003027, -0.004297, 0.000000, 0.000000, 0.008398, -0.004004, 0.005273, 0.000000, -0.002344, 0.000000 ],
      "X_14" : [ 0.000000, 0.000000, 0.000000, 0.000000, 0.000000, -0.007161, 0.000000, 0.000814, 0.006641, -0.000293 ],
      "X_15" : [ 0.000000, 0.000000, 0.000000, 0.000000, 0.000000, 0.000000, 0.000000, 0.000000, 0.000000, 0.000000 ],
      "X_16" : [ 0.000000, 0.000000, 0.000000, 0.000000, 0.000000, 0.000000, 0.000000, 0.000000, 0.000000, 0.000000 ],
      "X_17" : [ 0.000000, 0.000000, 0.000000, 0.000000, 0.000000, 0.000000, 0.000000, 0.000000, 0.000000, 0.000000 ],
      "X_18" : [ 0.003223, -0.003288, 0.000000, 0.002832, 0.000879, 0.008887, 0.001335, -0.019206, 0.007471, -0.002132 ],
      "X_19" : [ 0.003174, 0.002051, -0.003076, -0.002100, 0.003320, -0.002734, -0.001660, 0.000000, -0.000635, 0.001660 ],
      "X_20" : [ -0.007715, -0.008105, 0.001660, 0.004785, 0.000000, -0.008301, -0.004395, -0.001660, 0.017773, 0.005957 ],
      "X_21" : [ 0.000000, 0.000000, 0.000000, 0.000000, 0.000000, 0.000000, 0.000000, 0.000000, 0.000000, 0.000000 ],
      "X_22" : [ 0.000000, 0.000000, 0.000000, 0.000000, 0.000000, 0.000000, 0.000000, 0.000000, 0.000000, 0.000000 ],
      "X_23" : [ 0.000000, 0.000000, 0.000000, 0.000000, 0.000000, 0.000000, 0.000000, 0.000000, 0.000000, 0.000000 ],
      "X_24" : [ 0.000000, 0.000000, 0.000000, 0.000000, 0.000000, 0.000000, 0.000000, 0.000000, 0.000000, 0.000000 ],
      "X_25" : [ 0.000000, 0.000000, 0.000000, 0.000000, 0.000000, 0.000000, 0.000000, 0.000000, 0.000000, 0.000000 ],
      "X_26" : [ 0.000000, 0.000000, 0.000000, 0.000000, 0.000000, 0.000000, 0.000000, 0.000000, 0.000000, 0.000000 ],
      "X_27" : [ 0.000000, 0.000000, 0.000000, 0.000000, 0.000000, 0.000000, 0.000000, 0.000000, 0.000000, 0.000000 ],
      "X_28" : [ 0.000000, 0.000000, 0.000000, 0.000000, 0.000000, 0.000000, 0.000000, 0.000000, 0.000000, 0.000000 ],
      "X_29" : [ 0.000000, 0.000000, 0.000000, 0.000000, 0.000000, 0.000000, 0.000000, 0.000000, 0.000000, 0.000000 ],
      "X_30" : [ 0.000000, 0.000000, 0.000000, 0.000000, 0.000000, 0.000000, 0.000000, 0.000000, 0.000000, 0.000000 ],
      "X_31" : [ 0.000000, 0.000000, 0.000000, 0.000000, 0.000000, 0.000000, 0.000000, 0.000000, 0.000000, 0.000000 ],
      "X_32" : [ 0.000000, 0.000000, 0.000000, 0.000000, 0.000000, 0.000000, 0.000000, 0.000000, 0.000000, 0.000000 ],
      "X_33" : [ -0.001465, 0.000000, 0.000000, 0.000000, 0.001758, 0.000000, -0.000293, 0.000000, 0.000000, 0.000000 ],
      "X_34" : [ -0.004150, -0.004492, -0.001514, 0.000488, 0.008594, -0.005023, 0.024512, -0.005895, -0.015400, 0.002881 ],
      "X_35" : [ -0.003076, -0.004883, -0.006055, 0.000098, 0.003320, 0.003776, 0.004102, -0.000553, -0.000586, 0.003857 ],
      "X_36" : [ -0.001465, -0.001953, -0.000879, -0.000684, 0.000000, -0.002637, -0.000488, -0.003223, 0.002832, 0.008496 ],
      "X_37" : [ 0.000000, 0.000000, 0.000000, 0.000000, 0.000000, 0.000000, 0.000000, 0.000000, 0.000000, 0.000000 ],
      "X_38" : [ 0.000000, 0.000000, 0.000000, 0.000000, 0.000000, 0.000000, 0.000000, 0.000000, 0.000000, 0.000000 ],
      "X_39" : [ 0.000000, 0.000000, 0.000000, 0.000000, 0.000000, 0.000000, 0.000000, 0.000000, 0.000000, 0.000000 ],
      "X_40" : [ 0.000000, 0.000000, 0.000000, 0.000000, 0.000000, 0.000000, 0.000000, 0.000000, 0.000000, 0.000000 ],
      "X_41" : [ 0.002344, -0.001530, -0.003906, 0.000195, 0.000879, -0.000537, 0.001221, -0.001302, 0.003125, -0.000488 ],
      "X_42" : [ 0.003223, -0.003711, 0.002002, 0.002197, 0.005664, 0.000879, 0.001367, -0.008008, -0.001758, -0.001855 ],
      "X_43" : [ -0.003320, 0.000000, 0.000000, 0.000000, -0.002734, 0.000000, 0.006055, 0.000000, 0.000000, 0.000000 ],
      "X_44" : [ -0.006445, -0.001172, -0.001318, 0.000439, 0.001074, 0.001494, 0.001367, 0.000498, 0.002207, 0.001855 ],
      "X_45" : [ -0.003711, 0.003955, -0.001270, -0.000098, 0.006152, 0.000195, -0.002930, 0.000244, -0.002246, -0.000293 ],
      "X_46" : [ 0.007715, -0.005566, 0.000000, 0.003320, -0.004395, -0.001335, 0.000814, -0.000488, -0.003320, 0.003255 ],
      "X_47" : [ 0.000000, 0.000000, 0.000000, 0.000000, 0.000000, 0.000000, 0.000000, 0.000000, 0.000000, 0.000000 ],
      "X_48" : [ 0.000000, 0.000000, 0.000000, 0.000000, 0.000000, 0.000000, 0.000000, 0.000000, 0.000000, 0.000000 ],
      "X_49" : [ 0.000000, 0.000000, 0.000000, 0.000000, 0.000000, -0.002832, 0.000000, 0.000000, 0.001416, 0.001416 ],
      "X_50" : [ 0.000000, 0.000000, 0.000000, 0.000000, 0.000000, 0.000000, 0.000000, 0.000000, 0.000000, 0.000000 ],
      "X_51" : [ 0.001270, 0.005745, -0.006836, 0.000391, 0.001660, -0.000195, -0.001660, -0.000081, -0.000098, -0.000195 ],
      "X_52" : [ 0.000000, 0.000000, 0.000000, 0.000000, 0.000000, 0.000000, 0.000000, 0.000000, 0.000000, 0.000000 ],
      "X_53" : [ 0.000000, 0.000407, 0.000000, 0.000000, -0.002344, 0.000000, 0.000000, -0.000407, 0.002344, 0.000000 ],
      "X_54" : [ -0.003418, 0.006836, -0.000244, 0.001660, -0.003223, -0.000752, 0.011719, -0.003408, -0.004824, -0.004346 ],
      "X_55" : [ 0.000000, 0.000000, 0.000000, 0.000000, 0.000000, 0.000000, 0.000000, 0.000000, 0.000000, 0.000000 ],
      "X_56" : [ 0.000000, 0.000000, 0.000000, 0.000000, 0.000000, 0.000000, 0.000000, 0.000000, 0.000000, 0.000000 ],
      "X_57" : [ 0.000000, 0.000000, 0.000000, 0.000000, 0.000000, 0.000000, 0.000000, 0.000000, 0.000000, 0.000000 ],
      "X_58" : [ 0.005957, -0.008984, 0.000537, -0.001807, 0.007910, 0.005469, -0.011230, -0.002930, -0.002051, 0.007129 ],
      "X_59" : [ -0.002393, 0.001953, 0.000000, -0.000684, 0.004492, 0.002962, -0.001953, 0.001530, -0.008301, 0.002393 ],
      "X_60" : [ 0.000586, 0.012891, 0.001660, 0.001660, 0.000195, 0.000537, 0.000977, -0.018506, -0.003809, 0.003809 ],
      "X_61" : [ -0.000488, 0.001514, 0.001709, -0.001367, -0.010352, -0.005697, 0.006152, -0.000651, 0.009033, 0.000146 ],
      "X_62" : [ 0.000000, 0.000000, 0.000000, 0.000000, 0.000000, 0.000000, 0.000000, 0.000000, 0.000000, 0.000000 ],
      "X_63" : [ 0.000000, 0.000000, 0.000000, 0.000000, 0.000000, 0.000000, 0.000000, 0.000000, 0.000000, 0.000000 ]   
   },
   "Most_Contributive_Features_By_Class" : {
      "class_0" : [ 46, 20, 44, 58, 2, 34, 45, 54, 43, 42 ],
      "class_1" : [ 60, 58, 20, 54, 51, 46, 35, 34, 13, 45 ],
      "class_2" : [ 51, 35, 41, 19, 1, 42, 61, 20, 60, 34 ],