{
   "Contributions" : {
      "X_0" : [ 0.000000, 0.000000, 0.000000, 0.000000, 0.000000, 0.000000, 0.000000, 0.000000, 0.000000, 0.000000 ],
      "X_1" : [ 0.000000, -0.000366, 0.000946, 0.001099, 0.000000, -0.000381, -0.000473, -0.000198, -0.000656, 0.000031 ],
      "X_2" : [ -0.000992, -0.002762, -0.000275, 0.000458, 0.000641, 0.002441, -0.002731, -0.002670, 0.001907, 0.003983 ],
      "X_3" : [ 0.001236, -0.002350, -0.002319, 0.003738, 0.001495, -0.002701, 0.000595, 0.000549, -0.002167, 0.001923 ],
      "X_4" : [ 0.000763, -0.000610, 0.000961, -0.001831, -0.001160, 0.000381, 0.000565, -0.001648, 0.000885, 0.001694 ],
      "X_5" : [ 0.000259, 0.000504, -0.001480, 0.000351, 0.002014, 0.000076, 0.000809, -0.001114, -0.000031, -0.001389 ],
      "X_6" : [ 0.000000, 0.000000, 0.000000, 0.000000, 0.000000, -0.000214, 0.000000, 0.000198, 0.000000, 0.000015 ],
      "X_7" : [ 0.000000, 0.000000, 0.000000, 0.000000, 0.000000, 0.000000, 0.000000, 0.000000, 0.000000, 0.000000 ],
      "X_8" : [ 0.000000, 0.000000, 0.000000, 0.000000, 0.000000, 0.000000, 0.000198, 0.000000, -0.000198, 0.000000 ],
      "X_9" : [ -0.000153, -0.000244, -0.000137, 0.000565, -0.000656, -0.000046, 0.000122, -0.000137, -0.000168, 0.000854 ],
      "X_10" : [ 0.000931, -0.000412, -0.005600, 0.000671, 0.000381, 0.001999, 0.000610, -0.001175, 0.000656, 0.001938 ],
      "X_11" : [ -0.000351, 0.000854, 0.000412, 0.000153, 0.000000, -0.000320, -0.000092, -0.000687, -0.000198, 0.000229 ],
      "X_12" : [ 0.000000, 0.000259, -0.000473, 0.000443, 0.000031, 0.000214, -0.000122, -0.000107, -0.000244, 0.000000 ],
      "X_13" : [ -0.000473, -0.000534, -0.001373, 0.000320, 0.006180, -0.002106, 0.002762, -0.003372, 0.000351, -0.001755 ],
      "X_14" : [ 0.001205, 0.000137, -0.000412, 0.000473, 0.000336, -0.001343, -0.000305, -0.000977, 0.001801, -0.000916 ],
      "X_15" : [ 0.000000, 0.000000, 0.000000, 0.000000, 0.000000, -0.000107, 0.000000, 0.000107, 0.000000, 0.000000 ],
      "X_16" : [ 0.000000, 0.000000, 0.000000, 0.000000, 0.000000, 0.000000, 0.000000, 0.000000, -0.000534, 0.000534 ],
      "X_17" : [ -0.000046, -0.000046, -0.000641, -0.000305, 0.000046, 0.000580, 0.000000, -0.000992, 0.000381, 0.001022 ],
      "X_18" : [ 0.000595, 0.000793, 0.000031, 0.001312, -0.000443, 0.002884, 0.001007, -0.008484, 0.002777, -0.000473 ],
      "X_19" : [ 0.000336, 0.000336, -0.000198, -0.000183, 0.001236, -0.001587, -0.000549, -0.000122, 0.000259, 0.000473 ],
      "X_20" : [ -0.001877, -0.000534, 0.000198, 0.001938, -0.000656, -0.003265, 0.000488, -0.001419, 0.004669, 0.000458 ],
      "X_21" : [ -0.000839, 0.000000, -0.000244, 0.000153, -0.000229, 0.001022, -0.000198, -0.000702, 0.000763, 0.000275 ],
      "X_22" : [ -0.000443, -0.000336, 0.000061, 0.000000, 0.000290, 0.000000, -0.000793, 0.000168, 0.000610, 0.000443 ],
      "X_23" : [ 0.000000, 0.000000, 0.000000, 0.000000, 0.000000, 0.000000, 0.000000, 0.000000, 0.000000, 0.000000 ],
      "X_24" : [ 0.000000, 0.000000, 0.000000, 0.000000, 0.000000, 0.000000, 0.000000, 0.000000, 0.000000, 0.000000 ],
      "X_25" : [ 0.000031, -0.000931, -0.000961, 0.000580, 0.001129, 0.001678, 0.000076, 0.000320, -0.001541, -0.000381 ],
      "X_26" : [ 0.000534, 0.000092, -0.001038, 0.002426, 0.000000, -0.001831, 0.000717, -0.000656, 0.001328, -0.001572 ],
      "X_27" : [ -0.000488, 0.000351, -0.002213, -0.000290, 0.000595, -0.000519, 0.000854, -0.001465, 0.001663, 0.001511 ],
      "X_28" : [ 0.001968, -0.001740, -0.000641, 0.000305, 0.000931, -0.002579, 0.002869, -0.000488, 0.000946, -0.001572 ],
      "X_29" : [ -0.000031, 0.000351, 0.000153, -0.000137, -0.000336, -0.001373, 0.001953, -0.000626, 0.000732, -0.000687 ],
      "X_30" : [ -0.000916, 0.000717, 0.000397, 0.001221, -0.003128, 0.000366, 0.001022, -0.000015, 0.001953, -0.001617 ],
      "X_31" : [ 0.000000, 0.000000, 0.000000, 0.000000, 0.000000, 0.000000, 0.000000, 0.000000, 0.000000, 0.000000 ],
      "X_32" : [ 0.000000, 0.000000, 0.000000, 0.000000, 0.000000, 0.000000, 0.000000, 0.000000, 0.000000, 0.000000 ],
      "X_33" : [ -0.001221, -0.000931, -0.001770, -0.000488, 0.002472, -0.001205, 0.005722, -0.002457, -0.001083, 0.000961 ],
      "X_34" : [ -0.002563, 0.001343, -0.002975, 0.001129, 0.003128, -0.005371, 0.007690, -0.001770, -0.000870, 0.000259 ],
      "X_35" : [ 0.002380, -0.000885, -0.002960, -0.000626, -0.001068, 0.004105, 0.000595, -0.001938, -0.001633, 0.002029 ],
      "X_36" : [ 0.005447, 0.000549, -0.000656, -0.001038, 0.000000, -0.001221, 0.000000, -0.002472, -0.003311, 0.002701 ],
      "X_37" : [ -0.000183, 0.000015, -0.000168, -0.000031, -0.000107, -0.000854, -0.000275, 0.000275, 0.002609, -0.001282 ],
      "X_38" : [ 0.000366, 0.000000, 0.000000, 0.000000, -0.000366, 0.000000, 0.000000, 0.000000, 0.000000, 0.000000 ],
      "X_39" : [ 0.000000, 0.000000, 0.000000, 0.000000, 0.000000, 0.000000, 0.000000, 0.000000, 0.000000, 0.000000 ],
      "X_40" : [ 0.000000, 0.000000, 0.000000, 0.000000, 0.000000, 0.000000, 0.000000, 0.000000, 0.000000, 0.000000 ],
      "X_41" : [ 0.001648, -0.000412, -0.001389, 0.000336, 0.003036, -0.001373, -0.000946, -0.000565, 0.000397, -0.000732 ],
      "X_42" : [ 0.001205, -0.001114, -0.000778, 0.000900, 0.001144, 0.000137, 0.001633, -0.001953, -0.000626, -0.000549 ],
      "X_43" : [ -0.000168, 0.001205, 0.000443, 0.000336, -0.000244, 0.000656, 0.000748, -0.000473, -0.003128, 0.000626 ],
      "X_44" : [ -0.001480, -0.000275, -0.000793, 0.000992, 0.000000, 0.000458, 0.000748, 0.000092, -0.000961, 0.001221 ],
      "X_45" : [ -0.000580, 0.002029, -0.003967, -0.000122, 0.003265, -0.000946, -0.000610, -0.000641, 0.001495, 0.000076 ],
      "X_46" : [ 0.001495, 0.000488, -0.000412, 0.000870, -0.001190, -0.002365, 0.000961, -0.000366, 0.000381, 0.000137 ],
      "X_47" : [ 0.000000, 0.000000, 0.000000, 0.000000, 0.000000, 0.000000, 0.000000, 0.000000, 0.000000, 0.000000 ],
      "X_48" : [ 0.000000, 0.000000, 0.000000, 0.000000, 0.000000, 0.000000, 0.000000, 0.000000, 0.000000, 0.000000 ],
      "X_49" : [ -0.000229, -0.000244, 0.000000, 0.000000, 0.000000, -0.000443, 0.000000, 0.000000, 0.000809, 0.000107 ],
      "X_50" : [ 0.000000, 0.001328, -0.000732, 0.001831, 0.000443, -0.002640, 0.001541, -0.000046, -0.002121, 0.000397 ],
      "X_51" : [ 0.000000, 0.002975, -0.002762, -0.000031, 0.000443, 0.001617, -0.001236, -0.000229, -0.001724, 0.000946 ],
      "X_52" : [ -0.000397, -0.000595, -0.000290, -0.001373, 0.000229, -0.002670, 0.001755, 0.000000, -0.000046, 0.003387 ],
      "X_53" : [ 0.000168, 0.000763, -0.001740, -0.000092, -0.001358, -0.000122, 0.001221, -0.000046, 0.001282, -0.000076 ],
      "X_54" : [ -0.001526, 0.000809, -0.000107, 0.001968, -0.000229, -0.002457, 0.003052, -0.001053, -0.000900, 0.000443 ],
      "X_55" : [ 0.000000, 0.000000, 0.000000, 0.000000, 0.000000, 0.000000, 0.000000, 0.000000, 0.000000, 0.000000 ],
      "X_56" : [ -0.000015, 0.000000, -0.000290, 0.000000, 0.000000, 0.000000, 0.000000, 0.000000, 0.000305, 0.000000 ],
      "X_57" : [ 0.000000, 0.000183, -0.001846, 0.000549, 0.000305, 0.000153, -0.000092, 0.000427, 0.000397, -0.000076 ],
      "X_58" : [ 0.002762, -0.002350, -0.002762, 0.000000, 0.002960, -0.000946, -0.000824, -0.003204, 0.002106, 0.002258 ],
      "X_59" : [ -0.002213, -0.002441, 0.000000, 0.000900, 0.001007, 0.000656, -0.000504, -0.000015, 0.000793, 0.001816 ],
      "X_60" : [ -0.001694, 0.003540, 0.000336, 0.002060, 0.000732, -0.000687, 0.001648, -0.007599, -0.001160, 0.002823 ],
      "X_61" : [ -0.000168, -0.000702, 0.002594, 0.001465, -0.003082, -0.003601, 0.001770, -0.006241, 0.004974, 0.002991 ],
      "X_62" : [ 0.000748, 0.001373, 0.000305, 0.000488, -0.000519, -0.000183, -0.000092, -0.000092, -0.000671, -0.001358 ],
      "X_63" : [ -0.000031, 0.002914, -0.000381, -0.000031, -0.000015, -0.000381, -0.000717, -0.000061, -0.000580, -0.000717 ]   
   },
   "Most_Contributive_Features_By_Class" : {
      "class_0" : [ 36, 58, 34, 35, 59, 28, 20, 60, 41, 54 ],