{
	"metadata" : { "model" : "Tikhonov_Ridge", "version" : "2024-W14", "signature" : "ff4_il8"},
	"options" : { "alpha" : 1.000000, "random_state" : 1789 },
	"dataset" : { "dataset_rows" : 1024, "dataset_features" : 10 },
	"classes" : [ 0, 1 ],
	"equations" : {
		"class_1" : {
			"intercept" : -1.175458,
			"coeffs" : [ -0.001607, 0.001890, -0.019532, 0.005824, -0.025703, 0.168745, 0.125170, -0.003415, 0.009578, -0.003126 ]
		}
	}
}