{
   "Contributions" : {
      "X_0" : [ 0.000136, -0.000136 ],
      "X_1" : [ 0.000197, -0.000197 ],
      "X_2" : [ 0.000788, -0.000788 ],
      "X_3" : [ 0.000468, -0.000468 ],
      "X_4" : [ -0.001004, 0.001004 ],
      "X_5" : [ 0.010246, -0.010246 ],
      "X_6" : [ -0.004301, 0.004301 ],
      "X_7" : [ -0.000542, 0.000542 ],
      "X_8" : [ -0.000559, 0.000559 ],
      "X_9" : [ -0.000522, 0.000522 ]   
   },
   "Most_Contributive_Features_By_Class" : {
      "class_0" : [ 5, 6, 4, 2, 8, 7, 9, 3, 1, 0 ],
      "class_1" : [ 5, 6, 4, 2, 8, 7, 9, 3, 1, 0 ]
   }
}