{
	"metadata" : { "model" : "Tikhonov_Ridge", "version" : "2024-W14", "signature" : "ff4_il8"},
	"options" : { "alpha" : 0.000000, "random_state" : 1789 },
	"dataset" : { "dataset_rows" : 1024, "dataset_features" : 10 },
	"classes" : [ 0, 1 ],
	"equations" : {
		"class_1" : {
			"intercept" : -1.177097,
			"coeffs" : [ -0.001619, 0.001920, -0.022041, 0.005827, -0.024947, 0.168523, 0.127456, -0.003397, 0.009580, -0.003105 ]
		}
	}
}