{
   "Contributions" : {
      "X_0" : [ -1224.373291 ],
      "X_1" : [ -713.027344 ],
      "X_2" : [ 4070.036133 ],
      "X_3" : [ -391.359192 ],
      "X_4" : [ -626.430847 ],
      "X_5" : [ 0.000000 ],
      "X_6" : [ -119.491676 ],
      "X_7" : [ 728.912231 ],
      "X_8" : [ 0.000000 ]   
   },
   "Most_Contributive_Features" : {
      "y" : [ 2, 0, 7, 1, 4, 3, 6 ]
   }
}