{
   "Contributions" : {
      "X_0" : [ -7.158266 ],
      "X_1" : [ 2.547283 ],
      "X_2" : [ 0.160664 ],
      "X_3" : [ 1.864264 ],
      "X_4" : [ -0.601520 ],
      "X_5" : [ 3.182400 ],
      "X_6" : [ 1.383444 ],
      "X_7" : [ 1.312468 ],
      "X_8" : [ 5.690075 ],
      "X_9" : [ -1.533048 ]   
   },
   "Most_Contributive_Features" : {
      "y" : [ 0, 8, 5, 1, 3, 9, 6, 7, 4, 2 ]
   }
}