{
   "Contributions" : {
      "X_0" : [ -6.434173 ],
      "X_1" : [ 2.602876 ],
      "X_2" : [ 0.138831 ],
      "X_3" : [ 2.193301 ],
      "X_4" : [ -1.194295 ],
      "X_5" : [ 1.767302 ],
      "X_6" : [ 0.983545 ],
      "X_7" : [ 1.168904 ],
      "X_8" : [ 6.143312 ],
      "X_9" : [ -0.445783 ]   
   },
   "Most_Contributive_Features" : {
      "y" : [ 0, 8, 1, 3, 5, 4, 7, 6, 9, 2 ]
   }
}