{
	"metadata" : { "model" : "Tikhonov_Ridge", "version" : "2024-W12", "signature" : "ff4_ff4"},
	"options" : { "alpha" : 0.000000, "random_state" : 1789 },
	"dataset" : { "dataset_rows" : 16, "dataset_features" : 10 },
	"equations" : {
			"intercept" : 0.002562,
			"coeffs" : [ 89.158134, 48.864952, 73.100990, 7.016455, 4.650204, 27.377020, 77.344063, 35.197136, 26.494020, 17.582556 ]
		}
}