{
	"metadata" : { "model" : "Tikhonov_Ridge", "version" : "2024-W12", "signature" : "ff4_ff4"},
	"options" : { "alpha" : 1.000000, "random_state" : 1789 },
	"dataset" : { "dataset_rows" : 16, "dataset_features" : 10 },
	"equations" : {
			"intercept" : 2.744595,
			"coeffs" : [ 80.139343, 49.931431, 63.168251, 8.254837, 9.232796, 15.203441, 54.986893, 31.347105, 28.604378, 5.112690 ]
		}
}