{
   "Contributions" : {
      "X_0" : [ -0.011898, 0.011898 ],
      "X_1" : [ 0.000000, 0.000000 ],
      "X_2" : [ -0.000047, 0.000047 ],
      "X_3" : [ 0.000000, 0.000000 ],
      "X_4" : [ -0.013181, 0.013181 ],
      "X_5" : [ 0.000000, 0.000000 ],
      "X_6" : [ 0.000000, 0.000000 ],
      "X_7" : [ 0.000000, 0.000000 ],
      "X_8" : [ 0.000000, 0.000000 ],
      "X_9" : [ 0.000000, 0.000000 ],
      "X_10" : [ 0.006801, -0.006801 ],
      "X_11" : [ 0.000000, 0.000000 ],
      "X_12" : [ -0.001414, 0.001414 ],
      "X_13" : [ 0.000000, 0.000000 ]   
   },
   "Most_Contributive_Features_By_Class" : {
      "class_0" : [ 4, 0, 10, 12, 2 ],
      "class_1" : [ 4, 0, 10, 12, 2 ]
   }
}