{
   "Contributions" : {
      "X_0" : [ -0.005514, 0.005514 ],
      "X_1" : [ 0.000000, 0.000000 ],
      "X_2" : [ -0.000572, 0.000572 ],
      "X_3" : [ 0.000000, 0.000000 ],
      "X_4" : [ -0.016106, 0.016106 ],
      "X_5" : [ 0.000000, 0.000000 ],
      "X_6" : [ 0.000000, 0.000000 ],
      "X_7" : [ 0.000000, 0.000000 ],
      "X_8" : [ 0.000000, 0.000000 ],
      "X_9" : [ 0.000000, 0.000000 ],
      "X_10" : [ 0.001809, -0.001809 ],
      "X_11" : [ -0.002701, 0.002701 ],
      "X_12" : [ -0.000464, 0.000464 ],
      "X_13" : [ 0.000000, 0.000000 ]   
   },
   "Most_Contributive_Features_By_Class" : {
      "class_0" : [ 4, 0, 11, 10, 2, 12 ],
      "class_1" : [ 4, 0, 11, 10, 2, 12 ]
   }
}