{
	"metadata" : { "model" : "Tikhonov_Ridge", "version" : "2024-W13", "signature" : "ff4_ff4"},
	"options" : { "alpha" : 1.000000, "random_state" : 1789 },
	"dataset" : { "dataset_rows" : 442, "dataset_features" : 10 },
	"equations" : {
			"intercept" : 78.743919,
			"coeffs" : [ 0.229747, -2.460788, 8.235709, 5.175613, -3.398354, -0.196118, -3.128202, 1.173501, 9.717807, 1.027436 ]
		}
}