{
   "Contributions" : {
      "X_0" : [ -0.083619 ],
      "X_1" : [ 1.554889 ],
      "X_2" : [ -1.052524 ],
      "X_3" : [ -1.212393 ],
      "X_4" : [ 0.920419 ],
      "X_5" : [ 0.029353 ],
      "X_6" : [ -1.556457 ],
      "X_7" : [ -0.559381 ],
      "X_8" : [ -5.244674 ],
      "X_9" : [ -0.406093 ]   
   },
   "Most_Contributive_Features" : {
      "y" : [ 8, 6, 1, 3, 2, 4, 7, 9, 0, 5 ]
   }
}