{
   "Contributions" : {
      "X_0" : [ -0.084594 ],
      "X_1" : [ 1.548431 ],
      "X_2" : [ -1.051590 ],
      "X_3" : [ -1.209741 ],
      "X_4" : [ 0.886590 ],
      "X_5" : [ 0.072657 ],
      "X_6" : [ -1.565428 ],
      "X_7" : [ -0.580941 ],
      "X_8" : [ -5.202435 ],
      "X_9" : [ -0.407664 ]   
   },
   "Most_Contributive_Features" : {
      "y" : [ 8, 6, 1, 3, 2, 4, 7, 9, 0, 5 ]
   }
}