{
	"metadata" : { "model" : "Tikhonov_Ridge", "version" : "2024-W14", "signature" : "ff4_ff4"},
	"options" : { "alpha" : 0.000000, "random_state" : 1789 },
	"dataset" : { "dataset_rows" : 442, "dataset_features" : 10 },
	"equations" : {
			"intercept" : 78.556236,
			"coeffs" : [ 0.227095, -2.471044, 8.243037, 5.186954, -3.528026, -0.079232, -3.110271, 1.129951, 9.796718, 1.023484 ]
		}
}