{
	"metadata" : { "model" : "Tikhonov_Ridge", "version" : "2024-W13", "signature" : "ff4_il8"},
	"options" : { "alpha" : 0.000000, "random_state" : 1789 },
	"dataset" : { "dataset_rows" : 512, "dataset_features" : 100 },
	"classes" : [ 0, 1 ],
	"equations" : {
		"class_1" : {
			"intercept" : -0.000898,
			"coeffs" : [ 0.044500, 0.246085, -0.023040, -0.068719, 0.220040, -0.029329, 0.025794, -0.075041, -0.020405, 0.010779, 0.009545, 0.078456, 0.017434, 0.028917, -0.007671, 0.039202, 0.026103, -0.002325, 0.044208, -0.073014, -0.010865, 0.024669, -0.038104, -0.030358, -0.011460, 0.043394, -0.006824, 0.004125, -0.002619, -0.028513, -0.010356, -0.007158, 0.036882, -0.046188, 0.057322, -0.026227, -0.015736, 0.020577, -0.041772, 0.073937, 0.032707, 0.017501, 0.027642, -0.044664, -0.011032, 0.062421, -0.001818, 0.035378, 0.050599, -0.000014, 0.001505, 0.047419, 0.024337, 0.037363, 0.004566, -0.035373, -0.008166, -0.033100, 0.024518, 0.059232, 0.026713, 0.242234, -0.006295, 0.053502, -0.029909, 0.013556, -0.004026, -0.244036, 0.041433, 0.048559, -0.025912, 0.008401, 0.049249, 0.030880, -0.002735, 0.045426, -0.000312, -0.021105, -0.030903, -0.015280, 0.054090, 0.014186, 0.025049, 0.028999, -0.031021, 0.009113, 0.032051, -0.011509, -0.015361, -0.066696, 0.020036, 0.032952, 0.076015, -0.031822, 0.069988, -0.019615, 0.026656, -0.026770, -0.001165, -0.013742 ]
		}
	}
}