{
   "Contributions" : {
      "X_0" : [ -0.002109, 0.002109 ],
      "X_1" : [ -0.005978, 0.005978 ],
      "X_2" : [ 0.000306, -0.000306 ],
      "X_3" : [ -0.001737, 0.001737 ],
      "X_4" : [ -0.005049, 0.005049 ],
      "X_5" : [ -0.001022, 0.001022 ],
      "X_6" : [ 0.000172, -0.000172 ],
      "X_7" : [ 0.000821, -0.000821 ],
      "X_8" : [ 0.001235, -0.001235 ],
      "X_9" : [ 0.000108, -0.000108 ],
      "X_10" : [ 0.000111, -0.000111 ],
      "X_11" : [ -0.006996, 0.006996 ],
      "X_12" : [ -0.000063, 0.000063 ],
      "X_13" : [ 0.001988, -0.001988 ],
      "X_14" : [ -0.000127, 0.000127 ],
      "X_15" : [ 0.002049, -0.002049 ],
      "X_16" : [ 0.000029, -0.000029 ],
      "X_17" : [ -0.000091, 0.000091 ],
      "X_18" : [ -0.001790, 0.001790 ],
      "X_19" : [ 0.002079, -0.002079 ],
      "X_20" : [ -0.000553, 0.000553 ],
      "X_21" : [ -0.000972, 0.000972 ],
      "X_22" : [ 0.000015, -0.000015 ],
      "X_23" : [ 0.001417, -0.001417 ],
      "X_24" : [ 0.000111, -0.000111 ],
      "X_25" : [ -0.002151, 0.002151 ],
      "X_26" : [ -0.000177, 0.000177 ],
      "X_27" : [ -0.000184, 0.000184 ],
      "X_28" : [ -0.000026, 0.000026 ],
      "X_29" : [ 0.001293, -0.001293 ],
      "X_30" : [ -0.000396, 0.000396 ],
      "X_31" : [ -0.000680, 0.000680 ],
      "X_32" : [ -0.000089, 0.000089 ],
      "X_33" : [ -0.001169, 0.001169 ],
      "X_34" : [ 0.002502, -0.002502 ],
      "X_35" : [ -0.001072, 0.001072 ],
      "X_36" : [ 0.000034, -0.000034 ],
      "X_37" : [ -0.000268, 0.000268 ],
      "X_38" : [ -0.000906, 0.000906 ],
      "X_39" : [ 0.003717, -0.003717 ],
      "X_40" : [ 0.000416, -0.000416 ],
      "X_41" : [ -0.000768, 0.000768 ],
      "X_42" : [ 0.000061, -0.000061 ],
      "X_43" : [ 0.002466, -0.002466 ],
      "X_44" : [ 0.000148, -0.000148 ],
      "X_45" : [ 0.000849, -0.000849 ],
      "X_46" : [ -0.000003, 0.000003 ],
      "X_47" : [ 0.002262, -0.002262 ],
      "X_48" : [ 0.003210, -0.003210 ],
      "X_49" : [ -0.000001, 0.000001 ],
      "X_50" : [ -0.000026, 0.000026 ],
      "X_51" : [ -0.000406, 0.000406 ],
      "X_52" : [ 0.002104, -0.002104 ],
      "X_53" : [ 0.000488, -0.000488 ],
      "X_54" : [ 0.000043, -0.000043 ],
      "X_55" : [ 0.000290, -0.000290 ],
      "X_56" : [ -0.000749, 0.000749 ],
      "X_57" : [ 0.001095, -0.001095 ],
      "X_58" : [ 0.000719, -0.000719 ],
      "X_59" : [ -0.000725, 0.000725 ],
      "X_60" : [ -0.001320, 0.001320 ],
      "X_61" : [ -0.005500, 0.005500 ],
      "X_62" : [ -0.000134, 0.000134 ],
      "X_63" : [ 0.000787, -0.000787 ],
      "X_64" : [ 0.001928, -0.001928 ],
      "X_65" : [ -0.000282, 0.000282 ],
      "X_66" : [ 0.000043, -0.000043 ],
      "X_67" : [ 0.003710, -0.003710 ],
      "X_68" : [ 0.001927, -0.001927 ],
      "X_69" : [ -0.002615, 0.002615 ],
      "X_70" : [ 0.000406, -0.000406 ],
      "X_71" : [ -0.000070, 0.000070 ],
      "X_72" : [ 0.002114, -0.002114 ],
      "X_73" : [ -0.000436, 0.000436 ],
      "X_74" : [ -0.000162, 0.000162 ],
      "X_75" : [ -0.001357, 0.001357 ],
      "X_76" : [ 0.000022, -0.000022 ],
      "X_77" : [ 0.001161, -0.001161 ],
      "X_78" : [ 0.000510, -0.000510 ],
      "X_79" : [ 0.000555, -0.000555 ],
      "X_80" : [ -0.002311, 0.002311 ],
      "X_81" : [ -0.001282, 0.001282 ],
      "X_82" : [ 0.000878, -0.000878 ],
      "X_83" : [ 0.001251, -0.001251 ],
      "X_84" : [ 0.000590, -0.000590 ],
      "X_85" : [ 0.000015, -0.000015 ],
      "X_86" : [ 0.001392, -0.001392 ],
      "X_87" : [ 0.000033, -0.000033 ],
      "X_88" : [ 0.000135, -0.000135 ],
      "X_89" : [ 0.000392, -0.000392 ],
      "X_90" : [ 0.000850, -0.000850 ],
      "X_91" : [ -0.000645, 0.000645 ],
      "X_92" : [ -0.002329, 0.002329 ],
      "X_93" : [ -0.000650, 0.000650 ],
      "X_94" : [ 0.000109, -0.000109 ],
      "X_95" : [ 0.000315, -0.000315 ],
      "X_96" : [ 0.002792, -0.002792 ],
      "X_97" : [ -0.000606, 0.000606 ],
      "X_98" : [ -0.000007, 0.000007 ],
      "X_99" : [ -0.001368, 0.001368 ]   
   },
   "Most_Contributive_Features_By_Class" : {
      "class_0" : [ 11, 1, 61, 4, 39, 67, 48, 96, 69, 34 ],
      "class_1" : [ 11, 1, 61, 4, 39, 67, 48, 96, 69, 34 ]
   }
}