{
	"metadata" : { "model" : "Tikhonov_Ridge", "version" : "2024-W14", "signature" : "ff4_il8"},
	"options" : { "alpha" : 0.000000, "random_state" : 1789 },
	"dataset" : { "dataset_rows" : 16, "dataset_features" : 30 },
	"classes" : [ 0, 1 ],
	"equations" : {
		"class_1" : {
			"intercept" : 6.204758,
			"coeffs" : [ -0.049562, -0.008031, -0.009851, -0.000500, 31.665270, 2.226146, -1.666313, -0.445951, -5.244801, -31.610117, 0.247748, -0.153780, 0.055910, -0.002152, -22.241982, -0.301505, -13.053416, 4.894531, -10.463636, 12.402086, -0.030103, 0.016215, -0.004548, -0.000194, -11.060890, 0.402302, 1.172303, -1.012447, -4.218944, -0.053521 ]
		}
	}
}