{
	"metadata" : { "model" : "Tikhonov_Ridge", "version" : "2024-W13", "signature" : "ff4_il8"},
	"options" : { "alpha" : 1.000000, "random_state" : 1789 },
	"dataset" : { "dataset_rows" : 16, "dataset_features" : 30 },
	"classes" : [ 0, 1 ],
	"equations" : {
		"class_1" : {
			"intercept" : 3.573524,
			"coeffs" : [ -0.031241, 0.010546, -0.004535, -0.000374, 9.543464, 0.677649, -1.220601, -2.409605, -3.281403, -0.220633, 0.110419, -0.123655, 0.027386, -0.000567, -22.197330, -2.048965, -4.527940, -2.493158, -5.103719, -4.998648, -0.020166, 0.001136, -0.002724, -0.000190, -2.899070, -0.010977, 0.058061, -1.046279, -2.491798, 1.263198 ]
		}
	}
}