{
   "Contributions" : {
      "X_0" : [ -0.012421, 0.012421 ],
      "X_1" : [ -0.000960, 0.000960 ],
      "X_2" : [ -0.018114, 0.018114 ],
      "X_3" : [ -0.011674, 0.011674 ],
      "X_4" : [ 0.006817, -0.006817 ],
      "X_5" : [ 0.000185, -0.000185 ],
      "X_6" : [ -0.004392, 0.004392 ],
      "X_7" : [ -0.000724, 0.000724 ],
      "X_8" : [ 0.001105, -0.001105 ],
      "X_9" : [ 0.016173, -0.016173 ],
      "X_10" : [ 0.000012, -0.000012 ],
      "X_11" : [ -0.002647, 0.002647 ],
      "X_12" : [ 0.000855, -0.000855 ],
      "X_13" : [ -0.001905, 0.001905 ],
      "X_14" : [ 0.000946, -0.000946 ],
      "X_15" : [ 0.000144, -0.000144 ],
      "X_16" : [ -0.000326, 0.000326 ],
      "X_17" : [ 0.000265, -0.000265 ],
      "X_18" : [ -0.001148, 0.001148 ],
      "X_19" : [ -0.002894, 0.002894 ],
      "X_20" : [ -0.008494, 0.008494 ],
      "X_21" : [ 0.003551, -0.003551 ],
      "X_22" : [ -0.008573, 0.008573 ],
      "X_23" : [ -0.005041, 0.005041 ],
      "X_24" : [ -0.002812, 0.002812 ],
      "X_25" : [ -0.000003, 0.000003 ],
      "X_26" : [ 0.001226, -0.001226 ],
      "X_27" : [ -0.001714, 0.001714 ],
      "X_28" : [ -0.003869, 0.003869 ],
      "X_29" : [ 0.000052, -0.000052 ]   
   },
   "Most_Contributive_Features_By_Class" : {
      "class_0" : [ 2, 9, 0, 3, 22, 20, 4, 23, 6, 28 ],
      "class_1" : [ 2, 9, 0, 3, 22, 20, 4, 23, 6, 28 ]
   }
}