{
	"metadata" : { "model" : "Breiman_CART", "version" : "2024-W12", "signature" : "ff4_il8"},
	"options" : { "ccp_alpha" : 0.000000, "criterion" : "", "max_depth" : null, "max_features" : null, "max_leaf_nodes" : 64, "min_impurity_decrease" : 0.000000, "min_samples_leaf" : 1, "min_samples_split" : 2, "min_weight_fraction_leaf" : 0.000000, "random_state" : 1789, "splitter" : "best" },
	"dataset" : { "dataset_rows" : 16, "dataset_features" : 64 },
	"classes" : [ 0, 1, 2, 3, 4, 7, 8, 9 ],
	"tree" : {
	"features" : 64,
	"outputs" : 8,
	"max_depth" : 6,
	"node_count" : 15,
	"nodes" : {
		"node_00" : {"left" : 1, "right" : 2, "feature" : 29, "threshold" : 15.500000, "impurity" : 0.851562, "n_samples" : 16, "w_samples" : 16.000000, "value" : [0.187500, 0.125000, 0.062500, 0.062500, 0.062500, 0.187500, 0.125000, 0.187500]},
		"node_01" : {"left" : 3, "right" : 4, "feature" : 35, "threshold" : 5.000000, "impurity" : 0.828402, "n_samples" : 13, "w_samples" : 13.000000, "value" : [0.230769, 0.153846, 0.076923, 0.076923, 0.076923, 0.230769, 0.153846, 0.000000]},
		"node_02" : {"left" : null, "right" : null, "feature" : null, "threshold" : null, "impurity" : 0.000000, "n_samples" : 3, "w_samples" : 3.000000, "value" : [0.000000, 0.000000, 0.000000, 0.000000, 0.000000, 0.000000, 0.000000, 1.000000]},
		"node_03" : {"left" : null, "right" : null, "feature" : null, "threshold" : null, "impurity" : 0.000000, "n_samples" : 3, "w_samples" : 3.000000, "value" : [1.000000, 0.000000, 0.000000, 0.000000, 0.000000, 0.000000, 0.000000, 0.000000]},
		"node_04" : {"left" : 5, "right" : 6, "feature" : 27, "threshold" : 1.500000, "impurity" : 0.800000, "n_samples" : 10, "w_samples" : 10.000000, "value" : [0.000000, 0.200000, 0.100000, 0.100000, 0.100000, 0.300000, 0.200000, 0.000000]},
		"node_05" : {"left" : null, "right" : null, "feature" : null, "threshold" : null, "impurity" : 0.000000, "n_samples" : 3, "w_samples" : 3.000000, "value" : [0.000000, 0.000000, 0.000000, 0.000000, 0.000000, 1.000000, 0.000000, 0.000000]},
		"node_06" : {"left" : 7, "right" : 8, "feature" : 5, "threshold" : 1.000000, "impurity" : 0.775510, "n_samples" : 7, "w_samples" : 7.000000, "value" : [0.000000, 0.285714, 0.142857, 0.142857, 0.142857, 0.000000, 0.285714, 0.000000]},
		"node_07" : {"left" : null, "right" : null, "feature" : null, "threshold" : null, "impurity" : 0.000000, "n_samples" : 2, "w_samples" : 2.000000, "value" : [0.000000, 1.000000, 0.000000, 0.000000, 0.000000, 0.000000, 0.000000, 0.000000]},
		"node_08" : {"left" : 9, "right" : 10, "feature" : 36, "threshold" : 15.500000, "impurity" : 0.720000, "n_samples" : 5, "w_samples" : 5.000000, "value" : [0.000000, 0.000000, 0.200000, 0.200000, 0.200000, 0.000000, 0.400000, 0.000000]},
		"node_09" : {"left" : 11, "right" : 12, "feature" : 45, "threshold" : 7.000000, "impurity" : 0.666667, "n_samples" : 3, "w_samples" : 3.000000, "value" : [0.000000, 0.000000, 0.333333, 0.333333, 0.333333, 0.000000, 0.000000, 0.000000]},
		"node_10" : {"left" : null, "right" : null, "feature" : null, "threshold" : null, "impurity" : 0.000000, "n_samples" : 2, "w_samples" : 2.000000, "value" : [0.000000, 0.000000, 0.000000, 0.000000, 0.000000, 0.000000, 1.000000, 0.000000]},
		"node_11" : {"left" : null, "right" : null, "feature" : null, "threshold" : null, "impurity" : 0.000000, "n_samples" : 1, "w_samples" : 1.000000, "value" : [0.000000, 0.000000, 1.000000, 0.000000, 0.000000, 0.000000, 0.000000, 0.000000]},
		"node_12" : {"left" : 13, "right" : 14, "feature" : 58, "threshold" : 2.500000, "impurity" : 0.500000, "n_samples" : 2, "w_samples" : 2.000000, "value" : [0.000000, 0.000000, 0.000000, 0.500000, 0.500000, 0.000000, 0.000000, 0.000000]},
		"node_13" : {"left" : null, "right" : null, "feature" : null, "threshold" : null, "impurity" : 0.000000, "n_samples" : 1, "w_samples" : 1.000000, "value" : [0.000000, 0.000000, 0.000000, 0.000000, 1.000000, 0.000000, 0.000000, 0.000000]},
		"node_14" : {"left" : null, "right" : null, "feature" : null, "threshold" : null, "impurity" : 0.000000, "n_samples" : 1, "w_samples" : 1.000000, "value" : [0.000000, 0.000000, 0.000000, 1.000000, 0.000000, 0.000000, 0.000000, 0.000000]}
		}
	}
}