{
   "Contributions" : {
      "X_0" : [ -0.004035, 0.004035 ],
      "X_1" : [ 0.000743, -0.000743 ],
      "X_2" : [ -0.010851, 0.010851 ],
      "X_3" : [ -0.004034, 0.004034 ],
      "X_4" : [ 0.005144, -0.005144 ],
      "X_5" : [ -0.004220, 0.004220 ],
      "X_6" : [ 0.005311, -0.005311 ],
      "X_7" : [ 0.011515, -0.011515 ],
      "X_8" : [ 0.000795, -0.000795 ],
      "X_9" : [ -0.006633, 0.006633 ],
      "X_10" : [ 0.000989, -0.000989 ],
      "X_11" : [ 0.004149, -0.004149 ],
      "X_12" : [ 0.004016, -0.004016 ],
      "X_13" : [ 0.003682, -0.003682 ],
      "X_14" : [ -0.011497, 0.011497 ],
      "X_15" : [ 0.010650, -0.010650 ],
      "X_16" : [ -0.000177, 0.000177 ],
      "X_17" : [ 0.012048, -0.012048 ],
      "X_18" : [ -0.004932, 0.004932 ],
      "X_19" : [ -0.003645, 0.003645 ],
      "X_20" : [ 0.005327, -0.005327 ],
      "X_21" : [ 0.000000, 0.000000 ],
      "X_22" : [ 0.011019, -0.011019 ],
      "X_23" : [ 0.000000, 0.000000 ],
      "X_24" : [ 0.043083, -0.043083 ],
      "X_25" : [ -0.020888, 0.020888 ],
      "X_26" : [ -0.008295, 0.008295 ],
      "X_27" : [ -0.009381, 0.009381 ],
      "X_28" : [ -0.017963, 0.017963 ],
      "X_29" : [ -0.023468, 0.023468 ],
      "X_30" : [ 0.023436, -0.023436 ],
      "X_31" : [ -0.050225, 0.050225 ],
      "X_32" : [ -0.038021, 0.038021 ],
      "X_33" : [ -0.002441, 0.002441 ],
      "X_34" : [ -0.015112, 0.015112 ],
      "X_35" : [ 0.051544, -0.051544 ],
      "X_36" : [ 0.035372, -0.035372 ],
      "X_37" : [ 0.000453, -0.000453 ],
      "X_38" : [ -0.021392, 0.021392 ],
      "X_39" : [ -0.027215, 0.027215 ],
      "X_40" : [ 0.000000, 0.000000 ],
      "X_41" : [ 0.037503, -0.037503 ],
      "X_42" : [ -0.000051, 0.000051 ],
      "X_43" : [ 0.000048, -0.000048 ],
      "X_44" : [ 0.002685, -0.002685 ],
      "X_45" : [ -0.001722, 0.001722 ],
      "X_46" : [ 0.000000, 0.000000 ],
      "X_47" : [ 0.003637, -0.003637 ],
      "X_48" : [ -0.003184, 0.003184 ],
      "X_49" : [ 0.000000, 0.000000 ],
      "X_50" : [ -0.006203, 0.006203 ],
      "X_51" : [ 0.000000, 0.000000 ],
      "X_52" : [ 0.007035, -0.007035 ]   
   },
   "Most_Contributive_Features_By_Class" : {
      "class_0" : [ 35, 31, 24, 32, 41, 36, 39, 29, 30, 38 ],
      "class_1" : [ 35, 31, 24, 32, 41, 36, 39, 29, 30, 38 ]
   }
}