{
	"metadata" : { "model" : "Tikhonov_Ridge", "version" : "2024-W13", "signature" : "ff4_OO8"},
	"options" : { "alpha" : 1.000000, "random_state" : 1789 },
	"dataset" : { "dataset_rows" : 64, "dataset_features" : 53 },
	"classes" : [ "<=50K", ">50K" ],
	"equations" : {
		"class_1" : {
			"intercept" : -18.536953,
			"coeffs" : [ -0.389896, 1.436057, 0.014928, -0.511843, -1.036811, -0.306719, 0.609890, 1.783399, -0.000001, 0.640935, -0.336014, -0.006074, 0.518129, -0.536055, -0.195877, -0.248807, 0.052483, 5.253624, -2.882544, 2.696191, 2.119449, 0.000000, 5.760149, 0.000000, 3.695498, 2.528209, 3.323309, 2.033349, 2.685369, 2.422610, 2.138203, 11.518270, 4.667580, 4.603795, 5.251261, 1.308711, 9.684451, 4.447962, 6.495255, 8.466047, 0.000000, 6.653052, 0.175778, -0.034008, 0.658594, 0.367425, 0.000000, 2.317548, 5.513644, 0.000000, 0.249897, 0.000000, -1.147889 ]
		}
	}
}