{
   "Contributions" : {
      "X_0" : [ -0.011881, 0.011881 ],
      "X_1" : [ 0.000850, -0.000850 ],
      "X_2" : [ -0.000142, 0.000142 ],
      "X_3" : [ -0.001327, 0.001327 ],
      "X_4" : [ -0.002473, 0.002473 ],
      "X_5" : [ -0.000031, 0.000031 ],
      "X_6" : [ 0.002110, -0.002110 ],
      "X_7" : [ 0.002461, -0.002461 ],
      "X_8" : [ 0.002402, -0.002402 ],
      "X_9" : [ -0.000092, 0.000092 ],
      "X_10" : [ -0.000750, 0.000750 ],
      "X_11" : [ -0.000009, 0.000009 ],
      "X_12" : [ -0.001789, 0.001789 ],
      "X_13" : [ -0.000141, 0.000141 ],
      "X_14" : [ -0.000482, 0.000482 ],
      "X_15" : [ 0.000743, -0.000743 ],
      "X_16" : [ -0.001988, 0.001988 ],
      "X_17" : [ 0.050787, -0.050787 ],
      "X_18" : [ -0.002346, 0.002346 ],
      "X_19" : [ -0.001694, 0.001694 ],
      "X_20" : [ -0.012068, 0.012068 ],
      "X_21" : [ 0.000000, 0.000000 ],
      "X_22" : [ 0.012892, -0.012892 ],
      "X_23" : [ 0.000000, 0.000000 ],
      "X_24" : [ 0.023349, -0.023349 ],
      "X_25" : [ -0.008084, 0.008084 ],
      "X_26" : [ 0.006201, -0.006201 ],
      "X_27" : [ -0.003812, 0.003812 ],
      "X_28" : [ -0.006665, 0.006665 ],
      "X_29" : [ -0.010576, 0.010576 ],
      "X_30" : [ 0.014332, -0.014332 ],
      "X_31" : [ -0.069500, 0.069500 ],
      "X_32" : [ -0.022247, 0.022247 ],
      "X_33" : [ -0.003732, 0.003732 ],
      "X_34" : [ -0.003712, 0.003712 ],
      "X_35" : [ 0.006362, -0.006362 ],
      "X_36" : [ 0.031261, -0.031261 ],
      "X_37" : [ -0.005778, 0.005778 ],
      "X_38" : [ -0.016550, 0.016550 ],
      "X_39" : [ -0.032512, 0.032512 ],
      "X_40" : [ 0.000000, 0.000000 ],
      "X_41" : [ 0.046416, -0.046416 ],
      "X_42" : [ -0.000398, 0.000398 ],
      "X_43" : [ -0.000333, 0.000333 ],
      "X_44" : [ 0.009940, -0.009940 ],
      "X_45" : [ -0.002740, 0.002740 ],
      "X_46" : [ 0.000000, 0.000000 ],
      "X_47" : [ -0.002063, 0.002063 ],
      "X_48" : [ -0.003995, 0.003995 ],
      "X_49" : [ 0.000000, 0.000000 ],
      "X_50" : [ 0.000547, -0.000547 ],
      "X_51" : [ 0.000000, 0.000000 ],
      "X_52" : [ -0.000103, 0.000103 ]   
   },
   "Most_Contributive_Features_By_Class" : {
      "class_0" : [ 31, 17, 41, 39, 36, 24, 32, 38, 30, 22 ],
      "class_1" : [ 31, 17, 41, 39, 36, 24, 32, 38, 30, 22 ]
   }
}