{
	"metadata" : { "model" : "Tikhonov_Ridge", "version" : "2024-W14", "signature" : "ff4_OO8"},
	"options" : { "alpha" : 0.000000, "random_state" : 1789 },
	"dataset" : { "dataset_rows" : 64, "dataset_features" : 53 },
	"classes" : [ "<=50K", ">50K" ],
	"equations" : {
		"class_1" : {
			"intercept" : -17590.458984,
			"coeffs" : [ -0.698126, 27.640707, 26.032751, 25.737873, 25.034845, 25.779018, 26.594614, 28.557695, -0.000001, -26.002153, -27.516804, -27.031477, -26.084545, -27.477234, -27.258017, -27.555691, 0.015366, 705.520264, 691.545959, 701.804871, 701.080444, 0.000000, 706.945374, 0.000000, 2662.783203, 2660.555908, 2661.358643, 2659.430176, 2660.928711, 2660.904053, 2660.025146, 7357.585938, 7345.736328, 3155.456055, 7346.295898, 7340.662598, 7355.414062, 6976.563965, 6980.424805, 6982.371094, 0.000000, 6979.221191, 0.043841, -0.064719, 0.745487, 0.600779, 0.000000, -94.177551, 4101.059570, 0.000000, -97.177223, 0.000000, -100.077545 ]
		}
	}
}