{
   "Contributions" : {
      "X_0" : [ -0.002709, 0.002709 ],
      "X_1" : [ 0.003777, -0.003777 ],
      "X_2" : [ 0.007977, -0.007977 ],
      "X_3" : [ 0.006967, -0.006967 ],
      "X_4" : [ -0.036376, 0.036376 ],
      "X_5" : [ 0.016815, -0.016815 ],
      "X_6" : [ 0.010065, -0.010065 ],
      "X_7" : [ -0.008325, 0.008325 ],
      "X_8" : [ -0.003820, 0.003820 ],
      "X_9" : [ -0.006814, 0.006814 ]   
   },
   "Most_Contributive_Features_By_Class" : {
      "class_0" : [ 4, 5, 6, 7, 2, 3, 9, 8, 1, 0 ],
      "class_1" : [ 4, 5, 6, 7, 2, 3, 9, 8, 1, 0 ]
   }
}