{
   "Contributions" : {
      "X_0" : [ -0.001885, 0.001885 ],
      "X_1" : [ -0.000536, 0.000536 ],
      "X_2" : [ -0.005769, 0.005769 ],
      "X_3" : [ -0.001910, 0.001910 ],
      "X_4" : [ -0.011578, 0.011578 ],
      "X_5" : [ 0.037411, -0.037411 ],
      "X_6" : [ 0.006074, -0.006074 ],
      "X_7" : [ -0.001441, 0.001441 ],
      "X_8" : [ -0.002821, 0.002821 ],
      "X_9" : [ -0.001643, 0.001643 ]   
   },
   "Most_Contributive_Features_By_Class" : {
      "class_0" : [ 5, 4, 6, 2, 8, 3, 0, 9, 7, 1 ],
      "class_1" : [ 5, 4, 6, 2, 8, 3, 0, 9, 7, 1 ]
   }
}