{
   "Contributions" : {
      "X_0" : [ -0.000086 ],
      "X_1" : [ 0.187799 ],
      "X_2" : [ -0.000000 ],
      "X_3" : [ 0.000008 ]   
   },
   "Most_Contributive_Features" : {
      "y" : [ 1, 0, 3, 2 ]
   }
}