{
	"metadata" : { "model" : "Vapnik_SVR_RBF", "version" : "2024-W12", "signature" : "ff4_ff4"},
	"options" : {"svm_type" : "epsilon_svr", "kernel" : "rbf", "degree" : 3, "gamma" : 0.000001, "coef0" : 0.000000, "cache_size" : 300, "tol" : 0.001000, "nu" : 0.500000, "epsilon" : 0.100000, "shrinking" : 0, "probability" : 0, "C" : 2.000000, "max_iter" : 128, "random_state" : 1789 },
	"dataset" : { "dataset_rows" : 16, "dataset_features" : 4 },
	"svm_model" : {
	"classes" : 2,
	"L" : 16,
	"SupportVectors" : {
		"SV_00" : [ 17.761709, 423.498322, 0.135270, 10.148129 ],
		"SV_01" : [ 45.437614, 168.841202, 0.343817, 3.279963 ],
		"SV_02" : [ 69.792320, 473.447937, 0.233546, 3.411072 ],
		"SV_03" : [ 67.667091, 938.672607, 0.652046, 9.523154 ],
		"SV_04" : [ 55.118420, 1002.086060, 0.726658, 4.570618 ],
		"SV_05" : [ 52.067585, 534.256165, 0.155164, 8.526538 ],
		"SV_06" : [ 50.992905, 814.561340, 0.257439, 5.994627 ],
		"SV_07" : [ 34.347893, 205.928116, 0.720020, 9.414678 ],
		"SV_08" : [ 63.010204, 221.354385, 0.814630, 5.897069 ],
		"SV_09" : [ 22.605108, 1660.837036, 0.731124, 9.374556 ],
		"SV_10" : [ 13.280704, 643.716797, 0.520814, 4.842079 ],
		"SV_11" : [ 7.606344, 1112.226562, 0.732761, 6.140375 ],
		"SV_12" : [ 51.401745, 1161.331543, 0.618557, 2.218271 ],
		"SV_13" : [ 94.566437, 663.266418, 0.852323, 6.919084 ],
		"SV_14" : [ 14.282172, 1575.160400, 0.428596, 4.169882 ],
		"SV_15" : [ 38.088467, 1321.297485, 0.052941, 10.429984 ]
	},
	"SupportVectorsCoefs" : {
		"SV_coef_0" : [ -2.000000, -2.000000, -2.000000, 2.000000, 2.000000, -2.000000, -2.000000, -2.000000, -2.000000, 2.000000, 2.000000, 2.000000, 2.000000, 2.000000, 2.000000, -2.000000 ]
	},
	"rho" : [ -276.243652 ],
	"nSV" : [ 16 ],
	"probA" : [ ],
	"probB" : [ ],
	"n_iter" : [ 10 ]
}
}