{
   "Contributions" : {
      "X_0" : [ -0.000171 ],
      "X_1" : [ 0.375598 ],
      "X_2" : [ 0.000001 ],
      "X_3" : [ 0.000018 ]   
   },
   "Most_Contributive_Features" : {
      "y" : [ 1, 0, 3, 2 ]
   }
}