{
   "Contributions" : {
      "X_0" : [ 0.002663 ],
      "X_1" : [ -0.214903 ],
      "X_2" : [ -0.045804 ],
      "X_3" : [ -0.024708 ],
      "X_4" : [ 0.041701 ],
      "X_5" : [ -0.006316 ],
      "X_6" : [ -0.022723 ],
      "X_7" : [ -0.048043 ],
      "X_8" : [ -0.008504 ],
      "X_9" : [ -0.036460 ]   
   },
   "Most_Contributive_Features" : {
      "y" : [ 1, 7, 2, 4, 9, 3, 6, 8, 5, 0 ]
   }
}