{
   "Contributions" : {
      "X_0" : [ -0.001085 ],
      "X_1" : [ -0.152345 ],
      "X_2" : [ -0.023419 ],
      "X_3" : [ -0.013651 ],
      "X_4" : [ 0.023128 ],
      "X_5" : [ -0.031924 ],
      "X_6" : [ 0.033307 ],
      "X_7" : [ 0.022091 ],
      "X_8" : [ 0.016094 ],
      "X_9" : [ -0.103613 ]   
   },
   "Most_Contributive_Features" : {
      "y" : [ 1, 9, 6, 5, 2, 4, 7, 8, 3, 0 ]
   }
}