{
	"metadata" : { "model" : "Vapnik_SVC_RBF", "version" : "2024-W14", "signature" : "ff4_il8"},
	"options" : {"svm_type" : "c_svc", "kernel" : "rbf", "degree" : 3, "gamma" : 0.064167, "coef0" : 0.000000, "cache_size" : 300, "tol" : 0.001000, "nu" : 0.500000, "epsilon" : 0.000000, "shrinking" : 0, "probability" : 1, "C" : 1.000000, "max_iter" : 128, "random_state" : 1789 },
	"dataset" : { "dataset_rows" : 150, "dataset_features" : 4 },
	"classes" : [ 0, 1, 2 ],
	"svm_model" : {
	"classes" : 3,
	"L" : 60,
	"SupportVectors" : {
		"SV_00" : [ 5.700000, 3.800000, 1.700000, 0.300000 ],
		"SV_01" : [ 5.400000, 3.400000, 1.700000, 0.200000 ],
		"SV_02" : [ 5.100000, 3.300000, 1.700000, 0.500000 ],
		"SV_03" : [ 4.800000, 3.400000, 1.900000, 0.200000 ],
		"SV_04" : [ 5.000000, 3.000000, 1.600000, 0.200000 ],
		"SV_05" : [ 4.500000, 2.300000, 1.300000, 0.300000 ],
		"SV_06" : [ 5.100000, 3.800000, 1.900000, 0.400000 ],
		"SV_07" : [ 7.000000, 3.200000, 4.700000, 1.400000 ],
		"SV_08" : [ 6.400000, 3.200000, 4.500000, 1.500000 ],
		"SV_09" : [ 6.900000, 3.100000, 4.900000, 1.500000 ],
		"SV_10" : [ 6.500000, 2.800000, 4.600000, 1.500000 ],
		"SV_11" : [ 5.700000, 2.800000, 4.500000, 1.300000 ],
		"SV_12" : [ 6.300000, 3.300000, 4.700000, 1.600000 ],
		"SV_13" : [ 4.900000, 2.400000, 3.300000, 1.000000 ],
		"SV_14" : [ 6.600000, 2.900000, 4.600000, 1.300000 ],
		"SV_15" : [ 6.100000, 2.900000, 4.700000, 1.400000 ],
		"SV_16" : [ 5.600000, 2.900000, 3.600000, 1.300000 ],
		"SV_17" : [ 5.600000, 3.000000, 4.500000, 1.500000 ],
		"SV_18" : [ 6.200000, 2.200000, 4.500000, 1.500000 ],
		"SV_19" : [ 5.900000, 3.200000, 4.800000, 1.800000 ],
		"SV_20" : [ 6.300000, 2.500000, 4.900000, 1.500000 ],
		"SV_21" : [ 6.100000, 2.800000, 4.700000, 1.200000 ],
		"SV_22" : [ 6.600000, 3.000000, 4.400000, 1.400000 ],
		"SV_23" : [ 6.800000, 2.800000, 4.800000, 1.400000 ],
		"SV_24" : [ 6.700000, 3.000000, 5.000000, 1.700000 ],
		"SV_25" : [ 6.000000, 2.900000, 4.500000, 1.500000 ],
		"SV_26" : [ 5.700000, 2.600000, 3.500000, 1.000000 ],
		"SV_27" : [ 6.000000, 2.700000, 5.100000, 1.600000 ],
		"SV_28" : [ 5.400000, 3.000000, 4.500000, 1.500000 ],
		"SV_29" : [ 6.000000, 3.400000, 4.500000, 1.600000 ],
		"SV_30" : [ 6.700000, 3.100000, 4.700000, 1.500000 ],
		"SV_31" : [ 6.300000, 2.300000, 4.400000, 1.300000 ],
		"SV_32" : [ 5.500000, 2.600000, 4.400000, 1.200000 ],
		"SV_33" : [ 6.100000, 3.000000, 4.600000, 1.400000 ],
		"SV_34" : [ 5.000000, 2.300000, 3.300000, 1.000000 ],
		"SV_35" : [ 5.100000, 2.500000, 3.000000, 1.100000 ],
		"SV_36" : [ 5.800000, 2.700000, 5.100000, 1.900000 ],
		"SV_37" : [ 4.900000, 2.500000, 4.500000, 1.700000 ],
		"SV_38" : [ 6.500000, 3.200000, 5.100000, 2.000000 ],
		"SV_39" : [ 6.400000, 2.700000, 5.300000, 1.900000 ],
		"SV_40" : [ 5.700000, 2.500000, 5.000000, 2.000000 ],
		"SV_41" : [ 6.500000, 3.000000, 5.500000, 1.800000 ],
		"SV_42" : [ 6.000000, 2.200000, 5.000000, 1.500000 ],
		"SV_43" : [ 5.600000, 2.800000, 4.900000, 2.000000 ],
		"SV_44" : [ 6.300000, 2.700000, 4.900000, 1.800000 ],
		"SV_45" : [ 6.200000, 2.800000, 4.800000, 1.800000 ],
		"SV_46" : [ 6.100000, 3.000000, 4.900000, 1.800000 ],
		"SV_47" : [ 7.200000, 3.000000, 5.800000, 1.600000 ],
		"SV_48" : [ 7.900000, 3.800000, 6.400000, 2.000000 ],
		"SV_49" : [ 6.300000, 2.800000, 5.100000, 1.500000 ],
		"SV_50" : [ 6.100000, 2.600000, 5.600000, 1.400000 ],
		"SV_51" : [ 6.400000, 3.100000, 5.500000, 1.800000 ],
		"SV_52" : [ 6.000000, 3.000000, 4.800000, 1.800000 ],
		"SV_53" : [ 6.900000, 3.100000, 5.400000, 2.100000 ],
		"SV_54" : [ 6.900000, 3.100000, 5.100000, 2.300000 ],
		"SV_55" : [ 5.800000, 2.700000, 5.100000, 1.900000 ],
		"SV_56" : [ 6.700000, 3.000000, 5.200000, 2.300000 ],
		"SV_57" : [ 6.300000, 2.500000, 5.000000, 1.900000 ],
		"SV_58" : [ 6.500000, 3.000000, 5.200000, 2.000000 ],
		"SV_59" : [ 5.900000, 3.000000, 5.100000, 1.800000 ]
	},
	"SupportVectorsCoefs" : {
		"SV_coef_0" : [ 0.000000, 0.316957, 1.000000, 1.000000, 0.074695, 1.000000, 1.000000, -0.000000, -0.000000, -0.000000, -0.000000, -0.000000, -0.000000, -1.000000, -0.000000, -0.000000, -0.391652, -0.000000, -0.000000, -0.000000, -0.000000, -0.000000, -0.000000, -0.000000, -0.000000, -0.000000, -1.000000, -0.000000, -0.000000, -0.000000, -0.000000, -0.000000, -0.000000, -0.000000, -1.000000, -1.000000, -0.000000, -1.000000, -0.000000, -0.000000, -0.000000, -0.000000, -0.000000, -0.000000, -0.000000, -0.000000, -0.000000, -0.000000, -0.343432, -0.000000, -0.000000, -0.000000, -0.681274, -0.000000, -0.000000, -0.000000, -0.000000, -0.000000, -0.000000, -0.000000 ],
		"SV_coef_1" : [ 0.266836, 0.000000, 0.024495, 0.263212, 0.000000, 0.470162, 1.000000, 1.000000, 1.000000, 1.000000, 1.000000, 1.000000, 1.000000, 0.000000, 1.000000, 1.000000, 0.000000, 1.000000, 1.000000, 1.000000, 1.000000, 1.000000, 0.293484, 1.000000, 1.000000, 1.000000, 0.000000, 1.000000, 1.000000, 1.000000, 1.000000, 1.000000, 0.706516, 1.000000, 0.000000, 0.000000, -1.000000, -1.000000, -1.000000, -1.000000, -1.000000, -1.000000, -1.000000, -1.000000, -1.000000, -1.000000, -1.000000, -1.000000, -0.000000, -1.000000, -1.000000, -1.000000, -1.000000, -1.000000, -1.000000, -1.000000, -1.000000, -1.000000, -1.000000, -1.000000 ]
	},
	"rho" : [ -0.126316, 0.064305, 0.107037 ],
	"nSV" : [ 7, 29, 24 ],
	"probA" : [ -3.388824, -3.573992, -3.764145 ],
	"probB" : [ 0.004057, -0.021212, 0.124522 ],
	"n_iter" : [ 8, 23, 35 ]
}
}