{
   "Contributions" : {
      "X_0" : [ 0.120174 ],
      "X_1" : [ 0.040008 ],
      "X_2" : [ 0.125612 ],
      "X_3" : [ 0.505000 ],
      "X_4" : [ -0.112199 ],
      "X_5" : [ -0.001389 ],
      "X_6" : [ 0.221476 ],
      "X_7" : [ -0.227152 ],
      "X_8" : [ -0.523003 ],
      "X_9" : [ -0.062443 ],
      "X_10" : [ 0.202188 ],
      "X_11" : [ -0.374282 ],
      "X_12" : [ 0.309961 ],
      "X_13" : [ 0.393315 ],
      "X_14" : [ 0.036680 ],
      "X_15" : [ 0.147331 ],
      "X_16" : [ -0.039888 ],
      "X_17" : [ 0.052453 ],
      "X_18" : [ -0.481643 ],
      "X_19" : [ -0.123868 ],
      "X_20" : [ -0.002682 ],
      "X_21" : [ 0.060663 ],
      "X_22" : [ 0.397781 ],
      "X_23" : [ 0.107767 ],
      "X_24" : [ -0.136355 ],
      "X_25" : [ -0.143400 ],
      "X_26" : [ 0.234954 ],
      "X_27" : [ -0.008075 ],
      "X_28" : [ -0.358843 ],
      "X_29" : [ 0.003441 ],
      "X_30" : [ -2.999311 ],
      "X_31" : [ 0.907435 ],
      "X_32" : [ 1.431909 ],
      "X_33" : [ 0.088547 ],
      "X_34" : [ 0.072051 ],
      "X_35" : [ -0.029134 ],
      "X_36" : [ 2.705940 ],
      "X_37" : [ -0.124954 ],
      "X_38" : [ 0.115284 ],
      "X_39" : [ 0.022211 ],
      "X_40" : [ 0.204713 ],
      "X_41" : [ 0.374720 ],
      "X_42" : [ 0.069100 ],
      "X_43" : [ 0.325017 ],
      "X_44" : [ 0.003347 ],
      "X_45" : [ -0.134341 ],
      "X_46" : [ 3.112718 ],
      "X_47" : [ 0.155256 ],
      "X_48" : [ -0.204916 ],
      "X_49" : [ -0.274661 ],
      "X_50" : [ 0.027586 ],
      "X_51" : [ -0.056231 ],
      "X_52" : [ -0.495369 ],
      "X_53" : [ 0.174507 ],
      "X_54" : [ -0.077462 ],
      "X_55" : [ -0.048557 ],
      "X_56" : [ 0.935224 ],
      "X_57" : [ -1.275592 ],
      "X_58" : [ 0.156130 ],
      "X_59" : [ 5.068907 ],
      "X_60" : [ 0.028799 ],
      "X_61" : [ 0.014783 ],
      "X_62" : [ 0.047237 ],
      "X_63" : [ 0.220386 ],
      "X_64" : [ 0.172407 ],
      "X_65" : [ 0.048997 ],
      "X_66" : [ -0.061691 ],
      "X_67" : [ -0.177001 ],
      "X_68" : [ -0.088012 ],
      "X_69" : [ -0.085789 ],
      "X_70" : [ 0.024834 ],
      "X_71" : [ -0.462855 ],
      "X_72" : [ 0.148287 ],
      "X_73" : [ 0.134715 ],
      "X_74" : [ 0.525434 ],
      "X_75" : [ 0.010132 ],
      "X_76" : [ -0.089175 ],
      "X_77" : [ 3.722826 ],
      "X_78" : [ 0.030314 ],
      "X_79" : [ -0.145568 ],
      "X_80" : [ -0.054948 ],
      "X_81" : [ 1.677400 ],
      "X_82" : [ -0.024388 ],
      "X_83" : [ 0.139303 ],
      "X_84" : [ 0.059755 ],
      "X_85" : [ -0.074883 ],
      "X_86" : [ -0.081756 ],
      "X_87" : [ 5.629185 ],
      "X_88" : [ -0.080198 ],
      "X_89" : [ 0.192084 ],
      "X_90" : [ 0.352578 ],
      "X_91" : [ -0.106138 ],
      "X_92" : [ 0.421762 ],
      "X_93" : [ 1.417549 ],
      "X_94" : [ 0.184209 ],
      "X_95" : [ -0.727021 ],
      "X_96" : [ 0.268028 ],
      "X_97" : [ -0.093629 ],
      "X_98" : [ 0.388587 ],
      "X_99" : [ 0.200080 ]   
   },
   "Most_Contributive_Features" : {
      "y" : [ 87, 59, 77, 46, 30, 36, 81, 32, 93, 57 ]
   }
}