{
   "Contributions" : {
      "X_0" : [ 1.156434 ],
      "X_1" : [ 0.000000 ],
      "X_2" : [ 0.000000 ],
      "X_3" : [ 0.242609 ],
      "X_4" : [ -1.042748 ],
      "X_5" : [ 0.125615 ],
      "X_6" : [ 0.107143 ],
      "X_7" : [ -0.164265 ],
      "X_8" : [ -0.174201 ],
      "X_9" : [ 0.000000 ],
      "X_10" : [ 0.000000 ],
      "X_11" : [ -0.279379 ],
      "X_12" : [ 0.000000 ],
      "X_13" : [ -0.155365 ],
      "X_14" : [ -0.079362 ],
      "X_15" : [ 0.092076 ],
      "X_16" : [ 0.375361 ],
      "X_17" : [ 0.000000 ],
      "X_18" : [ 0.000000 ],
      "X_19" : [ 0.000000 ],
      "X_20" : [ -0.005542 ],
      "X_21" : [ 0.013526 ],
      "X_22" : [ -0.013141 ],
      "X_23" : [ -0.011716 ],
      "X_24" : [ 0.032136 ],
      "X_25" : [ -2.025187 ],
      "X_26" : [ 0.000000 ],
      "X_27" : [ 0.044472 ],
      "X_28" : [ 0.059890 ],
      "X_29" : [ 0.062053 ],
      "X_30" : [ -1.196263 ],
      "X_31" : [ 0.192381 ],
      "X_32" : [ -0.186358 ],
      "X_33" : [ -0.162398 ],
      "X_34" : [ 0.000000 ],
      "X_35" : [ 0.019914 ],
      "X_36" : [ 8.696587 ],
      "X_37" : [ -1.214811 ],
      "X_38" : [ 0.015122 ],
      "X_39" : [ -0.662988 ],
      "X_40" : [ 0.000000 ],
      "X_41" : [ 0.519422 ],
      "X_42" : [ 0.000000 ],
      "X_43" : [ 0.735640 ],
      "X_44" : [ 0.570190 ],
      "X_45" : [ -0.140457 ],
      "X_46" : [ 2.044878 ],
      "X_47" : [ 0.000000 ],
      "X_48" : [ 0.403296 ],
      "X_49" : [ 0.000000 ],
      "X_50" : [ 0.000000 ],
      "X_51" : [ 0.000000 ],
      "X_52" : [ -0.960496 ],
      "X_53" : [ -0.121019 ],
      "X_54" : [ 0.000000 ],
      "X_55" : [ 0.055729 ],
      "X_56" : [ 1.008021 ],
      "X_57" : [ -5.732945 ],
      "X_58" : [ 0.000000 ],
      "X_59" : [ 4.384635 ],
      "X_60" : [ 0.000000 ],
      "X_61" : [ 0.010698 ],
      "X_62" : [ 0.000000 ],
      "X_63" : [ 1.215612 ],
      "X_64" : [ 1.309346 ],
      "X_65" : [ 1.307453 ],
      "X_66" : [ 0.000000 ],
      "X_67" : [ -0.061151 ],
      "X_68" : [ 0.000000 ],
      "X_69" : [ 0.000000 ],
      "X_70" : [ 0.000000 ],
      "X_71" : [ -0.522500 ],
      "X_72" : [ 0.642801 ],
      "X_73" : [ 1.418607 ],
      "X_74" : [ 0.670607 ],
      "X_75" : [ 0.168149 ],
      "X_76" : [ 0.000000 ],
      "X_77" : [ 7.624300 ],
      "X_78" : [ 0.000000 ],
      "X_79" : [ 0.163539 ],
      "X_80" : [ -0.105474 ],
      "X_81" : [ -0.144670 ],
      "X_82" : [ -0.013430 ],
      "X_83" : [ -0.074008 ],
      "X_84" : [ 0.000000 ],
      "X_85" : [ 0.497177 ],
      "X_86" : [ -0.319025 ],
      "X_87" : [ 5.776840 ],
      "X_88" : [ -0.599065 ],
      "X_89" : [ 0.036792 ],
      "X_90" : [ -0.291687 ],
      "X_91" : [ 0.009049 ],
      "X_92" : [ -0.600945 ],
      "X_93" : [ 2.191103 ],
      "X_94" : [ 0.699601 ],
      "X_95" : [ 0.101407 ],
      "X_96" : [ 0.217235 ],
      "X_97" : [ 0.185431 ],
      "X_98" : [ 0.275470 ],
      "X_99" : [ 0.138287 ]   
   },
   "Most_Contributive_Features" : {
      "y" : [ 36, 77, 87, 57, 59, 93, 46, 25, 73, 64 ]
   }
}