{
   "Contributions" : {
      "X_0" : [ 0.004623 ],
      "X_1" : [ 0.001720 ],
      "X_2" : [ -0.001706 ],
      "X_3" : [ 0.008775 ],
      "X_4" : [ 0.002724 ],
      "X_5" : [ 0.000334 ],
      "X_6" : [ -0.004894 ],
      "X_7" : [ 0.000460 ],
      "X_8" : [ 0.001585 ],
      "X_9" : [ 0.003097 ],
      "X_10" : [ -0.002120 ],
      "X_11" : [ -0.000003 ],
      "X_12" : [ -0.002178 ],
      "X_13" : [ -0.000485 ],
      "X_14" : [ 0.000481 ],
      "X_15" : [ 0.001130 ],
      "X_16" : [ -0.000280 ],
      "X_17" : [ 0.001028 ],
      "X_18" : [ 0.000576 ],
      "X_19" : [ 0.001900 ],
      "X_20" : [ 0.000528 ],
      "X_21" : [ -0.012795 ],
      "X_22" : [ 0.000876 ],
      "X_23" : [ 0.004393 ],
      "X_24" : [ 0.016580 ],
      "X_25" : [ -0.003814 ],
      "X_26" : [ -0.000740 ],
      "X_27" : [ -0.002795 ],
      "X_28" : [ 0.000852 ],
      "X_29" : [ -0.002082 ],
      "X_30" : [ 0.016771 ],
      "X_31" : [ -0.000356 ],
      "X_32" : [ -0.003707 ],
      "X_33" : [ 0.000979 ],
      "X_34" : [ -0.000565 ],
      "X_35" : [ 0.000128 ],
      "X_36" : [ 0.012547 ],
      "X_37" : [ -0.000418 ],
      "X_38" : [ 0.001797 ],
      "X_39" : [ -0.000347 ],
      "X_40" : [ 0.002145 ],
      "X_41" : [ 0.003053 ],
      "X_42" : [ -0.000386 ],
      "X_43" : [ 0.007031 ],
      "X_44" : [ 0.000080 ],
      "X_45" : [ 0.002161 ],
      "X_46" : [ 0.005811 ],
      "X_47" : [ 0.000601 ],
      "X_48" : [ 0.000310 ],
      "X_49" : [ -0.001170 ],
      "X_50" : [ 0.001350 ],
      "X_51" : [ 0.001407 ],
      "X_52" : [ -0.000585 ],
      "X_53" : [ 0.001619 ],
      "X_54" : [ 0.003269 ],
      "X_55" : [ 0.000232 ],
      "X_56" : [ -0.002656 ],
      "X_57" : [ 0.000671 ],
      "X_58" : [ 0.005990 ],
      "X_59" : [ -0.021848 ],
      "X_60" : [ 0.004789 ],
      "X_61" : [ 0.002438 ],
      "X_62" : [ 0.003322 ],
      "X_63" : [ -0.008026 ],
      "X_64" : [ -0.002302 ],
      "X_65" : [ -0.001558 ],
      "X_66" : [ 0.001304 ],
      "X_67" : [ 0.001178 ],
      "X_68" : [ 0.005454 ],
      "X_69" : [ 0.001294 ],
      "X_70" : [ -0.001583 ],
      "X_71" : [ 0.001927 ],
      "X_72" : [ -0.002536 ],
      "X_73" : [ 0.003966 ],
      "X_74" : [ -0.003547 ],
      "X_75" : [ 0.004776 ],
      "X_76" : [ 0.001630 ],
      "X_77" : [ -0.010688 ],
      "X_78" : [ -0.002916 ],
      "X_79" : [ 0.002404 ],
      "X_80" : [ -0.000458 ],
      "X_81" : [ -0.000638 ],
      "X_82" : [ 0.002195 ],
      "X_83" : [ -0.003145 ],
      "X_84" : [ 0.000860 ],
      "X_85" : [ 0.001790 ],
      "X_86" : [ 0.000174 ],
      "X_87" : [ 0.001611 ],
      "X_88" : [ 0.001075 ],
      "X_89" : [ 0.004333 ],
      "X_90" : [ -0.008394 ],
      "X_91" : [ 0.000692 ],
      "X_92" : [ 0.000931 ],
      "X_93" : [ 0.000030 ],
      "X_94" : [ -0.000960 ],
      "X_95" : [ 0.011485 ],
      "X_96" : [ 0.001756 ],
      "X_97" : [ -0.001875 ],
      "X_98" : [ 0.000052 ],
      "X_99" : [ 0.001334 ]   
   },
   "Most_Contributive_Features" : {
      "y" : [ 59, 30, 24, 21, 36, 95, 77, 3, 90, 63 ]
   }
}