{
   "Contributions" : {
      "X_0" : [ 0.000375, -0.001262, 0.000292, 0.000595 ],
      "X_1" : [ 0.000371, 0.000433, -0.000020, -0.000783 ],
      "X_2" : [ -0.002269, 0.002288, 0.000125, -0.000144 ],
      "X_3" : [ -0.000095, 0.000941, -0.000244, -0.000603 ],
      "X_4" : [ -0.000049, -0.000059, 0.000047, 0.000060 ],
      "X_5" : [ -0.000597, 0.000551, -0.000086, 0.000131 ],
      "X_6" : [ -0.000036, 0.000376, -0.000261, -0.000079 ],
      "X_7" : [ 0.001233, 0.000380, -0.000686, -0.000927 ],
      "X_8" : [ -0.000572, 0.000277, 0.000062, 0.000232 ],
      "X_9" : [ 0.000636, -0.000193, 0.000332, -0.000775 ],
      "X_10" : [ 0.000053, -0.000394, 0.000494, -0.000153 ],
      "X_11" : [ 0.000123, 0.002608, -0.001409, -0.001322 ],
      "X_12" : [ -0.000164, 0.000691, -0.000192, -0.000335 ],
      "X_13" : [ -0.000049, 0.000219, -0.000058, -0.000111 ],
      "X_14" : [ -0.001878, 0.001446, 0.000394, 0.000038 ],
      "X_15" : [ 0.000264, -0.000105, 0.000285, -0.000445 ],
      "X_16" : [ -0.000008, -0.000034, -0.000013, 0.000055 ],
      "X_17" : [ 0.000031, 0.000186, 0.000043, -0.000260 ],
      "X_18" : [ 0.000053, -0.000554, 0.000146, 0.000355 ],
      "X_19" : [ -0.000082, -0.000051, 0.000181, -0.000048 ],
      "X_20" : [ 0.000985, -0.000705, -0.000853, 0.000572 ],
      "X_21" : [ 0.000145, -0.000103, -0.000255, 0.000213 ],
      "X_22" : [ 0.000611, -0.000475, 0.000161, -0.000297 ],
      "X_23" : [ -0.000097, 0.000279, 0.000438, -0.000620 ],
      "X_24" : [ 0.000860, 0.001115, -0.002004, 0.000029 ],
      "X_25" : [ -0.001323, 0.001445, -0.000331, 0.000209 ],
      "X_26" : [ 0.000015, -0.000555, 0.001589, -0.001049 ],
      "X_27" : [ 0.001987, -0.001572, 0.000310, -0.000726 ],
      "X_28" : [ -0.000508, 0.000276, -0.000108, 0.000340 ],
      "X_29" : [ 0.002430, -0.000429, -0.000201, -0.001800 ],
      "X_30" : [ -0.000056, -0.000583, -0.000073, 0.000712 ],
      "X_31" : [ 0.004770, -0.001607, -0.000476, -0.002686 ],
      "X_32" : [ -0.003835, -0.001872, 0.003514, 0.002193 ],
      "X_33" : [ 0.001357, -0.002268, -0.000119, 0.001030 ],
      "X_34" : [ 0.000479, 0.000131, -0.000259, -0.000351 ],
      "X_35" : [ -0.005095, 0.006944, -0.001022, -0.000827 ],
      "X_36" : [ -0.000158, 0.000210, -0.000245, 0.000193 ],
      "X_37" : [ -0.002375, 0.002787, -0.000457, 0.000045 ],
      "X_38" : [ -0.000615, 0.002006, 0.000769, -0.002161 ],
      "X_39" : [ 0.000093, -0.000032, -0.000046, -0.000015 ],
      "X_40" : [ -0.000171, -0.000200, 0.000424, -0.000053 ],
      "X_41" : [ -0.000084, 0.000367, -0.000272, -0.000011 ],
      "X_42" : [ -0.000688, -0.000194, 0.000646, 0.000236 ],
      "X_43" : [ -0.000667, 0.001894, -0.000425, -0.000802 ],
      "X_44" : [ -0.000659, -0.000111, 0.000228, 0.000542 ],
      "X_45" : [ -0.000047, -0.000037, -0.000014, 0.000098 ],
      "X_46" : [ -0.004255, 0.010398, -0.002304, -0.003838 ],
      "X_47" : [ 0.001411, -0.001733, -0.000301, 0.000623 ],
      "X_48" : [ 0.000211, 0.000531, -0.000316, -0.000427 ],
      "X_49" : [ -0.022275, 0.028344, 0.003455, -0.009524 ],
      "X_50" : [ -0.000193, -0.000059, 0.000195, 0.000056 ],
      "X_51" : [ -0.000134, 0.000777, -0.000236, -0.000408 ],
      "X_52" : [ -0.000017, 0.000052, -0.000053, 0.000018 ],
      "X_53" : [ 0.006623, 0.002881, 0.003371, -0.012875 ],
      "X_54" : [ 0.000002, -0.000033, -0.000140, 0.000172 ],
      "X_55" : [ -0.000047, 0.000832, 0.000687, -0.001472 ],
      "X_56" : [ -0.000160, -0.000286, 0.000291, 0.000155 ],
      "X_57" : [ -0.000341, -0.000269, 0.000346, 0.000264 ],
      "X_58" : [ -0.000187, -0.000267, 0.000231, 0.000223 ],
      "X_59" : [ -0.002628, -0.000241, -0.000426, 0.003295 ],
      "X_60" : [ -0.009605, 0.008758, -0.008959, 0.009806 ],
      "X_61" : [ -0.001185, 0.000876, 0.000471, -0.000162 ],
      "X_62" : [ -0.030284, -0.008634, -0.005805, 0.044724 ],
      "X_63" : [ -0.000081, 0.000548, -0.000338, -0.000129 ],
      "X_64" : [ -0.001103, 0.000038, 0.000147, 0.000917 ],
      "X_65" : [ -0.011669, 0.019626, -0.004362, -0.003595 ],
      "X_66" : [ -0.019882, 0.010330, 0.012697, -0.003145 ],
      "X_67" : [ 0.000721, 0.001648, 0.001085, -0.003453 ],
      "X_68" : [ -0.002215, 0.000850, -0.000521, 0.001886 ],
      "X_69" : [ -0.000253, 0.000736, -0.000520, 0.000037 ],
      "X_70" : [ -0.000863, 0.000317, 0.000629, -0.000083 ],
      "X_71" : [ 0.000932, 0.000690, -0.000647, -0.000975 ],
      "X_72" : [ -0.000311, 0.000345, 0.000583, -0.000617 ],
      "X_73" : [ 0.000096, -0.000227, -0.000237, 0.000369 ],
      "X_74" : [ -0.003367, 0.000867, -0.001227, 0.003727 ],
      "X_75" : [ -0.000529, -0.000052, -0.000293, 0.000874 ],
      "X_76" : [ -0.000774, 0.001628, -0.000743, -0.000111 ],
      "X_77" : [ 0.000229, 0.000832, -0.000352, -0.000709 ],
      "X_78" : [ -0.001386, 0.001003, -0.000887, 0.001270 ],
      "X_79" : [ -0.003503, 0.003130, 0.002339, -0.001966 ],
      "X_80" : [ -0.000343, 0.001075, -0.000388, -0.000344 ],
      "X_81" : [ 0.000163, -0.000510, -0.000199, 0.000547 ],
      "X_82" : [ -0.000689, 0.000681, 0.000559, -0.000550 ],
      "X_83" : [ 0.000340, -0.000112, 0.000094, -0.000322 ],
      "X_84" : [ -0.000031, -0.000108, 0.000378, -0.000239 ],
      "X_85" : [ -0.001782, 0.001146, 0.001024, -0.000389 ],
      "X_86" : [ -0.000511, -0.000077, -0.000096, 0.000685 ],
      "X_87" : [ -0.000155, 0.000404, 0.000227, -0.000476 ],
      "X_88" : [ -0.001479, 0.000410, 0.000373, 0.000695 ],
      "X_89" : [ 0.000612, -0.000232, -0.000288, -0.000091 ],
      "X_90" : [ -0.000142, -0.000178, -0.000567, 0.000887 ],
      "X_91" : [ 0.000568, -0.000678, 0.000923, -0.000812 ],
      "X_92" : [ -0.001008, -0.000319, 0.001152, 0.000175 ],
      "X_93" : [ -0.000802, 0.000061, 0.000268, 0.000473 ],
      "X_94" : [ -0.000080, 0.000544, -0.000307, -0.000157 ],
      "X_95" : [ 0.000315, 0.000508, -0.000781, -0.000042 ],
      "X_96" : [ -0.000189, 0.000100, 0.000102, -0.000013 ],
      "X_97" : [ -0.000166, 0.000617, 0.000536, -0.000988 ],
      "X_98" : [ 0.000126, 0.000740, -0.000086, -0.000780 ],
      "X_99" : [ -0.000624, 0.000045, 0.000118, 0.000461 ]   
   },
   "Most_Contributive_Features_By_Class" : {
      "class_0" : [ 62, 49, 66, 65, 60, 53, 35, 31, 46, 32 ],
      "class_1" : [ 49, 65, 46, 66, 60, 62, 35, 79, 53, 37 ],
      "class_2" : [ 66, 60, 62, 65, 32, 49, 53, 79, 46, 24 ],
      "class_3" : [ 62, 53, 60, 49, 46, 74, 65, 67, 59, 66 ]
   }
}