{
   "Contributions" : {
      "X_0" : [ -0.000755, 0.000755 ],
      "X_1" : [ -0.016733, 0.016733 ],
      "X_2" : [ 0.001698, -0.001698 ],
      "X_3" : [ -0.004814, 0.004814 ],
      "X_4" : [ -0.006362, 0.006362 ],
      "X_5" : [ -0.001041, 0.001041 ],
      "X_6" : [ 0.001437, -0.001437 ],
      "X_7" : [ -0.004187, 0.004187 ],
      "X_8" : [ -0.004832, 0.004832 ],
      "X_9" : [ -0.006430, 0.006430 ],
      "X_10" : [ -0.003392, 0.003392 ],
      "X_11" : [ -0.002420, 0.002420 ],
      "X_12" : [ -0.001462, 0.001462 ],
      "X_13" : [ 0.002816, -0.002816 ],
      "X_14" : [ -0.000983, 0.000983 ],
      "X_15" : [ -0.000908, 0.000908 ],
      "X_16" : [ -0.003229, 0.003229 ],
      "X_17" : [ -0.004555, 0.004555 ],
      "X_18" : [ 0.000308, -0.000308 ],
      "X_19" : [ -0.001615, 0.001615 ],
      "X_20" : [ -0.003875, 0.003875 ],
      "X_21" : [ -0.011503, 0.011503 ],
      "X_22" : [ 0.002297, -0.002297 ],
      "X_23" : [ -0.003712, 0.003712 ],
      "X_24" : [ -0.004330, 0.004330 ],
      "X_25" : [ -0.001856, 0.001856 ],
      "X_26" : [ -0.001757, 0.001757 ],
      "X_27" : [ -0.001747, 0.001747 ],
      "X_28" : [ -0.000993, 0.000993 ],
      "X_29" : [ 0.000076, -0.000076 ],
      "X_30" : [ -0.001734, 0.001734 ],
      "X_31" : [ -0.004677, 0.004677 ],
      "X_32" : [ -0.004570, 0.004570 ],
      "X_33" : [ -0.002137, 0.002137 ],
      "X_34" : [ -0.002690, 0.002690 ],
      "X_35" : [ -0.001781, 0.001781 ],
      "X_36" : [ 0.000258, -0.000258 ],
      "X_37" : [ -0.004984, 0.004984 ],
      "X_38" : [ -0.004653, 0.004653 ],
      "X_39" : [ -0.000936, 0.000936 ],
      "X_40" : [ -0.003194, 0.003194 ],
      "X_41" : [ 0.008429, -0.008429 ],
      "X_42" : [ -0.002985, 0.002985 ],
      "X_43" : [ -0.004792, 0.004792 ],
      "X_44" : [ -0.000260, 0.000260 ],
      "X_45" : [ -0.005945, 0.005945 ],
      "X_46" : [ -0.000816, 0.000816 ],
      "X_47" : [ -0.000308, 0.000308 ],
      "X_48" : [ -0.001980, 0.001980 ],
      "X_49" : [ -0.003536, 0.003536 ],
      "X_50" : [ -0.007859, 0.007859 ],
      "X_51" : [ -0.000755, 0.000755 ],
      "X_52" : [ -0.004397, 0.004397 ],
      "X_53" : [ 0.000143, -0.000143 ],
      "X_54" : [ 0.002542, -0.002542 ],
      "X_55" : [ -0.008275, 0.008275 ],
      "X_56" : [ -0.001922, 0.001922 ],
      "X_57" : [ 0.000297, -0.000297 ],
      "X_58" : [ -0.004746, 0.004746 ],
      "X_59" : [ -0.005404, 0.005404 ],
      "X_60" : [ -0.011491, 0.011491 ],
      "X_61" : [ -0.083886, 0.083886 ],
      "X_62" : [ 0.002802, -0.002802 ],
      "X_63" : [ -0.005356, 0.005356 ],
      "X_64" : [ -0.001277, 0.001277 ],
      "X_65" : [ 0.000857, -0.000857 ],
      "X_66" : [ -0.002249, 0.002249 ],
      "X_67" : [ 0.004196, -0.004196 ],
      "X_68" : [ -0.000522, 0.000522 ],
      "X_69" : [ -0.001806, 0.001806 ],
      "X_70" : [ -0.003138, 0.003138 ],
      "X_71" : [ -0.002451, 0.002451 ],
      "X_72" : [ -0.001807, 0.001807 ],
      "X_73" : [ -0.000026, 0.000026 ],
      "X_74" : [ -0.002986, 0.002986 ],
      "X_75" : [ -0.006375, 0.006375 ],
      "X_76" : [ -0.000074, 0.000074 ],
      "X_77" : [ -0.004016, 0.004016 ],
      "X_78" : [ -0.002958, 0.002958 ],
      "X_79" : [ -0.004899, 0.004899 ],
      "X_80" : [ -0.003416, 0.003416 ],
      "X_81" : [ 0.000112, -0.000112 ],
      "X_82" : [ -0.007007, 0.007007 ],
      "X_83" : [ 0.003825, -0.003825 ],
      "X_84" : [ -0.014614, 0.014614 ],
      "X_85" : [ -0.001212, 0.001212 ],
      "X_86" : [ -0.004034, 0.004034 ],
      "X_87" : [ -0.000261, 0.000261 ],
      "X_88" : [ -0.004390, 0.004390 ],
      "X_89" : [ -0.003767, 0.003767 ],
      "X_90" : [ -0.004854, 0.004854 ],
      "X_91" : [ -0.001287, 0.001287 ],
      "X_92" : [ -0.002467, 0.002467 ],
      "X_93" : [ -0.001431, 0.001431 ],
      "X_94" : [ -0.002902, 0.002902 ],
      "X_95" : [ -0.007919, 0.007919 ],
      "X_96" : [ -0.000472, 0.000472 ],
      "X_97" : [ -0.007480, 0.007480 ],
      "X_98" : [ -0.004064, 0.004064 ],
      "X_99" : [ -0.001968, 0.001968 ]   
   },
   "Most_Contributive_Features_By_Class" : {
      "class_0" : [ 61, 1, 84, 21, 60, 41, 55, 95, 50, 97 ],
      "class_1" : [ 61, 1, 84, 21, 60, 41, 55, 95, 50, 97 ]
   }
}