{
   "Contributions" : {
      "X_0" : [ -0.001155, 0.001155 ],
      "X_1" : [ -0.013841, 0.013841 ],
      "X_2" : [ 0.002891, -0.002891 ],
      "X_3" : [ -0.001193, 0.001193 ],
      "X_4" : [ -0.006897, 0.006897 ],
      "X_5" : [ 0.000230, -0.000230 ],
      "X_6" : [ 0.003711, -0.003711 ],
      "X_7" : [ -0.003979, 0.003979 ],
      "X_8" : [ -0.005482, 0.005482 ],
      "X_9" : [ -0.005153, 0.005153 ],
      "X_10" : [ -0.004182, 0.004182 ],
      "X_11" : [ -0.005271, 0.005271 ],
      "X_12" : [ -0.002705, 0.002705 ],
      "X_13" : [ 0.001669, -0.001669 ],
      "X_14" : [ 0.000956, -0.000956 ],
      "X_15" : [ 0.000933, -0.000933 ],
      "X_16" : [ -0.000866, 0.000866 ],
      "X_17" : [ -0.002541, 0.002541 ],
      "X_18" : [ 0.000771, -0.000771 ],
      "X_19" : [ -0.001164, 0.001164 ],
      "X_20" : [ -0.003795, 0.003795 ],
      "X_21" : [ -0.011003, 0.011003 ],
      "X_22" : [ 0.000803, -0.000803 ],
      "X_23" : [ -0.005121, 0.005121 ],
      "X_24" : [ -0.002940, 0.002940 ],
      "X_25" : [ -0.001145, 0.001145 ],
      "X_26" : [ -0.000970, 0.000970 ],
      "X_27" : [ -0.001024, 0.001024 ],
      "X_28" : [ -0.003433, 0.003433 ],
      "X_29" : [ 0.000831, -0.000831 ],
      "X_30" : [ -0.002085, 0.002085 ],
      "X_31" : [ -0.003316, 0.003316 ],
      "X_32" : [ -0.002262, 0.002262 ],
      "X_33" : [ -0.002084, 0.002084 ],
      "X_34" : [ 0.000741, -0.000741 ],
      "X_35" : [ -0.003747, 0.003747 ],
      "X_36" : [ -0.001482, 0.001482 ],
      "X_37" : [ -0.007719, 0.007719 ],
      "X_38" : [ -0.002628, 0.002628 ],
      "X_39" : [ -0.002559, 0.002559 ],
      "X_40" : [ -0.002808, 0.002808 ],
      "X_41" : [ 0.009041, -0.009041 ],
      "X_42" : [ -0.002019, 0.002019 ],
      "X_43" : [ -0.002180, 0.002180 ],
      "X_44" : [ -0.000054, 0.000054 ],
      "X_45" : [ -0.006319, 0.006319 ],
      "X_46" : [ -0.000725, 0.000725 ],
      "X_47" : [ -0.001347, 0.001347 ],
      "X_48" : [ -0.001678, 0.001678 ],
      "X_49" : [ -0.002060, 0.002060 ],
      "X_50" : [ -0.001810, 0.001810 ],
      "X_51" : [ -0.000888, 0.000888 ],
      "X_52" : [ -0.003232, 0.003232 ],
      "X_53" : [ -0.002798, 0.002798 ],
      "X_54" : [ 0.004560, -0.004560 ],
      "X_55" : [ -0.007185, 0.007185 ],
      "X_56" : [ -0.001383, 0.001383 ],
      "X_57" : [ 0.000525, -0.000525 ],
      "X_58" : [ -0.003547, 0.003547 ],
      "X_59" : [ -0.003489, 0.003489 ],
      "X_60" : [ -0.008765, 0.008765 ],
      "X_61" : [ -0.087310, 0.087310 ],
      "X_62" : [ 0.005045, -0.005045 ],
      "X_63" : [ -0.005386, 0.005386 ],
      "X_64" : [ 0.001097, -0.001097 ],
      "X_65" : [ 0.002335, -0.002335 ],
      "X_66" : [ -0.002587, 0.002587 ],
      "X_67" : [ 0.003456, -0.003456 ],
      "X_68" : [ 0.001631, -0.001631 ],
      "X_69" : [ -0.000420, 0.000420 ],
      "X_70" : [ -0.002661, 0.002661 ],
      "X_71" : [ -0.005650, 0.005650 ],
      "X_72" : [ -0.002487, 0.002487 ],
      "X_73" : [ -0.003755, 0.003755 ],
      "X_74" : [ -0.002115, 0.002115 ],
      "X_75" : [ -0.004463, 0.004463 ],
      "X_76" : [ -0.001190, 0.001190 ],
      "X_77" : [ -0.005926, 0.005926 ],
      "X_78" : [ -0.002067, 0.002067 ],
      "X_79" : [ -0.003678, 0.003678 ],
      "X_80" : [ -0.002144, 0.002144 ],
      "X_81" : [ 0.000975, -0.000975 ],
      "X_82" : [ -0.005104, 0.005104 ],
      "X_83" : [ 0.005623, -0.005623 ],
      "X_84" : [ -0.014469, 0.014469 ],
      "X_85" : [ 0.000061, -0.000061 ],
      "X_86" : [ -0.004156, 0.004156 ],
      "X_87" : [ -0.000644, 0.000644 ],
      "X_88" : [ -0.001794, 0.001794 ],
      "X_89" : [ -0.002980, 0.002980 ],
      "X_90" : [ 0.000542, -0.000542 ],
      "X_91" : [ -0.002682, 0.002682 ],
      "X_92" : [ -0.000371, 0.000371 ],
      "X_93" : [ -0.004651, 0.004651 ],
      "X_94" : [ -0.002588, 0.002588 ],
      "X_95" : [ -0.005770, 0.005770 ],
      "X_96" : [ -0.001132, 0.001132 ],
      "X_97" : [ -0.004826, 0.004826 ],
      "X_98" : [ -0.003748, 0.003748 ],
      "X_99" : [ -0.001487, 0.001487 ]   
   },
   "Most_Contributive_Features_By_Class" : {
      "class_0" : [ 61, 84, 1, 21, 41, 60, 37, 55, 4, 45 ],
      "class_1" : [ 61, 84, 1, 21, 41, 60, 37, 55, 4, 45 ]
   }
}