{
   "Contributions" : {
      "X_0" : [ -0.051138 ],
      "X_1" : [ -0.066739 ],
      "X_2" : [ -0.008964 ],
      "X_3" : [ -0.618305 ],
      "X_4" : [ 0.054782 ],
      "X_5" : [ 0.035647 ],
      "X_6" : [ -0.009405 ],
      "X_7" : [ 0.000000 ],
      "X_8" : [ -0.047771 ],
      "X_9" : [ -0.022791 ]   
   },
   "Most_Contributive_Features" : {
      "y" : [ 3, 1, 4, 0, 8, 5, 9, 6, 2 ]
   }
}