{
   "Contributions" : {
      "X_0" : [ -0.069648 ],
      "X_1" : [ 0.096416 ],
      "X_2" : [ -0.006658 ],
      "X_3" : [ -0.898108 ],
      "X_4" : [ 0.170950 ],
      "X_5" : [ -0.036217 ],
      "X_6" : [ -0.003652 ],
      "X_7" : [ 0.008246 ],
      "X_8" : [ -0.054034 ],
      "X_9" : [ -0.001984 ]   
   },
   "Most_Contributive_Features" : {
      "y" : [ 3, 4, 1, 0, 8, 5, 7, 2, 6, 9 ]
   }
}