{
   "Contributions" : {
      "X_0" : [ -0.011160 ],
      "X_1" : [ -0.058164 ],
      "X_2" : [ -0.010607 ],
      "X_3" : [ -0.045828 ],
      "X_4" : [ -0.080918 ],
      "X_5" : [ 0.076998 ],
      "X_6" : [ -0.048673 ],
      "X_7" : [ 0.013688 ],
      "X_8" : [ 0.000000 ]   
   },
   "Most_Contributive_Features" : {
      "y" : [ 4, 5, 1, 6, 3, 7, 0, 2 ]
   }
}