{
   "Contributions" : {
      "X_0" : [ 0.000000, 0.000000, 0.000000, 0.000000, 0.000000, 0.000000, 0.000000, 0.000000, 0.000000, 0.000000 ],
      "X_1" : [ 0.001212, 0.000024, 0.012135, 0.000002, -0.008088, -0.000173, -0.009013, 0.004105, 0.000069, -0.000274 ],
      "X_2" : [ -0.000843, 0.000243, 0.010378, -0.000128, 0.005153, 0.001707, -0.001926, -0.011264, 0.000309, -0.003630 ],
      "X_3" : [ -0.000833, 0.000618, -0.012432, -0.000069, -0.007050, -0.003650, 0.004379, 0.005616, 0.000949, 0.012471 ],
      "X_4" : [ -0.000990, 0.000050, 0.004544, 0.000059, -0.005840, 0.002592, -0.006962, 0.004648, 0.000117, 0.001784 ],
      "X_5" : [ 0.000394, -0.000405, 0.001030, 0.000118, -0.000080, -0.006494, 0.004135, -0.005263, 0.000153, 0.006411 ],
      "X_6" : [ 0.000333, -0.000003, 0.002467, 0.000058, 0.001054, 0.001679, -0.005004, 0.000811, 0.000030, -0.001425 ],
      "X_7" : [ -0.001024, -0.000000, 0.001135, 0.000097, 0.002673, -0.001766, -0.001425, 0.000873, -0.000069, -0.000494 ],
      "X_8" : [ 0.000227, 0.000000, -0.001124, 0.000000, -0.000277, -0.000380, 0.000171, 0.003057, -0.000139, -0.001535 ],
      "X_9" : [ -0.003443, 0.000056, 0.005564, -0.000027, 0.005830, -0.008283, -0.000028, 0.001195, -0.000671, -0.000193 ],
      "X_10" : [ -0.000533, 0.000026, 0.001069, 0.000116, -0.000343, -0.001941, 0.000772, 0.000654, 0.000770, -0.000589 ],
      "X_11" : [ 0.000909, 0.000078, -0.002491, -0.000071, 0.000376, -0.003182, 0.002287, -0.004066, -0.000143, 0.006303 ],
      "X_12" : [ -0.000094, 0.000275, 0.000333, 0.000059, 0.000601, 0.000256, -0.001006, 0.000120, -0.000270, -0.000273 ],
      "X_13" : [ 0.000288, 0.000566, -0.000522, -0.000153, 0.006376, -0.000772, 0.001959, -0.005890, -0.000355, -0.001498 ],
      "X_14" : [ -0.000614, -0.000414, -0.003067, 0.000079, 0.004554, -0.011362, 0.007838, -0.002359, 0.000394, 0.004950 ],
      "X_15" : [ 0.001906, 0.000138, -0.004839, -0.000097, -0.006246, 0.001744, -0.006561, 0.013182, -0.000092, 0.000865 ],
      "X_16" : [ 0.000403, 0.000000, 0.000275, 0.000000, 0.000095, -0.000267, 0.000344, -0.001412, 0.000000, 0.000562 ],
      "X_17" : [ 0.009039, 0.000132, -0.019931, 0.000010, 0.005269, 0.003014, -0.000200, -0.016783, 0.001901, 0.017547 ],
      "X_18" : [ -0.001401, -0.000369, 0.006014, 0.000074, 0.004189, 0.001582, -0.001936, 0.002995, -0.000054, -0.011093 ],
      "X_19" : [ -0.000102, -0.000009, 0.003238, -0.000096, 0.000877, -0.000214, -0.003876, 0.002139, -0.000512, -0.001445 ],
      "X_20" : [ 0.000619, -0.000050, 0.000166, 0.000003, 0.004384, -0.003032, 0.000624, -0.000585, 0.001113, -0.003242 ],
      "X_21" : [ 0.003553, 0.000065, 0.014064, -0.000069, 0.012057, -0.007329, -0.007494, -0.011880, -0.000031, -0.002937 ],
      "X_22" : [ 0.000300, -0.000237, 0.004801, 0.000113, 0.002168, -0.001653, -0.003078, -0.001169, 0.000025, -0.001271 ],
      "X_23" : [ -0.000129, 0.000138, -0.000156, 0.000080, 0.001100, -0.000765, -0.001498, 0.000260, -0.000255, 0.001226 ],
      "X_24" : [ 0.000000, 0.000000, 0.000000, 0.000000, 0.000000, 0.000000, 0.000000, 0.000000, 0.000000, 0.000000 ],
      "X_25" : [ -0.000151, -0.000589, 0.004043, 0.000094, 0.007808, -0.008110, 0.004794, 0.002586, -0.000492, -0.009982 ],
      "X_26" : [ 0.000265, 0.000538, -0.003535, 0.000023, -0.011886, 0.010180, -0.009163, -0.003715, 0.001085, 0.016208 ],
      "X_27" : [ 0.000698, 0.000132, -0.001965, -0.000021, 0.002963, -0.003122, 0.002254, 0.004766, -0.000836, -0.004868 ],
      "X_28" : [ -0.000687, 0.000349, 0.001475, 0.000050, -0.006473, 0.000756, 0.004374, -0.000696, -0.000101, 0.000952 ],
      "X_29" : [ -0.000402, -0.000391, -0.010606, 0.000071, -0.001780, 0.006011, 0.001382, 0.011666, -0.000866, -0.005084 ],
      "X_30" : [ 0.001201, 0.000225, -0.012801, -0.000017, -0.001511, 0.000180, -0.000903, 0.011574, 0.000281, 0.001771 ],
      "X_31" : [ -0.000000, 0.000000, -0.000140, 0.000000, -0.001955, 0.001116, -0.000277, -0.000140, 0.000000, 0.001395 ],
      "X_32" : [ 0.000000, 0.000000, 0.000000, 0.000000, 0.000000, 0.000000, 0.000000, 0.000000, 0.000000, 0.000000 ],
      "X_33" : [ 0.002542, -0.000029, 0.015452, -0.000079, -0.007874, -0.005881, -0.009299, 0.005400, 0.001563, -0.001794 ],
      "X_34" : [ 0.002561, 0.000532, -0.036788, 0.000121, -0.005796, 0.013993, 0.010136, 0.051979, 0.001164, -0.037903 ],
      "X_35" : [ -0.003590, -0.000350, 0.024532, 0.000097, -0.008466, -0.000090, -0.008846, -0.013274, 0.000161, 0.009826 ],
      "X_36" : [ -0.004312, 0.000048, -0.007032, 0.000095, 0.000713, 0.000947, -0.010960, 0.012958, -0.000568, 0.008113 ],
      "X_37" : [ 0.000209, -0.000254, -0.000170, -0.000138, 0.006326, -0.001216, -0.002519, -0.002193, -0.000974, 0.000929 ],
      "X_38" : [ 0.002071, -0.000438, 0.000781, -0.000002, 0.002698, 0.000432, -0.000801, -0.002417, -0.000781, -0.001542 ],
      "X_39" : [ 0.000000, 0.000000, 0.000000, 0.000000, 0.000000, 0.000000, 0.000000, 0.000000, 0.000000, 0.000000 ],
      "X_40" : [ 0.000108, -0.000000, 0.000266, -0.000000, -0.000724, 0.000116, 0.000244, -0.000481, -0.000001, 0.000472 ],
      "X_41" : [ -0.002318, -0.000111, -0.012143, -0.000071, 0.002037, 0.000556, 0.005704, 0.007829, -0.000844, -0.000639 ],
      "X_42" : [ 0.003397, -0.000144, 0.018180, 0.000124, -0.044937, 0.012601, -0.002142, 0.011137, 0.000377, 0.001408 ],
      "X_43" : [ -0.003831, 0.000601, -0.004478, -0.000098, -0.004786, -0.006853, -0.014244, 0.010188, 0.000200, 0.023301 ],
      "X_44" : [ 0.000101, -0.000517, -0.031611, -0.000096, -0.009098, 0.003204, 0.026628, -0.004910, -0.001149, 0.017448 ],
      "X_45" : [ 0.000163, 0.000274, 0.000050, 0.000070, -0.011235, -0.001823, 0.006390, 0.000113, 0.000661, 0.005337 ],
      "X_46" : [ -0.006486, -0.000112, 0.006157, 0.000039, 0.007441, 0.002611, -0.007365, 0.001958, -0.000123, -0.004119 ],
      "X_47" : [ -0.000248, -0.000206, 0.000146, -0.000000, 0.001373, -0.000160, -0.001978, 0.001318, -0.000078, -0.000166 ],
      "X_48" : [ -0.000000, 0.000000, 0.001177, 0.000000, 0.003906, -0.001954, -0.000279, -0.000000, 0.000000, -0.002849 ],
      "X_49" : [ 0.000230, 0.000115, -0.000262, -0.000020, -0.000130, 0.000114, 0.000453, -0.000912, -0.000357, 0.000771 ],
      "X_50" : [ 0.001597, 0.000524, -0.033046, 0.000115, 0.010462, 0.008864, -0.003521, 0.015218, 0.000194, -0.000407 ],
      "X_51" : [ -0.003286, 0.000123, -0.013779, -0.000058, 0.025180, 0.008830, -0.018527, 0.000370, -0.000040, 0.001185 ],
      "X_52" : [ -0.003266, 0.000122, -0.003123, -0.000062, -0.000425, 0.002959, -0.000370, 0.002266, -0.000201, 0.002099 ],
      "X_53" : [ -0.002442, 0.000037, -0.003609, -0.000100, -0.001381, -0.001787, 0.000030, 0.021429, -0.000745, -0.011432 ],
      "X_54" : [ 0.001210, 0.000020, -0.001478, 0.000016, -0.001058, -0.001972, 0.002291, 0.000218, -0.000442, 0.001195 ],
      "X_55" : [ -0.000075, 0.000144, 0.000927, -0.000000, -0.000257, -0.000535, 0.001719, 0.000004, -0.000193, -0.001734 ],
      "X_56" : [ -0.000000, 0.000000, 0.000060, 0.000000, -0.002093, 0.000279, -0.000419, -0.000002, 0.000000, 0.002174 ],
      "X_57" : [ 0.000988, 0.000039, -0.004763, -0.000001, -0.011979, 0.000717, 0.016050, -0.002015, -0.000532, 0.001497 ],
      "X_58" : [ 0.002524, -0.000670, 0.015540, -0.000028, 0.011803, -0.011054, -0.011670, -0.010063, -0.000056, 0.003675 ],
      "X_59" : [ -0.000025, -0.000111, -0.002721, 0.000165, 0.004962, 0.005185, -0.002282, -0.005174, 0.000073, -0.000071 ],
      "X_60" : [ 0.002331, 0.000777, -0.000853, -0.000100, 0.013662, -0.007066, 0.000276, -0.014862, 0.000344, 0.005491 ],
      "X_61" : [ -0.001747, -0.000120, -0.005537, 0.000030, -0.000291, -0.000931, 0.008313, -0.005127, 0.000308, 0.005101 ],
      "X_62" : [ -0.000389, -0.000035, 0.007252, -0.000002, -0.019243, 0.000828, 0.003775, 0.002612, -0.000883, 0.006086 ],
      "X_63" : [ 0.000468, -0.000154, 0.020031, 0.000005, -0.006989, 0.000047, -0.001045, -0.011461, -0.000437, -0.000466 ]   
   },