{
	"metadata" : { "model" : "Tikhonov_Ridge", "version" : "2024-W13", "signature" : "ff4_il8"},
	"options" : { "alpha" : 0.000000, "random_state" : 1789 },
	"dataset" : { "dataset_rows" : 224, "dataset_features" : 64 },
	"classes" : [ 0, 1, 2, 3, 4, 5, 6, 7, 8, 9 ],
	"equations" : {
		"class_0" : {
			"intercept" : -10.667813,
			"coeffs" : [ 0.000000, 18.878035, 0.192032, 1.871967, -1.046212, 0.291769, 0.712913, 2.818235, -1.773363, -4.480782, -1.351513, -1.620578, -0.060384, 0.413980, -1.700472, 9.890595, 76.507950, 6.866550, 1.065525, 1.011530, -0.777025, 2.728797, 2.607774, -17.245144, 0.000000, 0.786586, -5.046306, 0.568396, 0.249118, -1.072366, -4.409932, 1577.326538, 0.000000, -7.192228, 12.296519, -5.600072, 4.273569, -0.591655, 2.165971, 0.000000, 10.916391, 2.415610, -5.041207, 4.313570, -7.328846, -0.478168, -2.691320, 9.187344, -206.402161, 2.657359, 0.889673, -1.789968, 2.955085, -1.961274, 1.353789, -3.920896, 576.134399, -11.461825, -0.176901, -0.481992, 4.563602, -2.531892, 0.720342, 2.002728 ]
		},
		"class_1" : {
			"intercept" : -33.911686,
			"coeffs" : [ 0.000000, 1.173197, -0.515795, 0.081601, -0.253098, 0.311827, 0.433083, -0.662148, 4.880829, 0.411749, 0.802929, -0.562338, 0.281880, -0.068569, -1.077133, 4.977063, -15.847053, -1.187354, 0.176881, -0.081438, -0.259058, 0.522505, 1.230039, -7.836740, 0.000000, 0.804751, -0.909328, -0.017041, 0.682027, -0.573136, -0.373929, 1357.385254, 0.000000, -1.053325, 2.476892, -0.306835, -0.696973, 0.537591, 0.162086, 0.000000, -7.481501, 0.922374, -1.187711, 0.131556, 1.881319, -0.525198, 0.905857, -2.107225, -169.250549, -0.722720, 0.560776, 0.433102, -0.587997, 0.590716, -0.557719, -1.664496, 518.701904, 2.036465, 0.535303, -0.492430, 1.216034, -0.313157, 0.568025, 0.182152 ]
		},
		"class_2" : {
			"intercept" : -14.394427,
			"coeffs" : [ 0.000000, -32.244511, -1.201782, -4.725904, -0.420395, 1.974438, -0.164826, -1.391617, -21.462685, 2.502654, 1.063418, 1.613957, -1.740077, -0.338277, 0.155853, -6.500203, -4.509408, -6.800668, -2.317351, -1.939696, 2.770518, -4.562330, -6.898694, 27.174452, 0.000000, -2.943148, 9.133604, -1.289084, -1.642485, 2.846350, 8.905546, -2433.064941, 0.000000, 15.516557, -25.460964, 10.186348, -3.981262, -0.582246, -2.230048, 0.000000, 6.435280, -10.125417, 13.285189, -9.769486, 6.536068, 3.646523, 0.113915, -7.728550, 320.335968, -3.292485, -7.162904, 10.990226, -3.985623, -2.399631, -0.696849, 15.349003, -905.522888, -0.484834, 8.745758, -1.904263, 5.134812, 2.494293, -3.094534, -9.220943 ]
		},
		"class_3" : {
			"intercept" : -2.590875,
			"coeffs" : [ 0.000000, -12.161092, -0.592004, -1.292781, -0.205691, 0.942817, -0.286023, -0.997440, -8.432846, 1.492157, 0.554168, 1.163090, -0.495499, 0.070734, -0.034004, -2.009450, 4.103448, -3.730971, -1.005838, -0.869537, 1.198177, -1.837383, -2.844716, 9.269424, 0.000000, -0.544126, 3.652635, -0.222804, -1.101771, 1.130700, 3.491622, 808.572998, 0.000000, 5.416847, -10.091775, 3.975989, -1.206217, -0.277982, -0.927022, 0.000000, 1.087562, -3.339087, 5.031242, -3.592779, 2.401041, 1.163811, -0.010781, -1.583536, -92.147499, -1.994089, -2.539665, 3.005401, -1.653989, -0.710209, 0.105154, 4.908568, 303.928589, 1.025597, 3.048303, -1.062057, 2.285363, -0.002886, -0.664727, -2.876130 ]
		},
		"class_4" : {
			"intercept" : -82.257477,
			"coeffs" : [ 0.000000, 28.043184, 0.454451, 4.270342, -1.412622, 0.098120, 1.434203, -0.832500, -0.184408, 2.074442, 0.004449, -2.250694, 1.470554, 1.207288, -3.920323, 24.685867, 32.315861, 1.852939, 2.586710, 1.147580, -2.499784, 4.996386, 7.778790, -46.276043, 0.000000, 6.106187, -10.199819, 1.373385, 2.284433, -3.280387, -7.955536, -10166.122070, 0.000000, -15.118145, 25.636429, -9.114505, 3.096729, 1.340217, 2.604433, 0.000000, -15.753454, 9.249578, -12.498834, 8.670420, -3.030735, -3.686673, 1.450085, 7.355199, 1260.645996, 1.580166, 5.749480, -6.817461, 1.940456, 2.048951, -0.380465, -15.137831, -3818.909912, -0.938026, -4.714076, -1.266312, 3.893996, -6.005783, 5.429273, 6.830184 ]
		},
		"class_5" : {
			"intercept" : 49.009472,
			"coeffs" : [ 0.000000, 13.318373, 4.547533, 1.844990, 1.754928, -2.438678, -1.603781, 1.893367, -0.142788, -4.870926, -1.789140, 0.746938, 0.285075, -0.469964, 4.558456, -10.495205, -25.526592, 10.697598, 0.091182, 0.964307, -1.571653, 0.387776, -0.186876, 10.817783, 0.000000, -3.584306, -2.511770, -0.373407, 1.474817, -0.129029, -2.952621, 1921.615723, 0.000000, -2.980677, 7.580942, -3.531459, 0.324863, 0.438369, -0.112682, 0.000000, 9.695226, 1.709250, -4.163080, 3.618037, -1.493612, -1.275249, 1.102586, -4.082738, -252.766037, 4.266489, 4.326984, -6.442471, 2.409524, 1.507828, -0.927015, -3.601047, 740.013672, -2.494922, -9.310136, 3.230072, -9.650678, 2.918875, -0.107306, 1.923654 ]
		},
		"class_6" : {
			"intercept" : -85.337715,
			"coeffs" : [ 0.000000, 23.245731, 1.098491, 1.951160, -2.016117, 0.675276, 2.724201, 0.594328, -0.579546, 1.470563, -1.049762, -3.775181, 0.539371, 1.076496, -5.465947, 26.600313, 73.166954, 1.861428, 3.244049, 1.498196, -1.478031, 5.308688, 7.788473, -47.309383, 0.000000, 5.049487, -9.745840, 1.181336, 1.292758, -2.786190, -7.548892, 1470.493530, 0.000000, -14.017123, 24.083042, -8.249711, 4.975583, -0.054563, 3.822124, 0.000000, -8.965087, 8.447219, -10.998994, 6.900334, -7.544169, -1.603605, -1.925471, 10.871085, -196.364944, 1.225648, 2.307867, -1.148726, 2.158243, -0.913464, 0.387066, -10.739718, 552.434326, -8.093278, -1.110285, -0.915674, 8.558196, -5.006227, 3.253439, 4.662748 ]
		},
		"class_7" : {
			"intercept" : 188.409332,
			"coeffs" : [ 0.000000, -16.451387, 3.639192, -2.042408, 5.468720, -6.235234, -0.431727, -1.187223, 76.185326, 7.460367, -1.393878, 0.273215, 0.714094, -1.842325, 5.889702, -38.613403, -191.460785, -11.088870, 2.252155, -0.735452, -0.266861, -1.143004, 2.415701, 31.140909, 0.000000, 3.246598, 2.866986, 1.865722, -0.488482, -1.076335, 0.393943, 1560.153442, 0.000000, 0.822959, -4.693960, 0.074321, -3.740636, -0.087165, -1.681742, 0.000000, -8.440630, 4.530141, -0.199049, -0.052917, 2.023525, -0.594884, 1.243683, -10.574892, -205.377899, 0.232686, 2.400839, -4.957135, 1.621309, 5.487844, -0.117468, -4.121412, 605.132202, 27.593460, -11.010762, 7.291575, -26.839930, 10.028391, -3.160353, 5.555415 ]
		},
		"class_8" : {
			"intercept" : -22.763208,
			"coeffs" : [ 0.000000, -5.593102, -1.830008, -0.759108, -0.629718, 1.239974, -0.762677, -0.957695, -20.866241, -1.533241, 1.168286, 1.131966, -0.110895, 0.239520, 0.341589, 0.455638, 8.388580, 1.597641, -1.748723, 0.021605, 0.496891, -1.896886, -3.191045, 10.134085, 0.000000, -3.137089, 2.911709, -1.221482, -0.210801, 1.558650, 2.576045, 1749.572021, 0.000000, 5.589538, -7.934243, 3.986135, -1.594232, 0.279312, -1.300726, 0.000000, -0.174316, -3.538996, 3.794462, -2.766580, 3.409463, 0.537252, 0.961160, -1.344591, -210.489319, -1.121194, -0.999933, 1.861899, -2.277020, -0.146761, -0.385129, 4.953084, 652.039917, -1.423302, 3.113440, -1.083606, 3.273208, -1.337932, 0.053807, -2.594171 ]
		},
		"class_9" : {
			"intercept" : 6.504285,
			"coeffs" : [ 0.000000, -18.208424, -5.792114, -1.199858, -1.239797, 3.139692, -2.055370, 0.722693, -27.624329, -4.527001, 1.991044, 3.279627, -0.884119, -0.288884, 1.252282, -8.991222, 42.861084, -0.068266, -4.344595, -1.017094, 2.386824, -4.504554, -8.699449, 30.130688, 0.000000, -5.784959, 9.848128, -1.865023, -2.539611, 3.381747, 7.873751, 2154.075439, 0.000000, 13.015606, -23.892878, 8.579793, -1.451425, -1.001879, -2.502397, 0.000000, 12.680546, -10.270678, 11.977980, -7.452156, 3.145952, 2.816191, -1.149713, 0.007892, -248.184753, -2.831855, -5.533118, 4.865133, -2.579990, -3.503999, 1.218635, 13.974747, 776.051208, -5.759354, 10.879360, -3.315315, 7.565400, -0.243685, -2.997968, -6.465641 ]
		}
	}
}