{
	"metadata" : { "model" : "Tikhonov_Ridge", "version" : "2024-W12", "signature" : "ff4_il8"},
	"options" : { "alpha" : 1.000000, "random_state" : 1789 },
	"dataset" : { "dataset_rows" : 224, "dataset_features" : 64 },
	"classes" : [ 0, 1, 2, 3, 4, 5, 6, 7, 8, 9 ],
	"equations" : {
		"class_0" : {
			"intercept" : -11.761555,
			"coeffs" : [ 0.000000, 17.038073, 0.063308, 1.676873, -1.001708, 0.298619, 0.592740, 2.880158, -2.398916, -4.229966, -1.155847, -1.500979, -0.062713, 0.392044, -1.403713, 8.636227, 70.488998, 6.494555, 0.856118, 0.966528, -0.649252, 2.443914, 2.244230, -15.333779, 0.000000, 0.546852, -4.542064, 0.401638, 0.245521, -0.916263, -4.021573, -29.210783, 0.000000, -6.599211, 11.365876, -5.107734, 3.908751, -0.546067, 1.929004, 0.000000, 10.593268, 2.115614, -4.537715, 3.823381, -6.755991, -0.431621, -2.453101, 8.210224, -4.692532, 2.345902, 0.701565, -1.500054, 2.674489, -1.847247, 1.166294, -3.311156, -22.890915, -10.424700, 0.051276, -0.436860, 4.435598, -2.355052, 0.714094, 1.691264 ]
		},
		"class_1" : {
			"intercept" : -33.240685,
			"coeffs" : [ 0.000000, 1.006953, -0.459814, 0.065981, -0.230058, 0.281213, 0.402907, -0.576131, 4.797276, 0.384862, 0.771761, -0.527813, 0.246871, -0.050954, -0.968276, 4.611667, -15.347345, -1.179402, 0.175458, -0.116616, -0.216184, 0.470508, 1.107756, -7.217177, 0.000000, 0.750389, -0.853148, -0.000788, 0.631254, -0.517574, -0.335932, 1.738208, 0.000000, -0.994249, 2.363883, -0.297628, -0.667228, 0.483138, 0.193717, 0.000000, -6.782173, 0.815381, -1.096139, 0.097366, 1.832005, -0.471401, 0.836183, -2.314542, 0.179265, -0.696414, 0.500692, 0.450281, -0.552560, 0.533426, -0.513960, -1.602365, 10.712519, 1.963787, 0.524640, -0.468487, 1.171697, -0.227835, 0.495458, 0.139042 ]
		},
		"class_2" : {
			"intercept" : -12.417062,
			"coeffs" : [ 0.000000, -28.687155, -0.519140, -4.258023, -0.354594, 1.831677, 0.012288, -1.678334, -19.717110, 2.325695, 0.749230, 1.464521, -1.624213, -0.291738, -0.150507, -4.930980, -1.015934, -6.273962, -1.930240, -1.771082, 2.405421, -4.073661, -6.183238, 23.825720, 0.000000, -2.440668, 8.154740, -1.042446, -1.509246, 2.513980, 8.171317, 54.693497, 0.000000, 14.230623, -23.536432, 9.314583, -3.529241, -0.484624, -2.011210, 0.000000, 4.749253, -8.988228, 11.968040, -8.657941, 5.777393, 3.280016, 0.089471, -6.321944, 7.742690, -2.945636, -6.380808, 10.037385, -3.570540, -2.217142, -0.645291, 13.764523, 21.718227, -1.126478, 7.377069, -1.832630, 4.818498, 2.157287, -2.897522, -8.359485 ]
		},
		"class_3" : {
			"intercept" : -1.657901,
			"coeffs" : [ 0.000000, -10.803262, -0.327484, -1.138711, -0.174581, 0.881736, -0.210084, -1.069656, -7.635476, 1.390726, 0.424048, 1.097500, -0.454192, 0.071898, -0.146408, -1.475029, 5.177028, -3.489472, -0.852929, -0.798841, 1.043743, -1.648406, -2.569228, 8.052110, 0.000000, -0.394401, 3.275383, -0.151793, -1.020674, 0.996977, 3.216336, 34.016392, 0.000000, 4.955078, -9.353994, 3.638122, -1.044934, -0.249940, -0.841256, 0.000000, 0.594385, -2.952076, 4.536323, -3.178093, 2.111053, 1.045099, -0.020551, -1.133453, 3.948652, -1.824976, -2.252609, 2.669362, -1.488969, -0.666928, 0.106644, 4.364180, 11.326234, 0.677046, 2.551341, -1.017562, 2.155800, -0.072274, -0.631608, -2.573679 ]
		},
		"class_4" : {
			"intercept" : -81.557693,
			"coeffs" : [ 0.000000, 24.779814, 0.006676, 3.845978, -1.347022, 0.105229, 1.192432, -0.288692, -0.686600, 2.051065, 0.238165, -2.059499, 1.348638, 1.130605, -3.292881, 21.888699, 26.601248, 1.520073, 2.226675, 0.980782, -2.165892, 4.468010, 6.895844, -41.662663, 0.000000, 5.438670, -9.226850, 1.127552, 2.127948, -2.891215, -7.251714, -48.945679, 0.000000, -13.927600, 23.822283, -8.369513, 2.714122, 1.158548, 2.440271, 0.000000, -13.268591, 8.151030, -11.294948, 7.692587, -2.443985, -3.296395, 1.356898, 5.447518, -2.789897, 1.287252, 5.081385, -6.088082, 1.685440, 1.812840, -0.367895, -13.757484, -19.080008, -0.268459, -3.725063, -1.171561, 3.844713, -5.369618, 4.974285, 6.122820 ]
		},
		"class_5" : {
			"intercept" : 47.615223,
			"coeffs" : [ 0.000000, 11.777486, 3.728154, 1.657614, 1.603735, -2.270703, -1.548146, 1.785358, -0.756620, -4.617629, -1.605088, 0.645490, 0.292282, -0.493537, 4.245262, -9.998311, -24.580072, 10.218519, -0.035968, 0.927086, -1.409690, 0.343847, -0.110986, 10.376035, 0.000000, -3.446873, -2.187566, -0.384463, 1.345681, -0.100809, -2.770942, -46.754356, 0.000000, -2.655576, 6.928764, -3.208200, 0.239458, 0.431949, -0.152568, 0.000000, 9.002711, 1.454252, -3.679439, 3.162922, -1.303652, -1.164899, 0.982777, -3.488394, -5.750924, 4.018114, 3.929543, -5.941720, 2.234072, 1.459684, -0.766627, -3.124164, 1.139865, -1.981503, -8.176326, 3.086993, -9.212226, 2.729766, -0.070929, 1.755529 ]
		},
		"class_6" : {
			"intercept" : -85.516075,
			"coeffs" : [ 0.000000, 20.525831, 0.768483, 1.675705, -1.928370, 0.671914, 2.405414, 1.106210, -1.255381, 1.478502, -0.749592, -3.517805, 0.485218, 1.020954, -4.722132, 23.637751, 64.808891, 1.585745, 2.836415, 1.383852, -1.235314, 4.768442, 6.902974, -42.629665, 0.000000, 4.403095, -8.819465, 0.896894, 1.228590, -2.431298, -6.873996, -44.134483, 0.000000, -12.902884, 22.414904, -7.521366, 4.481180, -0.097136, 3.512037, 0.000000, -7.284813, 7.546561, -9.991037, 6.076154, -6.765594, -1.404158, -1.735516, 8.841200, -5.780652, 0.914317, 1.891516, -0.700444, 1.841138, -0.923344, 0.227644, -9.578220, -10.183450, -7.066875, -0.529255, -0.836026, 8.324411, -4.498354, 2.996915, 4.081480 ]
		},
		"class_7" : {
			"intercept" : 183.602814,
			"coeffs" : [ 0.000000, -15.143602, 2.820621, -1.908832, 5.096653, -5.857762, -0.435551, -1.278881, 73.405052, 7.023146, -1.208290, 0.132410, 0.741568, -1.794101, 5.319598, -36.181320, -180.511963, -10.591359, 2.100835, -0.597754, -0.282597, -1.011393, 2.596508, 29.270275, 0.000000, 3.188286, 2.751214, 1.765209, -0.458885, -1.097616, 0.226291, -40.977295, 0.000000, 0.876751, -4.491921, 0.062216, -3.573064, -0.070755, -1.626753, 0.000000, -7.957535, 4.198847, -0.152504, -0.096555, 1.915820, -0.540423, 1.205609, -9.190059, -4.965666, 0.498512, 2.238774, -4.693928, 1.539379, 5.299373, -0.010189, -3.777447, 1.815915, 25.844706, -9.922654, 6.874674, -25.784569, 9.377006, -2.840093, 5.322987 ]
		},
		"class_8" : {
			"intercept" : -21.139656,
			"coeffs" : [ 0.000000, -4.846126, -1.451196, -0.666102, -0.568624, 1.144732, -0.654498, -1.066250, -19.741827, -1.464196, 0.966434, 1.093127, -0.122945, 0.237683, 0.228705, 0.953537, 9.477331, 1.598686, -1.534882, -0.011762, 0.423216, -1.707415, -2.929615, 8.844467, 0.000000, -2.854732, 2.572268, -1.047158, -0.213594, 1.416742, 2.372361, 33.400314, 0.000000, 5.123003, -7.332716, 3.650550, -1.397751, 0.261840, -1.151097, 0.000000, -0.415306, -3.185157, 3.431582, -2.423020, 3.069843, 0.485793, 0.841904, -1.001828, 3.400329, -1.016114, -0.839361, 1.619077, -2.080258, -0.164002, -0.322753, 4.427230, 7.301881, -1.550036, 2.619192, -1.024332, 3.091218, -1.295403, 0.017018, -2.330773 ]
		},
		"class_9" : {
			"intercept" : 8.072469,
			"coeffs" : [ 0.000000, -15.647980, -4.629609, -0.950482, -1.095429, 2.913346, -1.757502, 0.186220, -26.010435, -4.342220, 1.569179, 3.173050, -0.850513, -0.222856, 0.890354, -7.142252, 44.901867, 0.116643, -3.841485, -0.962192, 2.086547, -4.053846, -7.954248, 26.474699, 0.000000, -5.190635, 8.875486, -1.564647, -2.376592, 3.027078, 7.267848, 86.174187, 0.000000, 11.894078, -22.180641, 7.838970, -1.131292, -0.886953, -2.292147, 0.000000, 10.768824, -9.156236, 10.815844, -6.496803, 2.563114, 2.497988, -1.103671, 0.951270, 8.708738, -2.580953, -4.870695, 4.148122, -2.282194, -3.286660, 1.126132, 12.594910, -1.860259, -6.067505, 9.229781, -3.174211, 7.154866, -0.445525, -2.757620, -5.849192 ]
		}
	}
}