{
   "Contributions" : {
      "X_0" : [ 0.000000, 0.000000, 0.000000, 0.000000, 0.000000, 0.000000, 0.000000, 0.000000, 0.000000, 0.000000 ],
      "X_1" : [ 0.001714, -0.000087, 0.011513, 0.000003, -0.007352, 0.000658, -0.008980, 0.004214, 0.000059, -0.001742 ],
      "X_2" : [ 0.000032, 0.000262, 0.008553, -0.000077, 0.005914, 0.001543, -0.001912, -0.010123, -0.000151, -0.004042 ],
      "X_3" : [ -0.000280, 0.000537, -0.013906, -0.000026, -0.006099, -0.004659, 0.004759, 0.005448, 0.001451, 0.012775 ],
      "X_4" : [ -0.000578, 0.000180, 0.004626, 0.000028, -0.005072, 0.002398, -0.007982, 0.005816, 0.000133, 0.000451 ],
      "X_5" : [ 0.000596, -0.000304, -0.000227, 0.000046, -0.000019, -0.006792, 0.003909, -0.003640, 0.000601, 0.005830 ],
      "X_6" : [ -0.000201, -0.000041, 0.002904, 0.000014, 0.001289, 0.001447, -0.005143, 0.000650, -0.000083, -0.000835 ],
      "X_7" : [ -0.001055, -0.000000, 0.001149, 0.000036, 0.002165, -0.001616, -0.001770, 0.001703, -0.000129, -0.000483 ],
      "X_8" : [ 0.000138, 0.000000, -0.001152, -0.000000, -0.000261, -0.000299, 0.000116, 0.003203, -0.000139, -0.001606 ],
      "X_9" : [ -0.003508, -0.000132, 0.005824, -0.000010, 0.005265, -0.007679, 0.001711, 0.000008, -0.000107, -0.001372 ],
      "X_10" : [ -0.000734, -0.000062, 0.001162, 0.000039, 0.000643, -0.002311, 0.000775, -0.001003, 0.000248, 0.001244 ],
      "X_11" : [ 0.001659, 0.000178, -0.001252, -0.000011, -0.000044, -0.001958, 0.001546, -0.004443, 0.000209, 0.004117 ],
      "X_12" : [ -0.000359, 0.000162, 0.001108, -0.000003, 0.000041, 0.000534, -0.000956, 0.001150, -0.000326, -0.001350 ],
      "X_13" : [ 0.000415, 0.000003, -0.000223, -0.000027, 0.007110, -0.000744, 0.000816, -0.006817, -0.000406, -0.000127 ],
      "X_14" : [ -0.000642, -0.000198, -0.002590, 0.000028, 0.002596, -0.010081, 0.007657, -0.001251, 0.000287, 0.004193 ],
      "X_15" : [ 0.002035, 0.000103, -0.005363, -0.000036, -0.005878, 0.001498, -0.006467, 0.013133, -0.000075, 0.001052 ],
      "X_16" : [ 0.000432, 0.000000, 0.000275, 0.000000, 0.000091, -0.000271, 0.000317, -0.001396, 0.000000, 0.000552 ],
      "X_17" : [ 0.008498, 0.000162, -0.019448, 0.000004, 0.003866, 0.003038, -0.001173, -0.015337, 0.001638, 0.018752 ],
      "X_18" : [ -0.001210, -0.000031, 0.005903, 0.000025, 0.002976, 0.001151, -0.001675, 0.003802, -0.000620, -0.010319 ],
      "X_19" : [ 0.000787, 0.000408, 0.002649, -0.000035, 0.001491, -0.000014, -0.005107, 0.001099, -0.000093, -0.001185 ],
      "X_20" : [ 0.001106, 0.000170, 0.001116, -0.000024, 0.001944, -0.002561, 0.000016, 0.000818, 0.000563, -0.003148 ],
      "X_21" : [ 0.003550, -0.000084, 0.012567, -0.000026, 0.011925, -0.007356, -0.007580, -0.011450, 0.000109, -0.001655 ],
      "X_22" : [ 0.000135, 0.000240, 0.003911, 0.000153, 0.002122, -0.002401, -0.003342, -0.000057, -0.000190, -0.000569 ],
      "X_23" : [ -0.000083, 0.000103, -0.000296, 0.000013, 0.000416, -0.000361, -0.001548, 0.000998, -0.000119, 0.000877 ],
      "X_24" : [ 0.000000, 0.000000, 0.000000, 0.000000, 0.000000, 0.000000, 0.000000, 0.000000, 0.000000, 0.000000 ],
      "X_25" : [ 0.000233, -0.000705, 0.005419, 0.000034, 0.007235, -0.007788, 0.003695, 0.002365, -0.000669, -0.009819 ],
      "X_26" : [ 0.001072, 0.000624, -0.003590, 0.000005, -0.011545, 0.009658, -0.007964, -0.003947, 0.001137, 0.014550 ],
      "X_27" : [ -0.000357, 0.000322, -0.004290, 0.000015, 0.000977, -0.002139, 0.001657, 0.007643, -0.000847, -0.002981 ],
      "X_28" : [ -0.001032, 0.000091, 0.003566, -0.000015, -0.006728, 0.000504, 0.003578, -0.001372, -0.000064, 0.001472 ],
      "X_29" : [ -0.000744, -0.000011, -0.010870, -0.000010, -0.001173, 0.005384, 0.002832, 0.011028, -0.000284, -0.006152 ],
      "X_30" : [ 0.001256, 0.000156, -0.014354, -0.000004, -0.002115, -0.000230, -0.000223, 0.013960, -0.000137, 0.001692 ],
      "X_31" : [ 0.000100, 0.000000, 0.000295, 0.000000, -0.000002, -0.000251, -0.000298, -0.000464, 0.000000, 0.000620 ],
      "X_32" : [ 0.000000, 0.000000, 0.000000, 0.000000, 0.000000, 0.000000, 0.000000, 0.000000, 0.000000, 0.000000 ],
      "X_33" : [ 0.002849, 0.000044, 0.015274, -0.000013, -0.008728, -0.005487, -0.008449, 0.003940, 0.001565, -0.000994 ],
      "X_34" : [ 0.003593, 0.000825, -0.038118, 0.000044, -0.004786, 0.013470, 0.009114, 0.053408, 0.001586, -0.039137 ],
      "X_35" : [ -0.003833, 0.000366, 0.023621, 0.000038, -0.010998, 0.001673, -0.009614, -0.009867, 0.000242, 0.008373 ],
      "X_36" : [ -0.003991, 0.000710, -0.007477, 0.000045, 0.001259, -0.000672, -0.011118, 0.013167, -0.000023, 0.008101 ],
      "X_37" : [ -0.000043, 0.000054, -0.001112, -0.000052, 0.005446, -0.000321, -0.002600, -0.002168, -0.000152, 0.000948 ],
      "X_38" : [ 0.000927, -0.000299, -0.000323, 0.000031, 0.001204, 0.001254, 0.000228, -0.001508, -0.000671, -0.000842 ],
      "X_39" : [ 0.000000, 0.000000, 0.000000, 0.000000, 0.000000, 0.000000, 0.000000, 0.000000, 0.000000, 0.000000 ],
      "X_40" : [ 0.000026, -0.000000, 0.000169, -0.000000, -0.001149, 0.000774, 0.000210, -0.000286, -0.000015, 0.000270 ],
      "X_41" : [ -0.002327, 0.000121, -0.012968, -0.000028, 0.002869, 0.000361, 0.005955, 0.007146, -0.000293, -0.000835 ],
      "X_42" : [ 0.002985, -0.000044, 0.021654, 0.000045, -0.044596, 0.013836, -0.001959, 0.008191, 0.000300, -0.000413 ],
      "X_43" : [ -0.002693, 0.000667, -0.003152, -0.000037, -0.002867, -0.007207, -0.013618, 0.008076, 0.000075, 0.020755 ],
      "X_44" : [ -0.000436, -0.000503, -0.030749, -0.000033, -0.011921, 0.004886, 0.026368, -0.002989, -0.001173, 0.016551 ],
      "X_45" : [ 0.001052, 0.000256, 0.000327, 0.000027, -0.012876, -0.002010, 0.006381, 0.001064, -0.000022, 0.005800 ],
      "X_46" : [ -0.005323, 0.000012, 0.005290, 0.000027, 0.006903, 0.001730, -0.006977, 0.002414, -0.000286, -0.003789 ],
      "X_47" : [ -0.000382, -0.000186, 0.000043, 0.000000, 0.001465, -0.000113, -0.001893, 0.001100, -0.000005, -0.000030 ],
      "X_48" : [ 0.000025, 0.000000, 0.000090, -0.000000, 0.000385, -0.000029, -0.000535, -0.000094, 0.000000, 0.000158 ],
      "X_49" : [ -0.000024, 0.000105, 0.000169, 0.000027, 0.000225, 0.000307, -0.000401, -0.000740, -0.000412, 0.000744 ],
      "X_50" : [ 0.001186, -0.000151, -0.030278, 0.000043, 0.011000, 0.008708, -0.004651, 0.013149, 0.000124, 0.000868 ],
      "X_51" : [ -0.003729, 0.000201, -0.013325, -0.000017, 0.022542, 0.008891, -0.018517, 0.002147, -0.000212, 0.002018 ],
      "X_52" : [ -0.002622, -0.000056, -0.003134, 0.000004, 0.000198, 0.001919, -0.001760, 0.002895, -0.000512, 0.003069 ],
      "X_53" : [ -0.002763, 0.000210, -0.005016, -0.000040, -0.001355, -0.001397, 0.000827, 0.021179, -0.000951, -0.010693 ],
      "X_54" : [ 0.001066, 0.000117, -0.001520, 0.000010, -0.001319, -0.001805, 0.001671, 0.001102, -0.000469, 0.001146 ],
      "X_55" : [ -0.000105, -0.000089, 0.000390, -0.000000, 0.000021, -0.000445, 0.001753, 0.000227, -0.000240, -0.001512 ],
      "X_56" : [ -0.000000, 0.000000, 0.000141, 0.000000, -0.000000, 0.000000, -0.000000, -0.000000, 0.000000, -0.000141 ],
      "X_57" : [ 0.001005, 0.000100, -0.003422, -0.000001, -0.012942, 0.000566, 0.014450, -0.001125, -0.000759, 0.002128 ],
      "X_58" : [ 0.002174, -0.000003, 0.015660, 0.000128, 0.010033, -0.009892, -0.010578, -0.010843, -0.000259, 0.003580 ],
      "X_59" : [ 0.000106, -0.000046, 0.000284, 0.000112, 0.005648, 0.005792, -0.002715, -0.007902, -0.000212, -0.001067 ],
      "X_60" : [ 0.003606, 0.000341, 0.000812, -0.000042, 0.016333, -0.006345, -0.000559, -0.022198, 0.001458, 0.006593 ],
      "X_61" : [ -0.001478, -0.000350, -0.004273, 0.000016, -0.000845, -0.000796, 0.007282, -0.004704, 0.000348, 0.004801 ],
      "X_62" : [ 0.000111, 0.000042, 0.008141, -0.000006, -0.019950, 0.000610, 0.003475, 0.003000, -0.000806, 0.005382 ],
      "X_63" : [ 0.000056, -0.000000, 0.019384, 0.000000, -0.007073, 0.000262, -0.000207, -0.011661, -0.000363, -0.000398 ]   
   },