{
   "Contributions" : {
      "X_0" : [ 1.058549 ],
      "X_1" : [ 3.054667 ],
      "X_2" : [ -0.018682 ],
      "X_3" : [ -0.059308 ],
      "X_4" : [ 0.795131 ],
      "X_5" : [ 0.044786 ],
      "X_6" : [ 0.683169 ],
      "X_7" : [ 0.809486 ],
      "X_8" : [ -0.736324 ],
      "X_9" : [ -0.053079 ]   
   },
   "Most_Contributive_Features" : {
      "y" : [ 1, 0, 7, 4, 8, 6, 3, 9, 5, 2 ]
   }
}