{
   "Contributions" : {
      "X_0" : [ -0.229612 ],
      "X_1" : [ 0.000000 ],
      "X_2" : [ 0.000000 ],
      "X_3" : [ 0.000000 ],
      "X_4" : [ 0.827364 ],
      "X_5" : [ -0.798668 ],
      "X_6" : [ 0.073344 ],
      "X_7" : [ 1.768777 ],
      "X_8" : [ 0.000000 ],
      "X_9" : [ 1.069226 ]   
   },
   "Most_Contributive_Features" : {
      "y" : [ 7, 9, 4, 5, 0, 6 ]
   }
}