{
	"metadata" : { "model" : "Tikhonov_Ridge", "version" : "2024-W12", "signature" : "ff4_ff4"},
	"options" : { "alpha" : 0.000000, "random_state" : 1789 },
	"dataset" : { "dataset_rows" : 100, "dataset_features" : 10 },
	"equations" : {
			"intercept" : -1.223080,
			"coeffs" : [ 6.445864, 7.511729, 1.895411, 10.427724, 4.543738, 0.864496, -0.338098, 0.253433, -0.671484, 0.922008 ]
		}
}