{
   "Contributions" : {
      "X_0" : [ -0.000002, 0.000002 ],
      "X_1" : [ -0.000495, 0.000495 ],
      "X_2" : [ 0.000849, -0.000849 ],
      "X_3" : [ -0.002186, 0.002186 ],
      "X_4" : [ 0.000000, 0.000000 ],
      "X_5" : [ -0.000000, 0.000000 ],
      "X_6" : [ -0.000000, 0.000000 ],
      "X_7" : [ -0.000000, 0.000000 ],
      "X_8" : [ 0.000000, -0.000000 ],
      "X_9" : [ -0.000000, 0.000000 ],
      "X_10" : [ -0.000000, 0.000000 ],
      "X_11" : [ -0.000000, 0.000000 ],
      "X_12" : [ -0.000001, 0.000001 ],
      "X_13" : [ -0.002574, 0.002574 ],
      "X_14" : [ 0.000000, 0.000000 ],
      "X_15" : [ 0.000000, -0.000000 ],
      "X_16" : [ -0.000000, 0.000000 ],
      "X_17" : [ 0.000000, 0.000000 ],
      "X_18" : [ -0.000000, 0.000000 ],
      "X_19" : [ 0.000000, 0.000000 ],
      "X_20" : [ -0.000492, 0.000492 ],
      "X_21" : [ -0.000499, 0.000499 ],
      "X_22" : [ -0.000669, 0.000669 ],
      "X_23" : [ -0.092207, 0.092207 ],
      "X_24" : [ -0.000000, 0.000000 ],
      "X_25" : [ -0.000000, 0.000000 ],
      "X_26" : [ -0.000000, 0.000000 ],
      "X_27" : [ -0.000000, 0.000000 ],
      "X_28" : [ 0.000000, -0.000000 ],
      "X_29" : [ -0.000000, 0.000000 ]   
   },
   "Most_Contributive_Features_By_Class" : {
      "class_0" : [ 23, 13, 3, 2, 22, 21, 1, 20, 0, 12 ],
      "class_1" : [ 23, 13, 3, 2, 22, 21, 1, 20, 0, 12 ]
   }
}