{
	"metadata" : { "model" : "Vapnik_SVC_RBF", "version" : "2024-W12", "signature" : "ff4_il8"},
	"options" : {"svm_type" : "c_svc", "kernel" : "rbf", "degree" : 3, "gamma" : 0.000001, "coef0" : 0.000000, "cache_size" : 300, "tol" : 0.001000, "nu" : 0.500000, "epsilon" : 0.000000, "shrinking" : 0, "probability" : 1, "C" : 1.000000, "max_iter" : 128, "random_state" : 1789 },
	"dataset" : { "dataset_rows" : 64, "dataset_features" : 30 },
	"classes" : [ 0, 1 ],
	"svm_model" : {
	"classes" : 2,
	"L" : 32,
	"SupportVectors" : {
		"SV_00" : [ 15.340000, 14.260000, 102.500000, 704.400024, 0.107300, 0.213500, 0.207700, 0.097560, 0.252100, 0.070320, 0.438800, 0.709600, 3.384000, 44.910000, 0.006789, 0.053280, 0.064460, 0.022520, 0.036720, 0.004394, 18.070000, 19.080000, 125.099998, 980.900024, 0.139000, 0.595400, 0.630500, 0.239300, 0.466700, 0.099460 ],
		"SV_01" : [ 13.730000, 22.610001, 93.599998, 578.299988, 0.113100, 0.229300, 0.212800, 0.080250, 0.206900, 0.076820, 0.212100, 1.169000, 2.061000, 19.209999, 0.006429, 0.059360, 0.055010, 0.016280, 0.019610, 0.008093, 15.030000, 32.009998, 108.800003, 697.700012, 0.165100, 0.772500, 0.694300, 0.220800, 0.359600, 0.143100 ],
		"SV_02" : [ 14.450000, 20.219999, 94.489998, 642.700012, 0.098720, 0.120600, 0.118000, 0.059800, 0.195000, 0.064660, 0.209200, 0.650900, 1.446000, 19.420000, 0.004044, 0.015970, 0.020000, 0.007303, 0.015220, 0.001976, 18.330000, 30.120001, 117.900002, 1044.000000, 0.155200, 0.405600, 0.496700, 0.183800, 0.475300, 0.101300 ],
		"SV_03" : [ 11.420000, 20.379999, 77.580002, 386.100006, 0.142500, 0.283900, 0.241400, 0.105200, 0.259700, 0.097440, 0.495600, 1.156000, 3.445000, 27.230000, 0.009110, 0.074580, 0.056610, 0.018670, 0.059630, 0.009208, 14.910000, 26.500000, 98.870003, 567.700012, 0.209800, 0.866300, 0.686900, 0.257500, 0.663800, 0.173000 ],
		"SV_04" : [ 15.320000, 17.270000, 103.199997, 713.299988, 0.133500, 0.228400, 0.244800, 0.124200, 0.239800, 0.075960, 0.659200, 1.059000, 4.061000, 59.459999, 0.010150, 0.045880, 0.049830, 0.021270, 0.018840, 0.008660, 17.730000, 22.660000, 119.800003, 928.799988, 0.176500, 0.450300, 0.442900, 0.222900, 0.325800, 0.119100 ],
		"SV_05" : [ 14.480000, 21.459999, 94.250000, 648.200012, 0.094440, 0.099470, 0.120400, 0.049380, 0.207500, 0.056360, 0.420400, 2.220000, 3.301000, 38.869999, 0.009369, 0.029830, 0.053710, 0.017610, 0.024180, 0.003249, 16.209999, 29.250000, 108.400002, 808.900024, 0.130600, 0.197600, 0.334900, 0.122500, 0.302000, 0.068460 ],
		"SV_06" : [ 14.860000, 23.209999, 100.400002, 671.400024, 0.104400, 0.198000, 0.169700, 0.088780, 0.173700, 0.066720, 0.279600, 0.962200, 3.591000, 25.200001, 0.008081, 0.051220, 0.055510, 0.018830, 0.025450, 0.004312, 16.080000, 27.780001, 118.599998, 784.700012, 0.131600, 0.464800, 0.458900, 0.172700, 0.300000, 0.087010 ],
		"SV_07" : [ 13.610000, 24.980000, 88.050003, 582.700012, 0.094880, 0.085110, 0.086250, 0.044890, 0.160900, 0.058710, 0.456500, 1.290000, 2.861000, 43.139999, 0.005872, 0.014880, 0.026470, 0.009921, 0.014650, 0.002355, 16.990000, 35.270000, 108.599998, 906.500000, 0.126500, 0.194300, 0.316900, 0.118400, 0.265100, 0.073970 ],
		"SV_08" : [ 12.680000, 23.840000, 82.690002, 499.000000, 0.112200, 0.126200, 0.112800, 0.068730, 0.190500, 0.065900, 0.425500, 1.178000, 2.927000, 36.459999, 0.007781, 0.026480, 0.029730, 0.012900, 0.016350, 0.003601, 17.090000, 33.470001, 111.800003, 888.299988, 0.185100, 0.406100, 0.402400, 0.171600, 0.338300, 0.103100 ],
		"SV_09" : [ 16.020000, 23.240000, 102.699997, 797.799988, 0.082060, 0.066690, 0.032990, 0.033230, 0.152800, 0.056970, 0.379500, 1.187000, 2.466000, 40.509998, 0.004029, 0.009269, 0.011010, 0.007591, 0.014600, 0.003042, 19.190001, 33.880001, 123.800003, 1150.000000, 0.118100, 0.155100, 0.145900, 0.099750, 0.294800, 0.084520 ],
		"SV_10" : [ 13.770000, 22.290001, 90.629997, 588.900024, 0.120000, 0.126700, 0.138500, 0.065260, 0.183400, 0.068770, 0.619100, 2.112000, 4.906000, 49.700001, 0.013800, 0.033480, 0.046650, 0.020600, 0.026890, 0.004306, 16.389999, 34.009998, 111.599998, 806.900024, 0.173700, 0.312200, 0.380900, 0.167300, 0.308000, 0.093330 ],
		"SV_11" : [ 15.100000, 22.020000, 97.260002, 712.799988, 0.090560, 0.070810, 0.052530, 0.033340, 0.161600, 0.056840, 0.310500, 0.833900, 2.097000, 29.910000, 0.004675, 0.010300, 0.016030, 0.009222, 0.010950, 0.001629, 18.100000, 31.690001, 117.699997, 1030.000000, 0.138900, 0.205700, 0.271200, 0.153000, 0.267500, 0.078730 ],
		"SV_12" : [ 13.810000, 23.750000, 91.559998, 597.799988, 0.132300, 0.176800, 0.155800, 0.091760, 0.225100, 0.074210, 0.564800, 1.930000, 3.909000, 52.720001, 0.008824, 0.031080, 0.031120, 0.012910, 0.019980, 0.004506, 19.200001, 41.849998, 128.500000, 1153.000000, 0.222600, 0.520900, 0.464600, 0.201300, 0.443200, 0.108600 ],
		"SV_13" : [ 13.800000, 15.790000, 90.430000, 584.099976, 0.100700, 0.128000, 0.077890, 0.050690, 0.166200, 0.065660, 0.278700, 0.620500, 1.957000, 23.350000, 0.004717, 0.020650, 0.017590, 0.009206, 0.012200, 0.003130, 16.570000, 20.860001, 110.300003, 812.400024, 0.141100, 0.354200, 0.277900, 0.138300, 0.258900, 0.103000 ],
		"SV_14" : [ 23.510000, 24.270000, 155.100006, 1747.000000, 0.106900, 0.128300, 0.230800, 0.141000, 0.179700, 0.055060, 1.009000, 0.924500, 6.462000, 164.100006, 0.006292, 0.019710, 0.035820, 0.013010, 0.014790, 0.003118, 30.670000, 30.730000, 202.399994, 2906.000000, 0.151500, 0.267800, 0.481900, 0.208900, 0.259300, 0.077380 ],
		"SV_15" : [ 14.900000, 22.530001, 102.099998, 685.000000, 0.099470, 0.222500, 0.273300, 0.097110, 0.204100, 0.068980, 0.253000, 0.874900, 3.466000, 24.190001, 0.006965, 0.062130, 0.079260, 0.022340, 0.014990, 0.005784, 16.350000, 27.570000, 125.400002, 832.700012, 0.141900, 0.709000, 0.901900, 0.247500, 0.286600, 0.115500 ],
		"SV_16" : [ 13.870000, 20.700001, 89.769997, 584.799988, 0.095780, 0.101800, 0.036880, 0.023690, 0.162000, 0.066880, 0.272000, 1.047000, 2.076000, 23.120001, 0.006298, 0.021720, 0.026150, 0.009061, 0.014900, 0.003599, 15.050000, 24.750000, 99.169998, 688.599976, 0.126400, 0.203700, 0.137700, 0.068450, 0.224900, 0.084920 ],
		"SV_17" : [ 14.620000, 24.020000, 94.570000, 662.700012, 0.089740, 0.086060, 0.031020, 0.029570, 0.168500, 0.058660, 0.372100, 1.111000, 2.279000, 33.759998, 0.004868, 0.018180, 0.011210, 0.008606, 0.020850, 0.002893, 16.110001, 29.110001, 102.900002, 803.700012, 0.111500, 0.176600, 0.091890, 0.069460, 0.252200, 0.072460 ],
		"SV_18" : [ 12.100000, 17.719999, 78.070000, 446.200012, 0.102900, 0.097580, 0.047830, 0.033260, 0.193700, 0.061610, 0.284100, 1.652000, 1.869000, 22.219999, 0.008146, 0.016310, 0.018430, 0.007513, 0.020150, 0.001798, 13.560000, 25.799999, 88.330002, 559.500000, 0.143200, 0.177300, 0.160300, 0.062660, 0.304900, 0.070810 ],
		"SV_19" : [ 12.180000, 14.080000, 77.250000, 461.399994, 0.077340, 0.032120, 0.011230, 0.005051, 0.167300, 0.056490, 0.211300, 0.599600, 1.438000, 15.820000, 0.005343, 0.005767, 0.011230, 0.005051, 0.019770, 0.000950, 12.850000, 16.469999, 81.599998, 513.099976, 0.100100, 0.053320, 0.041160, 0.018520, 0.229300, 0.060370 ],
		"SV_20" : [ 14.340000, 13.470000, 92.510002, 641.200012, 0.099060, 0.076240, 0.057240, 0.046030, 0.207500, 0.054480, 0.522000, 0.812100, 3.763000, 48.290001, 0.007089, 0.014280, 0.023600, 0.012860, 0.022660, 0.001463, 16.770000, 16.900000, 110.400002, 873.200012, 0.129700, 0.152500, 0.163200, 0.108700, 0.306200, 0.060720 ],
		"SV_21" : [ 13.850000, 19.600000, 88.680000, 592.599976, 0.086840, 0.063300, 0.013420, 0.022930, 0.155500, 0.056730, 0.341900, 1.678000, 2.331000, 29.629999, 0.005836, 0.010950, 0.005812, 0.007039, 0.020140, 0.002326, 15.630000, 28.010000, 100.900002, 749.099976, 0.111800, 0.114100, 0.047530, 0.058900, 0.251300, 0.069110 ],