{
	"metadata" : { "model" : "Vapnik_NuSVC_RBF", "version" : "2024-W13", "signature" : "ff4_il8"},
	"options" : {"svm_type" : "nu_svc", "kernel" : "rbf", "degree" : 3, "gamma" : 0.000449, "coef0" : 0.000000, "cache_size" : 300, "tol" : 0.001000, "nu" : 0.500000, "epsilon" : 0.000000, "shrinking" : 0, "probability" : 1, "C" : 1.000000, "max_iter" : 128, "random_state" : 1789 },
	"dataset" : { "dataset_rows" : 16, "dataset_features" : 64 },
	"classes" : [ 0, 1, 2, 3, 4, 7, 8, 9 ],
	"svm_model" : {
	"classes" : 8,
	"L" : 16,
	"SupportVectors" : {
		"SV_00" : [ 0.000000, 0.000000, 4.000000, 12.000000, 5.000000, 0.000000, 0.000000, 0.000000, 0.000000, 0.000000, 12.000000, 14.000000, 15.000000, 7.000000, 0.000000, 0.000000, 0.000000, 2.000000, 14.000000, 1.000000, 2.000000, 16.000000, 0.000000, 0.000000, 0.000000, 4.000000, 8.000000, 0.000000, 0.000000, 10.000000, 4.000000, 0.000000, 0.000000, 7.000000, 8.000000, 0.000000, 0.000000, 6.000000, 8.000000, 0.000000, 0.000000, 4.000000, 11.000000, 0.000000, 0.000000, 5.000000, 8.000000, 0.000000, 0.000000, 0.000000, 14.000000, 11.000000, 3.000000, 13.000000, 5.000000, 0.000000, 0.000000, 0.000000, 2.000000, 11.000000, 16.000000, 11.000000, 0.000000, 0.000000 ],
		"SV_01" : [ 0.000000, 0.000000, 1.000000, 9.000000, 15.000000, 11.000000, 0.000000, 0.000000, 0.000000, 0.000000, 11.000000, 16.000000, 8.000000, 14.000000, 6.000000, 0.000000, 0.000000, 2.000000, 16.000000, 10.000000, 0.000000, 9.000000, 9.000000, 0.000000, 0.000000, 1.000000, 16.000000, 4.000000, 0.000000, 8.000000, 8.000000, 0.000000, 0.000000, 4.000000, 16.000000, 4.000000, 0.000000, 8.000000, 8.000000, 0.000000, 0.000000, 1.000000, 16.000000, 5.000000, 1.000000, 11.000000, 3.000000, 0.000000, 0.000000, 0.000000, 12.000000, 12.000000, 10.000000, 10.000000, 0.000000, 0.000000, 0.000000, 0.000000, 1.000000, 10.000000, 13.000000, 3.000000, 0.000000, 0.000000 ],
		"SV_02" : [ 0.000000, 0.000000, 5.000000, 12.000000, 1.000000, 6.000000, 0.000000, 0.000000, 0.000000, 0.000000, 11.000000, 12.000000, 0.000000, 16.000000, 2.000000, 0.000000, 0.000000, 0.000000, 16.000000, 5.000000, 0.000000, 12.000000, 4.000000, 0.000000, 0.000000, 3.000000, 15.000000, 0.000000, 0.000000, 8.000000, 4.000000, 0.000000, 0.000000, 7.000000, 12.000000, 0.000000, 0.000000, 4.000000, 7.000000, 0.000000, 0.000000, 2.000000, 15.000000, 1.000000, 1.000000, 12.000000, 5.000000, 0.000000, 0.000000, 0.000000, 16.000000, 11.000000, 12.000000, 15.000000, 3.000000, 0.000000, 0.000000, 0.000000, 4.000000, 12.000000, 12.000000, 3.000000, 0.000000, 0.000000 ],
		"SV_03" : [ 0.000000, 0.000000, 11.000000, 10.000000, 0.000000, 0.000000, 0.000000, 0.000000, 0.000000, 0.000000, 11.000000, 15.000000, 0.000000, 0.000000, 0.000000, 0.000000, 0.000000, 0.000000, 11.000000, 16.000000, 5.000000, 0.000000, 0.000000, 0.000000, 0.000000, 0.000000, 13.000000, 16.000000, 11.000000, 0.000000, 0.000000, 0.000000, 0.000000, 0.000000, 2.000000, 7.000000, 16.000000, 2.000000, 0.000000, 0.000000, 0.000000, 0.000000, 0.000000, 2.000000, 14.000000, 6.000000, 0.000000, 0.000000, 0.000000, 0.000000, 6.000000, 10.000000, 15.000000, 13.000000, 8.000000, 3.000000, 0.000000, 0.000000, 8.000000, 16.000000, 16.000000, 16.000000, 16.000000, 12.000000 ],
		"SV_04" : [ 0.000000, 0.000000, 0.000000, 15.000000, 11.000000, 0.000000, 0.000000, 0.000000, 0.000000, 0.000000, 6.000000, 16.000000, 16.000000, 2.000000, 0.000000, 0.000000, 0.000000, 0.000000, 10.000000, 16.000000, 16.000000, 1.000000, 0.000000, 0.000000, 0.000000, 2.000000, 16.000000, 16.000000, 16.000000, 3.000000, 0.000000, 0.000000, 0.000000, 7.000000, 16.000000, 16.000000, 14.000000, 0.000000, 0.000000, 0.000000, 0.000000, 0.000000, 3.000000, 15.000000, 10.000000, 0.000000, 0.000000, 0.000000, 0.000000, 0.000000, 0.000000, 15.000000, 7.000000, 0.000000, 0.000000, 0.000000, 0.000000, 0.000000, 0.000000, 14.000000, 4.000000, 0.000000, 0.000000, 0.000000 ],
		"SV_05" : [ 0.000000, 0.000000, 0.000000, 3.000000, 15.000000, 10.000000, 1.000000, 0.000000, 0.000000, 0.000000, 0.000000, 11.000000, 10.000000, 16.000000, 4.000000, 0.000000, 0.000000, 0.000000, 0.000000, 12.000000, 1.000000, 15.000000, 6.000000, 0.000000, 0.000000, 0.000000, 0.000000, 3.000000, 4.000000, 15.000000, 4.000000, 0.000000, 0.000000, 0.000000, 0.000000, 6.000000, 15.000000, 6.000000, 0.000000, 0.000000, 0.000000, 4.000000, 15.000000, 16.000000, 9.000000, 0.000000, 0.000000, 0.000000, 0.000000, 0.000000, 13.000000, 16.000000, 15.000000, 9.000000, 3.000000, 0.000000, 0.000000, 0.000000, 0.000000, 4.000000, 9.000000, 14.000000, 7.000000, 0.000000 ],
		"SV_06" : [ 0.000000, 0.000000, 5.000000, 13.000000, 16.000000, 10.000000, 1.000000, 0.000000, 0.000000, 7.000000, 16.000000, 16.000000, 16.000000, 16.000000, 7.000000, 0.000000, 0.000000, 0.000000, 5.000000, 2.000000, 11.000000, 14.000000, 5.000000, 0.000000, 0.000000, 0.000000, 0.000000, 10.000000, 15.000000, 6.000000, 0.000000, 0.000000, 0.000000, 0.000000, 9.000000, 16.000000, 13.000000, 2.000000, 0.000000, 0.000000, 0.000000, 0.000000, 4.000000, 11.000000, 15.000000, 14.000000, 0.000000, 0.000000, 0.000000, 0.000000, 2.000000, 2.000000, 13.000000, 16.000000, 1.000000, 0.000000, 0.000000, 0.000000, 5.000000, 14.000000, 15.000000, 9.000000, 0.000000, 0.000000 ],
		"SV_07" : [ 0.000000, 0.000000, 0.000000, 3.000000, 14.000000, 9.000000, 0.000000, 0.000000, 0.000000, 0.000000, 0.000000, 13.000000, 11.000000, 1.000000, 0.000000, 0.000000, 0.000000, 0.000000, 9.000000, 14.000000, 0.000000, 0.000000, 0.000000, 0.000000, 0.000000, 4.000000, 16.000000, 4.000000, 0.000000, 4.000000, 2.000000, 0.000000, 0.000000, 12.000000, 12.000000, 7.000000, 14.000000, 16.000000, 10.000000, 0.000000, 0.000000, 13.000000, 16.000000, 14.000000, 11.000000, 16.000000, 4.000000, 0.000000, 0.000000, 2.000000, 2.000000, 0.000000, 11.000000, 13.000000, 0.000000, 0.000000, 0.000000, 0.000000, 0.000000, 3.000000, 16.000000, 9.000000, 0.000000, 0.000000 ],
		"SV_08" : [ 0.000000, 0.000000, 2.000000, 13.000000, 16.000000, 13.000000, 4.000000, 0.000000, 0.000000, 0.000000, 9.000000, 11.000000, 9.000000, 16.000000, 7.000000, 0.000000, 0.000000, 2.000000, 15.000000, 2.000000, 2.000000, 15.000000, 2.000000, 0.000000, 0.000000, 3.000000, 3.000000, 0.000000, 8.000000, 13.000000, 2.000000, 0.000000, 0.000000, 0.000000, 1.000000, 13.000000, 16.000000, 16.000000, 10.000000, 0.000000, 0.000000, 0.000000, 0.000000, 11.000000, 13.000000, 5.000000, 1.000000, 0.000000, 0.000000, 0.000000, 0.000000, 11.000000, 6.000000, 0.000000, 0.000000, 0.000000, 0.000000, 0.000000, 3.000000, 15.000000, 2.000000, 0.000000, 0.000000, 0.000000 ],
		"SV_09" : [ 0.000000, 0.000000, 2.000000, 13.000000, 16.000000, 14.000000, 1.000000, 0.000000, 0.000000, 0.000000, 11.000000, 12.000000, 7.000000, 16.000000, 3.000000, 0.000000, 0.000000, 0.000000, 9.000000, 3.000000, 2.000000, 16.000000, 3.000000, 0.000000, 0.000000, 0.000000, 0.000000, 0.000000, 9.000000, 11.000000, 0.000000, 0.000000, 0.000000, 0.000000, 2.000000, 11.000000, 15.000000, 13.000000, 3.000000, 0.000000, 0.000000, 0.000000, 4.000000, 15.000000, 16.000000, 13.000000, 3.000000, 0.000000, 0.000000, 0.000000, 0.000000, 14.000000, 8.000000, 0.000000, 0.000000, 0.000000, 0.000000, 0.000000, 5.000000, 15.000000, 4.000000, 0.000000, 0.000000, 0.000000 ],
		"SV_10" : [ 0.000000, 0.000000, 0.000000, 8.000000, 16.000000, 16.000000, 16.000000, 6.000000, 0.000000, 0.000000, 6.000000, 14.000000, 5.000000, 8.000000, 16.000000, 2.000000, 0.000000, 0.000000, 7.000000, 4.000000, 0.000000, 6.000000, 12.000000, 0.000000, 0.000000, 0.000000, 0.000000, 0.000000, 0.000000, 12.000000, 6.000000, 0.000000, 0.000000, 0.000000, 0.000000, 11.000000, 16.000000, 16.000000, 10.000000, 0.000000, 0.000000, 0.000000, 0.000000, 12.000000, 16.000000, 8.000000, 0.000000, 0.000000, 0.000000, 0.000000, 0.000000, 6.000000, 16.000000, 0.000000, 0.000000, 0.000000, 0.000000, 0.000000, 0.000000, 12.000000, 9.000000, 0.000000, 0.000000, 0.000000 ],