{
   "Contributions" : {
      "X_0" : [ 0.000000, 0.000000, 0.000000, 0.000000, 0.000000, 0.000000, 0.000000, 0.000000 ],
      "X_1" : [ 0.000000, -0.000000, -0.000000, -0.000000, -0.000000, 0.000000, -0.000000, 0.000000 ],
      "X_2" : [ -0.000176, -0.000668, 0.000387, 0.000091, -0.000167, -0.001746, 0.001676, 0.000604 ],
      "X_3" : [ -0.000267, -0.000870, 0.000500, -0.000067, -0.000019, 0.000179, 0.000024, 0.000521 ],
      "X_4" : [ -0.000096, -0.001959, 0.000306, 0.000605, 0.000752, -0.002248, 0.000044, 0.002595 ],
      "X_5" : [ 0.000361, -0.000959, 0.001185, -0.000456, 0.000161, -0.001880, 0.001188, 0.000401 ],
      "X_6" : [ -0.000000, -0.000972, 0.000071, 0.000319, 0.000394, 0.000464, -0.001109, 0.000833 ],
      "X_7" : [ -0.000048, -0.000617, 0.000032, 0.000141, 0.000035, 0.000633, -0.000204, 0.000028 ],
      "X_8" : [ 0.000000, 0.000000, 0.000000, 0.000000, 0.000000, 0.000000, 0.000000, 0.000000 ],
      "X_9" : [ -0.000007, -0.000445, 0.000141, 0.000141, 0.000002, 0.000213, -0.000856, 0.000812 ],
      "X_10" : [ 0.000536, 0.000850, -0.000198, 0.000636, -0.000094, 0.002574, -0.004802, 0.000498 ],
      "X_11" : [ 0.000198, -0.000464, 0.000295, 0.000260, 0.000436, 0.000771, -0.000043, -0.001454 ],
      "X_12" : [ 0.000312, 0.000837, 0.000156, -0.000034, 0.000269, 0.000491, -0.003105, 0.001075 ],
      "X_13" : [ 0.000289, -0.001543, 0.001050, 0.000322, 0.000565, -0.000360, -0.001371, 0.001047 ],
      "X_14" : [ -0.000427, 0.001918, -0.000124, -0.000513, -0.000060, 0.001297, -0.001482, -0.000609 ],
      "X_15" : [ -0.000013, -0.000134, -0.000045, -0.000023, -0.000043, 0.000626, -0.000302, -0.000067 ],
      "X_16" : [ 0.000000, 0.000000, 0.000000, 0.000000, 0.000000, 0.000000, 0.000000, 0.000000 ],
      "X_17" : [ -0.000056, -0.000221, -0.000072, 0.000001, 0.000047, 0.000454, 0.000220, -0.000373 ],
      "X_18" : [ -0.000546, 0.000748, -0.001230, -0.000172, -0.000099, -0.001625, 0.000617, 0.002306 ],
      "X_19" : [ -0.000098, -0.000475, 0.000859, 0.000911, 0.000218, -0.002388, 0.000164, 0.000810 ],
      "X_20" : [ -0.000685, -0.000737, -0.000126, -0.000525, -0.000432, 0.001484, -0.002035, 0.003056 ],
      "X_21" : [ -0.000335, -0.003709, 0.002189, 0.000732, 0.000819, -0.000024, -0.000719, 0.001046 ],
      "X_22" : [ -0.000181, 0.001362, -0.000330, -0.000446, -0.000391, -0.000501, -0.000202, 0.000688 ],
      "X_23" : [ 0.000000, 0.000000, 0.000000, 0.000000, 0.000000, 0.000000, 0.000000, 0.000000 ],
      "X_24" : [ 0.000000, 0.000000, 0.000000, 0.000000, 0.000000, 0.000000, 0.000000, 0.000000 ],
      "X_25" : [ -0.000081, -0.000370, -0.000135, -0.000167, -0.000247, 0.000550, -0.000571, 0.001021 ],
      "X_26" : [ -0.000036, -0.006766, -0.000679, 0.000293, 0.000675, 0.000019, 0.003855, 0.002640 ],
      "X_27" : [ -0.001395, -0.001592, 0.000012, 0.000270, -0.000256, 0.002106, -0.002319, 0.003174 ],
      "X_28" : [ -0.001283, 0.000033, -0.000537, 0.000331, 0.000128, 0.004478, -0.009814, 0.006664 ],
      "X_29" : [ -0.000283, -0.000344, 0.001548, -0.000034, -0.000091, -0.002022, -0.001689, 0.002916 ],
      "X_30" : [ 0.000021, 0.000622, 0.000087, 0.000114, 0.000207, 0.000390, -0.000613, -0.000829 ],
      "X_31" : [ 0.000000, 0.000000, 0.000000, 0.000000, 0.000000, 0.000000, 0.000000, 0.000000 ],
      "X_32" : [ 0.000000, 0.000000, 0.000000, 0.000000, 0.000000, 0.000000, 0.000000, 0.000000 ],
      "X_33" : [ -0.000367, -0.000779, -0.000350, -0.000483, -0.000535, 0.001074, 0.000200, 0.001239 ],
      "X_34" : [ -0.000574, 0.001258, -0.000676, 0.000408, -0.000546, -0.000903, -0.002115, 0.003148 ],
      "X_35" : [ -0.000608, -0.000767, -0.000808, -0.000399, -0.000473, 0.000306, -0.004393, 0.007142 ],
      "X_36" : [ -0.001267, -0.001118, -0.000209, -0.000006, -0.000297, 0.005979, 0.000520, -0.003601 ],
      "X_37" : [ -0.000076, -0.000419, 0.000998, 0.000959, 0.000936, -0.003473, -0.000011, 0.001087 ],
      "X_38" : [ -0.000540, 0.000976, -0.000240, -0.000003, 0.000772, -0.001228, 0.001012, -0.000749 ],
      "X_39" : [ 0.000000, 0.000000, 0.000000, 0.000000, 0.000000, 0.000000, 0.000000, 0.000000 ],
      "X_40" : [ 0.000000, 0.000000, 0.000000, 0.000000, 0.000000, 0.000000, 0.000000, 0.000000 ],
      "X_41" : [ -0.000206, 0.000000, 0.000009, 0.000190, -0.000070, 0.001384, -0.001858, 0.000550 ],
      "X_42" : [ -0.001699, 0.002825, 0.000908, 0.000315, 0.000728, -0.002140, -0.000889, -0.000048 ],
      "X_43" : [ -0.000684, -0.004918, 0.001096, 0.000956, -0.000017, 0.003589, 0.001805, -0.001827 ],
      "X_44" : [ -0.000678, -0.002104, 0.000041, -0.000101, 0.000177, 0.006035, -0.002606, -0.000763 ],
      "X_45" : [ 0.000119, -0.000414, -0.000555, 0.000256, 0.000465, 0.001881, -0.002197, 0.000447 ],
      "X_46" : [ 0.000041, -0.000205, 0.000358, 0.000302, 0.000377, -0.000203, 0.000327, -0.000996 ],
      "X_47" : [ 0.000000, 0.000000, 0.000000, 0.000000, 0.000000, 0.000000, 0.000000, 0.000000 ],
      "X_48" : [ 0.000000, 0.000000, 0.000000, 0.000000, 0.000000, 0.000000, 0.000000, 0.000000 ],
      "X_49" : [ -0.000005, -0.000326, 0.000019, 0.000007, 0.000046, -0.000059, 0.000317, 0.000000 ],
      "X_50" : [ -0.000283, 0.005244, 0.000161, -0.000730, 0.000424, -0.001368, 0.000385, -0.003834 ],
      "X_51" : [ 0.000325, 0.004535, -0.000820, -0.000682, 0.001220, -0.001446, -0.003094, -0.000038 ],
      "X_52" : [ 0.000046, -0.001033, 0.001193, 0.000470, 0.000998, -0.000425, 0.000919, -0.002168 ],
      "X_53" : [ -0.000135, 0.002278, 0.000075, 0.001796, 0.000891, 0.003084, -0.009331, 0.001342 ],
      "X_54" : [ 0.000064, -0.001252, 0.000531, 0.000237, 0.000422, -0.001710, 0.001526, 0.000182 ],
      "X_55" : [ -0.000082, -0.000087, -0.000068, -0.000065, -0.000063, 0.000137, -0.000170, 0.000397 ],
      "X_56" : [ 0.000000, 0.000000, 0.000000, 0.000000, 0.000000, 0.000000, 0.000000, 0.000000 ],
      "X_57" : [ 0.000000, -0.000000, -0.000000, -0.000000, -0.000000, 0.000000, -0.000000, 0.000000 ],
      "X_58" : [ -0.000386, -0.001192, 0.000321, -0.000000, -0.000156, 0.000311, 0.000054, 0.001048 ],
      "X_59" : [ -0.000502, 0.002387, -0.000032, 0.000087, -0.000134, -0.001105, -0.001589, 0.000889 ],
      "X_60" : [ 0.000613, -0.000115, 0.000522, 0.001203, 0.001176, -0.001892, -0.000830, -0.000678 ],
      "X_61" : [ 0.000382, 0.000687, 0.001000, 0.000779, 0.000634, -0.000694, -0.002524, -0.000265 ],
      "X_62" : [ 0.000128, 0.001147, 0.000732, -0.000276, 0.000207, -0.001614, -0.000247, -0.000077 ],
      "X_63" : [ -0.000078, 0.000426, 0.000656, 0.000375, 0.000396, -0.002974, 0.000207, 0.000994 ]   
   },
   "Most_Contributive_Features_By_Class" : {
      "class_0" : [ 42, 27, 28, 36, 20, 43, 44, 60, 35, 34 ],
      "class_1" : [ 26, 50, 43, 51, 21, 42, 59, 53, 44, 4 ],
      "class_2" : [ 21, 29, 18, 52, 5, 43, 13, 61, 37, 42 ],
      "class_3" : [ 53, 60, 37, 43, 19, 61, 21, 50, 51, 10 ],
      "class_4" : [ 51, 60, 52, 37, 53, 21, 38, 4, 42, 26 ],
      "class_5" : [ 44, 36, 28, 43, 37, 53, 63, 10, 19, 4 ],
      "class_6" : [ 28, 53, 10, 35, 26, 12, 51, 44, 61, 27 ],
      "class_7" : [ 35, 28, 50, 36, 27, 34, 20, 29, 26, 4 ]
   }
}