{
   "Contributions" : {
      "X_0" : [ 0.001897, -0.001897 ],
      "X_1" : [ 0.000000, 0.000000 ],
      "X_2" : [ -0.000125, 0.000125 ],
      "X_3" : [ 0.000000, 0.000000 ],
      "X_4" : [ -0.000415, 0.000415 ],
      "X_5" : [ 0.000000, 0.000000 ],
      "X_6" : [ 0.000000, 0.000000 ],
      "X_7" : [ 0.000000, 0.000000 ],
      "X_8" : [ 0.000149, -0.000149 ],
      "X_9" : [ 0.000000, 0.000000 ],
      "X_10" : [ 0.000000, 0.000000 ],
      "X_11" : [ -0.001573, 0.001573 ],
      "X_12" : [ -0.001427, 0.001427 ],
      "X_13" : [ 0.000000, 0.000000 ],
      "X_14" : [ 0.000000, 0.000000 ],
      "X_15" : [ 0.000000, 0.000000 ],
      "X_16" : [ 0.000627, -0.000627 ],
      "X_17" : [ 0.002183, -0.002183 ],
      "X_18" : [ -0.005008, 0.005008 ],
      "X_19" : [ 0.000000, 0.000000 ],
      "X_20" : [ 0.000000, 0.000000 ],
      "X_21" : [ -0.000011, 0.000011 ],
      "X_22" : [ -0.000079, 0.000079 ],
      "X_23" : [ 0.000000, 0.000000 ],
      "X_24" : [ 0.000000, 0.000000 ],
      "X_25" : [ 0.000000, 0.000000 ],
      "X_26" : [ -0.000085, 0.000085 ],
      "X_27" : [ 0.000877, -0.000877 ],
      "X_28" : [ 0.001463, -0.001463 ],
      "X_29" : [ 0.000000, 0.000000 ],
      "X_30" : [ 0.000000, 0.000000 ],
      "X_31" : [ 0.000000, 0.000000 ],
      "X_32" : [ 0.003852, -0.003852 ],
      "X_33" : [ 0.000000, 0.000000 ],
      "X_34" : [ -0.006106, 0.006106 ],
      "X_35" : [ 0.002235, -0.002235 ],
      "X_36" : [ -0.000489, 0.000489 ],
      "X_37" : [ 0.000000, 0.000000 ],
      "X_38" : [ 0.000000, 0.000000 ],
      "X_39" : [ 0.000000, 0.000000 ],
      "X_40" : [ 0.000000, 0.000000 ],
      "X_41" : [ 0.000634, -0.000634 ],
      "X_42" : [ 0.000415, -0.000415 ],
      "X_43" : [ 0.000000, 0.000000 ],
      "X_44" : [ 0.000000, 0.000000 ],
      "X_45" : [ -0.004059, 0.004059 ],
      "X_46" : [ 0.000000, 0.000000 ],
      "X_47" : [ 0.000000, 0.000000 ],
      "X_48" : [ 0.000000, 0.000000 ],
      "X_49" : [ 0.000000, 0.000000 ],
      "X_50" : [ 0.001687, -0.001687 ],
      "X_51" : [ 0.000000, 0.000000 ],
      "X_52" : [ 0.000000, 0.000000 ]   
   },
   "Most_Contributive_Features_By_Class" : {
      "class_0" : [ 34, 18, 45, 32, 35, 17, 0, 50, 11, 28 ],
      "class_1" : [ 34, 18, 45, 32, 35, 17, 0, 50, 11, 28 ]
   }
}