{
   "Contributions" : {
      "X_0" : [ -0.022833 ],
      "X_1" : [ 0.021024 ],
      "X_2" : [ 0.024426 ],
      "X_3" : [ 0.000361 ]   
   },
   "Most_Contributive_Features" : {
      "y" : [ 2, 0, 1, 3 ]
   }
}