{
   "Contributions" : {
      "X_0" : [ -0.046875, 0.046875 ],
      "X_1" : [ 0.009766, -0.009766 ],
      "X_2" : [ 0.031250, -0.031250 ],
      "X_3" : [ 0.009766, -0.009766 ],
      "X_4" : [ -0.015625, 0.015625 ],
      "X_5" : [ -0.042969, 0.042969 ],
      "X_6" : [ 0.000000, 0.000000 ],
      "X_7" : [ 0.000000, 0.000000 ],
      "X_8" : [ 0.015625, -0.015625 ],
      "X_9" : [ 0.000000, 0.000000 ],
      "X_10" : [ 0.000000, 0.000000 ],
      "X_11" : [ -0.009766, 0.009766 ],
      "X_12" : [ 0.003906, -0.003906 ],
      "X_13" : [ 0.013672, -0.013672 ],
      "X_14" : [ 0.041016, -0.041016 ],
      "X_15" : [ 0.003906, -0.003906 ],
      "X_16" : [ 0.000000, 0.000000 ],
      "X_17" : [ -0.003906, 0.003906 ],
      "X_18" : [ -0.011719, 0.011719 ],
      "X_19" : [ 0.000000, 0.000000 ],
      "X_20" : [ -0.005859, 0.005859 ],
      "X_21" : [ 0.000000, 0.000000 ],
      "X_22" : [ 0.000000, 0.000000 ],
      "X_23" : [ 0.000000, 0.000000 ],
      "X_24" : [ 0.000000, 0.000000 ],
      "X_25" : [ 0.011719, -0.011719 ],
      "X_26" : [ -0.009766, 0.009766 ],
      "X_27" : [ -0.007812, 0.007812 ],
      "X_28" : [ 0.005859, -0.005859 ],
      "X_29" : [ 0.000000, 0.000000 ],
      "X_30" : [ 0.031250, -0.031250 ],
      "X_31" : [ -0.001953, 0.001953 ],
      "X_32" : [ -0.013672, 0.013672 ],
      "X_33" : [ 0.000000, 0.000000 ],
      "X_34" : [ 0.003906, -0.003906 ],
      "X_35" : [ 0.000000, 0.000000 ],
      "X_36" : [ 0.013672, -0.013672 ],
      "X_37" : [ -0.001953, 0.001953 ],
      "X_38" : [ 0.001953, -0.001953 ],
      "X_39" : [ 0.000000, 0.000000 ],
      "X_40" : [ 0.000000, 0.000000 ],
      "X_41" : [ 0.005859, -0.005859 ],
      "X_42" : [ -0.015625, 0.015625 ],
      "X_43" : [ 0.011719, -0.011719 ],
      "X_44" : [ 0.001953, -0.001953 ],
      "X_45" : [ 0.005859, -0.005859 ],
      "X_46" : [ 0.000000, 0.000000 ],
      "X_47" : [ 0.000000, 0.000000 ],
      "X_48" : [ 0.000000, 0.000000 ],
      "X_49" : [ 0.000000, 0.000000 ],
      "X_50" : [ 0.009766, -0.009766 ],
      "X_51" : [ 0.000000, 0.000000 ],
      "X_52" : [ 0.009766, -0.009766 ]   
   },
   "Most_Contributive_Features_By_Class" : {
      "class_0" : [ 0, 5, 14, 2, 30, 42, 8, 4, 13, 36 ],
      "class_1" : [ 0, 5, 14, 2, 30, 42, 8, 4, 13, 36 ]
   }
}