{
	"metadata" : { "model" : "Tikhonov_Ridge", "version" : "2024-W13", "signature" : "ff4_OO8"},
	"options" : { "alpha" : 0.000000, "random_state" : 1789 },
	"dataset" : { "dataset_rows" : 16, "dataset_features" : 53 },
	"classes" : [ "<=50K", ">50K" ],
	"equations" : {
		"class_1" : {
			"intercept" : 224751872.000000,
			"coeffs" : [ -76244448.000000, -75609576.000000, -149445952.000000, -71811480.000000, -10879233.000000, 335863648.000000, 0.000000, 0.000000, -681.079529, 0.000000, 0.000000, 51657236.000000, -27420832.000000, 60937392.000000, 69755840.000000, -191573200.000000, -1552902.750000, -30919284.000000, 13131115.000000, 0.000000, 7720271.000000, 0.000000, 0.000000, 0.000000, 0.000000, -298225376.000000, 39033864.000000, 109236968.000000, -49553640.000000, 0.000000, 32298986.000000, 38353372.000000, -35597856.000000, 0.000000, 18257646.000000, 23671786.000000, -105836344.000000, -35982152.000000, -61423776.000000, 0.000000, 0.000000, 52521908.000000, -32744946.000000, -7619904.500000, -16000704.000000, -5107696.000000, 0.000000, 0.000000, 0.000000, 0.000000, 71691056.000000, 0.000000, -71674136.000000 ]
		}
	}
}