{
   "Contributions" : {
      "X_0" : [ 0.007041, -0.007041 ],
      "X_1" : [ -0.004842, 0.004842 ],
      "X_2" : [ 0.012286, -0.012286 ],
      "X_3" : [ 0.007621, -0.007621 ],
      "X_4" : [ -0.003151, 0.003151 ],
      "X_5" : [ -0.022016, 0.022016 ],
      "X_6" : [ 0.019176, -0.019176 ],
      "X_7" : [ 0.004232, -0.004232 ],
      "X_8" : [ 0.012116, -0.012116 ],
      "X_9" : [ -0.004946, 0.004946 ]   
   },
   "Most_Contributive_Features_By_Class" : {
      "class_0" : [ 5, 6, 2, 8, 3, 0, 9, 1, 7, 4 ],
      "class_1" : [ 5, 6, 2, 8, 3, 0, 9, 1, 7, 4 ]
   }
}