{
   "Contributions" : {
      "X_0" : [ 3.856307 ],
      "X_1" : [ 7.821152 ],
      "X_2" : [ 2.312935 ],
      "X_3" : [ -0.013240 ],
      "X_4" : [ -0.069844 ],
      "X_5" : [ 0.025130 ],
      "X_6" : [ 1.270825 ],
      "X_7" : [ -0.562898 ],
      "X_8" : [ -1.117025 ],
      "X_9" : [ 0.079421 ]   
   },
   "Most_Contributive_Features" : {
      "y" : [ 1, 0, 2, 6, 8, 7, 9, 4, 5, 3 ]
   }
}