{
   "Contributions" : {
      "X_0" : [ 3.813743 ],
      "X_1" : [ 9.947829 ],
      "X_2" : [ 0.804161 ],
      "X_3" : [ 0.050761 ],
      "X_4" : [ -0.299359 ],
      "X_5" : [ -0.522965 ],
      "X_6" : [ 0.593131 ],
      "X_7" : [ -0.091882 ],
      "X_8" : [ -1.327905 ],
      "X_9" : [ 0.038667 ]   
   },
   "Most_Contributive_Features" : {
      "y" : [ 1, 0, 8, 2, 6, 5, 4, 7, 3, 9 ]
   }
}