{
	"metadata" : { "model" : "Vapnik_SVC_RBF", "version" : "2024-W13", "signature" : "ff4_il8"},
	"options" : {"svm_type" : "c_svc", "kernel" : "rbf", "degree" : 3, "gamma" : 0.062339, "coef0" : 0.000000, "cache_size" : 300, "tol" : 0.001000, "nu" : 0.500000, "epsilon" : 0.000000, "shrinking" : 0, "probability" : 1, "C" : 2.000000, "max_iter" : 128, "random_state" : 1789 },
	"dataset" : { "dataset_rows" : 64, "dataset_features" : 4 },
	"classes" : [ 0, 1, 2 ],
	"svm_model" : {
	"classes" : 3,
	"L" : 26,
	"SupportVectors" : {
		"SV_00" : [ 4.500000, 2.300000, 1.300000, 0.300000 ],
		"SV_01" : [ 5.100000, 3.300000, 1.700000, 0.500000 ],
		"SV_02" : [ 5.700000, 3.800000, 1.700000, 0.300000 ],
		"SV_03" : [ 6.300000, 3.300000, 4.700000, 1.600000 ],
		"SV_04" : [ 6.000000, 3.400000, 4.500000, 1.600000 ],
		"SV_05" : [ 5.900000, 3.000000, 4.200000, 1.500000 ],
		"SV_06" : [ 5.100000, 2.500000, 3.000000, 1.100000 ],
		"SV_07" : [ 6.200000, 2.900000, 4.300000, 1.300000 ],
		"SV_08" : [ 6.700000, 3.100000, 4.700000, 1.500000 ],
		"SV_09" : [ 5.700000, 2.900000, 4.200000, 1.300000 ],
		"SV_10" : [ 5.700000, 3.000000, 4.200000, 1.200000 ],
		"SV_11" : [ 5.500000, 2.400000, 3.700000, 1.000000 ],
		"SV_12" : [ 6.500000, 2.800000, 4.600000, 1.500000 ],
		"SV_13" : [ 6.900000, 3.100000, 4.900000, 1.500000 ],
		"SV_14" : [ 6.600000, 3.000000, 4.400000, 1.400000 ],
		"SV_15" : [ 6.300000, 2.800000, 5.100000, 1.500000 ],
		"SV_16" : [ 7.900000, 3.800000, 6.400000, 2.000000 ],
		"SV_17" : [ 5.900000, 3.000000, 5.100000, 1.800000 ],
		"SV_18" : [ 6.000000, 3.000000, 4.800000, 1.800000 ],
		"SV_19" : [ 7.200000, 3.000000, 5.800000, 1.600000 ],
		"SV_20" : [ 6.400000, 3.100000, 5.500000, 1.800000 ],
		"SV_21" : [ 5.700000, 2.500000, 5.000000, 2.000000 ],
		"SV_22" : [ 5.800000, 2.700000, 5.100000, 1.900000 ],
		"SV_23" : [ 6.300000, 2.500000, 5.000000, 1.900000 ],
		"SV_24" : [ 6.900000, 3.100000, 5.100000, 2.300000 ],
		"SV_25" : [ 6.500000, 3.000000, 5.200000, 2.000000 ]
	},
	"SupportVectorsCoefs" : {
		"SV_coef_0" : [ 1.203108, 2.000000, 0.796892, -0.000000, -0.000000, -0.000000, -2.000000, -0.000000, -0.000000, -0.000000, -0.000000, -2.000000, -0.000000, -0.000000, -0.000000, -0.000000, -0.070071, -0.000000, -1.827603, -0.000000, -0.000000, -0.000000, -0.000000, -0.000000, -0.000000, -0.000000 ],
		"SV_coef_1" : [ 0.000000, 1.180116, 0.717558, 2.000000, 2.000000, 2.000000, 0.000000, 2.000000, 2.000000, 2.000000, 0.131130, 0.000000, 2.000000, 2.000000, 2.000000, -2.000000, -0.000000, -2.000000, -2.000000, -0.275651, -1.855479, -2.000000, -2.000000, -2.000000, -2.000000, -2.000000 ]
	},
	"rho" : [ -0.192763, 0.005765, 0.115327 ],
	"nSV" : [ 3, 12, 11 ],
	"probA" : [ -2.715665, -2.910910, -3.225326 ],
	"probB" : [ 0.035663, 0.049396, -0.162723 ],
	"n_iter" : [ 8, 31, 14 ]
}
}