{
   "Contributions" : {
      "X_0" : [ -0.000483, -0.000773, 0.001256 ],
      "X_1" : [ -0.000557, -0.010283, 0.010840 ],
      "X_2" : [ -0.002652, -0.008932, 0.011584 ],
      "X_3" : [ -0.003361, 0.015566, -0.012205 ]   
   },
   "Most_Contributive_Features_By_Class" : {
      "class_0" : [ 3, 2, 1, 0 ],
      "class_1" : [ 3, 1, 2, 0 ],
      "class_2" : [ 3, 2, 1, 0 ]
   }
}