{
   "Contributions" : {
      "X_0" : [ 0.001793, 0.000647, -0.002440 ],
      "X_1" : [ -0.001943, 0.004020, -0.002077 ],
      "X_2" : [ -0.002476, -0.004303, 0.006779 ],
      "X_3" : [ -0.003870, 0.005967, -0.002097 ]   
   },
   "Most_Contributive_Features_By_Class" : {
      "class_0" : [ 3, 2, 1, 0 ],
      "class_1" : [ 3, 2, 1, 0 ],
      "class_2" : [ 2, 0, 3, 1 ]
   }
}