{
   "Contributions" : {
      "X_0" : [ -0.000407, 0.000616, -0.001449, 0.001240 ],
      "X_1" : [ 0.000176, -0.000011, 0.000786, -0.000951 ],
      "X_2" : [ -0.000038, 0.000066, 0.002014, -0.002042 ],
      "X_3" : [ 0.000476, -0.002137, 0.001140, 0.000521 ],
      "X_4" : [ -0.000503, -0.000716, -0.000427, 0.001645 ],
      "X_5" : [ 0.001411, -0.003303, -0.000113, 0.002005 ],
      "X_6" : [ -0.000156, -0.002257, 0.000308, 0.002105 ],
      "X_7" : [ -0.002370, -0.000027, -0.000891, 0.003287 ],
      "X_8" : [ -0.000771, -0.000249, -0.000464, 0.001483 ],
      "X_9" : [ -0.000164, 0.000146, -0.000793, 0.000812 ],
      "X_10" : [ 0.000513, -0.001761, 0.000380, 0.000868 ],
      "X_11" : [ -0.000062, 0.001246, 0.001602, -0.002786 ],
      "X_12" : [ -0.001824, 0.000087, -0.000519, 0.002256 ],
      "X_13" : [ 0.000740, 0.001423, -0.000081, -0.002081 ],
      "X_14" : [ -0.001002, -0.002861, -0.000233, 0.004095 ],
      "X_15" : [ 0.000017, 0.001095, -0.000962, -0.000149 ],
      "X_16" : [ 0.000131, 0.001991, -0.000254, -0.001867 ],
      "X_17" : [ -0.000037, -0.000703, -0.000141, 0.000881 ],
      "X_18" : [ 0.001293, -0.000802, -0.001702, 0.001211 ],
      "X_19" : [ -0.001096, -0.001778, -0.000849, 0.003723 ],
      "X_20" : [ 0.000329, 0.001438, -0.000170, -0.001598 ],
      "X_21" : [ 0.000737, -0.000852, -0.000757, 0.000872 ],
      "X_22" : [ 0.000237, -0.002513, 0.000381, 0.001895 ],
      "X_23" : [ 0.000571, 0.000916, -0.000062, -0.001424 ],
      "X_24" : [ 0.000300, -0.000002, -0.001355, 0.001057 ],
      "X_25" : [ -0.002228, 0.002645, -0.000849, 0.000432 ],
      "X_26" : [ 0.000396, -0.000301, -0.001212, 0.001118 ],
      "X_27" : [ -0.001376, -0.005224, 0.000146, 0.006454 ],
      "X_28" : [ -0.001131, -0.000877, -0.000310, 0.002318 ],
      "X_29" : [ 0.000405, 0.000467, -0.001009, 0.000137 ],
      "X_30" : [ -0.000541, -0.000729, 0.000093, 0.001177 ],
      "X_31" : [ -0.024793, -0.004984, -0.005949, 0.035727 ],
      "X_32" : [ -0.001127, -0.000681, -0.000301, 0.002109 ],
      "X_33" : [ -0.000226, 0.001450, 0.000313, -0.001537 ],
      "X_34" : [ 0.000662, -0.001426, -0.001033, 0.001797 ],
      "X_35" : [ -0.002639, 0.002388, -0.000730, 0.000981 ],
      "X_36" : [ -0.000609, -0.001887, 0.000177, 0.002319 ],
      "X_37" : [ -0.001277, -0.000859, 0.000369, 0.001767 ],
      "X_38" : [ -0.001864, -0.001243, -0.000396, 0.003503 ],
      "X_39" : [ 0.000187, -0.000768, 0.000902, -0.000322 ],
      "X_40" : [ 0.000368, -0.002301, -0.000183, 0.002116 ],
      "X_41" : [ 0.000414, -0.000574, 0.000440, -0.000281 ],
      "X_42" : [ -0.001667, -0.002290, -0.001100, 0.005056 ],
      "X_43" : [ -0.000625, -0.000269, -0.000383, 0.001277 ],
      "X_44" : [ -0.001709, 0.001281, -0.000477, 0.000906 ],
      "X_45" : [ -0.000092, -0.001685, -0.000324, 0.002101 ],
      "X_46" : [ -0.004886, 0.004156, -0.002114, 0.002844 ],
      "X_47" : [ -0.000416, -0.004155, 0.000136, 0.004435 ],
      "X_48" : [ -0.002009, -0.001844, -0.000130, 0.003983 ],
      "X_49" : [ -0.002786, 0.000873, -0.003769, 0.005682 ],
      "X_50" : [ 0.000740, 0.000219, -0.000685, -0.000274 ],
      "X_51" : [ 0.000558, -0.000489, 0.000435, -0.000505 ],
      "X_52" : [ -0.002354, -0.000820, 0.000036, 0.003138 ],
      "X_53" : [ -0.000519, -0.002531, -0.000691, 0.003741 ],
      "X_54" : [ -0.000561, 0.001017, 0.000601, -0.001058 ],
      "X_55" : [ -0.001277, -0.000715, 0.000106, 0.001886 ],
      "X_56" : [ -0.000632, 0.000784, -0.000189, 0.000036 ],
      "X_57" : [ 0.000509, -0.001159, -0.000039, 0.000689 ],
      "X_58" : [ -0.001244, 0.002414, 0.000632, -0.001803 ],
      "X_59" : [ -0.000667, -0.005657, 0.000475, 0.005850 ],
      "X_60" : [ -0.000413, -0.000984, 0.002391, -0.000993 ],
      "X_61" : [ 0.001074, 0.001567, -0.000457, -0.002184 ],
      "X_62" : [ -0.005517, -0.007735, -0.000611, 0.013863 ],
      "X_63" : [ -0.000448, -0.001359, -0.000434, 0.002240 ],
      "X_64" : [ 0.000545, -0.001800, -0.000177, 0.001432 ],
      "X_65" : [ -0.002981, -0.002551, -0.003889, 0.009421 ],
      "X_66" : [ -0.006697, 0.008202, -0.007334, 0.005829 ],
      "X_67" : [ -0.001009, 0.002586, -0.000313, -0.001265 ],
      "X_68" : [ -0.000579, -0.002084, -0.000722, 0.003385 ],
      "X_69" : [ -0.000151, -0.002054, -0.000087, 0.002292 ],
      "X_70" : [ 0.001555, -0.001908, -0.000433, 0.000786 ],
      "X_71" : [ -0.001131, -0.000948, 0.000799, 0.001280 ],
      "X_72" : [ -0.000309, -0.000754, -0.000531, 0.001594 ],
      "X_73" : [ 0.000908, 0.001358, 0.000816, -0.003082 ],
      "X_74" : [ -0.000768, -0.001491, 0.000057, 0.002203 ],
      "X_75" : [ -0.000092, -0.004095, 0.001389, 0.002798 ],
      "X_76" : [ -0.001356, 0.000300, -0.000107, 0.001162 ],
      "X_77" : [ 0.000563, -0.001932, -0.002243, 0.003612 ],
      "X_78" : [ 0.000087, 0.002579, -0.000638, -0.002028 ],
      "X_79" : [ -0.008500, -0.000900, -0.005900, 0.015300 ],
      "X_80" : [ 0.000447, 0.000455, 0.000018, -0.000920 ],
      "X_81" : [ 0.000305, -0.000886, 0.000933, -0.000351 ],
      "X_82" : [ -0.000395, 0.000378, 0.000448, -0.000431 ],
      "X_83" : [ -0.000471, 0.000940, -0.000357, -0.000112 ],
      "X_84" : [ -0.000249, -0.000195, -0.000419, 0.000863 ],
      "X_85" : [ -0.000143, 0.000047, -0.000442, 0.000537 ],
      "X_86" : [ -0.000453, -0.001192, 0.000755, 0.000889 ],
      "X_87" : [ 0.000489, 0.000030, 0.001800, -0.002319 ],
      "X_88" : [ -0.001012, -0.001402, -0.000375, 0.002789 ],
      "X_89" : [ -0.001036, 0.000564, 0.000146, 0.000326 ],
      "X_90" : [ 0.000274, -0.001549, 0.000239, 0.001036 ],
      "X_91" : [ -0.000956, -0.000609, -0.000184, 0.001749 ],
      "X_92" : [ -0.000478, -0.000561, -0.000252, 0.001291 ],
      "X_93" : [ 0.000343, 0.001158, -0.001138, -0.000364 ],
      "X_94" : [ -0.001376, 0.000012, 0.000468, 0.000896 ],
      "X_95" : [ -0.000144, -0.001161, -0.000032, 0.001337 ],
      "X_96" : [ -0.000251, -0.000853, -0.000933, 0.002037 ],
      "X_97" : [ 0.000157, 0.000374, -0.000049, -0.000482 ],
      "X_98" : [ 0.000793, 0.000318, 0.000850, -0.001961 ],
      "X_99" : [ -0.000055, -0.001645, -0.001327, 0.003027 ]   
   },
   "Most_Contributive_Features_By_Class" : {
      "class_0" : [ 31, 79, 66, 62, 46, 65, 49, 35, 7, 52 ],
      "class_1" : [ 66, 62, 59, 27, 31, 46, 47, 75, 5, 14 ],
      "class_2" : [ 66, 31, 79, 65, 49, 60, 77, 46, 2, 87 ],
      "class_3" : [ 31, 79, 62, 65, 27, 59, 66, 49, 42, 47 ]
   }
}