{
   "Contributions" : {
      "X_0" : [ -0.250327 ],
      "X_1" : [ -0.716997 ],
      "X_2" : [ 0.005514 ],
      "X_3" : [ -0.722835 ],
      "X_4" : [ -0.015679 ],
      "X_5" : [ -0.014799 ],
      "X_6" : [ -0.056101 ],
      "X_7" : [ -0.016546 ],
      "X_8" : [ -0.013886 ],
      "X_9" : [ 0.019550 ]   
   },
   "Most_Contributive_Features" : {
      "y" : [ 3, 1, 0, 6, 9, 7, 4, 5, 8, 2 ]
   }
}