{
   "Contributions" : {
      "X_0" : [ -0.276174 ],
      "X_1" : [ -0.699827 ],
      "X_2" : [ 0.058446 ],
      "X_3" : [ -0.806190 ],
      "X_4" : [ -0.041585 ],
      "X_5" : [ -0.066893 ],
      "X_6" : [ -0.052222 ],
      "X_7" : [ 0.000000 ],
      "X_8" : [ 0.014865 ],
      "X_9" : [ 0.019568 ]   
   },
   "Most_Contributive_Features" : {
      "y" : [ 3, 1, 0, 5, 2, 6, 4, 9, 8 ]
   }
}