{
	"metadata" : { "model" : "Vapnik_NuSVR_RBF", "version" : "2024-W12", "signature" : "ff4_ff4"},
	"options" : {"svm_type" : "nu_svr", "kernel" : "rbf", "degree" : 3, "gamma" : 0.089082, "coef0" : 0.000000, "cache_size" : 300, "tol" : 0.001000, "nu" : 0.500000, "epsilon" : 0.000000, "shrinking" : 0, "probability" : 0, "C" : 1.000000, "max_iter" : 128, "random_state" : 1789 },
	"dataset" : { "dataset_rows" : 64, "dataset_features" : 10 },
	"svm_model" : {
	"classes" : 2,
	"L" : 32,
	"SupportVectors" : {
		"SV_00" : [ -0.648732, -0.880620, 0.202193, 0.525953, 0.655148, -0.647661, 0.272122, -2.437228, -0.548644, -0.541692 ],
		"SV_01" : [ -0.304252, -2.418750, 0.148738, -1.156809, 1.856268, 1.161673, 0.542158, -1.733213, -0.113479, -1.359821 ],
		"SV_02" : [ 2.688408, -0.118800, 0.359897, -0.489429, 0.996860, 0.599293, -1.045101, 2.004759, -0.462834, -0.129511 ],
		"SV_03" : [ 0.375851, 2.459666, 2.331842, 1.801873, 0.883058, -1.030525, 2.246760, -1.930692, 0.035418, -1.673652 ],
		"SV_04" : [ -0.633869, 0.649171, -0.429065, 0.272523, 0.196698, -2.142921, -0.339599, 1.631220, -0.304749, -1.457891 ],
		"SV_05" : [ 1.310308, 0.643712, -0.298097, -1.490154, -0.054971, -0.032850, 1.903817, 1.941130, -0.032541, 1.639231 ],
		"SV_06" : [ 0.335262, -0.707462, -1.092152, 0.398819, 0.575255, 2.060126, -0.139413, -0.972146, -0.959073, -0.534026 ],
		"SV_07" : [ 0.747064, -2.223174, -1.482916, -0.259218, 1.071458, 2.057120, 2.348745, -0.150693, 0.774286, 0.948420 ],
		"SV_08" : [ -0.442130, 1.306160, -1.825507, 1.100284, -1.437801, -0.649406, -1.264657, -1.279199, -0.018147, 0.535711 ],
		"SV_09" : [ -0.128471, 1.252242, -0.897563, -1.315457, -0.515139, -1.523841, 2.153701, 1.226570, 1.315538, 0.499118 ],
		"SV_10" : [ -1.198866, 0.482600, 0.476120, -0.286784, 0.512076, -2.769409, 0.302831, 0.379012, -1.783432, 0.156183 ],
		"SV_11" : [ 0.756962, -0.248595, -0.982614, -0.114596, -0.829428, 1.586725, 0.939967, 1.024227, -0.034959, 0.652720 ],
		"SV_12" : [ 0.060826, -0.170877, -0.139461, 0.539132, -0.188248, 1.301965, -1.535071, -1.050273, -1.064890, 1.796465 ],
		"SV_13" : [ -0.187884, 0.376811, 0.964727, 1.419989, -1.552071, -1.074179, 1.707673, -0.037415, -1.786444, 0.682144 ],
		"SV_14" : [ -1.715822, -0.023007, -0.007626, -0.506174, -0.354594, -0.697372, -0.307631, -0.587886, -0.643622, 1.632221 ],
		"SV_15" : [ -1.971602, -0.938173, 2.226125, -0.003377, 0.215672, -0.208693, -1.630048, -0.303311, 0.340269, -1.330856 ],
		"SV_16" : [ 0.415124, -0.371661, -0.969137, -1.446053, 0.028876, -1.039658, -0.850981, -0.761545, 0.315557, 1.207732 ],
		"SV_17" : [ 0.524310, 0.014469, 1.595374, -0.296571, -0.273733, -0.154071, -0.038919, 0.520472, -1.351202, 2.054339 ],
		"SV_18" : [ 1.155595, 1.467125, -0.901383, -1.745011, -0.084406, -0.070069, 0.792448, -0.187857, -0.004986, -0.696601 ],
		"SV_19" : [ -0.885169, 0.848285, 1.501806, 0.327893, -1.340787, 0.901386, 0.290686, 0.423296, -0.250458, 2.321921 ],
		"SV_20" : [ 2.843495, 0.378264, -0.761153, -0.411312, -0.412171, -1.011106, -1.256169, -0.738574, 1.715647, 1.915487 ],
		"SV_21" : [ -1.311457, -1.061103, -0.365120, 0.276259, 0.280019, 0.855360, -0.769762, 0.012511, -0.557793, -1.045207 ],
		"SV_22" : [ -0.459859, -1.121887, 0.246469, -0.555671, 0.273551, -0.290018, -1.027835, -1.036359, 0.868149, 0.335445 ],
		"SV_23" : [ 0.424181, 0.811608, -0.540987, -0.571047, 1.436532, 0.264788, 0.487881, 1.055724, 0.861992, -1.562200 ],
		"SV_24" : [ 1.254984, -0.885393, -0.478961, -1.236692, -1.555016, -0.583413, 1.485080, 0.601391, 0.456315, -2.114021 ],
		"SV_25" : [ -3.011217, -0.237807, -2.809668, 0.002221, 0.782830, 1.331153, 1.409284, 0.359371, -1.268436, 0.620385 ],
		"SV_26" : [ -2.209772, 1.659902, 0.534130, -0.216920, -1.602769, -0.729682, -0.855423, 0.785937, 0.657501, 0.892502 ],
		"SV_27" : [ 0.946236, 0.224542, 0.563936, -0.866098, -1.133546, -0.038214, 0.153602, 0.261961, 1.581772, 1.090296 ],
		"SV_28" : [ 1.612639, 0.137010, 0.240862, -0.977647, -0.844649, 1.151000, -0.252873, 0.974510, -1.655895, -0.763196 ],
		"SV_29" : [ -0.298941, 2.979427, -0.648334, -2.380690, 1.529984, -0.616551, -1.916239, -1.084344, -0.697196, -0.576447 ],
		"SV_30" : [ -0.949039, -0.622020, -0.116107, -0.779248, -1.497360, -0.673836, -0.997786, -1.144583, 0.638942, 0.178647 ],
		"SV_31" : [ 1.326070, 0.524081, 0.079805, -0.452211, -2.538231, 1.326972, -0.258162, -0.813953, 1.179245, 1.232050 ]
	},
	"SupportVectorsCoefs" : {
		"SV_coef_0" : [ -1.000000, -1.000000, 1.000000, 1.000000, -1.000000, 1.000000, -1.000000, 1.000000, -1.000000, 1.000000, -1.000000, 1.000000, -1.000000, 1.000000, -1.000000, -1.000000, -1.000000, 1.000000, 1.000000, 1.000000, 1.000000, -1.000000, -1.000000, 1.000000, 1.000000, -1.000000, -1.000000, 1.000000, 1.000000, -1.000000, -1.000000, 1.000000 ]
	},
	"rho" : [ -13.816296 ],
	"nSV" : [ 32 ],
	"probA" : [ ],
	"probB" : [ ],
	"n_iter" : [ 28 ]
}
}