{
   "Contributions" : {
      "X_0" : [ 0.038750 ],
      "X_1" : [ 0.004026 ],
      "X_2" : [ -0.007629 ],
      "X_3" : [ 0.012886 ],
      "X_4" : [ -0.009444 ],
      "X_5" : [ -0.013089 ],
      "X_6" : [ -0.039813 ],
      "X_7" : [ 0.009903 ],
      "X_8" : [ -0.007577 ],
      "X_9" : [ 0.003029 ]   
   },
   "Most_Contributive_Features" : {
      "y" : [ 6, 0, 5, 3, 7, 4, 2, 8, 1, 9 ]
   }
}