{
   "Contributions" : {
      "X_0" : [ -0.001337, 0.001337 ],
      "X_1" : [ 0.000425, -0.000425 ],
      "X_2" : [ -0.000135, 0.000135 ],
      "X_3" : [ 0.000916, -0.000916 ],
      "X_4" : [ -0.000617, 0.000617 ],
      "X_5" : [ -0.000244, 0.000244 ],
      "X_6" : [ -0.000010, 0.000010 ],
      "X_7" : [ -0.000140, 0.000140 ],
      "X_8" : [ -0.001234, 0.001234 ],
      "X_9" : [ 0.000045, -0.000045 ],
      "X_10" : [ -0.000417, 0.000417 ],
      "X_11" : [ -0.001135, 0.001135 ],
      "X_12" : [ -0.000327, 0.000327 ],
      "X_13" : [ -0.001228, 0.001228 ],
      "X_14" : [ -0.000750, 0.000750 ],
      "X_15" : [ -0.000070, 0.000070 ],
      "X_16" : [ -0.003960, 0.003960 ],
      "X_17" : [ -0.000967, 0.000967 ],
      "X_18" : [ 0.001174, -0.001174 ],
      "X_19" : [ -0.000014, 0.000014 ],
      "X_20" : [ 0.000501, -0.000501 ],
      "X_21" : [ -0.000032, 0.000032 ],
      "X_22" : [ 0.000566, -0.000566 ],
      "X_23" : [ 0.000031, -0.000031 ],
      "X_24" : [ -0.000027, 0.000027 ],
      "X_25" : [ -0.000744, 0.000744 ],
      "X_26" : [ -0.004645, 0.004645 ],
      "X_27" : [ -0.000730, 0.000730 ],
      "X_28" : [ -0.001120, 0.001120 ],
      "X_29" : [ 0.000699, -0.000699 ],
      "X_30" : [ 0.002837, -0.002837 ],
      "X_31" : [ -0.000251, 0.000251 ],
      "X_32" : [ 0.002297, -0.002297 ],
      "X_33" : [ 0.000578, -0.000578 ],
      "X_34" : [ -0.000691, 0.000691 ],
      "X_35" : [ -0.000472, 0.000472 ],
      "X_36" : [ 0.003567, -0.003567 ],
      "X_37" : [ -0.000802, 0.000802 ],
      "X_38" : [ -0.000049, 0.000049 ],
      "X_39" : [ 0.000233, -0.000233 ],
      "X_40" : [ -0.000203, 0.000203 ],
      "X_41" : [ -0.001749, 0.001749 ],
      "X_42" : [ -0.000343, 0.000343 ],
      "X_43" : [ -0.011382, 0.011382 ],
      "X_44" : [ 0.000022, -0.000022 ],
      "X_45" : [ -0.001736, 0.001736 ],
      "X_46" : [ -0.000151, 0.000151 ],
      "X_47" : [ 0.000751, -0.000751 ],
      "X_48" : [ -0.000142, 0.000142 ],
      "X_49" : [ 0.000093, -0.000093 ],
      "X_50" : [ 0.000075, -0.000075 ],
      "X_51" : [ 0.000050, -0.000050 ],
      "X_52" : [ -0.000098, 0.000098 ]   
   },
   "Most_Contributive_Features_By_Class" : {
      "class_0" : [ 43, 26, 16, 36, 30, 32, 41, 45, 0, 8 ],
      "class_1" : [ 43, 26, 16, 36, 30, 32, 41, 45, 0, 8 ]
   }
}