{
	"metadata" : { "model" : "Tikhonov_Ridge", "version" : "2024-W14", "signature" : "ff4_ff4"},
	"options" : { "alpha" : 1.000000, "random_state" : 1789 },
	"dataset" : { "dataset_rows" : 16, "dataset_features" : 10 },
	"equations" : {
			"intercept" : 149.097015,
			"coeffs" : [ -118.840614, -249.450287, 122.361702, 796.902405, 8.864485, -454.984802, -35.762161, 138.316147, 859.926392, -221.403900 ]
		}
}