{
   "Contributions" : {
      "X_0" : [ 1.677942 ],
      "X_1" : [ -1.943650 ],
      "X_2" : [ -1.409458 ],
      "X_3" : [ -7.884313 ],
      "X_4" : [ 11.549664 ],
      "X_5" : [ -1.174063 ],
      "X_6" : [ -1.736604 ],
      "X_7" : [ -0.000001 ],
      "X_8" : [ -20.772516 ],
      "X_9" : [ 1.125838 ]   
   },
   "Most_Contributive_Features" : {
      "y" : [ 8, 4, 3, 1, 6, 0, 2, 5, 9, 7 ]
   }
}