{
   "Contributions" : {
      "X_0" : [ 1.929129 ],
      "X_1" : [ -2.229190 ],
      "X_2" : [ -2.134855 ],
      "X_3" : [ -7.716418 ],
      "X_4" : [ -0.071276 ],
      "X_5" : [ 0.681222 ],
      "X_6" : [ 0.131663 ],
      "X_7" : [ 0.000000 ],
      "X_8" : [ -11.264279 ],
      "X_9" : [ 1.089030 ]   
   },
   "Most_Contributive_Features" : {
      "y" : [ 8, 3, 1, 2, 0, 9, 5, 6, 4, 7 ]
   }
}