{
	"metadata" : { "model" : "Tikhonov_Ridge", "version" : "2024-W12", "signature" : "ff4_ff4"},
	"options" : { "alpha" : 0.000000, "random_state" : 1789 },
	"dataset" : { "dataset_rows" : 16, "dataset_features" : 10 },
	"equations" : {
			"intercept" : 153.696960,
			"coeffs" : [ -103.366539, -217.497879, 80.784737, 814.241394, -1436.395508, 784.150757, 471.693268, -89.956879, 1585.794678, -228.886841 ]
		}
}