{
	"metadata" : { "model" : "Tikhonov_Ridge", "version" : "2024-W14", "signature" : "ff4_il8"},
	"options" : { "alpha" : 1.000000, "random_state" : 1789 },
	"dataset" : { "dataset_rows" : 64, "dataset_features" : 4 },
	"classes" : [ 0, 1, 2 ],
	"equations" : {
		"class_0" : {
			"intercept" : -0.430242,
			"coeffs" : [ 0.015209, 0.532474, -0.369107, -0.186778 ]
		},
		"class_1" : {
			"intercept" : 1.161481,
			"coeffs" : [ 0.194343, -0.849024, 0.144426, -0.563945 ]
		},
		"class_2" : {
			"intercept" : -1.731240,
			"coeffs" : [ -0.209552, 0.316551, 0.224681, 0.750721 ]
		}
	}
}