{
	"metadata" : { "model" : "Tikhonov_Ridge", "version" : "2024-W12", "signature" : "ff4_il8"},
	"options" : { "alpha" : 0.000000, "random_state" : 1789 },
	"dataset" : { "dataset_rows" : 64, "dataset_features" : 4 },
	"classes" : [ 0, 1, 2 ],
	"equations" : {
		"class_0" : {
			"intercept" : -0.589837,
			"coeffs" : [ 0.124797, 0.462737, -0.486750, -0.043288 ]
		},
		"class_1" : {
			"intercept" : 1.178981,
			"coeffs" : [ 0.168951, -0.842424, 0.228782, -0.732506 ]
		},
		"class_2" : {
			"intercept" : -1.589140,
			"coeffs" : [ -0.293749, 0.379687, 0.257969, 0.775793 ]
		}
	}
}