{
   "Contributions" : {
      "X_0" : [ 0.000358, -0.004241, 0.003883 ],
      "X_1" : [ 0.011240, -0.014895, 0.003655 ],
      "X_2" : [ 0.052204, -0.014764, -0.037440 ],
      "X_3" : [ 0.013567, 0.020743, -0.034310 ]   
   },
   "Most_Contributive_Features_By_Class" : {
      "class_0" : [ 2, 3, 1, 0 ],
      "class_1" : [ 3, 1, 2, 0 ],
      "class_2" : [ 2, 3, 0, 1 ]
   }
}