{
   "Contributions" : {
      "X_0" : [ 0.043300 ],
      "X_1" : [ -0.032136 ],
      "X_2" : [ -0.134614 ],
      "X_3" : [ 0.024096 ],
      "X_4" : [ -0.311141 ],
      "X_5" : [ -0.236013 ],
      "X_6" : [ 0.198044 ],
      "X_7" : [ -0.103753 ],
      "X_8" : [ 0.022635 ],
      "X_9" : [ -0.076309 ],
      "X_10" : [ 0.024502 ],
      "X_11" : [ 0.024079 ],
      "X_12" : [ -0.421262 ],
      "X_13" : [ -0.191049 ],
      "X_14" : [ 0.671336 ],
      "X_15" : [ -0.087664 ],
      "X_16" : [ -0.318115 ],
      "X_17" : [ 0.267971 ],
      "X_18" : [ 0.106220 ],
      "X_19" : [ -0.178740 ],
      "X_20" : [ -0.107102 ],
      "X_21" : [ -0.012097 ],
      "X_22" : [ -1.263764 ],
      "X_23" : [ 0.028172 ],
      "X_24" : [ -0.159274 ],
      "X_25" : [ 0.106554 ],
      "X_26" : [ -0.003279 ],
      "X_27" : [ 0.001236 ],
      "X_28" : [ 0.599357 ],
      "X_29" : [ -0.113438 ],
      "X_30" : [ -27.346733 ],
      "X_31" : [ -0.003626 ],
      "X_32" : [ -0.461646 ],
      "X_33" : [ 0.459633 ],
      "X_34" : [ -0.520920 ],
      "X_35" : [ -0.001251 ],
      "X_36" : [ 8.487923 ],
      "X_37" : [ 0.001819 ],
      "X_38" : [ 0.290138 ],
      "X_39" : [ 0.035929 ],
      "X_40" : [ 0.069051 ],
      "X_41" : [ -0.124330 ],
      "X_42" : [ -0.205844 ],
      "X_43" : [ -0.059943 ],
      "X_44" : [ 0.033539 ],
      "X_45" : [ -0.001691 ],
      "X_46" : [ -5.616031 ],
      "X_47" : [ -0.166959 ],
      "X_48" : [ -0.055899 ],
      "X_49" : [ 0.090674 ],
      "X_50" : [ -0.180160 ],
      "X_51" : [ 0.074794 ],
      "X_52" : [ -0.104719 ],
      "X_53" : [ 0.521034 ],
      "X_54" : [ 0.068065 ],
      "X_55" : [ 0.038365 ],
      "X_56" : [ -0.022513 ],
      "X_57" : [ 0.004814 ],
      "X_58" : [ -0.165692 ],
      "X_59" : [ -6.292121 ],
      "X_60" : [ 0.173698 ],
      "X_61" : [ -0.000291 ],
      "X_62" : [ 0.002552 ],
      "X_63" : [ 0.307626 ],
      "X_64" : [ -0.613832 ],
      "X_65" : [ 0.482961 ],
      "X_66" : [ 0.027199 ],
      "X_67" : [ 0.029057 ],
      "X_68" : [ 0.012802 ],
      "X_69" : [ 0.050903 ],
      "X_70" : [ 0.072058 ],
      "X_71" : [ 0.033994 ],
      "X_72" : [ -0.028290 ],
      "X_73" : [ -0.038272 ],
      "X_74" : [ 0.008206 ],
      "X_75" : [ -0.053056 ],
      "X_76" : [ 0.022604 ],
      "X_77" : [ 3.400296 ],
      "X_78" : [ -0.009731 ],
      "X_79" : [ -0.177537 ],
      "X_80" : [ 0.304397 ],
      "X_81" : [ 0.036917 ],
      "X_82" : [ -0.302740 ],
      "X_83" : [ -0.179991 ],
      "X_84" : [ 0.288279 ],
      "X_85" : [ -0.383009 ],
      "X_86" : [ -0.324086 ],
      "X_87" : [ 0.018416 ],
      "X_88" : [ -0.050038 ],
      "X_89" : [ -0.246535 ],
      "X_90" : [ -2.076298 ],
      "X_91" : [ -0.206286 ],
      "X_92" : [ 0.046018 ],
      "X_93" : [ -0.006659 ],
      "X_94" : [ -0.036857 ],
      "X_95" : [ 5.605460 ],
      "X_96" : [ -0.178044 ],
      "X_97" : [ -0.055090 ],
      "X_98" : [ 0.028296 ],
      "X_99" : [ 0.134079 ]   
   },
   "Most_Contributive_Features" : {
      "y" : [ 30, 36, 59, 46, 95, 77, 90, 22, 14, 64 ]
   }
}