{
   "Contributions" : {
      "X_0" : [ 0.043663 ],
      "X_1" : [ -0.031623 ],
      "X_2" : [ -0.134030 ],
      "X_3" : [ 0.023869 ],
      "X_4" : [ -0.309449 ],
      "X_5" : [ -0.236031 ],
      "X_6" : [ 0.199283 ],
      "X_7" : [ -0.104164 ],
      "X_8" : [ 0.023230 ],
      "X_9" : [ -0.077614 ],
      "X_10" : [ 0.024503 ],
      "X_11" : [ 0.024016 ],
      "X_12" : [ -0.421049 ],
      "X_13" : [ -0.189800 ],
      "X_14" : [ 0.671001 ],
      "X_15" : [ -0.087980 ],
      "X_16" : [ -0.317490 ],
      "X_17" : [ 0.266737 ],
      "X_18" : [ 0.106109 ],
      "X_19" : [ -0.178639 ],
      "X_20" : [ -0.107308 ],
      "X_21" : [ -0.012218 ],
      "X_22" : [ -1.262626 ],
      "X_23" : [ 0.028392 ],
      "X_24" : [ -0.157374 ],
      "X_25" : [ 0.106353 ],
      "X_26" : [ -0.004283 ],
      "X_27" : [ 0.000937 ],
      "X_28" : [ 0.599818 ],
      "X_29" : [ -0.112992 ],
      "X_30" : [ -27.318367 ],
      "X_31" : [ -0.003797 ],
      "X_32" : [ -0.461130 ],
      "X_33" : [ 0.459061 ],
      "X_34" : [ -0.520778 ],
      "X_35" : [ -0.001246 ],
      "X_36" : [ 8.479385 ],
      "X_37" : [ 0.001603 ],
      "X_38" : [ 0.289403 ],
      "X_39" : [ 0.035591 ],
      "X_40" : [ 0.069006 ],
      "X_41" : [ -0.124237 ],
      "X_42" : [ -0.205376 ],
      "X_43" : [ -0.060364 ],
      "X_44" : [ 0.033745 ],
      "X_45" : [ -0.001696 ],
      "X_46" : [ -5.610680 ],
      "X_47" : [ -0.167381 ],
      "X_48" : [ -0.055422 ],
      "X_49" : [ 0.090414 ],
      "X_50" : [ -0.180520 ],
      "X_51" : [ 0.073569 ],
      "X_52" : [ -0.104123 ],
      "X_53" : [ 0.522563 ],
      "X_54" : [ 0.068889 ],
      "X_55" : [ 0.038254 ],
      "X_56" : [ -0.022322 ],
      "X_57" : [ 0.004876 ],
      "X_58" : [ -0.165579 ],
      "X_59" : [ -6.284990 ],
      "X_60" : [ 0.173223 ],
      "X_61" : [ -0.000298 ],
      "X_62" : [ 0.002555 ],
      "X_63" : [ 0.311179 ],
      "X_64" : [ -0.611198 ],
      "X_65" : [ 0.482791 ],
      "X_66" : [ 0.027395 ],
      "X_67" : [ 0.028905 ],
      "X_68" : [ 0.013374 ],
      "X_69" : [ 0.050607 ],
      "X_70" : [ 0.072069 ],
      "X_71" : [ 0.033596 ],
      "X_72" : [ -0.028166 ],
      "X_73" : [ -0.037832 ],
      "X_74" : [ 0.008470 ],
      "X_75" : [ -0.052557 ],
      "X_76" : [ 0.022550 ],
      "X_77" : [ 3.397072 ],
      "X_78" : [ -0.009667 ],
      "X_79" : [ -0.176784 ],
      "X_80" : [ 0.306394 ],
      "X_81" : [ 0.036455 ],
      "X_82" : [ -0.302463 ],
      "X_83" : [ -0.178994 ],
      "X_84" : [ 0.288334 ],
      "X_85" : [ -0.382293 ],
      "X_86" : [ -0.323840 ],
      "X_87" : [ 0.018451 ],
      "X_88" : [ -0.050816 ],
      "X_89" : [ -0.246754 ],
      "X_90" : [ -2.074727 ],
      "X_91" : [ -0.205513 ],
      "X_92" : [ 0.046397 ],
      "X_93" : [ -0.006863 ],
      "X_94" : [ -0.037111 ],
      "X_95" : [ 5.598379 ],
      "X_96" : [ -0.177816 ],
      "X_97" : [ -0.055105 ],
      "X_98" : [ 0.028286 ],
      "X_99" : [ 0.134200 ]   
   },
   "Most_Contributive_Features" : {
      "y" : [ 30, 36, 59, 46, 95, 77, 90, 22, 14, 64 ]
   }
}