{
   "Contributions" : {
      "X_0" : [ 0.001370, -0.000279, 0.001844, -0.002935 ],
      "X_1" : [ 0.000039, -0.001621, -0.000961, 0.002543 ],
      "X_2" : [ 0.001257, -0.001618, 0.003214, -0.002852 ],
      "X_3" : [ -0.000312, 0.000156, -0.000149, 0.000306 ],
      "X_4" : [ -0.002362, 0.000222, 0.001853, 0.000287 ],
      "X_5" : [ -0.000357, 0.000574, 0.000379, -0.000596 ],
      "X_6" : [ -0.001057, -0.000841, -0.000639, 0.002536 ],
      "X_7" : [ 0.001942, 0.000236, -0.000864, -0.001313 ],
      "X_8" : [ -0.002373, -0.000081, 0.005495, -0.003042 ],
      "X_9" : [ -0.002042, -0.005072, 0.000173, 0.006941 ],
      "X_10" : [ 0.000918, -0.000885, 0.000296, -0.000329 ],
      "X_11" : [ 0.001132, -0.003826, 0.002140, 0.000554 ],
      "X_12" : [ -0.000461, 0.000359, 0.000179, -0.000077 ],
      "X_13" : [ 0.004464, -0.004032, 0.003311, -0.003742 ],
      "X_14" : [ 0.001065, 0.003211, -0.001891, -0.002385 ],
      "X_15" : [ 0.006526, -0.001666, -0.001107, -0.003753 ],
      "X_16" : [ 0.003762, -0.000842, -0.000030, -0.002890 ],
      "X_17" : [ 0.000012, 0.002826, -0.000263, -0.002575 ],
      "X_18" : [ 0.002114, -0.001359, 0.001450, -0.002204 ],
      "X_19" : [ 0.000536, -0.001213, 0.000485, 0.000192 ],
      "X_20" : [ -0.001408, -0.000367, 0.000788, 0.000987 ],
      "X_21" : [ 0.000179, -0.000101, -0.001032, 0.000954 ],
      "X_22" : [ 0.000179, -0.003571, 0.000758, 0.002634 ],
      "X_23" : [ -0.001162, -0.002433, 0.000220, 0.003374 ],
      "X_24" : [ 0.004743, -0.003052, -0.000712, -0.000979 ],
      "X_25" : [ -0.001347, -0.002178, 0.006423, -0.002898 ],
      "X_26" : [ -0.000877, -0.001525, 0.002555, -0.000153 ],
      "X_27" : [ -0.002067, -0.002717, 0.003178, 0.001606 ],
      "X_28" : [ 0.001149, -0.002761, 0.000419, 0.001193 ],
      "X_29" : [ 0.001669, 0.000191, -0.001721, -0.000140 ],
      "X_30" : [ 0.002243, 0.000596, -0.001495, -0.001344 ],
      "X_31" : [ 0.002382, -0.000804, -0.001074, -0.000503 ],
      "X_32" : [ 0.002052, -0.000694, -0.000897, -0.000461 ],
      "X_33" : [ 0.000606, 0.000243, -0.000084, -0.000765 ],
      "X_34" : [ -0.002192, -0.000318, 0.002607, -0.000097 ],
      "X_35" : [ 0.005556, 0.001542, -0.006297, -0.000801 ],
      "X_36" : [ 0.002300, 0.000325, -0.000744, -0.001882 ],
      "X_37" : [ 0.001313, -0.003257, 0.000290, 0.001654 ],
      "X_38" : [ 0.000011, -0.001603, 0.001540, 0.000051 ],
      "X_39" : [ 0.007456, -0.000885, -0.001235, -0.005336 ],
      "X_40" : [ 0.000943, -0.000690, 0.001760, -0.002013 ],
      "X_41" : [ 0.001621, -0.000032, -0.001215, -0.000373 ],
      "X_42" : [ 0.001355, 0.000811, 0.000600, -0.002766 ],
      "X_43" : [ -0.001970, -0.000211, 0.001963, 0.000219 ],
      "X_44" : [ 0.000352, -0.000227, -0.000200, 0.000075 ],
      "X_45" : [ 0.000761, -0.000873, -0.001519, 0.001632 ],
      "X_46" : [ 0.005897, -0.007568, 0.003894, -0.002223 ],
      "X_47" : [ -0.000097, 0.000446, 0.000215, -0.000564 ],
      "X_48" : [ 0.001386, -0.000395, -0.000260, -0.000731 ],
      "X_49" : [ 0.030521, -0.017656, -0.008492, -0.004374 ],
      "X_50" : [ 0.000914, -0.001562, -0.000985, 0.001633 ],
      "X_51" : [ 0.000319, 0.001678, -0.000085, -0.001912 ],
      "X_52" : [ 0.001612, -0.004157, 0.002422, 0.000124 ],
      "X_53" : [ 0.001009, 0.000759, 0.000251, -0.002019 ],
      "X_54" : [ -0.000523, -0.000748, -0.002001, 0.003272 ],
      "X_55" : [ 0.004676, 0.001038, -0.002182, -0.003532 ],
      "X_56" : [ 0.000514, -0.000919, 0.000554, -0.000149 ],
      "X_57" : [ -0.001008, -0.000234, -0.000255, 0.001498 ],
      "X_58" : [ 0.001531, -0.000088, -0.002645, 0.001201 ],
      "X_59" : [ 0.000679, -0.001088, 0.000340, 0.000069 ],
      "X_60" : [ 0.004077, -0.001113, -0.000450, -0.002513 ],
      "X_61" : [ -0.000408, -0.000138, -0.000927, 0.001474 ],
      "X_62" : [ 0.000305, -0.001803, 0.000966, 0.000532 ],
      "X_63" : [ -0.002870, -0.001257, 0.001301, 0.002826 ],
      "X_64" : [ 0.003564, -0.001062, -0.001216, -0.001286 ],
      "X_65" : [ 0.001196, -0.002155, -0.000964, 0.001922 ],
      "X_66" : [ 0.027602, -0.039544, 0.006262, 0.005681 ],
      "X_67" : [ 0.006704, 0.000278, 0.002170, -0.009153 ],
      "X_68" : [ 0.002006, -0.001494, -0.000087, -0.000425 ],
      "X_69" : [ -0.000482, 0.001478, -0.001277, 0.000281 ],
      "X_70" : [ 0.000264, -0.000748, 0.000797, -0.000313 ],
      "X_71" : [ -0.001224, 0.000085, 0.000609, 0.000531 ],
      "X_72" : [ -0.000399, -0.000349, 0.000411, 0.000337 ],
      "X_73" : [ 0.001098, 0.001182, -0.000449, -0.001831 ],
      "X_74" : [ -0.001310, 0.001121, -0.000440, 0.000629 ],
      "X_75" : [ 0.003911, -0.002111, -0.000347, -0.001452 ],
      "X_76" : [ 0.003801, -0.004364, 0.002462, -0.001899 ],
      "X_77" : [ -0.006306, 0.000940, -0.000422, 0.005787 ],
      "X_78" : [ 0.002549, -0.002883, 0.004891, -0.004556 ],
      "X_79" : [ 0.002511, -0.009515, 0.002507, 0.004498 ],
      "X_80" : [ -0.002468, -0.002033, -0.000557, 0.005057 ],
      "X_81" : [ 0.001600, -0.003410, 0.001063, 0.000748 ],
      "X_82" : [ 0.000889, 0.000873, -0.002135, 0.000373 ],
      "X_83" : [ -0.000235, -0.001212, 0.000352, 0.001095 ],
      "X_84" : [ -0.000111, 0.000052, 0.001289, -0.001230 ],
      "X_85" : [ 0.001429, -0.002925, -0.001434, 0.002931 ],
      "X_86" : [ 0.000812, -0.002061, 0.000910, 0.000339 ],
      "X_87" : [ 0.000806, -0.001661, -0.000086, 0.000941 ],
      "X_88" : [ 0.001958, -0.001694, -0.001166, 0.000903 ],
      "X_89" : [ -0.003129, -0.000316, 0.001649, 0.001795 ],
      "X_90" : [ 0.000857, 0.001291, -0.003069, 0.000921 ],
      "X_91" : [ 0.001593, -0.002385, -0.001146, 0.001937 ],
      "X_92" : [ 0.000730, 0.001647, -0.001398, -0.000980 ],
      "X_93" : [ 0.000488, 0.000612, -0.000344, -0.000756 ],
      "X_94" : [ 0.001138, -0.000478, 0.001266, -0.001926 ],
      "X_95" : [ 0.001382, -0.002106, 0.000011, 0.000713 ],
      "X_96" : [ 0.000880, -0.001304, 0.004704, -0.004280 ],
      "X_97" : [ -0.001681, -0.002343, -0.000186, 0.004210 ],
      "X_98" : [ 0.005860, -0.000444, 0.002250, -0.007666 ],
      "X_99" : [ 0.000936, -0.001612, 0.003999, -0.003323 ]   
   },
   "Most_Contributive_Features_By_Class" : {
      "class_0" : [ 49, 66, 39, 67, 15, 77, 46, 98, 35, 24 ],
      "class_1" : [ 66, 49, 79, 46, 9, 76, 52, 13, 11, 22 ],
      "class_2" : [ 49, 25, 35, 66, 8, 78, 96, 99, 46, 13 ],
      "class_3" : [ 67, 98, 9, 77, 66, 39, 80, 78, 79, 49 ]
   }
}