{
   "Contributions" : {
      "X_0" : [ 0.000865 ],
      "X_1" : [ -0.008742 ],
      "X_2" : [ 0.015737 ],
      "X_3" : [ 0.013086 ]   
   },
   "Most_Contributive_Features" : {
      "y" : [ 2, 3, 1, 0 ]
   }
}