{
   "Contributions" : {
      "X_0" : [ 0.039844, -0.039844 ],
      "X_1" : [ 0.000000, 0.000000 ],
      "X_2" : [ -0.006250, 0.006250 ],
      "X_3" : [ 0.000000, 0.000000 ],
      "X_4" : [ -0.010026, 0.010026 ],
      "X_5" : [ 0.000000, 0.000000 ],
      "X_6" : [ 0.000000, 0.000000 ],
      "X_7" : [ 0.000000, 0.000000 ],
      "X_8" : [ 0.004297, -0.004297 ],
      "X_9" : [ 0.000000, 0.000000 ],
      "X_10" : [ 0.000000, 0.000000 ],
      "X_11" : [ 0.009375, -0.009375 ],
      "X_12" : [ -0.004688, 0.004688 ],
      "X_13" : [ 0.000000, 0.000000 ],
      "X_14" : [ 0.000000, 0.000000 ],
      "X_15" : [ 0.006120, -0.006120 ],
      "X_16" : [ 0.000000, 0.000000 ],
      "X_17" : [ 0.000000, 0.000000 ],
      "X_18" : [ -0.014453, 0.014453 ],
      "X_19" : [ 0.000000, 0.000000 ],
      "X_20" : [ 0.000000, 0.000000 ],
      "X_21" : [ 0.000000, 0.000000 ],
      "X_22" : [ 0.000000, 0.000000 ],
      "X_23" : [ 0.000000, 0.000000 ],
      "X_24" : [ 0.000000, 0.000000 ],
      "X_25" : [ 0.000000, 0.000000 ],
      "X_26" : [ -0.007813, 0.007813 ],
      "X_27" : [ 0.000000, 0.000000 ],
      "X_28" : [ -0.007813, 0.007813 ],
      "X_29" : [ 0.000000, 0.000000 ],
      "X_30" : [ 0.000000, 0.000000 ],
      "X_31" : [ 0.000000, 0.000000 ],
      "X_32" : [ 0.000000, 0.000000 ],
      "X_33" : [ 0.000000, 0.000000 ],
      "X_34" : [ 0.000000, 0.000000 ],
      "X_35" : [ 0.000000, 0.000000 ],
      "X_36" : [ -0.022786, 0.022786 ],
      "X_37" : [ 0.000000, 0.000000 ],
      "X_38" : [ 0.000000, 0.000000 ],
      "X_39" : [ 0.000000, 0.000000 ],
      "X_40" : [ 0.000000, 0.000000 ],
      "X_41" : [ 0.003516, -0.003516 ],
      "X_42" : [ 0.001953, -0.001953 ],
      "X_43" : [ -0.005729, 0.005729 ],
      "X_44" : [ 0.000000, 0.000000 ],
      "X_45" : [ -0.002344, 0.002344 ],
      "X_46" : [ 0.000000, 0.000000 ],
      "X_47" : [ 0.000000, 0.000000 ],
      "X_48" : [ 0.000000, 0.000000 ],
      "X_49" : [ 0.000000, 0.000000 ],
      "X_50" : [ 0.000000, 0.000000 ],
      "X_51" : [ 0.000000, 0.000000 ],
      "X_52" : [ -0.006901, 0.006901 ]   
   },
   "Most_Contributive_Features_By_Class" : {
      "class_0" : [ 0, 36, 18, 4, 11, 26, 28, 52, 2, 15 ],
      "class_1" : [ 0, 36, 18, 4, 11, 26, 28, 52, 2, 15 ]
   }
}