{
   "Contributions" : {
      "X_0" : [ 0.006897, -0.006897 ],
      "X_1" : [ -0.002869, 0.002869 ],
      "X_2" : [ -0.004761, 0.004761 ],
      "X_3" : [ -0.000793, 0.000793 ],
      "X_4" : [ -0.010803, 0.010803 ],
      "X_5" : [ 0.003296, -0.003296 ],
      "X_6" : [ 0.000000, 0.000000 ],
      "X_7" : [ 0.000000, 0.000000 ],
      "X_8" : [ 0.001404, -0.001404 ],
      "X_9" : [ 0.000000, 0.000000 ],
      "X_10" : [ 0.000000, 0.000000 ],
      "X_11" : [ -0.000854, 0.000854 ],
      "X_12" : [ 0.000366, -0.000366 ],
      "X_13" : [ -0.007935, 0.007935 ],
      "X_14" : [ 0.000549, -0.000549 ],
      "X_15" : [ 0.000793, -0.000793 ],
      "X_16" : [ -0.010864, 0.010864 ],
      "X_17" : [ 0.000000, 0.000000 ],
      "X_18" : [ -0.005310, 0.005310 ],
      "X_19" : [ 0.000000, 0.000000 ],
      "X_20" : [ -0.000488, 0.000488 ],
      "X_21" : [ 0.000000, 0.000000 ],
      "X_22" : [ 0.000000, 0.000000 ],
      "X_23" : [ 0.000000, 0.000000 ],
      "X_24" : [ 0.000000, 0.000000 ],
      "X_25" : [ 0.000000, 0.000000 ],
      "X_26" : [ -0.000122, 0.000122 ],
      "X_27" : [ 0.000000, 0.000000 ],
      "X_28" : [ -0.003418, 0.003418 ],
      "X_29" : [ 0.000000, 0.000000 ],
      "X_30" : [ -0.000122, 0.000122 ],
      "X_31" : [ -0.003357, 0.003357 ],
      "X_32" : [ 0.000183, -0.000183 ],
      "X_33" : [ 0.000000, 0.000000 ],
      "X_34" : [ 0.000000, 0.000000 ],
      "X_35" : [ 0.000000, 0.000000 ],
      "X_36" : [ -0.008667, 0.008667 ],
      "X_37" : [ 0.000000, 0.000000 ],
      "X_38" : [ 0.000000, 0.000000 ],
      "X_39" : [ 0.000000, 0.000000 ],
      "X_40" : [ 0.000000, 0.000000 ],
      "X_41" : [ 0.000549, -0.000549 ],
      "X_42" : [ 0.002319, -0.002319 ],
      "X_43" : [ -0.002075, 0.002075 ],
      "X_44" : [ 0.000000, 0.000000 ],
      "X_45" : [ 0.002136, -0.002136 ],
      "X_46" : [ 0.000000, 0.000000 ],
      "X_47" : [ 0.000000, 0.000000 ],
      "X_48" : [ 0.000000, 0.000000 ],
      "X_49" : [ 0.000000, 0.000000 ],
      "X_50" : [ -0.000854, 0.000854 ],
      "X_51" : [ 0.000000, 0.000000 ],
      "X_52" : [ -0.002014, 0.002014 ]   
   },
   "Most_Contributive_Features_By_Class" : {
      "class_0" : [ 16, 4, 36, 13, 0, 18, 2, 28, 31, 5 ],
      "class_1" : [ 16, 4, 36, 13, 0, 18, 2, 28, 31, 5 ]
   }
}