{
   "Contributions" : {
      "X_0" : [ 0.000000 ],
      "X_1" : [ 0.000000 ],
      "X_2" : [ 0.000026 ],
      "X_3" : [ 0.079333 ],
      "X_4" : [ -0.001751 ],
      "X_5" : [ -0.062199 ],
      "X_6" : [ -0.007645 ],
      "X_7" : [ 0.000032 ],
      "X_8" : [ 0.000000 ]   
   },
   "Most_Contributive_Features" : {
      "y" : [ 3, 5, 6, 4, 7, 2 ]
   }
}