{
   "Contributions" : {
      "X_0" : [ 0.000000 ],
      "X_1" : [ 0.000000 ],
      "X_2" : [ 0.000010 ],
      "X_3" : [ 0.158739 ],
      "X_4" : [ -0.003511 ],
      "X_5" : [ -0.124453 ],
      "X_6" : [ -0.015538 ],
      "X_7" : [ 0.000079 ],
      "X_8" : [ 0.000000 ]   
   },
   "Most_Contributive_Features" : {
      "y" : [ 3, 5, 6, 4, 7, 2 ]
   }
}