{
   "Contributions" : {
      "X_0" : [ 0.000973, -0.000973 ],
      "X_1" : [ 0.001235, -0.001235 ],
      "X_2" : [ -0.004152, 0.004152 ],
      "X_3" : [ 0.000000, 0.000000 ],
      "X_4" : [ -0.000684, 0.000684 ],
      "X_5" : [ 0.042313, -0.042313 ],
      "X_6" : [ -0.005173, 0.005173 ],
      "X_7" : [ -0.001126, 0.001126 ],
      "X_8" : [ -0.002365, 0.002365 ],
      "X_9" : [ -0.005182, 0.005182 ]   
   },
   "Most_Contributive_Features_By_Class" : {
      "class_0" : [ 5, 9, 6, 2, 8, 1, 7, 0, 4 ],
      "class_1" : [ 5, 9, 6, 2, 8, 1, 7, 0, 4 ]
   }
}