{
   "Contributions" : {
      "X_0" : [ 0.000000, 0.000208, -0.000208 ],
      "X_1" : [ 0.000000, 0.000076, -0.000076 ],
      "X_2" : [ -0.004167, 0.004043, 0.000124 ],
      "X_3" : [ -0.006250, 0.035513, -0.029263 ]   
   },
   "Most_Contributive_Features_By_Class" : {
      "class_0" : [ 3, 2 ],
      "class_1" : [ 3, 2, 0, 1 ],
      "class_2" : [ 3, 0, 2, 1 ]
   }
}