{
   "Contributions" : {
      "X_0" : [ 0.000299, 0.001901, -0.002201 ],
      "X_1" : [ -0.001510, -0.002689, 0.004199 ],
      "X_2" : [ -0.002396, -0.004922, 0.007318 ],
      "X_3" : [ -0.000345, 0.033451, -0.033105 ]   
   },
   "Most_Contributive_Features_By_Class" : {
      "class_0" : [ 2, 1, 3, 0 ],
      "class_1" : [ 3, 2, 1, 0 ],
      "class_2" : [ 3, 2, 1, 0 ]
   }
}