{
   "Contributions" : {
      "X_0" : [ 0.134605 ],
      "X_1" : [ -0.554732 ],
      "X_2" : [ 0.000000 ],
      "X_3" : [ -0.076909 ],
      "X_4" : [ 0.026871 ],
      "X_5" : [ 0.000000 ],
      "X_6" : [ -0.001592 ],
      "X_7" : [ -0.037157 ],
      "X_8" : [ 0.000000 ],
      "X_9" : [ 0.003813 ]   
   },
   "Most_Contributive_Features" : {
      "y" : [ 1, 0, 3, 7, 4, 9, 6 ]
   }
}