{
   "Contributions" : {
      "X_0" : [ -0.574475 ],
      "X_1" : [ 4.281969 ],
      "X_2" : [ -6.615760 ],
      "X_3" : [ -5.530011 ]   
   },
   "Most_Contributive_Features" : {
      "y" : [ 2, 3, 1, 0 ]
   }
}