{
   "Contributions" : {
      "X_0" : [ 2.189677 ],
      "X_1" : [ 30.100760 ],
      "X_2" : [ 1.056946 ],
      "X_3" : [ 22.198959 ]   
   },
   "Most_Contributive_Features" : {
      "y" : [ 1, 3, 0, 2 ]
   }
}