{
	"metadata" : { "model" : "Vapnik_NuSVC_RBF", "version" : "2024-W12", "signature" : "ff4_il8"},
	"options" : {"svm_type" : "nu_svc", "kernel" : "rbf", "degree" : 3, "gamma" : 0.000001, "coef0" : 0.000000, "cache_size" : 300, "tol" : 0.001000, "nu" : 0.100000, "epsilon" : 0.000000, "shrinking" : 0, "probability" : 1, "C" : 1.000000, "max_iter" : 128, "random_state" : 1789 },
	"dataset" : { "dataset_rows" : 71, "dataset_features" : 30 },
	"classes" : [ 0, 1 ],
	"svm_model" : {
	"classes" : 2,
	"L" : 17,
	"SupportVectors" : {
		"SV_00" : [ 13.730000, 22.610001, 93.599998, 578.299988, 0.113100, 0.229300, 0.212800, 0.080250, 0.206900, 0.076820, 0.212100, 1.169000, 2.061000, 19.209999, 0.006429, 0.059360, 0.055010, 0.016280, 0.019610, 0.008093, 15.030000, 32.009998, 108.800003, 697.700012, 0.165100, 0.772500, 0.694300, 0.220800, 0.359600, 0.143100 ],
		"SV_01" : [ 11.420000, 20.379999, 77.580002, 386.100006, 0.142500, 0.283900, 0.241400, 0.105200, 0.259700, 0.097440, 0.495600, 1.156000, 3.445000, 27.230000, 0.009110, 0.074580, 0.056610, 0.018670, 0.059630, 0.009208, 14.910000, 26.500000, 98.870003, 567.700012, 0.209800, 0.866300, 0.686900, 0.257500, 0.663800, 0.173000 ],
		"SV_02" : [ 14.480000, 21.459999, 94.250000, 648.200012, 0.094440, 0.099470, 0.120400, 0.049380, 0.207500, 0.056360, 0.420400, 2.220000, 3.301000, 38.869999, 0.009369, 0.029830, 0.053710, 0.017610, 0.024180, 0.003249, 16.209999, 29.250000, 108.400002, 808.900024, 0.130600, 0.197600, 0.334900, 0.122500, 0.302000, 0.068460 ],
		"SV_03" : [ 14.860000, 23.209999, 100.400002, 671.400024, 0.104400, 0.198000, 0.169700, 0.088780, 0.173700, 0.066720, 0.279600, 0.962200, 3.591000, 25.200001, 0.008081, 0.051220, 0.055510, 0.018830, 0.025450, 0.004312, 16.080000, 27.780001, 118.599998, 784.700012, 0.131600, 0.464800, 0.458900, 0.172700, 0.300000, 0.087010 ],
		"SV_04" : [ 17.570000, 15.050000, 115.000000, 955.099976, 0.098470, 0.115700, 0.098750, 0.079530, 0.173900, 0.061490, 0.600300, 0.822500, 4.655000, 61.099998, 0.005627, 0.030330, 0.034070, 0.013540, 0.019250, 0.003742, 20.010000, 19.520000, 134.899994, 1227.000000, 0.125500, 0.281200, 0.248900, 0.145600, 0.275600, 0.079190 ],
		"SV_05" : [ 13.770000, 22.290001, 90.629997, 588.900024, 0.120000, 0.126700, 0.138500, 0.065260, 0.183400, 0.068770, 0.619100, 2.112000, 4.906000, 49.700001, 0.013800, 0.033480, 0.046650, 0.020600, 0.026890, 0.004306, 16.389999, 34.009998, 111.599998, 806.900024, 0.173700, 0.312200, 0.380900, 0.167300, 0.308000, 0.093330 ],
		"SV_06" : [ 17.190001, 22.070000, 111.599998, 928.299988, 0.097260, 0.089950, 0.090610, 0.065270, 0.186700, 0.055800, 0.420300, 0.738300, 2.819000, 45.419998, 0.004493, 0.012060, 0.020480, 0.009875, 0.011440, 0.001575, 21.580000, 29.330000, 140.500000, 1436.000000, 0.155800, 0.256700, 0.388900, 0.198400, 0.321600, 0.075700 ],
		"SV_07" : [ 13.870000, 20.700001, 89.769997, 584.799988, 0.095780, 0.101800, 0.036880, 0.023690, 0.162000, 0.066880, 0.272000, 1.047000, 2.076000, 23.120001, 0.006298, 0.021720, 0.026150, 0.009061, 0.014900, 0.003599, 15.050000, 24.750000, 99.169998, 688.599976, 0.126400, 0.203700, 0.137700, 0.068450, 0.224900, 0.084920 ],
		"SV_08" : [ 12.100000, 17.719999, 78.070000, 446.200012, 0.102900, 0.097580, 0.047830, 0.033260, 0.193700, 0.061610, 0.284100, 1.652000, 1.869000, 22.219999, 0.008146, 0.016310, 0.018430, 0.007513, 0.020150, 0.001798, 13.560000, 25.799999, 88.330002, 559.500000, 0.143200, 0.177300, 0.160300, 0.062660, 0.304900, 0.070810 ],
		"SV_09" : [ 14.340000, 13.470000, 92.510002, 641.200012, 0.099060, 0.076240, 0.057240, 0.046030, 0.207500, 0.054480, 0.522000, 0.812100, 3.763000, 48.290001, 0.007089, 0.014280, 0.023600, 0.012860, 0.022660, 0.001463, 16.770000, 16.900000, 110.400002, 873.200012, 0.129700, 0.152500, 0.163200, 0.108700, 0.306200, 0.060720 ],
		"SV_10" : [ 13.850000, 19.600000, 88.680000, 592.599976, 0.086840, 0.063300, 0.013420, 0.022930, 0.155500, 0.056730, 0.341900, 1.678000, 2.331000, 29.629999, 0.005836, 0.010950, 0.005812, 0.007039, 0.020140, 0.002326, 15.630000, 28.010000, 100.900002, 749.099976, 0.111800, 0.114100, 0.047530, 0.058900, 0.251300, 0.069110 ],
		"SV_11" : [ 12.860000, 18.000000, 83.190002, 506.299988, 0.099340, 0.095460, 0.038890, 0.023150, 0.171800, 0.059970, 0.265500, 1.095000, 1.778000, 20.350000, 0.005293, 0.016610, 0.020710, 0.008179, 0.017480, 0.002848, 14.240000, 24.820000, 91.879997, 622.099976, 0.128900, 0.214100, 0.173100, 0.079260, 0.277900, 0.079180 ],
		"SV_12" : [ 14.760000, 14.740000, 94.870003, 668.700012, 0.088750, 0.077800, 0.046080, 0.035280, 0.152100, 0.059120, 0.342800, 0.398100, 2.537000, 29.059999, 0.004732, 0.015060, 0.018550, 0.010670, 0.021630, 0.002783, 17.270000, 17.930000, 114.199997, 880.799988, 0.122000, 0.200900, 0.215100, 0.125100, 0.310900, 0.081870 ],
		"SV_13" : [ 16.840000, 19.459999, 108.400002, 880.200012, 0.074450, 0.072230, 0.051500, 0.027710, 0.184400, 0.052680, 0.478900, 2.060000, 3.479000, 46.610001, 0.003443, 0.026610, 0.030560, 0.011100, 0.015200, 0.001519, 18.219999, 28.070000, 120.300003, 1032.000000, 0.087740, 0.171000, 0.188200, 0.084360, 0.252700, 0.059720 ],
		"SV_14" : [ 13.900000, 19.240000, 88.730003, 602.900024, 0.079910, 0.053260, 0.029950, 0.020700, 0.157900, 0.055940, 0.331600, 0.926400, 2.056000, 28.410000, 0.003704, 0.010820, 0.015300, 0.006275, 0.010620, 0.002217, 16.410000, 26.420000, 104.400002, 830.500000, 0.106400, 0.141500, 0.167300, 0.081500, 0.235600, 0.076030 ],
		"SV_15" : [ 11.620000, 18.180000, 76.379997, 408.799988, 0.117500, 0.148300, 0.102000, 0.055640, 0.195700, 0.072550, 0.410100, 1.740000, 3.027000, 27.850000, 0.014590, 0.032060, 0.049610, 0.018410, 0.018070, 0.005217, 13.360000, 25.400000, 88.139999, 528.099976, 0.178000, 0.287800, 0.318600, 0.141600, 0.266000, 0.092700 ],
		"SV_16" : [ 12.270000, 29.969999, 77.419998, 465.399994, 0.076990, 0.033980, 0.000000, 0.000000, 0.170100, 0.059600, 0.445500, 3.647000, 2.884000, 35.130001, 0.007339, 0.008243, 0.000000, 0.000000, 0.031410, 0.003136, 13.450000, 38.049999, 85.080002, 558.900024, 0.094220, 0.052130, 0.000000, 0.000000, 0.240900, 0.067430 ]
	},
	"SupportVectorsCoefs" : {
		"SV_coef_0" : [ 3126.181152, 3126.181152, 1813.199341, 2432.107178, 359.262054, 119.707886, 121.297592, -1719.392822, -2714.847900, -989.676819, -349.212341, -1476.995605, -1094.456665, -973.128906, -1118.087891, -250.803955, -411.333221 ]
	},
	"rho" : [ -5.427929 ],
	"nSV" : [ 7, 10 ],
	"probA" : [ -0.749018 ],
	"probB" : [ -0.297473 ],
	"n_iter" : [ 48 ]
}
}