{
   "Contributions" : {
      "X_0" : [ -0.000002, 0.000002 ],
      "X_1" : [ -0.004791, 0.004791 ],
      "X_2" : [ 0.002696, -0.002696 ],
      "X_3" : [ 0.011453, -0.011453 ],
      "X_4" : [ 0.000000, -0.000000 ],
      "X_5" : [ -0.000001, 0.000001 ],
      "X_6" : [ -0.000001, 0.000001 ],
      "X_7" : [ -0.000001, 0.000001 ],
      "X_8" : [ 0.000001, -0.000001 ],
      "X_9" : [ 0.000000, -0.000000 ],
      "X_10" : [ -0.000001, 0.000001 ],
      "X_11" : [ 0.000000, -0.000000 ],
      "X_12" : [ -0.001436, 0.001436 ],
      "X_13" : [ -0.004232, 0.004232 ],
      "X_14" : [ 0.000000, 0.000000 ],
      "X_15" : [ 0.000000, -0.000000 ],
      "X_16" : [ -0.000000, 0.000000 ],
      "X_17" : [ -0.000000, 0.000000 ],
      "X_18" : [ 0.000000, -0.000000 ],
      "X_19" : [ 0.000000, 0.000000 ],
      "X_20" : [ -0.000644, 0.000644 ],
      "X_21" : [ -0.007778, 0.007778 ],
      "X_22" : [ 0.039547, -0.039547 ],
      "X_23" : [ 0.028455, -0.028455 ],
      "X_24" : [ -0.000000, 0.000000 ],
      "X_25" : [ -0.000004, 0.000004 ],
      "X_26" : [ -0.000007, 0.000007 ],
      "X_27" : [ -0.000000, 0.000000 ],
      "X_28" : [ -0.000001, 0.000001 ],
      "X_29" : [ 0.000000, -0.000000 ]   
   },
   "Most_Contributive_Features_By_Class" : {
      "class_0" : [ 22, 23, 3, 21, 1, 13, 2, 12, 20, 26 ],
      "class_1" : [ 22, 23, 3, 21, 1, 13, 2, 12, 20, 26 ]
   }
}