{
   "Contributions" : {
      "X_0" : [ -0.000003, 0.000003 ],
      "X_1" : [ 0.000007, -0.000007 ],
      "X_2" : [ 0.000210, -0.000210 ],
      "X_3" : [ 0.010713, -0.010713 ],
      "X_4" : [ 0.000000, -0.000000 ],
      "X_5" : [ -0.000000, 0.000000 ],
      "X_6" : [ -0.000000, 0.000000 ],
      "X_7" : [ 0.000000, -0.000000 ],
      "X_8" : [ 0.000000, -0.000000 ],
      "X_9" : [ -0.000000, 0.000000 ],
      "X_10" : [ 0.000000, 0.000000 ],
      "X_11" : [ -0.000000, 0.000000 ],
      "X_12" : [ 0.000000, -0.000000 ],
      "X_13" : [ -0.002037, 0.002037 ],
      "X_14" : [ -0.000000, 0.000000 ],
      "X_15" : [ 0.000000, -0.000000 ],
      "X_16" : [ 0.000000, -0.000000 ],
      "X_17" : [ -0.000000, 0.000000 ],
      "X_18" : [ 0.000000, -0.000000 ],
      "X_19" : [ 0.000000, -0.000000 ],
      "X_20" : [ -0.000003, 0.000003 ],
      "X_21" : [ 0.000008, -0.000008 ],
      "X_22" : [ 0.000417, -0.000417 ],
      "X_23" : [ -0.027775, 0.027775 ],
      "X_24" : [ -0.000000, 0.000000 ],
      "X_25" : [ -0.000000, 0.000000 ],
      "X_26" : [ -0.000000, 0.000000 ],
      "X_27" : [ -0.000000, 0.000000 ],
      "X_28" : [ -0.000000, 0.000000 ],
      "X_29" : [ -0.000000, 0.000000 ]   
   },
   "Most_Contributive_Features_By_Class" : {
      "class_0" : [ 23, 3, 13, 22, 2, 21, 1, 20, 0, 12 ],
      "class_1" : [ 23, 3, 13, 22, 2, 21, 1, 20, 0, 12 ]
   }
}