{
   "Contributions" : {
      "X_0" : [ -0.000890 ],
      "X_1" : [ 0.000089 ],
      "X_2" : [ 0.005507 ],
      "X_3" : [ -0.000917 ],
      "X_4" : [ 0.001540 ],
      "X_5" : [ 0.000384 ],
      "X_6" : [ -0.001223 ],
      "X_7" : [ 0.000531 ],
      "X_8" : [ -0.001630 ],
      "X_9" : [ -0.002037 ]   
   },
   "Most_Contributive_Features" : {
      "y" : [ 2, 9, 8, 4, 6, 3, 0, 7, 5, 1 ]
   }
}