{
   "Contributions" : {
      "X_0" : [ -0.017394 ],
      "X_1" : [ -0.020433 ],
      "X_2" : [ -0.026312 ],
      "X_3" : [ -0.010264 ],
      "X_4" : [ 0.001698 ],
      "X_5" : [ 0.000316 ],
      "X_6" : [ -0.025592 ],
      "X_7" : [ 0.003992 ],
      "X_8" : [ -0.023487 ],
      "X_9" : [ 0.006341 ]   
   },
   "Most_Contributive_Features" : {
      "y" : [ 2, 6, 8, 1, 0, 3, 9, 7, 4, 5 ]
   }
}