{
   "Contributions" : {
      "X_0" : [ 0.000905, -0.000905 ],
      "X_1" : [ 0.000000, 0.000000 ],
      "X_2" : [ 0.000278, -0.000278 ],
      "X_3" : [ -0.000266, 0.000266 ],
      "X_4" : [ -0.000686, 0.000686 ],
      "X_5" : [ -0.000159, 0.000159 ],
      "X_6" : [ -0.000171, 0.000171 ],
      "X_7" : [ 0.000000, 0.000000 ],
      "X_8" : [ 0.000372, -0.000372 ],
      "X_9" : [ 0.000000, 0.000000 ],
      "X_10" : [ 0.000000, 0.000000 ],
      "X_11" : [ 0.000464, -0.000464 ],
      "X_12" : [ -0.000755, 0.000755 ],
      "X_13" : [ 0.000050, -0.000050 ],
      "X_14" : [ 0.000054, -0.000054 ],
      "X_15" : [ -0.000043, 0.000043 ],
      "X_16" : [ -0.009696, 0.009696 ],
      "X_17" : [ -0.000004, 0.000004 ],
      "X_18" : [ 0.005751, -0.005751 ],
      "X_19" : [ 0.000000, 0.000000 ],
      "X_20" : [ 0.000000, 0.000000 ],
      "X_21" : [ 0.000000, 0.000000 ],
      "X_22" : [ 0.000000, 0.000000 ],
      "X_23" : [ 0.000000, 0.000000 ],
      "X_24" : [ 0.000000, 0.000000 ],
      "X_25" : [ 0.000988, -0.000988 ],
      "X_26" : [ -0.002457, 0.002457 ],
      "X_27" : [ 0.000359, -0.000359 ],
      "X_28" : [ -0.001207, 0.001207 ],
      "X_29" : [ 0.000000, 0.000000 ],
      "X_30" : [ 0.002083, -0.002083 ],
      "X_31" : [ 0.000596, -0.000596 ],
      "X_32" : [ -0.000421, 0.000421 ],
      "X_33" : [ 0.000000, 0.000000 ],
      "X_34" : [ -0.000447, 0.000447 ],
      "X_35" : [ -0.000041, 0.000041 ],
      "X_36" : [ 0.001736, -0.001736 ],
      "X_37" : [ 0.000000, 0.000000 ],
      "X_38" : [ 0.000000, 0.000000 ],
      "X_39" : [ 0.000000, 0.000000 ],
      "X_40" : [ 0.000000, 0.000000 ],
      "X_41" : [ -0.000373, 0.000373 ],
      "X_42" : [ 0.000225, -0.000225 ],
      "X_43" : [ -0.008990, 0.008990 ],
      "X_44" : [ -0.000340, 0.000340 ],
      "X_45" : [ -0.002688, 0.002688 ],
      "X_46" : [ 0.000000, 0.000000 ],
      "X_47" : [ 0.000000, 0.000000 ],
      "X_48" : [ 0.000000, 0.000000 ],
      "X_49" : [ 0.000000, 0.000000 ],
      "X_50" : [ 0.000694, -0.000694 ],
      "X_51" : [ 0.000000, 0.000000 ],
      "X_52" : [ 0.000000, 0.000000 ]   
   },
   "Most_Contributive_Features_By_Class" : {
      "class_0" : [ 16, 43, 18, 45, 26, 30, 36, 28, 25, 0 ],
      "class_1" : [ 16, 43, 18, 45, 26, 30, 36, 28, 25, 0 ]
   }
}