{
   "Contributions" : {
      "X_0" : [ 0.007858, -0.007858 ],
      "X_1" : [ -0.000050, 0.000050 ],
      "X_2" : [ 0.000398, -0.000398 ],
      "X_3" : [ 0.002719, -0.002719 ],
      "X_4" : [ -0.000090, 0.000090 ],
      "X_5" : [ -0.000547, 0.000547 ],
      "X_6" : [ 0.000235, -0.000235 ],
      "X_7" : [ -0.000828, 0.000828 ],
      "X_8" : [ -0.002086, 0.002086 ],
      "X_9" : [ 0.000205, -0.000205 ],
      "X_10" : [ -0.000147, 0.000147 ],
      "X_11" : [ -0.000757, 0.000757 ],
      "X_12" : [ 0.000069, -0.000069 ],
      "X_13" : [ -0.000637, 0.000637 ],
      "X_14" : [ -0.000202, 0.000202 ],
      "X_15" : [ 0.000239, -0.000239 ],
      "X_16" : [ -0.003246, 0.003246 ],
      "X_17" : [ -0.000531, 0.000531 ],
      "X_18" : [ 0.006238, -0.006238 ],
      "X_19" : [ -0.000279, 0.000279 ],
      "X_20" : [ -0.001617, 0.001617 ],
      "X_21" : [ -0.000055, 0.000055 ],
      "X_22" : [ -0.000017, 0.000017 ],
      "X_23" : [ 0.000000, 0.000000 ],
      "X_24" : [ 0.000200, -0.000200 ],
      "X_25" : [ 0.001111, -0.001111 ],
      "X_26" : [ -0.007760, 0.007760 ],
      "X_27" : [ -0.001389, 0.001389 ],
      "X_28" : [ 0.000328, -0.000328 ],
      "X_29" : [ 0.002437, -0.002437 ],
      "X_30" : [ 0.002948, -0.002948 ],
      "X_31" : [ 0.003534, -0.003534 ],
      "X_32" : [ -0.000243, 0.000243 ],
      "X_33" : [ 0.001234, -0.001234 ],
      "X_34" : [ 0.000019, -0.000019 ],
      "X_35" : [ -0.000353, 0.000353 ],
      "X_36" : [ 0.002292, -0.002292 ],
      "X_37" : [ -0.002304, 0.002304 ],
      "X_38" : [ -0.000114, 0.000114 ],
      "X_39" : [ 0.000532, -0.000532 ],
      "X_40" : [ -0.000119, 0.000119 ],
      "X_41" : [ -0.000974, 0.000974 ],
      "X_42" : [ -0.001262, 0.001262 ],
      "X_43" : [ -0.013054, 0.013054 ],
      "X_44" : [ -0.001291, 0.001291 ],
      "X_45" : [ -0.006484, 0.006484 ],
      "X_46" : [ -0.000051, 0.000051 ],
      "X_47" : [ 0.000744, -0.000744 ],
      "X_48" : [ -0.000075, 0.000075 ],
      "X_49" : [ 0.000115, -0.000115 ],
      "X_50" : [ 0.000646, -0.000646 ],
      "X_51" : [ -0.000268, 0.000268 ],
      "X_52" : [ -0.000607, 0.000607 ]   
   },
   "Most_Contributive_Features_By_Class" : {
      "class_0" : [ 43, 0, 26, 45, 18, 31, 16, 30, 3, 29 ],
      "class_1" : [ 43, 0, 26, 45, 18, 31, 16, 30, 3, 29 ]
   }
}