{
   "Contributions" : {
      "X_0" : [ 9.155774 ],
      "X_1" : [ 7.300660 ],
      "X_2" : [ 2.591458 ],
      "X_3" : [ 2.324473 ],
      "X_4" : [ 0.245595 ],
      "X_5" : [ 1.465252 ],
      "X_6" : [ 12.954428 ],
      "X_7" : [ -0.563920 ],
      "X_8" : [ 0.780677 ],
      "X_9" : [ 0.701595 ]   
   },
   "Most_Contributive_Features" : {
      "y" : [ 6, 0, 1, 2, 3, 5, 8, 9, 7, 4 ]
   }
}