{
   "Contributions" : {
      "X_0" : [ 5.991241 ],
      "X_1" : [ 4.363313 ],
      "X_2" : [ 4.239289 ],
      "X_3" : [ 0.929624 ],
      "X_4" : [ -0.131884 ],
      "X_5" : [ 0.723614 ],
      "X_6" : [ 9.871678 ],
      "X_7" : [ -0.373794 ],
      "X_8" : [ 1.876823 ],
      "X_9" : [ -0.322947 ]   
   },
   "Most_Contributive_Features" : {
      "y" : [ 6, 0, 1, 2, 8, 3, 5, 7, 9, 4 ]
   }
}