{
   "Contributions" : {
      "X_0" : [ 0.000104, -0.000104 ],
      "X_1" : [ 0.000087, -0.000087 ],
      "X_2" : [ 0.000012, -0.000012 ],
      "X_3" : [ -0.000325, 0.000325 ],
      "X_4" : [ -0.000026, 0.000026 ],
      "X_5" : [ 0.000001, -0.000001 ],
      "X_6" : [ -0.000034, 0.000034 ],
      "X_7" : [ -0.000029, 0.000029 ],
      "X_8" : [ 0.006384, -0.006384 ],
      "X_9" : [ -0.000112, 0.000112 ],
      "X_10" : [ 0.000002, -0.000002 ],
      "X_11" : [ -0.000113, 0.000113 ],
      "X_12" : [ -0.000283, 0.000283 ],
      "X_13" : [ 0.000461, -0.000461 ],
      "X_14" : [ 0.000106, -0.000106 ],
      "X_15" : [ 0.000079, -0.000079 ],
      "X_16" : [ -0.000204, 0.000204 ],
      "X_17" : [ -0.000094, 0.000094 ],
      "X_18" : [ -0.001249, 0.001249 ],
      "X_19" : [ 0.000027, -0.000027 ],
      "X_20" : [ -0.001146, 0.001146 ],
      "X_21" : [ -0.000118, 0.000118 ],
      "X_22" : [ 0.000123, -0.000123 ],
      "X_23" : [ -0.000002, 0.000002 ],
      "X_24" : [ -0.000402, 0.000402 ],
      "X_25" : [ 0.000165, -0.000165 ],
      "X_26" : [ -0.000585, 0.000585 ],
      "X_27" : [ 0.000270, -0.000270 ],
      "X_28" : [ -0.000137, 0.000137 ],
      "X_29" : [ 0.000043, -0.000043 ],
      "X_30" : [ -0.000250, 0.000250 ],
      "X_31" : [ -0.001368, 0.001368 ],
      "X_32" : [ -0.000250, 0.000250 ],
      "X_33" : [ -0.000115, 0.000115 ],
      "X_34" : [ -0.000546, 0.000546 ],
      "X_35" : [ -0.000188, 0.000188 ],
      "X_36" : [ -0.000099, 0.000099 ],
      "X_37" : [ 0.000085, -0.000085 ],
      "X_38" : [ -0.000032, 0.000032 ],
      "X_39" : [ -0.000123, 0.000123 ],
      "X_40" : [ 0.000015, -0.000015 ],
      "X_41" : [ 0.000003, -0.000003 ],
      "X_42" : [ 0.000027, -0.000027 ],
      "X_43" : [ -0.000213, 0.000213 ],
      "X_44" : [ 0.000208, -0.000208 ],
      "X_45" : [ -0.000354, 0.000354 ],
      "X_46" : [ -0.000004, 0.000004 ],
      "X_47" : [ 0.000007, -0.000007 ],
      "X_48" : [ 0.000000, -0.000000 ],
      "X_49" : [ 0.000002, -0.000002 ],
      "X_50" : [ -0.000027, 0.000027 ],
      "X_51" : [ -0.000003, 0.000003 ],
      "X_52" : [ 0.000019, -0.000019 ]   
   },
   "Most_Contributive_Features_By_Class" : {
      "class_0" : [ 8, 31, 18, 20, 26, 34, 13, 24, 45, 3 ],
      "class_1" : [ 8, 31, 18, 20, 26, 34, 13, 24, 45, 3 ]
   }
}