{
   "Contributions" : {
      "X_0" : [ -0.009624, 0.009464, 0.013131, -0.012972 ],
      "X_1" : [ 0.003492, 0.013653, -0.019382, 0.002237 ],
      "X_2" : [ -0.006029, 0.003818, -0.002950, 0.005161 ],
      "X_3" : [ -0.013094, 0.013301, -0.002450, 0.002243 ],
      "X_4" : [ -0.021973, 0.011830, 0.004824, 0.005319 ],
      "X_5" : [ 0.000616, -0.000566, 0.005817, -0.005867 ],
      "X_6" : [ -0.001382, 0.002393, 0.002956, -0.003967 ],
      "X_7" : [ -0.033514, 0.055327, 0.008830, -0.030643 ],
      "X_8" : [ -0.033529, 0.015249, -0.000981, 0.019262 ],
      "X_9" : [ 0.000336, 0.003704, 0.000915, -0.004956 ]   
   },
   "Most_Contributive_Features_By_Class" : {
      "class_0" : [ 8, 7, 4, 3, 0, 2, 1, 6, 5, 9 ],
      "class_1" : [ 7, 8, 1, 3, 4, 0, 2, 9, 6, 5 ],
      "class_2" : [ 1, 0, 7, 5, 4, 6, 2, 3, 8, 9 ],
      "class_3" : [ 7, 8, 0, 5, 4, 2, 9, 6, 3, 1 ]
   }
}