{
	"metadata" : { "model" : "Vapnik_NuSVC_RBF", "version" : "2024-W14", "signature" : "ff4_il8"},
	"options" : {"svm_type" : "nu_svc", "kernel" : "rbf", "degree" : 3, "gamma" : 0.094286, "coef0" : 0.000000, "cache_size" : 300, "tol" : 0.001000, "nu" : 0.100000, "epsilon" : 0.000000, "shrinking" : 0, "probability" : 1, "C" : 1.000000, "max_iter" : 128, "random_state" : 1789 },
	"dataset" : { "dataset_rows" : 128, "dataset_features" : 10 },
	"classes" : [ 0, 1 ],
	"svm_model" : {
	"classes" : 2,
	"L" : 72,
	"SupportVectors" : {
		"SV_00" : [ -1.064559, -0.820872, -0.723270, -0.096420, -0.404633, -0.815225, -0.838692, 0.652010, -0.319080, -0.383915 ],
		"SV_01" : [ -1.954561, -1.845000, 0.508844, -0.224022, 0.663209, 0.083038, 0.446295, 0.532215, -1.374292, 2.746056 ],
		"SV_02" : [ -1.388256, -0.178366, 0.039211, 0.978269, 0.961760, -1.173605, -0.311436, -0.225993, -1.172041, -0.253551 ],
		"SV_03" : [ 1.360494, 0.682985, -1.812859, -0.395256, -1.719778, -1.129074, -1.834214, -0.935174, 2.206119, -1.293514 ],
		"SV_04" : [ 0.983214, -0.343181, -0.498688, 0.163199, -0.733125, 0.026367, -0.405810, -0.797164, 0.430213, 0.588898 ],
		"SV_05" : [ 0.065406, 1.087081, 0.425681, 0.780480, 0.865734, -0.333413, 0.255281, 0.534058, -0.089211, 1.315380 ],
		"SV_06" : [ -2.024612, 0.775559, 1.027187, -1.392295, 0.837006, 0.817838, 1.091481, 0.474760, 0.609822, 0.478127 ],
		"SV_07" : [ 0.161201, -0.794545, 0.709537, 0.348623, 1.401939, -0.502496, 0.441115, 1.772862, -1.137358, -0.101282 ],
		"SV_08" : [ 1.887507, 1.145229, -0.076887, 0.263624, 0.859369, -1.255951, -0.431844, 0.602390, -0.074771, -0.806014 ],
		"SV_09" : [ 0.294529, -2.952712, 0.408459, 0.309242, 1.131531, -0.709722, 0.130714, 0.856443, -0.900223, 2.097126 ],
		"SV_10" : [ -2.195806, -0.208409, -0.825670, 2.484432, -0.211837, -1.254696, -1.052404, 0.825037, 0.119987, -1.082385 ],
		"SV_11" : [ -2.019835, -0.314347, 0.083408, -0.607884, 0.260122, -0.182584, 0.015655, 1.380191, 0.579782, -0.156549 ],
		"SV_12" : [ -1.361624, -0.562634, -0.047884, -0.700210, 0.116927, -0.240195, -0.110102, -0.518304, 0.850333, -0.844349 ],
		"SV_13" : [ -1.709445, 0.860912, 0.332709, 0.196063, 1.267689, -1.026446, -0.024925, 0.061754, -1.331563, -0.283591 ],
		"SV_14" : [ 0.648423, -0.244695, -0.012258, 1.592630, -0.152940, 0.175475, 0.041262, 0.520360, 1.591133, 0.415493 ],
		"SV_15" : [ -1.537976, -0.863574, -0.339109, 0.416003, -0.718780, 0.303330, -0.192308, -1.807600, -0.932955, -0.606641 ],
		"SV_16" : [ 1.719474, -0.751864, -1.224318, -0.811701, -1.401253, -0.451798, -1.147675, 0.148196, -0.611486, 0.366529 ],
		"SV_17" : [ -0.263412, 1.788292, 0.201192, -0.339974, 1.169404, -1.142667, -0.168046, -0.413903, 1.138708, -1.061929 ],
		"SV_18" : [ -0.822533, -0.295668, -0.753569, 1.032943, -0.653910, -0.548333, -0.785598, -1.543056, 0.390884, 0.813279 ],
		"SV_19" : [ 0.106440, 0.753236, 1.021214, -0.570944, 0.845808, 0.795371, 1.079944, -0.673985, -1.497403, 1.174173 ],
		"SV_20" : [ -0.145925, 0.960796, 0.639258, 0.155212, 1.312482, -0.516742, 0.378661, 0.125471, -0.050440, 0.687820 ],
		"SV_21" : [ -0.259218, 0.134447, -0.682018, -1.521565, -1.662491, 0.891079, -0.304413, 1.044012, -0.535484, 0.747064 ],
		"SV_22" : [ -0.070453, 1.497879, 0.077921, -0.003341, 0.323701, -0.275130, -0.016017, -0.568767, 0.575519, 1.139628 ],
		"SV_23" : [ 0.865758, -0.081061, -0.531872, 1.374517, 0.810173, -2.034865, -1.037419, 0.347971, 0.493869, -1.273665 ],
		"SV_24" : [ 1.602564, 0.518484, -0.763746, 0.599381, -0.610784, -0.623063, -0.815939, -1.895549, -1.277363, -0.188814 ],
		"SV_25" : [ -0.744403, -0.238975, -1.330757, 1.618659, -0.303228, -2.071726, -1.710697, 0.344978, 2.001071, -0.626699 ],
		"SV_26" : [ 1.821024, -2.298777, -0.149211, 1.822545, 1.098499, -1.699758, -0.621886, -1.027402, 0.028721, -0.573774 ],
		"SV_27" : [ 2.937669, -1.064963, -0.068830, -0.655288, 0.734778, -1.079585, -0.373474, -0.653014, 0.270592, 0.534871 ],
		"SV_28" : [ 0.349061, 0.442332, -0.438352, 0.012909, 1.206234, -2.374867, -1.059513, -2.029140, -0.193959, -1.311756 ],
		"SV_29" : [ 0.349104, -1.882102, -0.689086, -0.936671, -0.298001, -0.890086, -0.832284, -0.748723, -1.427868, -0.178403 ],
		"SV_30" : [ 0.608683, -0.216157, 0.245563, -1.003636, 0.580786, -0.297772, 0.116365, -0.573585, 0.236988, 0.252612 ],
		"SV_31" : [ -1.418165, 0.272247, 0.305231, -0.657098, 1.267405, -1.076969, -0.062517, 0.817024, -0.763466, 0.504608 ],
		"SV_32" : [ -3.661373, -0.707396, 0.309848, -0.054012, 0.826445, -0.497033, 0.111275, 0.033755, -0.807668, 0.583309 ],
		"SV_33" : [ 0.244549, -0.114573, 1.073664, 0.389901, 1.187633, 0.449582, 1.022096, -0.185604, 0.102623, -1.556498 ],
		"SV_34" : [ 1.684683, 1.206950, 0.344897, 1.058610, 0.073804, 0.543136, 0.445184, -0.703913, -0.717647, 0.491219 ],
		"SV_35" : [ -1.406136, -0.242116, 1.301289, -0.494365, 1.026426, 1.080046, 1.395626, -1.043267, -1.426875, 1.876952 ],
		"SV_36" : [ -2.816561, -1.091985, -0.089846, -1.001222, 0.245099, -0.483993, -0.216350, -0.176273, 0.481645, -0.115846 ],
		"SV_37" : [ -2.525896, -0.477894, -0.273729, 1.188786, -1.104002, 0.923579, 0.043686, 1.096727, -0.136594, 0.296252 ],
		"SV_38" : [ -2.810322, 0.803423, 0.052149, -2.649015, -1.775187, 2.396832, 0.745691, -0.584702, 1.221721, 1.307240 ],
		"SV_39" : [ 0.444082, -0.224036, -0.126428, 0.204438, -0.991489, 1.050597, 0.203061, -0.491621, 1.706341, -0.190966 ],
		"SV_40" : [ -0.143033, -0.745429, 1.941176, 0.378268, 1.105095, 2.163219, 2.243701, 1.262047, 0.532632, -2.605754 ],
		"SV_41" : [ -0.286097, -0.891766, -0.107237, -0.133323, -1.006487, 1.105574, 0.235087, -1.993744, 1.334763, -0.978082 ],
		"SV_42" : [ -0.189211, 0.263870, 0.989440, -0.249016, 0.950179, 0.601282, 0.996713, 0.956108, -0.427735, 0.592305 ],
		"SV_43" : [ 0.334868, -0.165323, -0.207463, -0.238315, -1.081999, 1.017796, 0.126249, -2.680745, 0.904880, 0.016956 ],
		"SV_44" : [ -1.468794, -0.316396, 1.446893, -1.716992, 0.998704, 1.385635, 1.605928, 0.087291, -0.202640, 1.120201 ],
		"SV_45" : [ -0.750818, 1.536321, 0.910231, -0.644372, 0.973998, 0.423717, 0.878989, -0.577707, 0.019270, 0.723786 ],
		"SV_46" : [ 1.223340, -0.089773, 0.458951, -1.020888, 0.940039, -0.368077, 0.272711, 0.268793, -0.378120, -0.438884 ],
		"SV_47" : [ 0.312308, 0.217874, 0.981112, -1.413037, 0.982472, 0.544014, 0.973023, -0.201078, 0.460278, -0.807822 ],
		"SV_48" : [ -1.497360, -1.144583, 1.034789, -0.949039, 1.042403, 0.565770, 1.023911, -0.779248, -0.116107, -0.673836 ],
		"SV_49" : [ -0.725526, 0.198507, 0.559130, -0.553877, 0.944058, -0.187747, 0.408634, -0.819251, 1.063341, -0.217757 ],
		"SV_50" : [ -0.634865, -0.335194, -0.293115, 0.000158, -0.078671, -0.440926, -0.372289, 0.391274, 1.454115, 0.713786 ],
		"SV_51" : [ 0.515021, 0.355015, 0.915202, -0.055302, 0.957182, 0.454714, 0.892195, -0.591067, -0.406366, 2.332328 ],
		"SV_52" : [ 0.171390, -1.957513, -0.813633, 0.393102, -0.042458, -1.451882, -1.100212, 0.832917, -1.134850, -0.701044 ],
		"SV_53" : [ -0.319061, 0.037082, -0.302351, 0.643416, -0.071526, -0.467291, -0.387675, 0.300862, -0.305625, 0.539971 ],
		"SV_54" : [ 0.763588, -0.877413, -0.312581, -0.766536, -0.928493, 0.624202, -0.076271, 0.402280, 0.349522, -0.184166 ],
		"SV_55" : [ 0.922568, 0.035166, 0.595126, -1.273629, 0.947319, -0.125305, 0.456785, 1.147776, 0.682084, 1.290484 ],
		"SV_56" : [ -2.414785, 0.043356, 0.800677, 0.789276, 0.955856, 0.244325, 0.735566, 1.151646, -0.163908, -0.695245 ],
		"SV_57" : [ -1.229875, 0.060725, -0.278011, 0.500876, 0.249257, -0.837876, -0.476099, 0.203125, 0.438541, -0.072711 ],
		"SV_58" : [ 1.193555, 0.124024, -0.278146, -0.703814, -0.814340, 0.540062, -0.072375, 0.039605, -2.362978, 0.743149 ],
		"SV_59" : [ -2.437228, 0.525953, -0.079560, -1.528494, -0.852084, 0.956762, 0.214426, -0.378033, -0.648732, 0.202193 ],
		"SV_60" : [ -0.309099, -0.464287, -0.232394, 0.623486, -0.405144, 0.094568, -0.164997, 1.199560, -0.017232, -0.664525 ],