{
   "Contributions" : {
      "X_0" : [ 0.006706, -0.006706 ],
      "X_1" : [ 0.015112, -0.015112 ],
      "X_2" : [ -0.015068, 0.015068 ],
      "X_3" : [ -0.012125, 0.012125 ],
      "X_4" : [ 0.000652, -0.000652 ],
      "X_5" : [ -0.031200, 0.031200 ],
      "X_6" : [ -0.018002, 0.018002 ],
      "X_7" : [ 0.009847, -0.009847 ],
      "X_8" : [ 0.006508, -0.006508 ],
      "X_9" : [ 0.008963, -0.008963 ]   
   },
   "Most_Contributive_Features_By_Class" : {
      "class_0" : [ 5, 6, 1, 2, 3, 7, 9, 0, 8, 4 ],
      "class_1" : [ 5, 6, 1, 2, 3, 7, 9, 0, 8, 4 ]
   }
}