{
   "Contributions" : {
      "X_0" : [ -2.458738 ],
      "X_1" : [ 0.128790 ],
      "X_2" : [ 0.143161 ],
      "X_3" : [ -0.069789 ],
      "X_4" : [ -0.074674 ],
      "X_5" : [ -0.007000 ],
      "X_6" : [ 0.641711 ],
      "X_7" : [ 0.000000 ],
      "X_8" : [ 0.036192 ],
      "X_9" : [ -0.127690 ],
      "X_10" : [ -0.050719 ],
      "X_11" : [ 5.181180 ],
      "X_12" : [ 0.000424 ],
      "X_13" : [ 0.009247 ],
      "X_14" : [ 0.000000 ],
      "X_15" : [ 0.000000 ],
      "X_16" : [ 0.000000 ],
      "X_17" : [ 0.044602 ],
      "X_18" : [ 0.000000 ],
      "X_19" : [ 0.000000 ],
      "X_20" : [ 0.005210 ],
      "X_21" : [ -0.422595 ],
      "X_22" : [ 0.000000 ],
      "X_23" : [ 0.000000 ],
      "X_24" : [ 0.225026 ],
      "X_25" : [ 0.554152 ],
      "X_26" : [ -0.160985 ],
      "X_27" : [ 0.000000 ],
      "X_28" : [ 0.000000 ],
      "X_29" : [ 0.000000 ],
      "X_30" : [ 0.000000 ],
      "X_31" : [ -0.210238 ],
      "X_32" : [ -1.059220 ],
      "X_33" : [ 0.811907 ],
      "X_34" : [ 0.000000 ],
      "X_35" : [ 0.000000 ],
      "X_36" : [ 0.000000 ],
      "X_37" : [ 0.019084 ],
      "X_38" : [ 0.000000 ],
      "X_39" : [ 0.000000 ],
      "X_40" : [ 0.376054 ],
      "X_41" : [ -0.017374 ],
      "X_42" : [ 0.000000 ],
      "X_43" : [ 0.000000 ],
      "X_44" : [ 0.000000 ],
      "X_45" : [ 0.000000 ],
      "X_46" : [ 0.832188 ],
      "X_47" : [ -2.501275 ],
      "X_48" : [ 0.000000 ],
      "X_49" : [ 0.000000 ],
      "X_50" : [ 0.000000 ],
      "X_51" : [ 0.000000 ],
      "X_52" : [ 0.000000 ],
      "X_53" : [ 0.000000 ],
      "X_54" : [ 0.000000 ],
      "X_55" : [ 0.000000 ],
      "X_56" : [ 0.000000 ],
      "X_57" : [ 0.000000 ],
      "X_58" : [ 0.000000 ],
      "X_59" : [ 0.000000 ],
      "X_60" : [ 0.000000 ],
      "X_61" : [ 0.000000 ],
      "X_62" : [ 0.000000 ],
      "X_63" : [ 0.000000 ],
      "X_64" : [ 0.000000 ],
      "X_65" : [ 0.000000 ],
      "X_66" : [ 0.005486 ],
      "X_67" : [ 0.000000 ],
      "X_68" : [ 0.000000 ],
      "X_69" : [ 0.000000 ],
      "X_70" : [ 0.000000 ],
      "X_71" : [ 0.000000 ],
      "X_72" : [ 0.000000 ],
      "X_73" : [ 0.000000 ],
      "X_74" : [ 0.000000 ],
      "X_75" : [ 0.000000 ],
      "X_76" : [ 0.010157 ],
      "X_77" : [ 0.000000 ],
      "X_78" : [ 0.000000 ],
      "X_79" : [ 0.000000 ],
      "X_80" : [ 20.977413 ],
      "X_81" : [ 0.000000 ],
      "X_82" : [ 0.000000 ],
      "X_83" : [ 0.000000 ],
      "X_84" : [ 0.000000 ],
      "X_85" : [ 0.000000 ],
      "X_86" : [ 0.000000 ],
      "X_87" : [ 0.000000 ],
      "X_88" : [ 0.000000 ],
      "X_89" : [ 0.000000 ],
      "X_90" : [ 0.000000 ],
      "X_91" : [ 0.000000 ],
      "X_92" : [ 0.000000 ],
      "X_93" : [ 0.000000 ],
      "X_94" : [ 0.000000 ],
      "X_95" : [ 0.000000 ],
      "X_96" : [ -4.234067 ],
      "X_97" : [ 0.030937 ],
      "X_98" : [ -6.266162 ],
      "X_99" : [ 0.000000 ]   
   },
   "Most_Contributive_Features" : {
      "y" : [ 80, 98, 11, 96, 47, 0, 32, 46, 33, 6 ]
   }
}