{
   "Contributions" : {
      "X_0" : [ -0.056452 ],
      "X_1" : [ -0.123525 ],
      "X_2" : [ 0.003007 ],
      "X_3" : [ -0.125604 ],
      "X_4" : [ -0.140608 ],
      "X_5" : [ -0.007149 ],
      "X_6" : [ -0.037184 ],
      "X_7" : [ 0.020449 ],
      "X_8" : [ -0.005107 ],
      "X_9" : [ -0.012508 ]   
   },
   "Most_Contributive_Features" : {
      "y" : [ 4, 3, 1, 0, 6, 7, 9, 5, 8, 2 ]
   }
}