{
   "Contributions" : {
      "X_0" : [ 0.005797 ],
      "X_1" : [ -0.152424 ],
      "X_2" : [ -0.001813 ],
      "X_3" : [ -0.151436 ],
      "X_4" : [ -0.136473 ],
      "X_5" : [ 0.000405 ],
      "X_6" : [ -0.047548 ],
      "X_7" : [ 0.070101 ],
      "X_8" : [ -0.009139 ],
      "X_9" : [ 0.000312 ]   
   },
   "Most_Contributive_Features" : {
      "y" : [ 1, 3, 4, 7, 6, 8, 0, 2, 5, 9 ]
   }
}