{
   "Contributions" : {
      "X_0" : [ -0.149486 ],
      "X_1" : [ -0.227112 ],
      "X_2" : [ 0.063768 ],
      "X_3" : [ -0.751240 ],
      "X_4" : [ 0.038404 ],
      "X_5" : [ -0.040930 ],
      "X_6" : [ -0.065219 ],
      "X_7" : [ -0.054346 ],
      "X_8" : [ 0.000000 ],
      "X_9" : [ -0.069039 ]   
   },
   "Most_Contributive_Features" : {
      "y" : [ 3, 1, 0, 9, 6, 2, 7, 5, 4 ]
   }
}