{
   "Contributions" : {
      "X_0" : [ -0.000543, 0.000543 ],
      "X_1" : [ 0.000000, 0.000000 ],
      "X_2" : [ 0.010303, -0.010303 ],
      "X_3" : [ 0.000000, 0.000000 ],
      "X_4" : [ 0.007011, -0.007011 ],
      "X_5" : [ 0.000000, 0.000000 ],
      "X_6" : [ 0.000000, 0.000000 ],
      "X_7" : [ 0.000000, 0.000000 ],
      "X_8" : [ 0.000000, 0.000000 ],
      "X_9" : [ 0.000000, 0.000000 ],
      "X_10" : [ 0.000000, 0.000000 ],
      "X_11" : [ 0.000000, 0.000000 ],
      "X_12" : [ 0.004966, -0.004966 ],
      "X_13" : [ 0.000000, 0.000000 ]   
   },
   "Most_Contributive_Features_By_Class" : {
      "class_0" : [ 2, 4, 12, 0 ],
      "class_1" : [ 2, 4, 12, 0 ]
   }
}