{
   "Contributions" : {
      "X_0" : [ -0.102913 ],
      "X_1" : [ 0.029747 ],
      "X_2" : [ 0.018308 ],
      "X_3" : [ -0.430521 ],
      "X_4" : [ 0.066908 ],
      "X_5" : [ -0.080772 ],
      "X_6" : [ 0.014840 ],
      "X_7" : [ 0.031190 ],
      "X_8" : [ -0.034429 ],
      "X_9" : [ -0.001704 ]   
   },
   "Most_Contributive_Features" : {
      "y" : [ 3, 0, 5, 4, 8, 7, 1, 2, 6, 9 ]
   }
}