{
	"metadata" : { "model" : "Vapnik_NuSVC_RBF", "version" : "2024-W14", "signature" : "ff4_il8"},
	"options" : {"svm_type" : "nu_svc", "kernel" : "rbf", "degree" : 3, "gamma" : 0.062339, "coef0" : 0.000000, "cache_size" : 300, "tol" : 0.001000, "nu" : 0.500000, "epsilon" : 0.000000, "shrinking" : 0, "probability" : 1, "C" : 1.000000, "max_iter" : 128, "random_state" : 1789 },
	"dataset" : { "dataset_rows" : 64, "dataset_features" : 4 },
	"classes" : [ 0, 1, 2 ],
	"svm_model" : {
	"classes" : 3,
	"L" : 43,
	"SupportVectors" : {
		"SV_00" : [ 5.400000, 3.700000, 1.500000, 0.200000 ],
		"SV_01" : [ 4.800000, 3.400000, 1.600000, 0.200000 ],
		"SV_02" : [ 5.400000, 3.400000, 1.500000, 0.400000 ],
		"SV_03" : [ 5.100000, 3.800000, 1.600000, 0.200000 ],
		"SV_04" : [ 4.500000, 2.300000, 1.300000, 0.300000 ],
		"SV_05" : [ 4.700000, 3.200000, 1.600000, 0.200000 ],
		"SV_06" : [ 5.100000, 3.300000, 1.700000, 0.500000 ],
		"SV_07" : [ 5.700000, 3.800000, 1.700000, 0.300000 ],
		"SV_08" : [ 5.100000, 3.700000, 1.500000, 0.400000 ],
		"SV_09" : [ 5.200000, 4.100000, 1.500000, 0.100000 ],
		"SV_10" : [ 4.900000, 3.100000, 1.500000, 0.200000 ],
		"SV_11" : [ 5.400000, 3.900000, 1.700000, 0.400000 ],
		"SV_12" : [ 5.000000, 3.400000, 1.600000, 0.400000 ],
		"SV_13" : [ 6.300000, 3.300000, 4.700000, 1.600000 ],
		"SV_14" : [ 5.800000, 2.700000, 4.100000, 1.000000 ],
		"SV_15" : [ 6.100000, 2.800000, 4.000000, 1.300000 ],
		"SV_16" : [ 6.000000, 3.400000, 4.500000, 1.600000 ],
		"SV_17" : [ 5.900000, 3.000000, 4.200000, 1.500000 ],
		"SV_18" : [ 5.100000, 2.500000, 3.000000, 1.100000 ],
		"SV_19" : [ 5.800000, 2.600000, 4.000000, 1.200000 ],
		"SV_20" : [ 6.200000, 2.900000, 4.300000, 1.300000 ],
		"SV_21" : [ 6.700000, 3.100000, 4.700000, 1.500000 ],
		"SV_22" : [ 5.600000, 3.000000, 4.100000, 1.300000 ],
		"SV_23" : [ 5.700000, 2.900000, 4.200000, 1.300000 ],
		"SV_24" : [ 5.700000, 3.000000, 4.200000, 1.200000 ],
		"SV_25" : [ 5.500000, 2.400000, 3.700000, 1.000000 ],
		"SV_26" : [ 6.500000, 2.800000, 4.600000, 1.500000 ],
		"SV_27" : [ 6.900000, 3.100000, 4.900000, 1.500000 ],
		"SV_28" : [ 6.600000, 3.000000, 4.400000, 1.400000 ],
		"SV_29" : [ 6.100000, 2.600000, 5.600000, 1.400000 ],
		"SV_30" : [ 6.700000, 3.000000, 5.200000, 2.300000 ],
		"SV_31" : [ 7.700000, 3.800000, 6.700000, 2.200000 ],
		"SV_32" : [ 6.300000, 2.800000, 5.100000, 1.500000 ],
		"SV_33" : [ 7.900000, 3.800000, 6.400000, 2.000000 ],
		"SV_34" : [ 5.900000, 3.000000, 5.100000, 1.800000 ],
		"SV_35" : [ 5.800000, 2.800000, 5.100000, 2.400000 ],
		"SV_36" : [ 6.000000, 3.000000, 4.800000, 1.800000 ],
		"SV_37" : [ 6.400000, 3.100000, 5.500000, 1.800000 ],
		"SV_38" : [ 5.700000, 2.500000, 5.000000, 2.000000 ],
		"SV_39" : [ 5.800000, 2.700000, 5.100000, 1.900000 ],
		"SV_40" : [ 6.300000, 2.500000, 5.000000, 1.900000 ],
		"SV_41" : [ 6.900000, 3.100000, 5.100000, 2.300000 ],
		"SV_42" : [ 6.500000, 3.000000, 5.200000, 2.000000 ]
	},
	"SupportVectorsCoefs" : {
		"SV_coef_0" : [ 0.095366, 0.245259, 0.272501, 0.000000, 0.272501, 0.272501, 0.272501, 0.272501, 0.000000, 0.000000, 0.272501, 0.272501, 0.272501, -0.000000, -0.272501, -0.272501, -0.000000, -0.272501, -0.272501, -0.272501, -0.068125, -0.000000, -0.272501, -0.272501, -0.272501, -0.272501, -0.000000, -0.000000, -0.000000, -0.127319, -0.000000, -0.127319, -0.127319, -0.127319, -0.127319, -0.127319, -0.127319, -0.000000, -0.127319, -0.127319, -0.127319, -0.127319, -0.127319 ],
		"SV_coef_1" : [ 0.127319, 0.127319, 0.127319, 0.127319, 0.127319, 0.127319, 0.127319, 0.127319, 0.127319, 0.011491, 0.115828, 0.127319, 0.127319, 1.317958, 0.000000, 0.000000, 1.317958, 1.317958, 0.000000, 0.000000, 1.317958, 1.317958, 0.988469, 1.317958, 1.317958, 0.000000, 1.317958, 1.317958, 1.317958, -1.317958, -0.988469, -0.000000, -1.317958, -0.000000, -1.317958, -0.000000, -1.317958, -1.317958, -1.317958, -1.317958, -1.317958, -1.317958, -1.317958 ]
	},
	"rho" : [ -0.081666, 0.038382, 0.093182 ],
	"nSV" : [ 13, 16, 14 ],
	"probA" : [ -3.105090, -3.255527, -3.307291 ],
	"probB" : [ 0.182655, 0.114484, -0.303736 ],
	"n_iter" : [ 16, 17, 16 ]
}
}