{
   "Contributions" : {
      "X_0" : [ 0.000944, 0.001090, -0.002034 ],
      "X_1" : [ -0.000701, -0.000131, 0.000832 ],
      "X_2" : [ -0.003676, 0.008714, -0.005038 ],
      "X_3" : [ -0.002449, -0.013993, 0.016441 ]   
   },
   "Most_Contributive_Features_By_Class" : {
      "class_0" : [ 2, 3, 0, 1 ],
      "class_1" : [ 3, 2, 0, 1 ],
      "class_2" : [ 3, 2, 0, 1 ]
   }
}