{
   "Contributions" : {
      "X_0" : [ -0.006165, 0.006165 ],
      "X_1" : [ 0.000000, 0.000000 ],
      "X_2" : [ -0.041931, 0.041931 ],
      "X_3" : [ 0.000000, 0.000000 ],
      "X_4" : [ -0.020020, 0.020020 ],
      "X_5" : [ 0.000000, 0.000000 ],
      "X_6" : [ 0.000000, 0.000000 ],
      "X_7" : [ 0.000000, 0.000000 ],
      "X_8" : [ 0.000000, 0.000000 ],
      "X_9" : [ 0.000000, 0.000000 ],
      "X_10" : [ 0.002930, -0.002930 ],
      "X_11" : [ -0.007202, 0.007202 ],
      "X_12" : [ -0.004578, 0.004578 ],
      "X_13" : [ 0.000000, 0.000000 ]   
   },
   "Most_Contributive_Features_By_Class" : {
      "class_0" : [ 2, 4, 11, 0, 12, 10 ],
      "class_1" : [ 2, 4, 11, 0, 12, 10 ]
   }
}