{
   "Contributions" : {
      "X_0" : [ -0.017188, 0.017187 ],
      "X_1" : [ 0.000000, 0.000000 ],
      "X_2" : [ -0.025391, 0.025391 ],
      "X_3" : [ 0.000000, 0.000000 ],
      "X_4" : [ -0.025000, 0.025000 ],
      "X_5" : [ 0.000000, 0.000000 ],
      "X_6" : [ 0.000000, 0.000000 ],
      "X_7" : [ 0.000000, 0.000000 ],
      "X_8" : [ 0.000000, 0.000000 ],
      "X_9" : [ 0.000000, 0.000000 ],
      "X_10" : [ 0.009766, -0.009766 ],
      "X_11" : [ -0.014063, 0.014063 ],
      "X_12" : [ -0.020313, 0.020312 ],
      "X_13" : [ 0.000000, 0.000000 ]   
   },
   "Most_Contributive_Features_By_Class" : {
      "class_0" : [ 2, 4, 12, 0, 11, 10 ],
      "class_1" : [ 2, 4, 12, 0, 11, 10 ]
   }
}