{
   "Contributions" : {
      "X_0" : [ 0.058752 ],
      "X_1" : [ -0.006694 ],
      "X_2" : [ 0.025251 ],
      "X_3" : [ -0.043718 ],
      "X_4" : [ 0.077511 ],
      "X_5" : [ 0.058741 ],
      "X_6" : [ 0.019788 ],
      "X_7" : [ 0.079164 ],
      "X_8" : [ 0.223450 ],
      "X_9" : [ 0.131604 ]   
   },
   "Most_Contributive_Features" : {
      "y" : [ 8, 9, 7, 4, 0, 5, 3, 2, 6, 1 ]
   }
}