{
   "Contributions" : {
      "X_0" : [ -0.003233 ],
      "X_1" : [ -0.001472 ],
      "X_2" : [ -0.004234 ],
      "X_3" : [ -0.010247 ],
      "X_4" : [ 0.008697 ],
      "X_5" : [ 0.005925 ],
      "X_6" : [ 0.002872 ],
      "X_7" : [ 0.016169 ],
      "X_8" : [ 0.049455 ],
      "X_9" : [ 0.043240 ]   
   },
   "Most_Contributive_Features" : {
      "y" : [ 8, 9, 7, 3, 4, 5, 2, 0, 6, 1 ]
   }
}