{
	"metadata" : { "model" : "Friedman_XGB", "version" : "2024-W12", "signature" : "ff4_il8"},
	"options" : { "base_score" : [ ], "early_stopping_rounds" : 0, "eval_metric" : "", "gamma" : 0.000000, "grow_policy" : 0, "learning_rate" : 0.300000, "max_bin" : 10, "max_depth" : 6, "max_leaves" : 32, "min_child_weight" : 5.000000, "n_estimators" : 5, "objective" : "reg:squarederror", "reg_alpha" : 0.000000, "reg_lambda" : 1.000000, "tree_method" : "auto" },
	"dataset" : { "dataset_rows" : 16, "dataset_features" : 64 },
	"classes" : [ 0, 1, 2, 3, 4, 7, 8, 9 ],
	"booster" : {
		"BaseScore" : [ 0.187500, 0.125000, 0.062500, 0.062500, 0.062500, 0.187500, 0.125000, 0.187500 ],
		"Trees" : 5,
		"Tree_0" : {
			"Node_0" : { "leaf_value" : [ 0.187500, 0.125000, 0.062500, 0.062500, 0.062500, 0.187500, 0.125000, 0.187500 ], "parent" : null, "left" : null, "right" : null, "svalue" : 0.000000, "sindex" : 0 }
		},
		"Tree_1" : {
			"Node_0" : { "leaf_value" : [ 0.375000, 0.250000, 0.125000, 0.125000, 0.125000, 0.375000, 0.250000, 0.375000 ], "parent" : null, "left" : null, "right" : null, "svalue" : 0.000000, "sindex" : 0 }
		},
		"Tree_2" : {
			"Node_0" : { "leaf_value" : [ 0.750000, 0.500000, 0.250000, 0.250000, 0.250000, 0.750000, 0.500000, 0.750000 ], "parent" : null, "left" : null, "right" : null, "svalue" : 0.000000, "sindex" : 0 }
		},
		"Tree_3" : {
			"Node_0" : { "leaf_value" : [ 1.500000, 1.000000, 0.500000, 0.500000, 0.500000, 1.500000, 1.000000, 1.500000 ], "parent" : null, "left" : null, "right" : null, "svalue" : 0.000000, "sindex" : 0 }
		},
		"Tree_4" : {
			"Node_0" : { "leaf_value" : [ 3.000000, 2.000000, 1.000000, 1.000000, 1.000000, 3.000000, 2.000000, 3.000000 ], "parent" : null, "left" : null, "right" : null, "svalue" : 0.000000, "sindex" : 0 }
		}
	}
}