{
   "Contributions" : {
      "X_0" : [ -15130.744141 ],
      "X_1" : [ 15544.847656 ],
      "X_2" : [ 1637.041870 ],
      "X_3" : [ 3451.769043 ],
      "X_4" : [ -4257.401367 ],
      "X_5" : [ 5426.671387 ],
      "X_6" : [ -6300.191895 ],
      "X_7" : [ -11678.358398 ],
      "X_8" : [ 0.000000 ]   
   },
   "Most_Contributive_Features" : {
      "y" : [ 1, 0, 7, 6, 5, 4, 3, 2 ]
   }
}