{
	"metadata" : { "model" : "Tikhonov_Ridge", "version" : "2024-W12", "signature" : "ff4_ff4"},
	"options" : { "alpha" : 0.000000, "random_state" : 1789 },
	"dataset" : { "dataset_rows" : 2580, "dataset_features" : 9 },
	"equations" : {
			"intercept" : -3503914.000000,
			"coeffs" : [ -42057.664062, -42263.488281, 1151.251587, -6.952321, 66.521713, -39.410789, 90.240982, 38802.535156, 0.000000 ]
		}
}