{
	"metadata" : { "model" : "Tikhonov_Ridge", "version" : "2024-W14", "signature" : "ff4_ff4"},
	"options" : { "alpha" : 1.000000, "random_state" : 1789 },
	"dataset" : { "dataset_rows" : 2580, "dataset_features" : 9 },
	"equations" : {
			"intercept" : -3482644.750000,
			"coeffs" : [ -41807.437500, -42025.828125, 1155.277344, -6.938964, 66.372299, -39.290848, 90.049385, 38812.687500, 0.000000 ]
		}
}