{
   "Contributions" : {
      "X_0" : [ -15221.654297 ],
      "X_1" : [ 15632.747070 ],
      "X_2" : [ 1631.318970 ],
      "X_3" : [ 3458.411621 ],
      "X_4" : [ -4266.993652 ],
      "X_5" : [ 5443.239258 ],
      "X_6" : [ -6313.606445 ],
      "X_7" : [ -11675.311523 ],
      "X_8" : [ 0.000000 ]   
   },
   "Most_Contributive_Features" : {
      "y" : [ 1, 0, 7, 6, 5, 4, 3, 2 ]
   }
}