{
   "Contributions" : {
      "X_0" : [ -0.000839, 0.000900, -0.001190, 0.001129 ],
      "X_1" : [ 0.000153, -0.000046, 0.000061, -0.000168 ],
      "X_2" : [ 0.000000, 0.000641, -0.000916, 0.000275 ],
      "X_3" : [ 0.000549, -0.000107, -0.000168, -0.000275 ],
      "X_4" : [ 0.000824, -0.001602, 0.002701, -0.001923 ],
      "X_5" : [ 0.000000, -0.000534, 0.000534, 0.000000 ],
      "X_6" : [ 0.000000, 0.000641, -0.000641, 0.000000 ],
      "X_7" : [ 0.000000, -0.000336, 0.000336, 0.000000 ],
      "X_8" : [ 0.001144, -0.001816, -0.000397, 0.001068 ],
      "X_9" : [ -0.001022, 0.001312, 0.000305, -0.000595 ],
      "X_10" : [ 0.000000, 0.000000, 0.000000, 0.000000 ],
      "X_11" : [ -0.000504, 0.001312, -0.000595, -0.000214 ],
      "X_12" : [ -0.001389, 0.001938, -0.000778, 0.000229 ],
      "X_13" : [ 0.000000, 0.000000, 0.000000, 0.000000 ],
      "X_14" : [ 0.000000, 0.000000, 0.000000, 0.000000 ],
      "X_15" : [ 0.000061, 0.000168, 0.000168, -0.000397 ],
      "X_16" : [ 0.000000, 0.000000, 0.000000, 0.000000 ],
      "X_17" : [ 0.000000, 0.000000, 0.000000, 0.000000 ],
      "X_18" : [ 0.000610, -0.000458, -0.001297, 0.001144 ],
      "X_19" : [ 0.000320, -0.000198, -0.000214, 0.000092 ],
      "X_20" : [ 0.001740, -0.002609, 0.001724, -0.000854 ],
      "X_21" : [ 0.000000, 0.000000, 0.000000, 0.000000 ],
      "X_22" : [ -0.000290, -0.001038, 0.000854, 0.000473 ],
      "X_23" : [ 0.000000, 0.000000, 0.000000, 0.000000 ],
      "X_24" : [ 0.000000, 0.000000, 0.000000, 0.000000 ],
      "X_25" : [ 0.000870, -0.002121, 0.000214, 0.001038 ],
      "X_26" : [ 0.000000, 0.000000, 0.000000, 0.000000 ],
      "X_27" : [ 0.000259, 0.000565, 0.000381, -0.001205 ],
      "X_28" : [ -0.002777, 0.000641, 0.001907, 0.000229 ],
      "X_29" : [ 0.000366, 0.000000, -0.000397, 0.000031 ],
      "X_30" : [ 0.000641, 0.000031, -0.000595, -0.000076 ],
      "X_31" : [ 0.000137, 0.001755, -0.001129, -0.000763 ],
      "X_32" : [ 0.000000, 0.000000, 0.000000, 0.000000 ],
      "X_33" : [ 0.000259, 0.000000, -0.000229, -0.000031 ],
      "X_34" : [ -0.002380, 0.000183, 0.001114, 0.001083 ],
      "X_35" : [ 0.001129, -0.000473, -0.000610, -0.000046 ],
      "X_36" : [ 0.000000, 0.000000, 0.000137, -0.000137 ],
      "X_37" : [ 0.000000, -0.000290, -0.000427, 0.000717 ],
      "X_38" : [ -0.000259, -0.000870, 0.001831, -0.000702 ],
      "X_39" : [ -0.000565, -0.001083, 0.000717, 0.000931 ],
      "X_40" : [ 0.000748, -0.000107, -0.000168, -0.000473 ],
      "X_41" : [ 0.001755, 0.000000, -0.001770, 0.000015 ],
      "X_42" : [ -0.000137, 0.000000, 0.000137, 0.000000 ],
      "X_43" : [ 0.001099, -0.000168, 0.000076, -0.001007 ],
      "X_44" : [ -0.000977, 0.000656, 0.000244, 0.000076 ],
      "X_45" : [ 0.000000, 0.000000, 0.000000, 0.000000 ],
      "X_46" : [ -0.000595, 0.000290, 0.001678, -0.001373 ],
      "X_47" : [ 0.001923, -0.000900, -0.000549, -0.000473 ],
      "X_48" : [ -0.000198, -0.000214, 0.001450, -0.001038 ],
      "X_49" : [ 0.003113, -0.001740, -0.004761, 0.003387 ],
      "X_50" : [ 0.000824, 0.000046, -0.000275, -0.000595 ],
      "X_51" : [ 0.000000, 0.000000, -0.000244, 0.000244 ],
      "X_52" : [ -0.003036, 0.000305, 0.002335, 0.000397 ],
      "X_53" : [ 0.000504, -0.001480, 0.000534, 0.000443 ],
      "X_54" : [ 0.000000, 0.000000, 0.000000, 0.000000 ],
      "X_55" : [ -0.001801, 0.000336, -0.000473, 0.001938 ],
      "X_56" : [ 0.001312, -0.000259, 0.000275, -0.001328 ],
      "X_57" : [ 0.000595, -0.000412, 0.000320, -0.000504 ],
      "X_58" : [ 0.000000, 0.000000, 0.000183, -0.000183 ],
      "X_59" : [ -0.000107, 0.000031, 0.000305, -0.000229 ],
      "X_60" : [ 0.000229, 0.000778, -0.000366, -0.000641 ],
      "X_61" : [ 0.000412, -0.000046, -0.000168, -0.000198 ],
      "X_62" : [ -0.000641, -0.001022, 0.000153, 0.001511 ],
      "X_63" : [ -0.000259, -0.000839, -0.000015, 0.001114 ],
      "X_64" : [ -0.000687, 0.000427, 0.000778, -0.000519 ],
      "X_65" : [ 0.000000, 0.000000, 0.000000, 0.000000 ],
      "X_66" : [ 0.001617, -0.000427, -0.002060, 0.000870 ],
      "X_67" : [ -0.000031, 0.000000, 0.000000, 0.000031 ],
      "X_68" : [ 0.000000, -0.000214, 0.000305, -0.000092 ],
      "X_69" : [ 0.000000, 0.000000, 0.000000, 0.000000 ],
      "X_70" : [ 0.000397, 0.000046, -0.000900, 0.000458 ],
      "X_71" : [ 0.001007, 0.000992, -0.000290, -0.001709 ],
      "X_72" : [ 0.003296, -0.002823, -0.000885, 0.000412 ],
      "X_73" : [ 0.000534, -0.001373, 0.000046, 0.000793 ],
      "X_74" : [ -0.001419, -0.000366, 0.000748, 0.001038 ],
      "X_75" : [ 0.000397, -0.000153, -0.001129, 0.000885 ],
      "X_76" : [ 0.000000, 0.000031, -0.000031, 0.000000 ],
      "X_77" : [ 0.000000, 0.000000, 0.000000, 0.000000 ],
      "X_78" : [ 0.000168, -0.000168, -0.000046, 0.000046 ],
      "X_79" : [ 0.002625, -0.001968, -0.002502, 0.001846 ],
      "X_80" : [ 0.000000, 0.000000, 0.000000, 0.000000 ],
      "X_81" : [ 0.001770, -0.000778, -0.000656, -0.000336 ],
      "X_82" : [ 0.000931, 0.000000, -0.000183, -0.000748 ],
      "X_83" : [ 0.000671, 0.000732, 0.000061, -0.001465 ],
      "X_84" : [ 0.003143, -0.001602, -0.000580, -0.000961 ],
      "X_85" : [ -0.000076, -0.001099, 0.000320, 0.000854 ],
      "X_86" : [ 0.000977, 0.000000, -0.000549, -0.000427 ],
      "X_87" : [ -0.001266, -0.001953, 0.002274, 0.000946 ],
      "X_88" : [ 0.000336, -0.000290, -0.000046, 0.000000 ],
      "X_89" : [ 0.000153, -0.000183, 0.000000, 0.000031 ],
      "X_90" : [ -0.000458, 0.001434, 0.000885, -0.001862 ],
      "X_91" : [ -0.000687, -0.001984, 0.000931, 0.001740 ],
      "X_92" : [ 0.005020, 0.003189, -0.008041, -0.000168 ],
      "X_93" : [ 0.002472, 0.001816, 0.002396, -0.006683 ],
      "X_94" : [ 0.004562, -0.009262, 0.003143, 0.001556 ],
      "X_95" : [ 0.000793, -0.002426, 0.002823, -0.001190 ],
      "X_96" : [ 0.005676, -0.000153, -0.008057, 0.002533 ],
      "X_97" : [ 0.001068, -0.013855, -0.003006, 0.015793 ],
      "X_98" : [ -0.002716, 0.004959, 0.002441, -0.004684 ],
      "X_99" : [ 0.002548, -0.003143, -0.002991, 0.003586 ]   
   },
   "Most_Contributive_Features_By_Class" : {
      "class_0" : [ 96, 92, 94, 72, 84, 49, 52, 28, 98, 79 ],
      "class_1" : [ 97, 94, 98, 92, 99, 72, 20, 95, 25, 91 ],
      "class_2" : [ 96, 92, 49, 94, 97, 99, 95, 4, 79, 98 ],
      "class_3" : [ 97, 93, 98, 99, 49, 96, 55, 4, 90, 79 ]
   }
}