{
   "Contributions" : {
      "X_0" : [ 0.000000, 0.000000, 0.000000, 0.000000 ],
      "X_1" : [ 0.000000, 0.000000, 0.000000, 0.000000 ],
      "X_2" : [ 0.000000, 0.000000, 0.000000, 0.000000 ],
      "X_3" : [ 0.000000, 0.000000, 0.000000, 0.000000 ],
      "X_4" : [ 0.000000, 0.000000, 0.000000, 0.000000 ],
      "X_5" : [ 0.000000, 0.000000, 0.000000, 0.000000 ],
      "X_6" : [ 0.000000, 0.000000, 0.000000, 0.000000 ],
      "X_7" : [ 0.000000, 0.000000, 0.000000, 0.000000 ],
      "X_8" : [ 0.007349, -0.011194, 0.001758, 0.002087 ],
      "X_9" : [ 0.000000, 0.000000, 0.000000, 0.000000 ],
      "X_10" : [ 0.000000, 0.000000, 0.000000, 0.000000 ],
      "X_11" : [ -0.003223, 0.008398, -0.003809, -0.001367 ],
      "X_12" : [ 0.000000, 0.000000, 0.000000, 0.000000 ],
      "X_13" : [ 0.000000, 0.000000, 0.000000, 0.000000 ],
      "X_14" : [ 0.000000, 0.000000, 0.000000, 0.000000 ],
      "X_15" : [ 0.000000, 0.000000, 0.000000, 0.000000 ],
      "X_16" : [ 0.000000, 0.000000, 0.000000, 0.000000 ],
      "X_17" : [ 0.000000, 0.000000, 0.000000, 0.000000 ],
      "X_18" : [ 0.003906, -0.002930, -0.008301, 0.007324 ],
      "X_19" : [ 0.000000, 0.000000, 0.000000, 0.000000 ],
      "X_20" : [ 0.000000, 0.000000, 0.000000, 0.000000 ],
      "X_21" : [ 0.000000, 0.000000, 0.000000, 0.000000 ],
      "X_22" : [ 0.000000, 0.000000, 0.000000, 0.000000 ],
      "X_23" : [ 0.000000, 0.000000, 0.000000, 0.000000 ],
      "X_24" : [ 0.000000, 0.000000, 0.000000, 0.000000 ],
      "X_25" : [ 0.000000, 0.000000, 0.000000, 0.000000 ],
      "X_26" : [ 0.000000, 0.000000, 0.000000, 0.000000 ],
      "X_27" : [ 0.000000, 0.000000, 0.000000, 0.000000 ],
      "X_28" : [ -0.005566, 0.000195, 0.001367, 0.004004 ],
      "X_29" : [ 0.000000, 0.000000, 0.000000, 0.000000 ],
      "X_30" : [ 0.004102, 0.000195, -0.003809, -0.000488 ],
      "X_31" : [ 0.000879, 0.010824, -0.007230, -0.004473 ],
      "X_32" : [ 0.000000, 0.000000, 0.000000, 0.000000 ],
      "X_33" : [ 0.002441, 0.000000, -0.002637, 0.000195 ],
      "X_34" : [ 0.000000, 0.000000, 0.000000, 0.000000 ],
      "X_35" : [ 0.000000, 0.000000, 0.000000, 0.000000 ],
      "X_36" : [ 0.000000, 0.000000, 0.000000, 0.000000 ],
      "X_37" : [ -0.000000, -0.001855, 0.000195, 0.001660 ],
      "X_38" : [ 0.000000, 0.000000, 0.000000, 0.000000 ],
      "X_39" : [ 0.000000, 0.000000, 0.000000, 0.000000 ],
      "X_40" : [ 0.000000, 0.000000, 0.000000, 0.000000 ],
      "X_41" : [ 0.005176, 0.000000, -0.011328, 0.006152 ],
      "X_42" : [ 0.000000, 0.000000, 0.000000, 0.000000 ],
      "X_43" : [ 0.000000, 0.000000, 0.000000, 0.000000 ],
      "X_44" : [ 0.000000, 0.000000, 0.000000, 0.000000 ],
      "X_45" : [ 0.000000, 0.000000, 0.000000, 0.000000 ],
      "X_46" : [ 0.000000, 0.000000, 0.000000, 0.000000 ],
      "X_47" : [ 0.005664, -0.005176, -0.000488, 0.000000 ],
      "X_48" : [ 0.001562, 0.000000, -0.001563, 0.000000 ],
      "X_49" : [ 0.017871, -0.002832, -0.013281, -0.001758 ],
      "X_50" : [ -0.000513, -0.000134, 0.000684, -0.000037 ],
      "X_51" : [ 0.000000, 0.000000, 0.000000, 0.000000 ],
      "X_52" : [ -0.009265, 0.003320, 0.006743, -0.000797 ],
      "X_53" : [ 0.003809, -0.007227, 0.003418, 0.000000 ],
      "X_54" : [ 0.000000, 0.000000, 0.000000, 0.000000 ],
      "X_55" : [ 0.000000, 0.000000, 0.000000, 0.000000 ],
      "X_56" : [ 0.000000, 0.000000, 0.000000, 0.000000 ],
      "X_57" : [ 0.000000, 0.000000, 0.000000, 0.000000 ],
      "X_58" : [ 0.000000, 0.000000, 0.000000, 0.000000 ],
      "X_59" : [ 0.000000, 0.000000, 0.000000, 0.000000 ],
      "X_60" : [ 0.000000, 0.000000, 0.000000, 0.000000 ],
      "X_61" : [ 0.000000, 0.000000, 0.000000, 0.000000 ],
      "X_62" : [ 0.000000, 0.000000, 0.000000, 0.000000 ],
      "X_63" : [ 0.000000, 0.000000, 0.000000, 0.000000 ],
      "X_64" : [ 0.000000, 0.000000, 0.000000, 0.000000 ],
      "X_65" : [ 0.000000, 0.000000, 0.000000, 0.000000 ],
      "X_66" : [ 0.000000, 0.000000, 0.000000, 0.000000 ],
      "X_67" : [ 0.000000, 0.000000, 0.000000, 0.000000 ],
      "X_68" : [ 0.000000, 0.000000, 0.000000, 0.000000 ],
      "X_69" : [ 0.000000, 0.000000, 0.000000, 0.000000 ],
      "X_70" : [ 0.000000, 0.000000, 0.000000, 0.000000 ],
      "X_71" : [ 0.011621, 0.000293, -0.000977, -0.010938 ],
      "X_72" : [ 0.000000, 0.000000, -0.001270, 0.001270 ],
      "X_73" : [ 0.000000, 0.000000, 0.000000, 0.000000 ],
      "X_74" : [ 0.001758, -0.001758, -0.000000, 0.000000 ],
      "X_75" : [ 0.000293, 0.000000, -0.000293, 0.000000 ],
      "X_76" : [ 0.000000, 0.000000, 0.000000, 0.000000 ],
      "X_77" : [ 0.000000, 0.000000, 0.000000, 0.000000 ],
      "X_78" : [ -0.000891, 0.000885, 0.000000, 0.000006 ],
      "X_79" : [ 0.000000, 0.000000, 0.000000, 0.000000 ],
      "X_80" : [ 0.000000, 0.000000, 0.000000, 0.000000 ],
      "X_81" : [ 0.003711, -0.005078, 0.000000, 0.001367 ],
      "X_82" : [ 0.005957, 0.000000, -0.005566, -0.000391 ],
      "X_83" : [ 0.000000, 0.000000, 0.000000, 0.000000 ],
      "X_84" : [ 0.000000, 0.000000, 0.000000, 0.000000 ],
      "X_85" : [ -0.000488, 0.000071, -0.004914, 0.005332 ],
      "X_86" : [ 0.000000, 0.000000, 0.000000, 0.000000 ],
      "X_87" : [ 0.000000, 0.000000, 0.000000, 0.000000 ],
      "X_88" : [ 0.000000, 0.000000, 0.000000, 0.000000 ],
      "X_89" : [ 0.003381, -0.003351, 0.000000, -0.000031 ],
      "X_90" : [ 0.000000, 0.001953, -0.001953, 0.000000 ],
      "X_91" : [ -0.000977, 0.002517, -0.007224, 0.005684 ],
      "X_92" : [ 0.004468, 0.003495, -0.012214, 0.004250 ],
      "X_93" : [ 0.001660, 0.000353, 0.005175, -0.007188 ],
      "X_94" : [ 0.010645, -0.016895, 0.004004, 0.002246 ],
      "X_95" : [ 0.000879, -0.003906, 0.005566, -0.002539 ],
      "X_96" : [ 0.013965, 0.000000, -0.011328, -0.002637 ],
      "X_97" : [ 0.001172, -0.003906, -0.004688, 0.007422 ],
      "X_98" : [ -0.003809, 0.002148, 0.008789, -0.007129 ],
      "X_99" : [ -0.003320, 0.002539, -0.003418, 0.004199 ]   
   },
   "Most_Contributive_Features_By_Class" : {
      "class_0" : [ 49, 96, 71, 94, 52, 8, 82, 47, 28, 41 ],
      "class_1" : [ 94, 8, 31, 11, 53, 47, 81, 97, 95, 92 ],
      "class_2" : [ 49, 92, 41, 96, 98, 18, 31, 91, 52, 82 ],
      "class_3" : [ 71, 97, 18, 93, 98, 41, 91, 85, 31, 92 ]
   }
}