{
   "Contributions" : {
      "X_0" : [ 0.009017, -0.009017 ],
      "X_1" : [ 0.014976, -0.014976 ],
      "X_2" : [ -0.003695, 0.003695 ],
      "X_3" : [ 0.000000, 0.000000 ],
      "X_4" : [ 0.011858, -0.011858 ],
      "X_5" : [ -0.028974, 0.028974 ],
      "X_6" : [ -0.007605, 0.007605 ],
      "X_7" : [ -0.013502, 0.013502 ],
      "X_8" : [ 0.012790, -0.012790 ],
      "X_9" : [ 0.004745, -0.004745 ]   
   },
   "Most_Contributive_Features_By_Class" : {
      "class_0" : [ 5, 1, 7, 8, 4, 0, 6, 9, 2 ],
      "class_1" : [ 5, 1, 7, 8, 4, 0, 6, 9, 2 ]
   }
}