{
   "Contributions" : {
      "X_0" : [ -0.000579 ],
      "X_1" : [ 0.018707 ],
      "X_2" : [ 0.000000 ],
      "X_3" : [ -0.000004 ]   
   },
   "Most_Contributive_Features" : {
      "y" : [ 1, 0, 3 ]
   }
}