{
	"metadata" : { "model" : "Vapnik_NuSVR_RBF", "version" : "2024-W13", "signature" : "ff4_ff4"},
	"options" : {"svm_type" : "nu_svr", "kernel" : "rbf", "degree" : 3, "gamma" : 0.000002, "coef0" : 0.000000, "cache_size" : 300, "tol" : 0.001000, "nu" : 0.500000, "epsilon" : 0.000000, "shrinking" : 0, "probability" : 0, "C" : 1.000000, "max_iter" : 128, "random_state" : 1789 },
	"dataset" : { "dataset_rows" : 12, "dataset_features" : 4 },
	"svm_model" : {
	"classes" : 2,
	"L" : 9,
	"SupportVectors" : {
		"SV_0" : [ 17.761709, 423.498322, 0.135270, 10.148129 ],
		"SV_1" : [ 45.437614, 168.841202, 0.343817, 3.279963 ],
		"SV_2" : [ 69.792320, 473.447937, 0.233546, 3.411072 ],
		"SV_3" : [ 52.067585, 534.256165, 0.155164, 8.526538 ],
		"SV_4" : [ 34.347893, 205.928116, 0.720020, 9.414678 ],
		"SV_5" : [ 63.010204, 221.354385, 0.814630, 5.897069 ],
		"SV_6" : [ 22.605108, 1660.837036, 0.731124, 9.374556 ],
		"SV_7" : [ 13.280704, 643.716797, 0.520814, 4.842079 ],
		"SV_8" : [ 7.606344, 1112.226562, 0.732761, 6.140375 ]
	},
	"SupportVectorsCoefs" : {
		"SV_coef_0" : [ 0.630838, -1.000000, -1.000000, -1.000000, 1.000000, 0.212459, 0.046716, 1.000000, 0.109987 ]
	},
	"rho" : [ -1.331910 ],
	"nSV" : [ 9 ],
	"probA" : [ ],
	"probB" : [ ],
	"n_iter" : [ 18 ]
}
}