{
   "Contributions" : {
      "X_0" : [ -2427.780518 ],
      "X_1" : [ 1219.104980 ],
      "X_2" : [ -151.861938 ],
      "X_3" : [ -326.130341 ],
      "X_4" : [ -858.390015 ],
      "X_5" : [ 190.038498 ],
      "X_6" : [ -483.123871 ],
      "X_7" : [ -9600.896484 ],
      "X_8" : [ 0.000000 ]   
   },
   "Most_Contributive_Features" : {
      "y" : [ 7, 0, 1, 4, 6, 3, 5, 2 ]
   }
}