{
   "Contributions" : {
      "X_0" : [ 0.000001, -0.000001 ],
      "X_1" : [ -0.000004, 0.000004 ],
      "X_2" : [ -0.000000, 0.000000 ],
      "X_3" : [ 0.000001, -0.000001 ],
      "X_4" : [ -0.000000, 0.000000 ],
      "X_5" : [ -0.000001, 0.000001 ],
      "X_6" : [ 0.000002, -0.000002 ],
      "X_7" : [ -0.000000, 0.000000 ],
      "X_8" : [ -0.000557, 0.000557 ],
      "X_9" : [ -0.000002, 0.000002 ],
      "X_10" : [ -0.000000, 0.000000 ],
      "X_11" : [ -0.000002, 0.000002 ],
      "X_12" : [ 0.000018, -0.000018 ],
      "X_13" : [ -0.000002, 0.000002 ],
      "X_14" : [ 0.000001, -0.000001 ],
      "X_15" : [ 0.000003, -0.000003 ],
      "X_16" : [ 0.000004, -0.000004 ],
      "X_17" : [ 0.000023, -0.000023 ],
      "X_18" : [ -0.000012, 0.000012 ],
      "X_19" : [ -0.000000, 0.000000 ],
      "X_20" : [ -0.000001, 0.000001 ],
      "X_21" : [ -0.000000, 0.000000 ],
      "X_22" : [ -0.000003, 0.000003 ],
      "X_23" : [ -0.000000, 0.000000 ],
      "X_24" : [ 0.000001, -0.000001 ],
      "X_25" : [ -0.000006, 0.000006 ],
      "X_26" : [ -0.000005, 0.000005 ],
      "X_27" : [ 0.000003, -0.000003 ],
      "X_28" : [ 0.000001, -0.000001 ],
      "X_29" : [ -0.000000, 0.000000 ],
      "X_30" : [ 0.000003, -0.000003 ],
      "X_31" : [ -0.000005, 0.000005 ],
      "X_32" : [ -0.000002, 0.000002 ],
      "X_33" : [ -0.000001, 0.000001 ],
      "X_34" : [ 0.000004, -0.000004 ],
      "X_35" : [ -0.000017, 0.000017 ],
      "X_36" : [ 0.000002, -0.000002 ],
      "X_37" : [ -0.000002, 0.000002 ],
      "X_38" : [ -0.000001, 0.000001 ],
      "X_39" : [ -0.000000, 0.000000 ],
      "X_40" : [ -0.000001, 0.000001 ],
      "X_41" : [ 0.000000, -0.000000 ],
      "X_42" : [ 0.000005, -0.000005 ],
      "X_43" : [ 0.000009, -0.000009 ],
      "X_44" : [ -0.000003, 0.000003 ],
      "X_45" : [ -0.000002, 0.000002 ],
      "X_46" : [ -0.000000, 0.000000 ],
      "X_47" : [ -0.000000, 0.000000 ],
      "X_48" : [ 0.000000, -0.000000 ],
      "X_49" : [ 0.000000, -0.000000 ],
      "X_50" : [ -0.000001, 0.000001 ],
      "X_51" : [ -0.000000, 0.000000 ],
      "X_52" : [ 0.000000, -0.000000 ]   
   },
   "Most_Contributive_Features_By_Class" : {
      "class_0" : [ 8, 17, 12, 35, 18, 43, 25, 42, 26, 31 ],
      "class_1" : [ 8, 17, 12, 35, 18, 43, 25, 42, 26, 31 ]
   }
}