{
	"metadata" : { "model" : "Vapnik_NuSVR_RBF", "version" : "2024-W12", "signature" : "ff4_ff4"},
	"options" : {"svm_type" : "nu_svr", "kernel" : "rbf", "degree" : 3, "gamma" : 0.000000, "coef0" : 0.000000, "cache_size" : 300, "tol" : 0.001000, "nu" : 0.100000, "epsilon" : 0.000000, "shrinking" : 0, "probability" : 0, "C" : 1.000000, "max_iter" : 128, "random_state" : 1789 },
	"dataset" : { "dataset_rows" : 64, "dataset_features" : 9 },
	"svm_model" : {
	"classes" : 2,
	"L" : 8,
	"SupportVectors" : {
		"SV_0" : [ -121.580002, 39.500000, 29.000000, 1947.000000, 383.000000, 925.000000, 337.000000, 2.165800, 0.000000 ],
		"SV_1" : [ -118.419998, 34.040001, 46.000000, 1508.000000, 276.000000, 639.000000, 273.000000, 4.925000, 0.000000 ],
		"SV_2" : [ -121.430000, 38.619999, 36.000000, 1765.000000, 438.000000, 1008.000000, 382.000000, 2.063900, 0.000000 ],
		"SV_3" : [ -122.599998, 38.930000, 16.000000, 1657.000000, 390.000000, 572.000000, 301.000000, 1.476700, 0.000000 ],
		"SV_4" : [ -117.720001, 33.430000, 5.000000, 1889.000000, 359.000000, 616.000000, 246.000000, 3.899200, 0.000000 ],
		"SV_5" : [ -121.440002, 38.520000, 36.000000, 3446.000000, 950.000000, 2460.000000, 847.000000, 1.652100, 0.000000 ],
		"SV_6" : [ -118.389999, 33.880001, 31.000000, 1448.000000, 244.000000, 607.000000, 259.000000, 8.151300, 0.000000 ],
		"SV_7" : [ -117.940002, 33.889999, 30.000000, 2577.000000, 404.000000, 1076.000000, 374.000000, 6.752800, 0.000000 ]
	},
	"SupportVectorsCoefs" : {
		"SV_coef_0" : [ -1.000000, 0.199998, -0.199998, -1.000000, 1.000000, -1.000000, 1.000000, 1.000000 ]
	},
	"rho" : [ -241399.687500 ],
	"nSV" : [ 8 ],
	"probA" : [ ],
	"probB" : [ ],
	"n_iter" : [ 13 ]
}
}