{
	"metadata" : { "model" : "Vapnik_NuSVR_RBF", "version" : "2024-W12", "signature" : "ff4_ff4"},
	"options" : {"svm_type" : "nu_svr", "kernel" : "rbf", "degree" : 3, "gamma" : 0.000000, "coef0" : 0.000000, "cache_size" : 300, "tol" : 0.001000, "nu" : 0.500000, "epsilon" : 0.000000, "shrinking" : 0, "probability" : 0, "C" : 1.000000, "max_iter" : 128, "random_state" : 1789 },
	"dataset" : { "dataset_rows" : 64, "dataset_features" : 9 },
	"svm_model" : {
	"classes" : 2,
	"L" : 32,
	"SupportVectors" : {
		"SV_00" : [ -121.910004, 36.630001, 42.000000, 817.000000, 194.000000, 391.000000, 193.000000, 2.177600, 0.000000 ],
		"SV_01" : [ -121.430000, 38.660000, 35.000000, 1814.000000, 367.000000, 1076.000000, 372.000000, 2.717900, 0.000000 ],
		"SV_02" : [ -121.580002, 39.500000, 29.000000, 1947.000000, 383.000000, 925.000000, 337.000000, 2.165800, 0.000000 ],
		"SV_03" : [ -122.010002, 37.180000, 37.000000, 3852.000000, 652.000000, 1534.000000, 567.000000, 5.859600, 0.000000 ],
		"SV_04" : [ -122.440002, 37.779999, 52.000000, 1118.000000, 279.000000, 514.000000, 284.000000, 2.419600, 0.000000 ],
		"SV_05" : [ -118.290001, 33.930000, 32.000000, 1815.000000, 488.000000, 1715.000000, 475.000000, 1.724400, 0.000000 ],
		"SV_06" : [ -116.959999, 33.730000, 20.000000, 4735.000000, 973.000000, 2306.000000, 904.000000, 3.069000, 0.000000 ],
		"SV_07" : [ -121.309998, 38.259998, 22.000000, 1768.000000, 396.000000, 1005.000000, 420.000000, 1.884600, 0.000000 ],
		"SV_08" : [ -122.199997, 37.820000, 37.000000, 1229.000000, 181.000000, 420.000000, 176.000000, 7.017500, 0.000000 ],
		"SV_09" : [ -118.419998, 34.040001, 46.000000, 1508.000000, 276.000000, 639.000000, 273.000000, 4.925000, 0.000000 ],
		"SV_10" : [ -117.709999, 33.639999, 14.000000, 2945.000000, 356.000000, 1293.000000, 335.000000, 8.111000, 0.000000 ],
		"SV_11" : [ -118.120003, 33.939999, 33.000000, 2206.000000, 393.000000, 973.000000, 364.000000, 4.675000, 0.000000 ],
		"SV_12" : [ -121.430000, 38.619999, 36.000000, 1765.000000, 438.000000, 1008.000000, 382.000000, 2.063900, 0.000000 ],
		"SV_13" : [ -119.989998, 36.799999, 45.000000, 1270.000000, 242.000000, 598.000000, 214.000000, 3.281300, 0.000000 ],
		"SV_14" : [ -117.430000, 34.099998, 34.000000, 1345.000000, 265.000000, 834.000000, 290.000000, 3.701100, 0.000000 ],
		"SV_15" : [ -122.190002, 37.830002, 28.000000, 1326.000000, 184.000000, 463.000000, 190.000000, 8.204900, 0.000000 ],
		"SV_16" : [ -116.980003, 33.939999, 27.000000, 3459.000000, 640.000000, 1760.000000, 654.000000, 3.454500, 0.000000 ],
		"SV_17" : [ -122.599998, 38.930000, 16.000000, 1657.000000, 390.000000, 572.000000, 301.000000, 1.476700, 0.000000 ],
		"SV_18" : [ -117.720001, 33.430000, 5.000000, 1889.000000, 359.000000, 616.000000, 246.000000, 3.899200, 0.000000 ],
		"SV_19" : [ -117.169998, 32.740002, 38.000000, 5054.000000, 1168.000000, 2366.000000, 1103.000000, 2.942200, 0.000000 ],
		"SV_20" : [ -117.989998, 33.680000, 13.000000, 4000.000000, 883.000000, 1999.000000, 881.000000, 4.724500, 0.000000 ],
		"SV_21" : [ -116.209999, 33.709999, 19.000000, 3114.000000, 787.000000, 3157.000000, 772.000000, 1.708300, 0.000000 ],
		"SV_22" : [ -122.220001, 37.840000, 50.000000, 2935.000000, 473.000000, 1031.000000, 479.000000, 7.500000, 0.000000 ],
		"SV_23" : [ -117.389999, 34.070000, 26.000000, 1387.000000, 277.000000, 664.000000, 239.000000, 3.027800, 0.000000 ],
		"SV_24" : [ -121.440002, 38.520000, 36.000000, 3446.000000, 950.000000, 2460.000000, 847.000000, 1.652100, 0.000000 ],
		"SV_25" : [ -118.389999, 33.880001, 31.000000, 1448.000000, 244.000000, 607.000000, 259.000000, 8.151300, 0.000000 ],
		"SV_26" : [ -116.480003, 33.959999, 11.000000, 1381.000000, 300.000000, 644.000000, 248.000000, 2.338200, 0.000000 ],
		"SV_27" : [ -117.250000, 32.730000, 38.000000, 1840.000000, 291.000000, 633.000000, 283.000000, 4.912500, 0.000000 ],
		"SV_28" : [ -117.050003, 32.799999, 16.000000, 1561.000000, 378.000000, 574.000000, 350.000000, 3.003500, 0.000000 ],
		"SV_29" : [ -117.139999, 32.700001, 43.000000, 1126.000000, 289.000000, 1132.000000, 294.000000, 2.187500, 0.000000 ],
		"SV_30" : [ -117.940002, 33.889999, 30.000000, 2577.000000, 404.000000, 1076.000000, 374.000000, 6.752800, 0.000000 ],
		"SV_31" : [ -118.419998, 33.959999, 44.000000, 1282.000000, 216.000000, 494.000000, 209.000000, 5.618000, 0.000000 ]
	},
	"SupportVectorsCoefs" : {
		"SV_coef_0" : [ 1.000000, -1.000000, -1.000000, 1.000000, 1.000000, -1.000000, -1.000000, -1.000000, 1.000000, 1.000000, 1.000000, 1.000000, -1.000000, -1.000000, -1.000000, 1.000000, -1.000000, -1.000000, 1.000000, 1.000000, 1.000000, -1.000000, 1.000000, -1.000000, -1.000000, 1.000000, -1.000000, 1.000000, -1.000000, -1.000000, 1.000000, 1.000000 ]
	},
	"rho" : [ -192125.187500 ],
	"nSV" : [ 32 ],
	"probA" : [ ],
	"probB" : [ ],
	"n_iter" : [ 29 ]
}
}