{
   "Contributions" : {
      "X_0" : [ -0.001271, 0.001271 ],
      "X_1" : [ 0.000000, 0.000000 ],
      "X_2" : [ 0.000518, -0.000518 ],
      "X_3" : [ 0.000000, 0.000000 ],
      "X_4" : [ 0.000750, -0.000750 ],
      "X_5" : [ 0.000000, 0.000000 ],
      "X_6" : [ -0.000128, 0.000128 ],
      "X_7" : [ 0.000000, 0.000000 ],
      "X_8" : [ 0.000147, -0.000147 ],
      "X_9" : [ 0.000000, 0.000000 ],
      "X_10" : [ 0.000000, 0.000000 ],
      "X_11" : [ 0.000000, 0.000000 ],
      "X_12" : [ 0.000426, -0.000426 ],
      "X_13" : [ 0.000000, 0.000000 ],
      "X_14" : [ 0.000006, -0.000006 ],
      "X_15" : [ -0.000001, 0.000001 ],
      "X_16" : [ 0.002415, -0.002415 ],
      "X_17" : [ 0.000000, 0.000000 ],
      "X_18" : [ -0.032230, 0.032230 ],
      "X_19" : [ 0.000000, 0.000000 ],
      "X_20" : [ 0.000000, 0.000000 ],
      "X_21" : [ 0.000000, 0.000000 ],
      "X_22" : [ 0.000000, 0.000000 ],
      "X_23" : [ 0.000000, 0.000000 ],
      "X_24" : [ 0.000000, 0.000000 ],
      "X_25" : [ 0.000024, -0.000024 ],
      "X_26" : [ 0.000000, 0.000000 ],
      "X_27" : [ 0.000000, 0.000000 ],
      "X_28" : [ 0.003227, -0.003227 ],
      "X_29" : [ 0.000005, -0.000005 ],
      "X_30" : [ 0.000141, -0.000141 ],
      "X_31" : [ -0.000139, 0.000139 ],
      "X_32" : [ 0.000000, 0.000000 ],
      "X_33" : [ 0.000000, 0.000000 ],
      "X_34" : [ 0.000000, 0.000000 ],
      "X_35" : [ 0.000000, 0.000000 ],
      "X_36" : [ 0.000000, 0.000000 ],
      "X_37" : [ 0.000000, 0.000000 ],
      "X_38" : [ 0.000000, 0.000000 ],
      "X_39" : [ 0.000003, -0.000003 ],
      "X_40" : [ 0.000000, 0.000000 ],
      "X_41" : [ 0.000065, -0.000065 ],
      "X_42" : [ -0.000002, 0.000002 ],
      "X_43" : [ -0.008176, 0.008176 ],
      "X_44" : [ 0.000000, 0.000000 ],
      "X_45" : [ -0.010258, 0.010258 ],
      "X_46" : [ 0.000000, 0.000000 ],
      "X_47" : [ 0.000000, 0.000000 ],
      "X_48" : [ 0.000000, 0.000000 ],
      "X_49" : [ 0.000000, 0.000000 ],
      "X_50" : [ 0.000047, -0.000047 ],
      "X_51" : [ 0.000000, 0.000000 ],
      "X_52" : [ -0.000001, 0.000001 ]   
   },
   "Most_Contributive_Features_By_Class" : {
      "class_0" : [ 18, 45, 43, 28, 16, 0, 4, 2, 12, 8 ],
      "class_1" : [ 18, 45, 43, 28, 16, 0, 4, 2, 12, 8 ]
   }
}