{
	"metadata" : { "model" : "Breiman_CART", "version" : "2024-W13", "signature" : "ff4_OO8"},
	"options" : { "ccp_alpha" : 0.000000, "criterion" : "", "max_depth" : 6, "max_features" : null, "max_leaf_nodes" : 32, "min_impurity_decrease" : 0.000000, "min_samples_leaf" : 1, "min_samples_split" : 2, "min_weight_fraction_leaf" : 0.000000, "random_state" : 1789, "splitter" : "best" },
	"dataset" : { "dataset_rows" : 48842, "dataset_features" : 53 },
	"classes" : [ "<=50K", ">50K" ],
	"tree" : {
	"features" : 53,
	"outputs" : 2,
	"max_depth" : 5,
	"node_count" : 63,
	"nodes" : {
		"node_00" : {"left" : 1, "right" : 2, "feature" : 18, "threshold" : 5.000000, "impurity" : 0.364052, "n_samples" : 48842, "w_samples" : 48842.000000, "value" : [0.760718, 0.239282]},
		"node_01" : {"left" : 5, "right" : 6, "feature" : 43, "threshold" : 9.500000, "impurity" : 0.120425, "n_samples" : 26463, "w_samples" : 26463.000000, "value" : [0.935646, 0.064354]},
		"node_02" : {"left" : 3, "right" : 4, "feature" : 16, "threshold" : 7.500000, "impurity" : 0.494197, "n_samples" : 22379, "w_samples" : 22379.000000, "value" : [0.553867, 0.446133]},
		"node_03" : {"left" : 7, "right" : 8, "feature" : 16, "threshold" : 2.000000, "impurity" : 0.442778, "n_samples" : 15717, "w_samples" : 15717.000000, "value" : [0.669148, 0.330852]},
		"node_04" : {"left" : 15, "right" : 16, "feature" : 43, "threshold" : 4.500000, "impurity" : 0.404862, "n_samples" : 6662, "w_samples" : 6662.000000, "value" : [0.281897, 0.718103]},
		"node_05" : {"left" : 45, "right" : 46, "feature" : 16, "threshold" : 8.500000, "impurity" : 0.098929, "n_samples" : 26117, "w_samples" : 26117.000000, "value" : [0.947812, 0.052188]},
		"node_06" : {"left" : 61, "right" : 62, "feature" : 0, "threshold" : 1.500000, "impurity" : 0.034081, "n_samples" : 346, "w_samples" : 346.000000, "value" : [0.017341, 0.982659]},
		"node_07" : {"left" : 37, "right" : 38, "feature" : 43, "threshold" : 4.500000, "impurity" : 0.214600, "n_samples" : 2585, "w_samples" : 2585.000000, "value" : [0.877756, 0.122244]},
		"node_08" : {"left" : 9, "right" : 10, "feature" : 43, "threshold" : 4.500000, "impurity" : 0.467189, "n_samples" : 13132, "w_samples" : 13132.000000, "value" : [0.628084, 0.371916]},
		"node_09" : {"left" : 19, "right" : 20, "feature" : 0, "threshold" : 4.500000, "impurity" : 0.449479, "n_samples" : 11813, "w_samples" : 11813.000000, "value" : [0.658935, 0.341065]},
		"node_10" : {"left" : 11, "right" : 12, "feature" : 43, "threshold" : 9.500000, "impurity" : 0.456063, "n_samples" : 1319, "w_samples" : 1319.000000, "value" : [0.351782, 0.648218]},
		"node_11" : {"left" : 13, "right" : 14, "feature" : 45, "threshold" : 3.000000, "impurity" : 0.484616, "n_samples" : 1106, "w_samples" : 1106.000000, "value" : [0.412297, 0.587703]},
		"node_12" : {"left" : null, "right" : null, "feature" : null, "threshold" : null, "impurity" : 0.072296, "n_samples" : 213, "w_samples" : 213.000000, "value" : [0.037559, 0.962441]},
		"node_13" : {"left" : null, "right" : null, "feature" : null, "threshold" : null, "impurity" : 0.394054, "n_samples" : 126, "w_samples" : 126.000000, "value" : [0.730159, 0.269841]},
		"node_14" : {"left" : null, "right" : null, "feature" : null, "threshold" : null, "impurity" : 0.466939, "n_samples" : 980, "w_samples" : 980.000000, "value" : [0.371429, 0.628571]},
		"node_15" : {"left" : 17, "right" : 18, "feature" : 44, "threshold" : 4.500000, "impurity" : 0.437690, "n_samples" : 5487, "w_samples" : 5487.000000, "value" : [0.323492, 0.676508]},
		"node_16" : {"left" : 21, "right" : 22, "feature" : 43, "threshold" : 9.500000, "impurity" : 0.159951, "n_samples" : 1175, "w_samples" : 1175.000000, "value" : [0.087660, 0.912340]},
		"node_17" : {"left" : 27, "right" : 28, "feature" : 45, "threshold" : 3.000000, "impurity" : 0.456683, "n_samples" : 4855, "w_samples" : 4855.000000, "value" : [0.352832, 0.647168]},
		"node_18" : {"left" : null, "right" : null, "feature" : null, "threshold" : null, "impurity" : 0.176955, "n_samples" : 632, "w_samples" : 632.000000, "value" : [0.098101, 0.901899]},
		"node_19" : {"left" : 35, "right" : 36, "feature" : 0, "threshold" : 1.500000, "impurity" : 0.349209, "n_samples" : 3895, "w_samples" : 3895.000000, "value" : [0.774583, 0.225417]},
		"node_20" : {"left" : 31, "right" : 32, "feature" : 45, "threshold" : 3.000000, "impurity" : 0.479173, "n_samples" : 7918, "w_samples" : 7918.000000, "value" : [0.602046, 0.397954]},
		"node_21" : {"left" : 23, "right" : 24, "feature" : 45, "threshold" : 3.000000, "impurity" : 0.276318, "n_samples" : 610, "w_samples" : 610.000000, "value" : [0.165574, 0.834426]},
		"node_22" : {"left" : null, "right" : null, "feature" : null, "threshold" : null, "impurity" : 0.007055, "n_samples" : 565, "w_samples" : 565.000000, "value" : [0.003540, 0.996460]},
		"node_23" : {"left" : 25, "right" : 26, "feature" : 13, "threshold" : 5.000000, "impurity" : 0.472489, "n_samples" : 81, "w_samples" : 81.000000, "value" : [0.382716, 0.617284]},
		"node_24" : {"left" : null, "right" : null, "feature" : null, "threshold" : null, "impurity" : 0.229630, "n_samples" : 529, "w_samples" : 529.000000, "value" : [0.132325, 0.867675]},
		"node_25" : {"left" : null, "right" : null, "feature" : null, "threshold" : null, "impurity" : 0.498707, "n_samples" : 59, "w_samples" : 59.000000, "value" : [0.474576, 0.525424]},
		"node_26" : {"left" : null, "right" : null, "feature" : null, "threshold" : null, "impurity" : 0.235537, "n_samples" : 22, "w_samples" : 22.000000, "value" : [0.136364, 0.863636]},
		"node_27" : {"left" : 29, "right" : 30, "feature" : 36, "threshold" : 5.000000, "impurity" : 0.494637, "n_samples" : 589, "w_samples" : 589.000000, "value" : [0.551783, 0.448217]},
		"node_28" : {"left" : 33, "right" : 34, "feature" : 0, "threshold" : 4.500000, "impurity" : 0.439004, "n_samples" : 4266, "w_samples" : 4266.000000, "value" : [0.325363, 0.674637]},
		"node_29" : {"left" : null, "right" : null, "feature" : null, "threshold" : null, "impurity" : 0.469897, "n_samples" : 432, "w_samples" : 432.000000, "value" : [0.622685, 0.377315]},
		"node_30" : {"left" : null, "right" : null, "feature" : null, "threshold" : null, "impurity" : 0.458923, "n_samples" : 157, "w_samples" : 157.000000, "value" : [0.356688, 0.643312]},
		"node_31" : {"left" : null, "right" : null, "feature" : null, "threshold" : null, "impurity" : 0.332410, "n_samples" : 1026, "w_samples" : 1026.000000, "value" : [0.789474, 0.210526]},
		"node_32" : {"left" : null, "right" : null, "feature" : null, "threshold" : null, "impurity" : 0.489005, "n_samples" : 6892, "w_samples" : 6892.000000, "value" : [0.574144, 0.425856]},
		"node_33" : {"left" : null, "right" : null, "feature" : null, "threshold" : null, "impurity" : 0.491668, "n_samples" : 1162, "w_samples" : 1162.000000, "value" : [0.435456, 0.564544]},
		"node_34" : {"left" : null, "right" : null, "feature" : null, "threshold" : null, "impurity" : 0.406817, "n_samples" : 3104, "w_samples" : 3104.000000, "value" : [0.284149, 0.715851]},
		"node_35" : {"left" : null, "right" : null, "feature" : null, "threshold" : null, "impurity" : 0.156521, "n_samples" : 666, "w_samples" : 666.000000, "value" : [0.914414, 0.085586]},
		"node_36" : {"left" : null, "right" : null, "feature" : null, "threshold" : null, "impurity" : 0.379222, "n_samples" : 3229, "w_samples" : 3229.000000, "value" : [0.745742, 0.254258]},
		"node_37" : {"left" : null, "right" : null, "feature" : null, "threshold" : null, "impurity" : 0.187567, "n_samples" : 2396, "w_samples" : 2396.000000, "value" : [0.895242, 0.104758]},
		"node_38" : {"left" : 39, "right" : 40, "feature" : 9, "threshold" : 5.000000, "impurity" : 0.451275, "n_samples" : 189, "w_samples" : 189.000000, "value" : [0.656085, 0.343915]},
		"node_39" : {"left" : 43, "right" : 44, "feature" : 43, "threshold" : 9.500000, "impurity" : 0.404847, "n_samples" : 149, "w_samples" : 149.000000, "value" : [0.718121, 0.281879]},