{
   "Contributions" : {
      "X_0" : [ 0.037475 ],
      "X_1" : [ 1.429179 ],
      "X_2" : [ -1.433909 ],
      "X_3" : [ -0.705402 ],
      "X_4" : [ 1.754240 ],
      "X_5" : [ 0.024873 ],
      "X_6" : [ 0.046684 ],
      "X_7" : [ -1.375053 ],
      "X_8" : [ -6.640636 ],
      "X_9" : [ -0.237106 ]   
   },
   "Most_Contributive_Features" : {
      "y" : [ 8, 4, 2, 1, 7, 3, 9, 6, 0, 5 ]
   }
}