{
   "Contributions" : {
      "X_0" : [ -0.001071, 0.001071 ],
      "X_1" : [ 0.000769, -0.000769 ],
      "X_2" : [ -0.006988, 0.006988 ],
      "X_3" : [ -0.031139, 0.031139 ],
      "X_4" : [ -0.008008, 0.008008 ],
      "X_5" : [ -0.039605, 0.039605 ],
      "X_6" : [ -0.003683, 0.003683 ],
      "X_7" : [ -0.023707, 0.023707 ],
      "X_8" : [ -0.002431, 0.002431 ],
      "X_9" : [ -0.000995, 0.000995 ]   
   },
   "Most_Contributive_Features_By_Class" : {
      "class_0" : [ 5, 3, 7, 4, 2, 6, 8, 0, 9, 1 ],
      "class_1" : [ 5, 3, 7, 4, 2, 6, 8, 0, 9, 1 ]
   }
}