{
   "Contributions" : {
      "X_0" : [ 0.000000, 0.000000 ],
      "X_1" : [ 0.000000, 0.000000 ],
      "X_2" : [ -0.002871, 0.002871 ],
      "X_3" : [ -0.009317, 0.009317 ],
      "X_4" : [ 0.003877, -0.003877 ],
      "X_5" : [ -0.040231, 0.040231 ],
      "X_6" : [ -0.000516, 0.000516 ],
      "X_7" : [ 0.000000, 0.000000 ],
      "X_8" : [ 0.000000, 0.000000 ],
      "X_9" : [ 0.000000, 0.000000 ]   
   },
   "Most_Contributive_Features_By_Class" : {
      "class_0" : [ 5, 3, 4, 2, 6 ],
      "class_1" : [ 5, 3, 4, 2, 6 ]
   }
}