{
   "Contributions" : {
      "X_0" : [ -0.102731 ],
      "X_1" : [ -0.259730 ],
      "X_2" : [ 0.064268 ],
      "X_3" : [ -0.724554 ],
      "X_4" : [ 0.008609 ],
      "X_5" : [ -0.019637 ],
      "X_6" : [ -0.049567 ],
      "X_7" : [ -0.061193 ],
      "X_8" : [ 0.000000 ],
      "X_9" : [ -0.058641 ]   
   },
   "Most_Contributive_Features" : {
      "y" : [ 3, 1, 0, 2, 7, 9, 6, 5, 4 ]
   }
}