{
	"metadata" : { "model" : "Tikhonov_Ridge", "version" : "2024-W14", "signature" : "ff4_il8"},
	"options" : { "alpha" : 0.000000, "random_state" : 1789 },
	"dataset" : { "dataset_rows" : 1024, "dataset_features" : 100 },
	"classes" : [ 0, 1, 2, 3 ],
	"equations" : {
		"class_0" : {
			"intercept" : -0.597588,
			"coeffs" : [ -0.002145, -0.002153, -0.005388, 0.018287, 0.016656, -0.011725, 0.001966, 0.021902, 0.013302, 0.007124, -0.009914, 0.000408, -0.005741, 0.017037, -0.010220, 0.017384, -0.004674, -0.002013, 0.022986, -0.003466, -0.016025, 0.013079, -0.009660, 0.010474, 0.013384, 0.017459, -0.024991, 0.043656, 0.001474, -0.024707, -0.017192, 0.115982, -0.056117, -0.003565, 0.011445, -0.000714, -0.024633, 0.031215, -0.031717, -0.040354, 0.022118, 0.001382, -0.012731, 0.016556, -0.022920, -0.033083, 0.041929, -0.014873, -0.022097, -0.066449, 0.015758, 0.011848, 0.019782, 0.129103, 0.006072, 0.006394, -0.019282, -0.023103, -0.001098, 0.008536, -0.052983, -0.028646, 0.118287, 0.026403, 0.012822, -0.012695, 0.032283, 0.012221, -0.008018, 0.018908, 0.038659, -0.018231, 0.000374, 0.001761, -0.016673, 0.028490, -0.021791, 0.000056, 0.035325, -0.008893, -0.019286, -0.028254, 0.026156, -0.061067, 0.006924, -0.015547, -0.031869, -0.042367, -0.008576, -0.039440, 0.024659, 0.031767, 0.007231, -0.002110, 0.012930, -0.002858, 0.012477, -0.000885, -0.008048, 0.007289 ]
		},
		"class_1" : {
			"intercept" : -0.460131,
			"coeffs" : [ 0.003678, -0.025445, 0.025294, -0.007558, -0.000577, 0.022938, -0.016282, 0.001018, 0.020381, 0.043895, -0.008005, 0.005111, -0.027467, -0.040572, 0.028516, 0.012800, 0.014039, 0.015917, 0.016516, 0.001409, -0.006350, 0.028059, 0.021442, -0.017763, -0.030020, -0.035927, 0.042551, -0.004972, -0.002964, -0.002703, 0.013024, 0.033901, 0.010418, -0.001080, 0.010055, -0.039808, 0.007043, -0.032109, 0.005472, -0.017082, 0.037235, -0.005508, 0.003519, -0.000548, 0.039399, -0.004835, -0.052340, -0.013649, 0.004121, 0.012837, 0.018882, -0.003952, 0.014227, -0.017021, -0.026450, 0.019164, 0.070565, 0.026126, 0.019744, -0.009982, 0.030885, 0.014672, 0.096261, -0.024604, -0.037121, 0.012415, 0.001024, 0.047405, -0.012186, -0.054810, -0.041882, -0.001909, 0.019897, 0.008421, -0.006019, -0.025534, 0.037231, 0.009206, -0.023484, -0.003897, 0.002556, -0.030474, 0.012078, 0.058496, 0.021093, -0.004203, -0.010373, 0.005546, 0.006330, -0.009587, -0.007859, -0.031617, 0.017907, 0.014483, 0.002904, 0.021878, -0.024566, 0.002546, 0.040139, -0.025716 ]
		},
		"class_2" : {
			"intercept" : -0.407174,
			"coeffs" : [ -0.014571, -0.004989, -0.030727, -0.034106, 0.024561, -0.010424, 0.055628, -0.029197, -0.044856, -0.036403, 0.010752, -0.019716, 0.050850, 0.024200, -0.002144, 0.011268, 0.004912, -0.046729, -0.020894, 0.008880, -0.009511, -0.043544, -0.028382, 0.025013, 0.002754, 0.010554, -0.018748, -0.001827, -0.015216, -0.008479, -0.006766, -0.010349, 0.013854, 0.006749, 0.001014, 0.028191, -0.002853, 0.021521, -0.017480, 0.020346, -0.022130, 0.004633, 0.014165, -0.009217, -0.016405, 0.019705, -0.051036, -0.037699, -0.018205, 0.072708, 0.007976, -0.030457, -0.020069, -0.042164, 0.013644, -0.049070, -0.027408, 0.021131, 0.014726, -0.011238, 0.135441, -0.011809, -0.071602, -0.006089, 0.042857, -0.003069, -0.033838, -0.010863, 0.012822, 0.034502, -0.009596, 0.020835, 0.026857, -0.017512, 0.011274, 0.028368, -0.037443, -0.051678, -0.010738, -0.012498, 0.036190, 0.016386, -0.010799, -0.027783, -0.057850, 0.005506, 0.020610, 0.006304, 0.029561, 0.014975, -0.007331, -0.012027, 0.013500, -0.041664, 0.013231, -0.036232, 0.009177, -0.000162, -0.018065, 0.009101 ]
		},
		"class_3" : {
			"intercept" : -0.535844,
			"coeffs" : [ 0.013038, 0.032588, 0.010821, 0.023378, -0.040640, -0.000789, -0.041312, 0.006277, 0.011172, -0.014616, 0.007168, 0.051746, -0.017643, -0.000665, -0.016151, -0.041452, -0.014277, 0.032825, -0.018608, -0.006823, 0.031886, 0.002406, 0.016599, -0.017723, 0.013882, 0.007914, 0.001188, -0.009908, 0.016706, 0.035889, 0.010934, -0.141397, 0.031845, -0.002104, -0.022514, 0.007622, 0.020443, -0.020627, 0.043725, 0.037090, -0.037223, -0.000507, -0.004954, -0.006791, -0.000074, 0.018214, 0.044878, 0.066220, 0.036181, 0.011397, -0.042617, 0.022560, -0.013940, -0.026291, 0.006733, 0.023513, -0.023875, -0.024154, -0.033373, 0.012683, -0.098009, 0.025784, -0.151824, 0.004291, -0.018558, 0.000326, 0.032079, -0.048764, 0.007381, 0.001400, 0.012819, -0.000695, -0.047128, 0.007330, 0.011417, -0.031324, 0.022002, 0.042416, -0.001103, 0.005342, -0.019460, 0.042342, -0.027435, 0.030355, 0.029833, 0.014243, 0.021631, 0.030516, -0.027314, 0.034053, -0.009470, 0.011877, -0.038638, 0.029291, -0.029065, 0.017213, 0.002911, -0.001499, -0.014026, 0.009325 ]
		}
	}
}