{
	"metadata" : { "model" : "Tikhonov_Ridge", "version" : "2024-W14", "signature" : "ff4_il8"},
	"options" : { "alpha" : 1.000000, "random_state" : 1789 },
	"dataset" : { "dataset_rows" : 1024, "dataset_features" : 100 },
	"classes" : [ 0, 1, 2, 3 ],
	"equations" : {
		"class_0" : {
			"intercept" : -0.597073,
			"coeffs" : [ -0.001595, -0.001982, -0.005353, 0.018841, 0.016128, -0.010243, 0.001177, 0.022296, 0.013508, 0.005939, -0.012131, -0.018531, -0.005154, 0.016414, -0.010139, 0.016580, -0.005364, -0.002308, 0.024118, -0.003147, -0.017514, 0.013282, -0.009752, 0.009979, 0.012738, 0.017545, -0.024696, 0.025686, 0.001195, -0.024827, -0.016954, 0.113042, -0.056323, -0.003822, 0.011510, -0.002731, -0.024433, 0.031320, -0.031148, -0.040167, 0.022540, 0.001711, -0.012373, 0.016615, -0.022797, -0.032952, 0.051097, -0.015117, -0.021671, -0.085263, 0.015921, 0.011724, 0.019412, 0.104623, 0.006244, 0.006459, -0.019475, -0.022904, -0.001219, 0.008469, -0.062347, -0.028638, 0.123848, 0.027151, 0.012818, -0.008029, 0.014650, 0.012211, -0.008030, 0.018901, 0.038617, -0.018218, 0.000341, 0.001789, -0.016657, 0.028437, -0.021740, 0.000076, 0.035340, 0.008632, -0.019243, -0.028199, 0.026106, -0.061000, 0.006934, -0.015512, -0.031868, -0.042295, -0.008557, -0.039384, 0.024597, 0.031739, 0.007257, -0.002098, 0.012924, -0.002874, 0.012473, -0.000907, -0.008004, 0.007288 ]
		},
		"class_1" : {
			"intercept" : -0.458797,
			"coeffs" : [ 0.003584, -0.025373, 0.024860, -0.008321, -0.000572, 0.022867, -0.015827, 0.000644, 0.020816, 0.043514, -0.006664, 0.003734, -0.028186, -0.040341, 0.028306, 0.012744, 0.013571, 0.015951, 0.016137, 0.000646, -0.006200, 0.028091, 0.021441, -0.017987, -0.029730, -0.036832, 0.042713, -0.017817, -0.003451, -0.002750, 0.013728, 0.040652, 0.010941, -0.001437, 0.010054, -0.028648, 0.007005, -0.031864, 0.005335, -0.016798, 0.037218, -0.005439, 0.003108, -0.000376, 0.039286, -0.004825, -0.049008, -0.013592, 0.004076, 0.011665, 0.018934, -0.004153, 0.014220, -0.017229, -0.026302, 0.019190, 0.070387, 0.026096, 0.019652, -0.009996, 0.030742, 0.014629, 0.094719, -0.024599, -0.037028, 0.004015, -0.002913, 0.047333, -0.012185, -0.054749, -0.041847, -0.001903, 0.019882, 0.008418, -0.005993, -0.025511, 0.037191, 0.009211, -0.023448, -0.012359, 0.002581, -0.030436, 0.012058, 0.058399, 0.021069, -0.004197, -0.010377, 0.005559, 0.006323, -0.009562, -0.007847, -0.031579, 0.017903, 0.014461, 0.002874, 0.021842, -0.024552, 0.002534, 0.040097, -0.025697 ]
		},
		"class_2" : {
			"intercept" : -0.405739,
			"coeffs" : [ -0.015115, -0.005525, -0.030317, -0.034445, 0.025235, -0.012599, 0.055476, -0.029351, -0.045008, -0.033835, 0.012622, -0.020703, 0.050164, 0.024849, -0.002699, 0.012048, 0.005708, -0.046591, -0.022108, 0.009342, -0.008019, -0.043124, -0.028182, 0.025747, 0.003406, 0.010602, -0.018898, 0.020375, -0.014662, -0.008090, -0.007072, -0.016875, 0.014170, 0.006681, 0.000848, 0.008674, -0.002968, 0.021145, -0.017685, 0.020124, -0.022499, 0.004135, 0.013935, -0.009256, -0.016096, 0.020219, -0.055518, -0.037458, -0.019014, 0.079177, 0.007633, -0.030345, -0.019892, -0.046710, 0.013476, -0.049152, -0.027198, 0.020951, 0.014801, -0.011155, 0.137016, -0.011788, -0.067081, -0.006925, 0.042827, 0.007424, -0.026180, -0.010818, 0.012832, 0.034471, -0.009577, 0.020824, 0.026820, -0.017525, 0.011236, 0.028338, -0.037383, -0.051623, -0.010745, -0.004590, 0.036134, 0.016399, -0.010784, -0.027745, -0.057784, 0.005486, 0.020585, 0.006282, 0.029512, 0.014958, -0.007285, -0.011996, 0.013468, -0.041626, 0.013227, -0.036200, 0.009156, -0.000139, -0.018051, 0.009088 ]
		},
		"class_3" : {
			"intercept" : -0.538383,
			"coeffs" : [ 0.013126, 0.032879, 0.010810, 0.023926, -0.040790, -0.000024, -0.040826, 0.006411, 0.010685, -0.015618, 0.006174, 0.035551, -0.016824, -0.000921, -0.015468, -0.041372, -0.013915, 0.032948, -0.018147, -0.006841, 0.031732, 0.001750, 0.016493, -0.017738, 0.013586, 0.008685, 0.000882, -0.028223, 0.016918, 0.035667, 0.010299, -0.136826, 0.031211, -0.001421, -0.022412, 0.022677, 0.020396, -0.020602, 0.043498, 0.036841, -0.037259, -0.000408, -0.004669, -0.006983, -0.000392, 0.017558, 0.053408, 0.066166, 0.036609, -0.005540, -0.042488, 0.022775, -0.013740, -0.040638, 0.006581, 0.023504, -0.023714, -0.024144, -0.033234, 0.012683, -0.105389, 0.025797, -0.151491, 0.004373, -0.018617, -0.003404, 0.014488, -0.048726, 0.007384, 0.001378, 0.012806, -0.000703, -0.047043, 0.007318, 0.011414, -0.031264, 0.021933, 0.042336, -0.001148, 0.008309, -0.019472, 0.042236, -0.027380, 0.030346, 0.029780, 0.014223, 0.021660, 0.030454, -0.027279, 0.033988, -0.009465, 0.011836, -0.038628, 0.029264, -0.029025, 0.017232, 0.002923, -0.001489, -0.014042, 0.009320 ]
		}
	}
}