{
	"metadata" : { "model" : "Tikhonov_Ridge", "version" : "2024-W12", "signature" : "ff4_OO8"},
	"options" : { "alpha" : 1.000000, "random_state" : 1789 },
	"dataset" : { "dataset_rows" : 512, "dataset_features" : 53 },
	"classes" : [ "<=50K", ">50K" ],
	"equations" : {
		"class_1" : {
			"intercept" : -1.585396,
			"coeffs" : [ 0.029546, -0.005987, -0.068797, 0.352641, -0.183756, 0.099478, 0.064015, 0.300116, 0.000000, 0.003812, 0.195036, -0.071718, -0.012629, -0.319783, -0.004718, 0.180270, 0.071474, -0.032400, 0.118575, -0.090808, -0.075930, -0.099701, -0.176911, -0.293988, -0.128069, -0.065398, 0.403344, -0.042997, 0.203359, -0.124037, -0.124175, 0.182380, -0.175323, -0.107855, -0.116870, -0.095212, 0.280400, -0.167337, 0.323772, -0.064857, -0.323281, 0.002200, 0.067852, 0.275070, 0.171656, 0.056960, -0.366759, 0.146501, -0.888511, -0.362183, 0.023376, 0.039999, 0.010049 ]
		}
	}
}