{
   "Contributions" : {
      "X_0" : [ 0.011133 ],
      "X_1" : [ 0.013484 ],
      "X_2" : [ -0.005515 ],
      "X_3" : [ 0.004479 ],
      "X_4" : [ 0.035866 ],
      "X_5" : [ -0.030234 ],
      "X_6" : [ -0.001166 ],
      "X_7" : [ 0.009400 ],
      "X_8" : [ 0.025849 ],
      "X_9" : [ 0.004435 ]   
   },
   "Most_Contributive_Features" : {
      "y" : [ 4, 5, 8, 1, 0, 7, 2, 3, 9, 6 ]
   }
}