{
	"metadata" : { "model" : "Vapnik_SVR_RBF", "version" : "2024-W12", "signature" : "ff4_ff4"},
	"options" : {"svm_type" : "epsilon_svr", "kernel" : "rbf", "degree" : 3, "gamma" : 0.088583, "coef0" : 0.000000, "cache_size" : 300, "tol" : 0.001000, "nu" : 0.500000, "epsilon" : 0.100000, "shrinking" : 0, "probability" : 0, "C" : 2.000000, "max_iter" : 128, "random_state" : 1789 },
	"dataset" : { "dataset_rows" : 16, "dataset_features" : 10 },
	"svm_model" : {
	"classes" : 2,
	"L" : 16,
	"SupportVectors" : {
		"SV_00" : [ -0.478793, 2.502870, -0.103623, -1.067979, 0.855982, -2.105926, 1.322086, -0.735866, -1.647981, 0.327583 ],
		"SV_01" : [ 1.195055, -1.450382, -0.468737, 0.286455, 0.756183, 0.490645, -0.917510, 0.852386, 0.311669, 0.685749 ],
		"SV_02" : [ -0.648732, -0.880620, 0.202193, 0.525953, 0.655148, -0.647661, 0.272122, -2.437228, -0.548644, -0.541692 ],
		"SV_03" : [ -0.612877, 0.045409, 0.558935, -1.340482, 1.208114, -0.791942, 0.923041, 0.228382, -0.258238, -0.097936 ],
		"SV_04" : [ -0.749045, -0.067925, 0.967609, -0.247653, -0.722261, 0.462846, 0.128738, 1.398441, 0.132868, -0.324339 ],
		"SV_05" : [ -0.695245, 0.529279, -0.012289, -2.414785, -0.786910, 0.363615, -0.447424, 1.592387, -0.321756, 0.330976 ],
		"SV_06" : [ -0.304252, -2.418750, 0.148738, -1.156809, 1.856268, 1.161673, 0.542158, -1.733213, -0.113479, -1.359821 ],
		"SV_07" : [ 2.688408, -0.118800, 0.359897, -0.489429, 0.996860, 0.599293, -1.045101, 2.004759, -0.462834, -0.129511 ],
		"SV_08" : [ 1.092563, 0.944507, -1.920995, 0.188895, 0.929317, 0.175927, 0.125330, -1.050732, -1.156224, 1.876815 ],
		"SV_09" : [ 0.316403, 0.549981, -0.016203, -1.294070, 0.278531, -0.274334, -0.927009, -0.240115, -1.068699, 0.480429 ],
		"SV_10" : [ 0.375851, 2.459666, 2.331842, 1.801873, 0.883058, -1.030525, 2.246760, -1.930692, 0.035418, -1.673652 ],
		"SV_11" : [ -0.361483, 0.387538, 0.595749, 1.134720, -1.522952, 0.311755, -0.186990, 0.556831, 0.382503, -1.402543 ],
		"SV_12" : [ 1.174554, -0.660511, 1.243189, -2.320833, -0.455125, -1.586949, 0.584329, -1.353951, 0.417907, -0.191627 ],
		"SV_13" : [ -0.406296, -1.114724, -0.690144, -0.042832, 0.738593, 0.753398, 1.110532, -0.872249, 1.572700, -0.719172 ],
		"SV_14" : [ -0.119582, -0.489682, 0.671135, 0.153117, 0.091115, -2.239584, 1.111452, -0.253174, 1.680182, -0.191141 ],
		"SV_15" : [ -0.132642, -1.528494, 0.683175, -1.055146, 0.885415, -1.512621, 1.321708, -0.337466, -0.378033, -1.493023 ]
	},
	"SupportVectorsCoefs" : {
		"SV_coef_0" : [ 2.000000, -2.000000, -2.000000, 2.000000, 2.000000, -2.000000, -2.000000, 2.000000, -2.000000, -2.000000, 2.000000, 2.000000, 2.000000, -2.000000, 2.000000, -2.000000 ]
	},
	"rho" : [ -14.877691 ],
	"nSV" : [ 16 ],
	"probA" : [ ],
	"probB" : [ ],
	"n_iter" : [ 8 ]
}
}