{
   "Contributions" : {
      "X_0" : [ -0.015974 ],
      "X_1" : [ -0.009146 ],
      "X_2" : [ 0.000001 ],
      "X_3" : [ -0.000024 ]   
   },
   "Most_Contributive_Features" : {
      "y" : [ 0, 1, 3, 2 ]
   }
}