{
	"metadata" : { "model" : "Vapnik_SVR_RBF", "version" : "2024-W12", "signature" : "ff4_ff4"},
	"options" : {"svm_type" : "epsilon_svr", "kernel" : "rbf", "degree" : 3, "gamma" : 0.000001, "coef0" : 0.000000, "cache_size" : 300, "tol" : 0.001000, "nu" : 0.500000, "epsilon" : 0.100000, "shrinking" : 0, "probability" : 0, "C" : 1.000000, "max_iter" : 128, "random_state" : 1789 },
	"dataset" : { "dataset_rows" : 64, "dataset_features" : 4 },
	"svm_model" : {
	"classes" : 2,
	"L" : 26,
	"SupportVectors" : {
		"SV_00" : [ 45.437614, 168.841202, 0.343817, 3.279963 ],
		"SV_01" : [ 69.792320, 473.447937, 0.233546, 3.411072 ],
		"SV_02" : [ 52.067585, 534.256165, 0.155164, 8.526538 ],
		"SV_03" : [ 34.347893, 205.928116, 0.720020, 9.414678 ],
		"SV_04" : [ 13.280704, 643.716797, 0.520814, 4.842079 ],
		"SV_05" : [ 7.606344, 1112.226562, 0.732761, 6.140375 ],
		"SV_06" : [ 38.088467, 1321.297485, 0.052941, 10.429984 ],
		"SV_07" : [ 75.648438, 442.560303, 0.035123, 1.334146 ],
		"SV_08" : [ 85.409492, 865.747681, 0.002107, 1.657108 ],
		"SV_09" : [ 7.737632, 682.638123, 0.943330, 1.569080 ],
		"SV_10" : [ 22.116344, 1162.774048, 0.675740, 4.934592 ],
		"SV_11" : [ 65.455681, 755.864746, 0.990681, 3.455762 ],
		"SV_12" : [ 11.179132, 444.204834, 0.202220, 7.809537 ],
		"SV_13" : [ 78.244774, 702.214600, 0.183212, 9.434527 ],
		"SV_14" : [ 18.503828, 532.344482, 0.721851, 10.655538 ],
		"SV_15" : [ 97.541664, 130.009232, 0.366127, 5.345118 ],
		"SV_16" : [ 13.316919, 1592.958618, 0.993566, 7.946761 ],
		"SV_17" : [ 44.357746, 674.885315, 0.220269, 3.032311 ],
		"SV_18" : [ 39.016674, 895.294678, 0.992031, 3.333866 ],
		"SV_19" : [ 81.412109, 1254.374390, 0.194226, 8.164762 ],
		"SV_20" : [ 39.873802, 428.048248, 0.235384, 2.176043 ],
		"SV_21" : [ 44.762737, 1255.201538, 0.591546, 2.754247 ],
		"SV_22" : [ 85.125381, 1049.026855, 0.039136, 3.186899 ],
		"SV_23" : [ 48.198017, 353.104248, 0.725143, 10.405507 ],
		"SV_24" : [ 17.373148, 483.680237, 0.685229, 2.728044 ],
		"SV_25" : [ 7.321981, 487.752838, 0.993317, 5.340956 ]
	},
	"SupportVectorsCoefs" : {
		"SV_coef_0" : [ -1.000000, -1.000000, -1.000000, 1.000000, 1.000000, 1.000000, -1.000000, -1.000000, -1.000000, 1.000000, 1.000000, 0.282564, 0.952080, -1.000000, 1.000000, -1.000000, 0.700887, -1.000000, 0.607691, -1.000000, -1.000000, 0.456778, -1.000000, 1.000000, 1.000000, 1.000000 ]
	},
	"rho" : [ -1.276027 ],
	"nSV" : [ 26 ],
	"probA" : [ ],
	"probB" : [ ],
	"n_iter" : [ 75 ]
}
}