{
   "Contributions" : {
      "X_0" : [ -0.053283 ],
      "X_1" : [ -0.034255 ],
      "X_2" : [ -0.039628 ],
      "X_3" : [ 0.009549 ],
      "X_4" : [ -0.050846 ],
      "X_5" : [ -0.096661 ],
      "X_6" : [ -0.192319 ],
      "X_7" : [ -0.188782 ],
      "X_8" : [ -0.122611 ],
      "X_9" : [ -0.013017 ]   
   },
   "Most_Contributive_Features" : {
      "y" : [ 6, 7, 8, 5, 0, 4, 2, 1, 9, 3 ]
   }
}