{
   "Contributions" : {
      "X_0" : [ -1.429939 ],
      "X_1" : [ 3.134779 ],
      "X_2" : [ -3.741347 ],
      "X_3" : [ -0.095076 ],
      "X_4" : [ 0.923474 ],
      "X_5" : [ -0.029642 ],
      "X_6" : [ 0.060915 ],
      "X_7" : [ 0.311246 ],
      "X_8" : [ -1.667116 ],
      "X_9" : [ 0.742918 ]   
   },
   "Most_Contributive_Features" : {
      "y" : [ 2, 1, 8, 0, 4, 9, 7, 3, 6, 5 ]
   }
}