{
   "Contributions" : {
      "X_0" : [ 0.000000 ],
      "X_1" : [ 0.000000 ],
      "X_2" : [ -0.000061 ],
      "X_3" : [ 0.018829 ],
      "X_4" : [ -0.001923 ],
      "X_5" : [ -0.016418 ],
      "X_6" : [ -0.001129 ],
      "X_7" : [ 0.000000 ],
      "X_8" : [ 0.000000 ]   
   },
   "Most_Contributive_Features" : {
      "y" : [ 3, 5, 4, 6, 2 ]
   }
}