{
	"metadata" : { "model" : "Vapnik_NuSVR_RBF", "version" : "2024-W14", "signature" : "ff4_ff4"},
	"options" : {"svm_type" : "nu_svr", "kernel" : "rbf", "degree" : 3, "gamma" : 0.000000, "coef0" : 0.000000, "cache_size" : 300, "tol" : 0.001000, "nu" : 0.500000, "epsilon" : 0.000000, "shrinking" : 0, "probability" : 0, "C" : 1.000000, "max_iter" : 128, "random_state" : 1789 },
	"dataset" : { "dataset_rows" : 16, "dataset_features" : 9 },
	"svm_model" : {
	"classes" : 2,
	"L" : 8,
	"SupportVectors" : {
		"SV_0" : [ -121.910004, 36.630001, 42.000000, 817.000000, 194.000000, 391.000000, 193.000000, 2.177600, 0.000000 ],
		"SV_1" : [ -121.430000, 38.660000, 35.000000, 1814.000000, 367.000000, 1076.000000, 372.000000, 2.717900, 0.000000 ],
		"SV_2" : [ -121.580002, 39.500000, 29.000000, 1947.000000, 383.000000, 925.000000, 337.000000, 2.165800, 0.000000 ],
		"SV_3" : [ -122.010002, 37.180000, 37.000000, 3852.000000, 652.000000, 1534.000000, 567.000000, 5.859600, 0.000000 ],
		"SV_4" : [ -121.919998, 37.480000, 23.000000, 4314.000000, 676.000000, 1972.000000, 623.000000, 5.381300, 0.000000 ],
		"SV_5" : [ -122.440002, 37.779999, 52.000000, 1118.000000, 279.000000, 514.000000, 284.000000, 2.419600, 0.000000 ],
		"SV_6" : [ -116.959999, 33.730000, 20.000000, 4735.000000, 973.000000, 2306.000000, 904.000000, 3.069000, 0.000000 ],
		"SV_7" : [ -121.309998, 38.259998, 22.000000, 1768.000000, 396.000000, 1005.000000, 420.000000, 1.884600, 0.000000 ]
	},
	"SupportVectorsCoefs" : {
		"SV_coef_0" : [ 1.000000, -1.000000, -1.000000, 1.000000, 1.000000, 1.000000, -1.000000, -1.000000 ]
	},
	"rho" : [ -177575.406250 ],
	"nSV" : [ 8 ],
	"probA" : [ ],
	"probB" : [ ],
	"n_iter" : [ 6 ]
}
}