{
   "Contributions" : {
      "X_0" : [ 0.007584, -0.007584 ],
      "X_1" : [ 0.009994, -0.009994 ],
      "X_2" : [ 0.018823, -0.018823 ],
      "X_3" : [ 0.021558, -0.021558 ],
      "X_4" : [ -0.000012, 0.000012 ],
      "X_5" : [ -0.000029, 0.000029 ],
      "X_6" : [ -0.000002, 0.000002 ],
      "X_7" : [ 0.000002, -0.000002 ],
      "X_8" : [ -0.000040, 0.000040 ],
      "X_9" : [ -0.000021, 0.000021 ],
      "X_10" : [ 0.000037, -0.000037 ],
      "X_11" : [ -0.000323, 0.000323 ],
      "X_12" : [ 0.000207, -0.000207 ],
      "X_13" : [ -0.002869, 0.002869 ],
      "X_14" : [ 0.000000, -0.000000 ],
      "X_15" : [ 0.000014, -0.000014 ],
      "X_16" : [ 0.000001, -0.000001 ],
      "X_17" : [ 0.000002, -0.000002 ],
      "X_18" : [ -0.000006, 0.000006 ],
      "X_19" : [ -0.000002, 0.000002 ],
      "X_20" : [ -0.004605, 0.004605 ],
      "X_21" : [ 0.001181, -0.001181 ],
      "X_22" : [ -0.012998, 0.012998 ],
      "X_23" : [ 0.084810, -0.084810 ],
      "X_24" : [ -0.000005, 0.000005 ],
      "X_25" : [ 0.000006, -0.000006 ],
      "X_26" : [ -0.000012, 0.000012 ],
      "X_27" : [ -0.000004, 0.000004 ],
      "X_28" : [ -0.000037, 0.000037 ],
      "X_29" : [ 0.000011, -0.000011 ]   
   },
   "Most_Contributive_Features_By_Class" : {
      "class_0" : [ 23, 3, 2, 22, 1, 0, 20, 13, 21, 11 ],
      "class_1" : [ 23, 3, 2, 22, 1, 0, 20, 13, 21, 11 ]
   }
}