{
   "Contributions" : {
      "X_0" : [ -0.000044, 0.000044 ],
      "X_1" : [ 0.000003, -0.000003 ],
      "X_2" : [ 0.000062, -0.000062 ],
      "X_3" : [ 0.018392, -0.018392 ],
      "X_4" : [ 0.000000, -0.000000 ],
      "X_5" : [ 0.000001, -0.000001 ],
      "X_6" : [ 0.000005, -0.000005 ],
      "X_7" : [ 0.000000, -0.000000 ],
      "X_8" : [ -0.000000, 0.000000 ],
      "X_9" : [ -0.000000, 0.000000 ],
      "X_10" : [ 0.000012, -0.000012 ],
      "X_11" : [ -0.000003, 0.000003 ],
      "X_12" : [ -0.000066, 0.000066 ],
      "X_13" : [ 0.002165, -0.002165 ],
      "X_14" : [ -0.000000, 0.000000 ],
      "X_15" : [ -0.000000, 0.000000 ],
      "X_16" : [ -0.000002, 0.000002 ],
      "X_17" : [ -0.000000, 0.000000 ],
      "X_18" : [ -0.000000, 0.000000 ],
      "X_19" : [ -0.000000, 0.000000 ],
      "X_20" : [ 0.000001, -0.000001 ],
      "X_21" : [ -0.000004, 0.000004 ],
      "X_22" : [ 0.002591, -0.002591 ],
      "X_23" : [ -0.015919, 0.015919 ],
      "X_24" : [ -0.000000, 0.000000 ],
      "X_25" : [ 0.000004, -0.000004 ],
      "X_26" : [ 0.000009, -0.000009 ],
      "X_27" : [ 0.000003, -0.000003 ],
      "X_28" : [ 0.000001, -0.000001 ],
      "X_29" : [ 0.000000, -0.000000 ]   
   },
   "Most_Contributive_Features_By_Class" : {
      "class_0" : [ 3, 23, 22, 13, 12, 2, 0, 10, 26, 6 ],
      "class_1" : [ 3, 23, 22, 13, 12, 2, 0, 10, 26, 6 ]
   }
}