{
   "Contributions" : {
      "X_0" : [ -0.002707, 0.007417, -0.004710 ],
      "X_1" : [ 0.000711, -0.013995, 0.013284 ],
      "X_2" : [ 0.006360, -0.070741, 0.064381 ],
      "X_3" : [ -0.008567, -0.000378, 0.008945 ]   
   },
   "Most_Contributive_Features_By_Class" : {
      "class_0" : [ 3, 2, 0, 1 ],
      "class_1" : [ 2, 1, 0, 3 ],
      "class_2" : [ 2, 1, 3, 0 ]
   }
}