{
	"metadata" : { "model" : "Vapnik_NuSVC_RBF", "version" : "2024-W13", "signature" : "ff4_il8"},
	"options" : {"svm_type" : "nu_svc", "kernel" : "rbf", "degree" : 3, "gamma" : 0.067644, "coef0" : 0.000000, "cache_size" : 300, "tol" : 0.001000, "nu" : 0.100000, "epsilon" : 0.000000, "shrinking" : 0, "probability" : 1, "C" : 1.000000, "max_iter" : 128, "random_state" : 1789 },
	"dataset" : { "dataset_rows" : 18, "dataset_features" : 4 },
	"classes" : [ 0, 1, 2 ],
	"svm_model" : {
	"classes" : 3,
	"L" : 6,
	"SupportVectors" : {
		"SV_0" : [ 4.800000, 3.400000, 1.600000, 0.200000 ],
		"SV_1" : [ 5.400000, 3.400000, 1.500000, 0.400000 ],
		"SV_2" : [ 6.300000, 3.300000, 4.700000, 1.600000 ],
		"SV_3" : [ 5.100000, 2.500000, 3.000000, 1.100000 ],
		"SV_4" : [ 6.400000, 3.200000, 5.300000, 2.300000 ],
		"SV_5" : [ 6.100000, 2.600000, 5.600000, 1.400000 ]
	},
	"SupportVectorsCoefs" : {
		"SV_coef_0" : [ 2.219941, 2.492927, -0.000000, -4.712868, -0.691315, -0.734084 ],
		"SV_coef_1" : [ 0.150763, 1.274636, 20.665108, 0.000000, -14.117912, -6.547195 ]
	},
	"rho" : [ -0.032119, 0.027367, 0.390365 ],
	"nSV" : [ 2, 2, 2 ],
	"probA" : [ -1.666613, -1.778106, -1.212219 ],
	"probB" : [ 0.111539, 0.009368, 0.093257 ],
	"n_iter" : [ 3, 4, 1 ]
}
}