{
	"metadata" : { "model" : "Breiman_CART", "version" : "2024-W12", "signature" : "ff4_il8"},
	"options" : { "ccp_alpha" : 0.000000, "criterion" : "", "max_depth" : null, "max_features" : null, "max_leaf_nodes" : 64, "min_impurity_decrease" : 0.000000, "min_samples_leaf" : 1, "min_samples_split" : 2, "min_weight_fraction_leaf" : 0.000000, "random_state" : 1789, "splitter" : "best" },
	"dataset" : { "dataset_rows" : 128, "dataset_features" : 100 },
	"classes" : [ 0, 1, 2, 3 ],
	"tree" : {
	"features" : 100,
	"outputs" : 4,
	"max_depth" : 6,
	"node_count" : 49,
	"nodes" : {
		"node_00" : {"left" : 1, "right" : 2, "feature" : 31, "threshold" : -0.588610, "impurity" : 0.743530, "n_samples" : 128, "w_samples" : 128.000000, "value" : [0.289062, 0.187500, 0.242188, 0.281250]},
		"node_01" : {"left" : 3, "right" : 4, "feature" : 66, "threshold" : -4.252537, "impurity" : 0.641975, "n_samples" : 54, "w_samples" : 54.000000, "value" : [0.055556, 0.129630, 0.351852, 0.462963]},
		"node_02" : {"left" : 21, "right" : 22, "feature" : 66, "threshold" : 1.943126, "impurity" : 0.687728, "n_samples" : 74, "w_samples" : 74.000000, "value" : [0.459459, 0.229730, 0.162162, 0.148649]},
		"node_03" : {"left" : null, "right" : null, "feature" : null, "threshold" : null, "impurity" : 0.000000, "n_samples" : 10, "w_samples" : 10.000000, "value" : [0.000000, 0.000000, 1.000000, 0.000000]},
		"node_04" : {"left" : 5, "right" : 6, "feature" : 42, "threshold" : -0.186661, "impurity" : 0.605372, "n_samples" : 44, "w_samples" : 44.000000, "value" : [0.068182, 0.159091, 0.204545, 0.568182]},
		"node_05" : {"left" : 7, "right" : 8, "feature" : 18, "threshold" : -0.073815, "impurity" : 0.622449, "n_samples" : 14, "w_samples" : 14.000000, "value" : [0.000000, 0.285714, 0.500000, 0.214286]},
		"node_06" : {"left" : 13, "right" : 14, "feature" : 77, "threshold" : -1.789359, "impurity" : 0.437778, "n_samples" : 30, "w_samples" : 30.000000, "value" : [0.100000, 0.100000, 0.066667, 0.733333]},
		"node_07" : {"left" : null, "right" : null, "feature" : null, "threshold" : null, "impurity" : 0.000000, "n_samples" : 6, "w_samples" : 6.000000, "value" : [0.000000, 0.000000, 1.000000, 0.000000]},
		"node_08" : {"left" : 9, "right" : 10, "feature" : 20, "threshold" : 0.301018, "impurity" : 0.593750, "n_samples" : 8, "w_samples" : 8.000000, "value" : [0.000000, 0.500000, 0.125000, 0.375000]},
		"node_09" : {"left" : 11, "right" : 12, "feature" : 30, "threshold" : 1.200410, "impurity" : 0.375000, "n_samples" : 4, "w_samples" : 4.000000, "value" : [0.000000, 0.000000, 0.250000, 0.750000]},
		"node_10" : {"left" : null, "right" : null, "feature" : null, "threshold" : null, "impurity" : 0.000000, "n_samples" : 4, "w_samples" : 4.000000, "value" : [0.000000, 1.000000, 0.000000, 0.000000]},
		"node_11" : {"left" : null, "right" : null, "feature" : null, "threshold" : null, "impurity" : 0.000000, "n_samples" : 3, "w_samples" : 3.000000, "value" : [0.000000, 0.000000, 0.000000, 1.000000]},
		"node_12" : {"left" : null, "right" : null, "feature" : null, "threshold" : null, "impurity" : 0.000000, "n_samples" : 1, "w_samples" : 1.000000, "value" : [0.000000, 0.000000, 1.000000, 0.000000]},
		"node_13" : {"left" : 15, "right" : 16, "feature" : 50, "threshold" : -0.750571, "impurity" : 0.444444, "n_samples" : 3, "w_samples" : 3.000000, "value" : [0.333333, 0.000000, 0.666667, 0.000000]},
		"node_14" : {"left" : 17, "right" : 18, "feature" : 2, "threshold" : -1.175032, "impurity" : 0.318244, "n_samples" : 27, "w_samples" : 27.000000, "value" : [0.074074, 0.111111, 0.000000, 0.814815]},
		"node_15" : {"left" : null, "right" : null, "feature" : null, "threshold" : null, "impurity" : 0.000000, "n_samples" : 2, "w_samples" : 2.000000, "value" : [0.000000, 0.000000, 1.000000, 0.000000]},
		"node_16" : {"left" : null, "right" : null, "feature" : null, "threshold" : null, "impurity" : 0.000000, "n_samples" : 1, "w_samples" : 1.000000, "value" : [1.000000, 0.000000, 0.000000, 0.000000]},
		"node_17" : {"left" : null, "right" : null, "feature" : null, "threshold" : null, "impurity" : 0.000000, "n_samples" : 2, "w_samples" : 2.000000, "value" : [1.000000, 0.000000, 0.000000, 0.000000]},
		"node_18" : {"left" : 19, "right" : 20, "feature" : 64, "threshold" : -1.704317, "impurity" : 0.211200, "n_samples" : 25, "w_samples" : 25.000000, "value" : [0.000000, 0.120000, 0.000000, 0.880000]},
		"node_19" : {"left" : null, "right" : null, "feature" : null, "threshold" : null, "impurity" : 0.000000, "n_samples" : 2, "w_samples" : 2.000000, "value" : [0.000000, 1.000000, 0.000000, 0.000000]},
		"node_20" : {"left" : 47, "right" : 48, "feature" : 34, "threshold" : -1.621725, "impurity" : 0.083176, "n_samples" : 23, "w_samples" : 23.000000, "value" : [0.000000, 0.043478, 0.000000, 0.956522]},
		"node_21" : {"left" : 29, "right" : 30, "feature" : 62, "threshold" : 0.563336, "impurity" : 0.726757, "n_samples" : 42, "w_samples" : 42.000000, "value" : [0.238095, 0.357143, 0.261905, 0.142857]},
		"node_22" : {"left" : 23, "right" : 24, "feature" : 27, "threshold" : -3.350478, "impurity" : 0.408203, "n_samples" : 32, "w_samples" : 32.000000, "value" : [0.750000, 0.062500, 0.031250, 0.156250]},
		"node_23" : {"left" : null, "right" : null, "feature" : null, "threshold" : null, "impurity" : 0.000000, "n_samples" : 3, "w_samples" : 3.000000, "value" : [0.000000, 0.000000, 0.000000, 1.000000]},
		"node_24" : {"left" : 25, "right" : 26, "feature" : 37, "threshold" : -1.607199, "impurity" : 0.304400, "n_samples" : 29, "w_samples" : 29.000000, "value" : [0.827586, 0.068966, 0.034483, 0.068966]},
		"node_25" : {"left" : 27, "right" : 28, "feature" : 75, "threshold" : -0.072303, "impurity" : 0.444444, "n_samples" : 3, "w_samples" : 3.000000, "value" : [0.000000, 0.666667, 0.000000, 0.333333]},
		"node_26" : {"left" : 43, "right" : 44, "feature" : 86, "threshold" : 1.422499, "impurity" : 0.144970, "n_samples" : 26, "w_samples" : 26.000000, "value" : [0.923077, 0.000000, 0.038462, 0.038462]},
		"node_27" : {"left" : null, "right" : null, "feature" : null, "threshold" : null, "impurity" : 0.000000, "n_samples" : 2, "w_samples" : 2.000000, "value" : [0.000000, 1.000000, 0.000000, 0.000000]},
		"node_28" : {"left" : null, "right" : null, "feature" : null, "threshold" : null, "impurity" : 0.000000, "n_samples" : 1, "w_samples" : 1.000000, "value" : [0.000000, 0.000000, 0.000000, 1.000000]},
		"node_29" : {"left" : 31, "right" : 32, "feature" : 60, "threshold" : -0.209730, "impurity" : 0.685000, "n_samples" : 20, "w_samples" : 20.000000, "value" : [0.250000, 0.050000, 0.400000, 0.300000]},
		"node_30" : {"left" : 35, "right" : 36, "feature" : 8, "threshold" : 0.101727, "impurity" : 0.524793, "n_samples" : 22, "w_samples" : 22.000000, "value" : [0.227273, 0.636364, 0.136364, 0.000000]},
		"node_31" : {"left" : 33, "right" : 34, "feature" : 87, "threshold" : -0.063467, "impurity" : 0.495868, "n_samples" : 11, "w_samples" : 11.000000, "value" : [0.454545, 0.000000, 0.000000, 0.545455]},
		"node_32" : {"left" : 41, "right" : 42, "feature" : 73, "threshold" : 0.714949, "impurity" : 0.197531, "n_samples" : 9, "w_samples" : 9.000000, "value" : [0.000000, 0.111111, 0.888889, 0.000000]},
		"node_33" : {"left" : null, "right" : null, "feature" : null, "threshold" : null, "impurity" : 0.000000, "n_samples" : 5, "w_samples" : 5.000000, "value" : [1.000000, 0.000000, 0.000000, 0.000000]},
		"node_34" : {"left" : null, "right" : null, "feature" : null, "threshold" : null, "impurity" : 0.000000, "n_samples" : 6, "w_samples" : 6.000000, "value" : [0.000000, 0.000000, 0.000000, 1.000000]},
		"node_35" : {"left" : null, "right" : null, "feature" : null, "threshold" : null, "impurity" : 0.000000, "n_samples" : 11, "w_samples" : 11.000000, "value" : [0.000000, 1.000000, 0.000000, 0.000000]},
		"node_36" : {"left" : 37, "right" : 38, "feature" : 1, "threshold" : 0.109315, "impurity" : 0.644628, "n_samples" : 11, "w_samples" : 11.000000,