{
   "Contributions" : {
      "X_0" : [ 646.618774 ],
      "X_1" : [ -902.563354 ],
      "X_2" : [ 2202.344482 ],
      "X_3" : [ -74.823265 ],
      "X_4" : [ -1704.969238 ],
      "X_5" : [ 1199.404785 ],
      "X_6" : [ -1912.028931 ],
      "X_7" : [ -3205.831055 ],
      "X_8" : [ 0.000000 ]   
   },
   "Most_Contributive_Features" : {
      "y" : [ 7, 2, 6, 4, 5, 1, 0, 3 ]
   }
}