{
   "Contributions" : {
      "X_0" : [ 0.379333 ],
      "X_1" : [ -0.003845 ],
      "X_2" : [ -1.102783 ],
      "X_3" : [ -8.292786 ],
      "X_4" : [ -0.128174 ],
      "X_5" : [ -0.036987 ],
      "X_6" : [ 0.251160 ],
      "X_7" : [ 0.007263 ],
      "X_8" : [ -7.840454 ],
      "X_9" : [ 0.196594 ]   
   },
   "Most_Contributive_Features" : {
      "y" : [ 3, 8, 2, 0, 6, 9, 4, 5, 7, 1 ]
   }
}