{
   "Contributions" : {
      "X_0" : [ 0.000000 ],
      "X_1" : [ 0.000000 ],
      "X_2" : [ -0.078125 ],
      "X_3" : [ -6.548438 ],
      "X_4" : [ -0.032422 ],
      "X_5" : [ -0.145703 ],
      "X_6" : [ 0.121094 ],
      "X_7" : [ 0.203906 ],
      "X_8" : [ -9.941795 ],
      "X_9" : [ -0.500781 ]   
   },
   "Most_Contributive_Features" : {
      "y" : [ 8, 3, 9, 7, 5, 6, 2, 4 ]
   }
}