{
   "Contributions" : {
      "X_0" : [ 0.106934 ],
      "X_1" : [ -0.356437 ],
      "X_2" : [ 0.000000 ],
      "X_3" : [ 0.000000 ],
      "X_4" : [ 0.000000 ],
      "X_5" : [ 0.000000 ],
      "X_6" : [ 0.000000 ],
      "X_7" : [ 0.025238 ],
      "X_8" : [ 0.102373 ],
      "X_9" : [ 0.034629 ],
      "X_10" : [ 0.443351 ],
      "X_11" : [ 0.121659 ],
      "X_12" : [ -0.445705 ],
      "X_13" : [ 0.000000 ],
      "X_14" : [ 0.000000 ],
      "X_15" : [ 0.000000 ],
      "X_16" : [ 0.000000 ],
      "X_17" : [ 0.275958 ],
      "X_18" : [ 0.000000 ],
      "X_19" : [ -0.476055 ],
      "X_20" : [ 1.266363 ],
      "X_21" : [ 0.050209 ],
      "X_22" : [ -0.636073 ],
      "X_23" : [ -0.184007 ],
      "X_24" : [ 0.000000 ],
      "X_25" : [ 0.000000 ],
      "X_26" : [ -1.182676 ],
      "X_27" : [ 0.003709 ],
      "X_28" : [ 0.000000 ],
      "X_29" : [ 0.000000 ],
      "X_30" : [ 7.294901 ],
      "X_31" : [ 0.000000 ],
      "X_32" : [ 0.633532 ],
      "X_33" : [ 0.000000 ],
      "X_34" : [ 0.000000 ],
      "X_35" : [ 0.000000 ],
      "X_36" : [ -0.201904 ],
      "X_37" : [ 0.000000 ],
      "X_38" : [ 0.023545 ],
      "X_39" : [ 0.000000 ],
      "X_40" : [ -0.016974 ],
      "X_41" : [ 0.068252 ],
      "X_42" : [ 0.000000 ],
      "X_43" : [ -0.612120 ],
      "X_44" : [ 0.000000 ],
      "X_45" : [ 0.173297 ],
      "X_46" : [ 6.351391 ],
      "X_47" : [ 0.000000 ],
      "X_48" : [ 0.000000 ],
      "X_49" : [ 0.000000 ],
      "X_50" : [ 0.540005 ],
      "X_51" : [ 0.000000 ],
      "X_52" : [ 0.000000 ],
      "X_53" : [ -0.601093 ],
      "X_54" : [ 0.000000 ],
      "X_55" : [ 0.000000 ],
      "X_56" : [ -0.260631 ],
      "X_57" : [ 0.000000 ],
      "X_58" : [ 0.000000 ],
      "X_59" : [ -0.863599 ],
      "X_60" : [ 0.000000 ],
      "X_61" : [ 0.000000 ],
      "X_62" : [ 0.019395 ],
      "X_63" : [ 0.373656 ],
      "X_64" : [ -0.491870 ],
      "X_65" : [ 0.271295 ],
      "X_66" : [ 0.232481 ],
      "X_67" : [ 0.000000 ],
      "X_68" : [ 0.118393 ],
      "X_69" : [ 1.166317 ],
      "X_70" : [ -0.080786 ],
      "X_71" : [ -0.109381 ],
      "X_72" : [ -0.044443 ],
      "X_73" : [ 0.000000 ],
      "X_74" : [ 0.000000 ],
      "X_75" : [ 0.152381 ],
      "X_76" : [ 0.000000 ],
      "X_77" : [ -14.776958 ],
      "X_78" : [ 0.000000 ],
      "X_79" : [ 0.000000 ],
      "X_80" : [ 0.000000 ],
      "X_81" : [ 0.274228 ],
      "X_82" : [ -0.033697 ],
      "X_83" : [ 0.194309 ],
      "X_84" : [ -0.415751 ],
      "X_85" : [ -0.633506 ],
      "X_86" : [ 0.324662 ],
      "X_87" : [ 0.000000 ],
      "X_88" : [ -0.957413 ],
      "X_89" : [ -0.021427 ],
      "X_90" : [ -0.984138 ],
      "X_91" : [ 0.000000 ],
      "X_92" : [ -0.276278 ],
      "X_93" : [ 0.000000 ],
      "X_94" : [ -0.133166 ],
      "X_95" : [ 0.865914 ],
      "X_96" : [ 0.438086 ],
      "X_97" : [ 0.000000 ],
      "X_98" : [ 0.000000 ],
      "X_99" : [ 0.027565 ]   
   },
   "Most_Contributive_Features" : {
      "y" : [ 77, 30, 46, 20, 26, 69, 90, 88, 95, 59 ]
   }
}