{
   "Contributions" : {
      "X_0" : [ 0.069325 ],
      "X_1" : [ -0.125767 ],
      "X_2" : [ 0.006366 ],
      "X_3" : [ -0.246638 ],
      "X_4" : [ 0.276560 ],
      "X_5" : [ -0.072487 ],
      "X_6" : [ -0.065989 ],
      "X_7" : [ 0.109476 ],
      "X_8" : [ 0.014637 ],
      "X_9" : [ 0.092212 ],
      "X_10" : [ -0.111656 ],
      "X_11" : [ 0.154390 ],
      "X_12" : [ -0.071768 ],
      "X_13" : [ -0.014992 ],
      "X_14" : [ -0.158901 ],
      "X_15" : [ -0.228007 ],
      "X_16" : [ -0.128055 ],
      "X_17" : [ -0.018334 ],
      "X_18" : [ 0.036883 ],
      "X_19" : [ -0.065580 ],
      "X_20" : [ 0.409901 ],
      "X_21" : [ 0.185272 ],
      "X_22" : [ 0.390287 ],
      "X_23" : [ -0.136134 ],
      "X_24" : [ 0.344280 ],
      "X_25" : [ -0.008049 ],
      "X_26" : [ -0.370745 ],
      "X_27" : [ -0.206020 ],
      "X_28" : [ 0.203577 ],
      "X_29" : [ 0.184684 ],
      "X_30" : [ 8.632708 ],
      "X_31" : [ -0.019737 ],
      "X_32" : [ -0.602936 ],
      "X_33" : [ 0.007851 ],
      "X_34" : [ -0.072709 ],
      "X_35" : [ 0.066750 ],
      "X_36" : [ 1.209996 ],
      "X_37" : [ -0.016045 ],
      "X_38" : [ -0.033742 ],
      "X_39" : [ -0.039330 ],
      "X_40" : [ 0.060752 ],
      "X_41" : [ 0.112874 ],
      "X_42" : [ 0.174162 ],
      "X_43" : [ 0.162027 ],
      "X_44" : [ 0.134351 ],
      "X_45" : [ 0.125171 ],
      "X_46" : [ 6.069761 ],
      "X_47" : [ -0.078225 ],
      "X_48" : [ -0.027435 ],
      "X_49" : [ 0.235338 ],
      "X_50" : [ -0.067707 ],
      "X_51" : [ 0.087841 ],
      "X_52" : [ 0.258512 ],
      "X_53" : [ 0.048939 ],
      "X_54" : [ 0.152728 ],
      "X_55" : [ 0.272605 ],
      "X_56" : [ -0.195980 ],
      "X_57" : [ 0.018934 ],
      "X_58" : [ 0.506490 ],
      "X_59" : [ -2.134179 ],
      "X_60" : [ 0.024603 ],
      "X_61" : [ -0.099578 ],
      "X_62" : [ 0.076357 ],
      "X_63" : [ -0.011169 ],
      "X_64" : [ 0.112959 ],
      "X_65" : [ 0.359441 ],
      "X_66" : [ -0.067483 ],
      "X_67" : [ -0.082823 ],
      "X_68" : [ 0.036967 ],
      "X_69" : [ 0.175236 ],
      "X_70" : [ -0.137112 ],
      "X_71" : [ 0.064653 ],
      "X_72" : [ -0.069490 ],
      "X_73" : [ 0.028786 ],
      "X_74" : [ -0.028054 ],
      "X_75" : [ 0.003344 ],
      "X_76" : [ 0.011244 ],
      "X_77" : [ -12.939408 ],
      "X_78" : [ -0.001508 ],
      "X_79" : [ 0.164377 ],
      "X_80" : [ -0.158523 ],
      "X_81" : [ -0.190336 ],
      "X_82" : [ -0.033838 ],
      "X_83" : [ -0.074627 ],
      "X_84" : [ -0.131258 ],
      "X_85" : [ -0.258006 ],
      "X_86" : [ -0.012385 ],
      "X_87" : [ 0.085588 ],
      "X_88" : [ -0.123681 ],
      "X_89" : [ 0.252845 ],
      "X_90" : [ -0.543990 ],
      "X_91" : [ -0.189554 ],
      "X_92" : [ 0.092451 ],
      "X_93" : [ 0.214116 ],
      "X_94" : [ 0.038698 ],
      "X_95" : [ 0.066158 ],
      "X_96" : [ 0.310519 ],
      "X_97" : [ 0.117008 ],
      "X_98" : [ 0.039440 ],
      "X_99" : [ 0.067625 ]   
   },
   "Most_Contributive_Features" : {
      "y" : [ 77, 30, 46, 59, 36, 32, 90, 58, 20, 22 ]
   }
}