{
   "Contributions" : {
      "X_0" : [ 10.785676 ],
      "X_1" : [ 0.346128 ],
      "X_2" : [ -0.397706 ],
      "X_3" : [ -0.095999 ],
      "X_4" : [ -1.643997 ],
      "X_5" : [ 5.976995 ],
      "X_6" : [ 20.422310 ],
      "X_7" : [ 0.365015 ],
      "X_8" : [ -0.393455 ],
      "X_9" : [ -0.407009 ]   
   },
   "Most_Contributive_Features" : {
      "y" : [ 6, 0, 5, 4, 9, 2, 8, 7, 1, 3 ]
   }
}