{
   "Contributions" : {
      "X_0" : [ 0.000000, 0.000000, 0.000000 ],
      "X_1" : [ 0.004876, -0.006008, 0.001132 ],
      "X_2" : [ -0.028610, 0.020667, 0.007943 ],
      "X_3" : [ -0.000729, 0.020772, -0.020043 ]   
   },
   "Most_Contributive_Features_By_Class" : {
      "class_0" : [ 2, 1, 3 ],
      "class_1" : [ 3, 2, 1 ],
      "class_2" : [ 3, 2, 1 ]
   }
}