{
   "Contributions" : {
      "X_0" : [ 0.001253, -0.001253 ],
      "X_1" : [ -0.008290, 0.008290 ],
      "X_2" : [ 0.005620, -0.005620 ],
      "X_3" : [ -0.017290, 0.017290 ],
      "X_4" : [ -0.009366, 0.009366 ],
      "X_5" : [ -0.002378, 0.002378 ],
      "X_6" : [ 0.006383, -0.006383 ],
      "X_7" : [ -0.001014, 0.001014 ],
      "X_8" : [ 0.004648, -0.004648 ],
      "X_9" : [ 0.003829, -0.003829 ]   
   },
   "Most_Contributive_Features_By_Class" : {
      "class_0" : [ 3, 4, 1, 6, 2, 8, 9, 5, 0, 7 ],
      "class_1" : [ 3, 4, 1, 6, 2, 8, 9, 5, 0, 7 ]
   }
}