{
   "Contributions" : {
      "X_0" : [ -0.000642, 0.000642 ],
      "X_1" : [ -0.001390, 0.001390 ],
      "X_2" : [ -0.000577, 0.000577 ],
      "X_3" : [ 0.000896, -0.000896 ],
      "X_4" : [ 0.001495, -0.001495 ],
      "X_5" : [ -0.000076, 0.000076 ],
      "X_6" : [ -0.000628, 0.000628 ],
      "X_7" : [ -0.000664, 0.000664 ],
      "X_8" : [ -0.000382, 0.000382 ],
      "X_9" : [ -0.004081, 0.004081 ]   
   },
   "Most_Contributive_Features_By_Class" : {
      "class_0" : [ 9, 4, 1, 3, 7, 0, 6, 2, 8, 5 ],
      "class_1" : [ 9, 4, 1, 3, 7, 0, 6, 2, 8, 5 ]
   }
}