{
   "Contributions" : {
      "X_0" : [ 0.000000, 0.000000, 0.000000, 0.000000 ],
      "X_1" : [ 0.000000, 0.000000, 0.000000, 0.000000 ],
      "X_2" : [ -0.000152, -0.002172, -0.000591, 0.002915 ],
      "X_3" : [ -0.002629, 0.001068, -0.001427, 0.002989 ],
      "X_4" : [ -0.001100, -0.001099, -0.000401, 0.002601 ],
      "X_5" : [ -0.000416, 0.001683, -0.001886, 0.000618 ],
      "X_6" : [ 0.000000, 0.000000, 0.000000, 0.000000 ],
      "X_7" : [ 0.000000, 0.000000, 0.000000, 0.000000 ],
      "X_8" : [ 0.000279, 0.001988, -0.000437, -0.001831 ],
      "X_9" : [ -0.000068, -0.000167, 0.000527, -0.000292 ],
      "X_10" : [ 0.001664, 0.001486, -0.004240, 0.001090 ],
      "X_11" : [ -0.000824, -0.000473, 0.001673, -0.000376 ],
      "X_12" : [ -0.000369, 0.001317, -0.000760, -0.000189 ],
      "X_13" : [ 0.001027, 0.000512, -0.001904, 0.000365 ],
      "X_14" : [ 0.006407, -0.001298, -0.001316, -0.003793 ],
      "X_15" : [ 0.000311, 0.000883, -0.000337, -0.000857 ],
      "X_16" : [ -0.000346, -0.000216, -0.001145, 0.001707 ],
      "X_17" : [ 0.000000, 0.000000, 0.000000, 0.000000 ],
      "X_18" : [ 0.000797, -0.000170, -0.000004, -0.000623 ],
      "X_19" : [ 0.000000, 0.000000, 0.000000, 0.000000 ],
      "X_20" : [ 0.002518, 0.000634, -0.002658, -0.000494 ],
      "X_21" : [ -0.000849, -0.001161, -0.001494, 0.003504 ],
      "X_22" : [ -0.000016, -0.000697, 0.001265, -0.000552 ],
      "X_23" : [ 0.000000, 0.000000, 0.000000, 0.000000 ],
      "X_24" : [ -0.002000, -0.000428, -0.000368, 0.002796 ],
      "X_25" : [ 0.001625, -0.000979, -0.000281, -0.000365 ],
      "X_26" : [ 0.000000, 0.000000, 0.000000, 0.000000 ],
      "X_27" : [ 0.001296, -0.000049, -0.001062, -0.000185 ],
      "X_28" : [ -0.000338, -0.001345, 0.002319, -0.000636 ],
      "X_29" : [ -0.000107, 0.000435, -0.000558, 0.000231 ],
      "X_30" : [ 0.003351, -0.000952, -0.000917, -0.001482 ],
      "X_31" : [ 0.032734, -0.001911, -0.003038, -0.027786 ],
      "X_32" : [ 0.000230, -0.000233, -0.000043, 0.000046 ],
      "X_33" : [ 0.000684, 0.000201, -0.000761, -0.000125 ],
      "X_34" : [ 0.000353, 0.000120, 0.001079, -0.001552 ],
      "X_35" : [ 0.000040, -0.000426, -0.000579, 0.000965 ],
      "X_36" : [ 0.000000, 0.000000, 0.000000, 0.000000 ],
      "X_37" : [ 0.000000, 0.000000, 0.000000, 0.000000 ],
      "X_38" : [ 0.000732, -0.000142, 0.000834, -0.001423 ],
      "X_39" : [ -0.000005, 0.000135, -0.000235, 0.000105 ],
      "X_40" : [ 0.009163, -0.003370, -0.004013, -0.001780 ],
      "X_41" : [ 0.000000, 0.000000, 0.000000, 0.000000 ],
      "X_42" : [ -0.000738, -0.003938, 0.000813, 0.003863 ],
      "X_43" : [ 0.000000, 0.000000, 0.000000, 0.000000 ],
      "X_44" : [ 0.000000, 0.000000, 0.000000, 0.000000 ],
      "X_45" : [ -0.000250, 0.002324, -0.001260, -0.000814 ],
      "X_46" : [ 0.002766, -0.000916, -0.000953, -0.000897 ],
      "X_47" : [ 0.000879, 0.000213, -0.000990, -0.000102 ],
      "X_48" : [ 0.000427, -0.000837, -0.000289, 0.000698 ],
      "X_49" : [ 0.005665, -0.000138, 0.004330, -0.009857 ],
      "X_50" : [ 0.000000, 0.000000, 0.000000, 0.000000 ],
      "X_51" : [ 0.000000, 0.000000, 0.000000, 0.000000 ],
      "X_52" : [ 0.000000, 0.000000, 0.000000, 0.000000 ],
      "X_53" : [ 0.000187, 0.000189, -0.000156, -0.000220 ],
      "X_54" : [ -0.000857, -0.002504, -0.000335, 0.003696 ],
      "X_55" : [ 0.002525, -0.000945, -0.002449, 0.000870 ],
      "X_56" : [ -0.000016, -0.000170, 0.000157, 0.000029 ],
      "X_57" : [ 0.000332, 0.001216, -0.001483, -0.000064 ],
      "X_58" : [ -0.000679, -0.000944, 0.000998, 0.000625 ],
      "X_59" : [ 0.000000, 0.000000, 0.000000, 0.000000 ],
      "X_60" : [ 0.000849, -0.001751, 0.004621, -0.003719 ],
      "X_61" : [ 0.000000, 0.000000, 0.000000, 0.000000 ],
      "X_62" : [ -0.001676, -0.004215, 0.000304, 0.005587 ],
      "X_63" : [ 0.000534, -0.000019, -0.000589, 0.000075 ],
      "X_64" : [ -0.004993, 0.002224, -0.004410, 0.007178 ],
      "X_65" : [ 0.000000, 0.000000, 0.000000, 0.000000 ],
      "X_66" : [ 0.004513, -0.000657, 0.001899, -0.005754 ],
      "X_67" : [ 0.000000, 0.000000, 0.000000, 0.000000 ],
      "X_68" : [ 0.000000, 0.000000, 0.000000, 0.000000 ],
      "X_69" : [ 0.000000, 0.000000, 0.000000, 0.000000 ],
      "X_70" : [ 0.000724, -0.000017, -0.000572, -0.000135 ],
      "X_71" : [ 0.001227, -0.000322, -0.000952, 0.000047 ],
      "X_72" : [ 0.002986, -0.004857, -0.000447, 0.002317 ],
      "X_73" : [ -0.000240, 0.000374, 0.000030, -0.000163 ],
      "X_74" : [ 0.000000, 0.000000, 0.000000, 0.000000 ],
      "X_75" : [ 0.000897, 0.000066, -0.000559, -0.000403 ],
      "X_76" : [ 0.002215, 0.000764, -0.003104, 0.000125 ],
      "X_77" : [ 0.000000, 0.000000, 0.000000, 0.000000 ],
      "X_78" : [ 0.000034, -0.001508, -0.000083, 0.001557 ],
      "X_79" : [ -0.003829, 0.001512, 0.002304, 0.000013 ],
      "X_80" : [ -0.000100, -0.000089, -0.000117, 0.000306 ],
      "X_81" : [ 0.000940, 0.000157, 0.005263, -0.006360 ],
      "X_82" : [ -0.000473, -0.001472, 0.001644, 0.000301 ],
      "X_83" : [ 0.000677, 0.000021, 0.000217, -0.000915 ],
      "X_84" : [ 0.000000, 0.000000, 0.000000, 0.000000 ],
      "X_85" : [ 0.000000, 0.000000, 0.000000, 0.000000 ],
      "X_86" : [ -0.000942, 0.000275, 0.001073, -0.000406 ],
      "X_87" : [ -0.000643, -0.000483, 0.001527, -0.000400 ],
      "X_88" : [ 0.000000, 0.000000, 0.000000, 0.000000 ],
      "X_89" : [ 0.000155, -0.000220, -0.000801, 0.000866 ],
      "X_90" : [ -0.000202, 0.000374, 0.000005, -0.000177 ],
      "X_91" : [ 0.000000, 0.000000, 0.000000, 0.000000 ],
      "X_92" : [ 0.001786, 0.000579, -0.001340, -0.001024 ],
      "X_93" : [ -0.000202, 0.000315, -0.000644, 0.000531 ],
      "X_94" : [ -0.000128, 0.000064, -0.000368, 0.000431 ],
      "X_95" : [ 0.000000, 0.000000, 0.000000, 0.000000 ],
      "X_96" : [ 0.000000, 0.000000, 0.000000, 0.000000 ],
      "X_97" : [ -0.001971, -0.000340, -0.003885, 0.006197 ],
      "X_98" : [ -0.000139, -0.000493, 0.000775, -0.000143 ],
      "X_99" : [ 0.000000, 0.000000, 0.000000, 0.000000 ]   
   },
   "Most_Contributive_Features_By_Class" : {
      "class_0" : [ 31, 40, 14, 49, 64, 66, 79, 30, 72, 46 ],
      "class_1" : [ 72, 62, 42, 40, 54, 45, 64, 2, 8, 31 ],
      "class_2" : [ 81, 60, 64, 49, 10, 40, 97, 76, 31, 20 ],
      "class_3" : [ 31, 49, 64, 81, 97, 66, 62, 42, 14, 60 ]
   }
}