{
   "Contributions" : {
      "X_0" : [ -0.006976 ],
      "X_1" : [ -0.236832 ],
      "X_2" : [ -0.125258 ],
      "X_3" : [ -0.308800 ],
      "X_4" : [ -0.095630 ],
      "X_5" : [ 0.031310 ],
      "X_6" : [ 0.009885 ],
      "X_7" : [ 0.008714 ],
      "X_8" : [ -0.047204 ],
      "X_9" : [ 0.058522 ]   
   },
   "Most_Contributive_Features" : {
      "y" : [ 3, 1, 2, 4, 9, 8, 5, 6, 7, 0 ]
   }
}