{
	"metadata" : { "model" : "Vapnik_SVR_RBF", "version" : "2024-W13", "signature" : "ff4_ff4"},
	"options" : {"svm_type" : "epsilon_svr", "kernel" : "rbf", "degree" : 3, "gamma" : 1.117212, "coef0" : 0.000000, "cache_size" : 300, "tol" : 0.001000, "nu" : 0.500000, "epsilon" : 0.100000, "shrinking" : 0, "probability" : 0, "C" : 1.000000, "max_iter" : 128, "random_state" : 1789 },
	"dataset" : { "dataset_rows" : 64, "dataset_features" : 10 },
	"svm_model" : {
	"classes" : 2,
	"L" : 64,
	"SupportVectors" : {
		"SV_00" : [ 0.544738, 0.515912, 0.990435, 0.255145, 0.143953, 0.332351, 0.868622, 0.041089, 0.898018, 0.377159 ],
		"SV_01" : [ 0.783459, 0.095321, 0.135945, 0.858711, 0.240785, 0.083671, 0.052374, 0.422766, 0.019766, 0.833486 ],
		"SV_02" : [ 0.652811, 0.757719, 0.306902, 0.828286, 0.763064, 0.859003, 0.873377, 0.146070, 0.894295, 0.086598 ],
		"SV_03" : [ 0.226051, 0.939732, 0.731124, 0.837456, 0.782448, 0.352927, 0.183212, 0.843453, 0.185038, 0.248943 ],
		"SV_04" : [ 0.764610, 0.378970, 0.823855, 0.913603, 0.553400, 0.055048, 0.588332, 0.361050, 0.814980, 0.123688 ],
		"SV_05" : [ 0.368356, 0.189593, 0.403483, 0.670145, 0.411066, 0.464093, 0.307388, 0.840440, 0.462841, 0.813023 ],
		"SV_06" : [ 0.888102, 0.149216, 0.426902, 0.180039, 0.792176, 0.085835, 0.603319, 0.653572, 0.865909, 0.986362 ],
		"SV_07" : [ 0.825366, 0.284076, 0.971058, 0.191878, 0.387555, 0.062500, 0.206877, 0.900471, 0.780397, 0.355315 ],
		"SV_08" : [ 0.235384, 0.117604, 0.514017, 0.633968, 0.618557, 0.121827, 0.576931, 0.091568, 0.527227, 0.211281 ],
		"SV_09" : [ 0.834709, 0.502155, 0.670056, 0.169213, 0.154568, 0.685113, 0.954394, 0.848192, 0.038824, 0.113899 ],
		"SV_10" : [ 0.287599, 0.939261, 0.380885, 0.731889, 0.052941, 0.942998, 0.527849, 0.812585, 0.329620, 0.003549 ],
		"SV_11" : [ 0.992031, 0.233387, 0.782862, 0.234139, 0.252201, 0.042487, 0.353661, 0.403574, 0.461541, 0.895167 ],
		"SV_12" : [ 0.020119, 0.541789, 0.751033, 0.996253, 0.717629, 0.991604, 0.412097, 0.708677, 0.950842, 0.143679 ],
		"SV_13" : [ 0.830477, 0.389094, 0.475292, 0.147457, 0.363702, 0.741192, 0.291713, 0.634453, 0.479506, 0.035941 ],
		"SV_14" : [ 0.399336, 0.628863, 0.606025, 0.837489, 0.772643, 0.257624, 0.166252, 0.040244, 0.521303, 0.455322 ],
		"SV_15" : [ 0.634220, 0.486969, 0.969793, 0.441636, 0.814121, 0.690923, 0.194226, 0.716476, 0.697923, 0.212891 ],
		"SV_16" : [ 0.772433, 0.764512, 0.960643, 0.302594, 0.292439, 0.441128, 0.688884, 0.145406, 0.532042, 0.749330 ],
		"SV_17" : [ 0.907576, 0.735434, 0.379983, 0.157810, 0.874279, 0.971871, 0.088356, 0.265155, 0.264531, 0.516615 ],
		"SV_18" : [ 0.073860, 0.684412, 0.937700, 0.715815, 0.671463, 0.675644, 0.715147, 0.319506, 0.552600, 0.675153 ],
		"SV_19" : [ 0.191682, 0.548477, 0.981609, 0.531261, 0.813478, 0.102625, 0.317443, 0.201464, 0.243298, 0.064135 ],
		"SV_20" : [ 0.604811, 0.984899, 0.598416, 0.783427, 0.739098, 0.893643, 0.193266, 0.096950, 0.547724, 0.389115 ],
		"SV_21" : [ 0.480054, 0.664308, 0.985340, 0.567078, 0.994149, 0.780890, 0.232756, 0.567089, 0.093123, 0.031981 ],
		"SV_22" : [ 0.257439, 0.499463, 0.260146, 0.239901, 0.156860, 0.590953, 0.077376, 0.340943, 0.943330, 0.056908 ],
		"SV_23" : [ 0.010500, 0.200190, 0.192366, 0.175831, 0.507530, 0.721218, 0.719388, 0.114770, 0.417354, 0.783886 ],
		"SV_24" : [ 0.341289, 0.059388, 0.275743, 0.885258, 0.018723, 0.985191, 0.272452, 0.138076, 0.832781, 0.073518 ],
		"SV_25" : [ 0.759884, 0.645603, 0.858346, 0.414192, 0.746659, 0.476919, 0.729435, 0.314409, 0.340241, 0.086284 ],
		"SV_26" : [ 0.361047, 0.160106, 0.219158, 0.010201, 0.471566, 0.488280, 0.020705, 0.852158, 0.667965, 0.378921 ],
		"SV_27" : [ 0.707837, 0.144074, 0.012616, 0.030879, 0.479881, 0.891077, 0.451813, 0.845402, 0.259907, 0.331544 ],
		"SV_28" : [ 0.387013, 0.186144, 0.843217, 0.273500, 0.175361, 0.010880, 0.338375, 0.530580, 0.739766, 0.316235 ],
		"SV_29" : [ 0.468597, 0.178458, 0.334268, 0.726481, 0.251948, 0.416145, 0.033750, 0.950958, 0.192608, 0.099539 ],
		"SV_30" : [ 0.705919, 0.335669, 0.829238, 0.863314, 0.287537, 0.639683, 0.745771, 0.787558, 0.582418, 0.363306 ],
		"SV_31" : [ 0.975417, 0.002660, 0.366127, 0.434512, 0.945664, 0.329085, 0.852323, 0.591908, 0.151237, 0.221160 ],
		"SV_32" : [ 0.479223, 0.684603, 0.324254, 0.801230, 0.871487, 0.937278, 0.292127, 0.900755, 0.827968, 0.568796 ],
		"SV_33" : [ 0.457487, 0.414129, 0.014223, 0.378696, 0.893256, 0.937627, 0.113897, 0.460844, 0.008495, 0.149271 ],
		"SV_34" : [ 0.734481, 0.482054, 0.789831, 0.806913, 0.681106, 0.602843, 0.333277, 0.147743, 0.020703, 0.509223 ],
		"SV_35" : [ 0.993297, 0.015448, 0.073074, 0.123516, 0.766918, 0.032547, 0.970468, 0.585911, 0.580508, 0.025791 ],
		"SV_36" : [ 0.140833, 0.617769, 0.186105, 0.667265, 0.836290, 0.880516, 0.798945, 0.198079, 0.648067, 0.563459 ],
		"SV_37" : [ 0.305323, 0.920127, 0.554815, 0.290412, 0.398567, 0.153044, 0.764948, 0.336047, 0.946082, 0.127173 ],
		"SV_38" : [ 0.962192, 0.293916, 0.643533, 0.533264, 0.651122, 0.658760, 0.177023, 0.587402, 0.910031, 0.612165 ],
		"SV_39" : [ 0.780402, 0.085852, 0.090657, 0.645854, 0.414723, 0.242054, 0.316598, 0.649726, 0.127717, 0.122979 ],
		"SV_40" : [ 0.774018, 0.202348, 0.142057, 0.873570, 0.310546, 0.683928, 0.650031, 0.492748, 0.253903, 0.786608 ],
		"SV_41" : [ 0.343479, 0.049133, 0.720020, 0.841468, 0.199002, 0.085445, 0.635873, 0.354635, 0.971117, 0.361298 ],
		"SV_42" : [ 0.175900, 0.912656, 0.761809, 0.442834, 0.780373, 0.425137, 0.228768, 0.916071, 0.814451, 0.264194 ],
		"SV_43" : [ 0.716619, 0.420279, 0.400670, 0.243987, 0.463251, 0.052291, 0.347263, 0.399395, 0.167246, 0.133911 ],
		"SV_44" : [ 0.366207, 0.096199, 0.520676, 0.250113, 0.155164, 0.752654, 0.007439, 0.025310, 0.924844, 0.961402 ],
		"SV_45" : [ 0.827680, 0.741216, 0.967589, 0.359411, 0.243325, 0.911669, 0.829354, 0.787352, 0.791034, 0.782214 ],
		"SV_46" : [ 0.663564, 0.399281, 0.158547, 0.930965, 0.846977, 0.986627, 0.132816, 0.426558, 0.999950, 0.674509 ],
		"SV_47" : [ 0.225035, 0.267629, 0.997439, 0.660872, 0.911509, 0.036102, 0.310786, 0.232937, 0.166239, 0.314810 ],
		"SV_48" : [ 0.447627, 0.691429, 0.591546, 0.175425, 0.630102, 0.058576, 0.814630, 0.489707, 0.676671, 0.497671 ],
		"SV_49" : [ 0.071195, 0.704806, 0.073220, 0.221647, 0.993317, 0.434096, 0.481980, 0.139224, 0.725143, 0.940551 ],
		"SV_50" : [ 0.849990, 0.916139, 0.864912, 0.228437, 0.340806, 0.227606, 0.447862, 0.068150, 0.472487, 0.104133 ],
		"SV_51" : [ 0.823836, 0.504187, 0.034569, 0.308381, 0.003390, 0.039580, 0.879070, 0.101112, 0.747507, 0.958859 ],
		"SV_52" : [ 0.221163, 0.634851, 0.675740, 0.393459, 0.593254, 0.877299, 0.742170, 0.322286, 0.749472, 0.996954 ],
		"SV_53" : [ 0.509773, 0.341051, 0.395373, 0.566571, 0.346628, 0.931609, 0.107350, 0.085550, 0.260950, 0.128551 ],
		"SV_54" : [ 0.246418, 0.754389, 0.264436, 0.996826, 0.880107, 0.261948, 0.595422, 0.306809, 0.390167, 0.471118 ],
		"SV_55" : [ 0.412680, 0.457356, 0.683210, 0.556247, 0.427686, 0.733437, 0.557058, 0.987081, 0.262669, 0.112616 ],
		"SV_56" : [ 0.804101, 0.103050, 0.728795, 0.068628, 0.567613, 0.648562, 0.495718, 0.628355, 0.398738, 0.185100 ],
		"SV_57" : [ 0.101391, 0.213374, 0.964562, 0.911902, 0.755811, 0.963955, 0.532774, 0.985822, 0.912822, 0.720971 ],
		"SV_58" : [ 0.315183, 0.997390, 0.586190, 0.445598, 0.654557, 0.385768, 0.990681, 0.245576, 0.173731, 0.219154 ],
		"SV_59" : [ 0.652046, 0.852315, 0.661294, 0.458178, 0.683117, 0.988920, 0.959995, 0.609463, 0.682591, 0.243739 ],
		"SV_60" : [ 0.133169, 0.898182, 0.993566, 0.694676, 0.756484, 0.193983, 0.035123, 0.033415, 0.014059, 0.907372 ],
		"SV_61" : [ 0.771820, 0.489723, 0.677121, 0.147928, 0.907274, 0.355043, 0.851254, 0.565222, 0.039136, 0.218690 ],
		"SV_62" : [ 0.059807, 0.098960, 0.941488, 0.567316, 0.732979, 0.264147, 0.224463, 0.265461, 0.196262, 0.732540 ],
		"SV_63" : [ 0.672520, 0.960422, 0.271050, 0.259409, 0.076063, 0.603909, 0.732761, 0.514037, 0.918325, 0.297702 ]
	},