{
   "Contributions" : {
      "X_0" : [ 5.058506 ],
      "X_1" : [ 4.014589 ],
      "X_2" : [ 1.543018 ],
      "X_3" : [ -1.694282 ],
      "X_4" : [ 0.029448 ],
      "X_5" : [ 2.302527 ],
      "X_6" : [ 9.001444 ],
      "X_7" : [ -6.587273 ],
      "X_8" : [ -0.206686 ],
      "X_9" : [ -0.255598 ]   
   },
   "Most_Contributive_Features" : {
      "y" : [ 6, 7, 0, 1, 5, 3, 2, 9, 8, 4 ]
   }
}