{
   "Contributions" : {
      "X_0" : [ 2.843895 ],
      "X_1" : [ 3.619235 ],
      "X_2" : [ 1.477282 ],
      "X_3" : [ 0.741513 ],
      "X_4" : [ -0.545835 ],
      "X_5" : [ 1.488714 ],
      "X_6" : [ 12.169067 ],
      "X_7" : [ -4.104491 ],
      "X_8" : [ 0.922138 ],
      "X_9" : [ -0.448241 ]   
   },
   "Most_Contributive_Features" : {
      "y" : [ 6, 7, 1, 0, 5, 2, 8, 3, 4, 9 ]
   }
}