{
	"metadata" : { "model" : "Tikhonov_Ridge", "version" : "2024-W13", "signature" : "ff4_ff4"},
	"options" : { "alpha" : 0.000000, "random_state" : 1789 },
	"dataset" : { "dataset_rows" : 64, "dataset_features" : 100 },
	"equations" : {
			"intercept" : 6.844550,
			"coeffs" : [ -1.696454, 7.675501, 4.063702, -2.831020, 3.649108, 1.515738, 8.337324, 13.884379, 9.369090, 11.406527, -0.413223, -3.835072, 11.007347, -1.287767, -5.424847, -3.130462, -6.424951, -4.221008, -6.540835, 5.465440, 1.692841, 7.125977, 28.029711, -5.472822, 8.096877, 2.899445, 5.480973, 0.120307, 3.844494, -0.765502, 53.025482, 3.216239, 34.523479, 5.663648, 0.713358, 5.848286, 26.505165, -5.655411, -3.849163, 8.900425, -0.176804, -5.490679, 3.705019, -1.512164, -3.291918, -13.855525, 80.123589, -9.691037, -7.095166, -5.318444, 2.135664, 10.076992, -5.138073, 1.389993, -0.207410, 1.129049, -1.656743, -5.489688, 1.176839, 36.419510, 1.478428, -11.154720, -1.840567, -3.594441, 3.052955, 2.626443, 2.260644, 8.005472, -1.365466, 7.303603, 0.263838, -5.051751, 4.697773, 0.200989, -1.450705, -7.811788, 2.924400, 47.941727, -2.578001, 6.752794, -5.034616, -5.859867, 2.198822, -7.651645, -1.744472, 4.508529, 1.545393, -12.108761, -4.152510, 3.778582, 6.428334, 3.323482, -16.989330, -9.670571, -9.020278, 24.022320, 0.516598, 1.275758, -6.192553, 3.055429 ]
		}
}