{
	"metadata" : { "model" : "Tikhonov_Ridge", "version" : "2024-W13", "signature" : "ff4_ff4"},
	"options" : { "alpha" : 1.000000, "random_state" : 1789 },
	"dataset" : { "dataset_rows" : 64, "dataset_features" : 100 },
	"equations" : {
			"intercept" : 6.732546,
			"coeffs" : [ -1.058264, 7.213565, 4.301233, -3.009670, 3.107544, 1.180554, 7.774689, 13.217530, 8.413144, 11.191370, -0.492168, -3.129848, 11.482075, -2.053198, -5.975146, -3.429583, -5.733244, -4.196647, -6.408811, 5.958995, 1.257996, 6.956126, 27.484621, -5.920670, 7.144031, 2.454769, 5.380842, 1.373695, 3.197831, -0.584887, 51.370392, 2.498971, 33.475910, 5.471330, 0.793716, 6.066625, 25.814638, -6.651203, -3.118462, 7.943208, 0.296103, -4.327781, 2.642864, -1.815314, -3.521353, -13.294096, 78.356598, -9.553466, -7.637954, -5.570590, 2.494926, 9.899894, -4.265877, 2.158123, 0.593025, 1.548204, -1.002593, -4.891800, 0.924276, 35.838490, 1.642191, -10.987471, 0.145199, -4.122190, 3.699351, 2.595821, 1.613270, 7.051991, -2.244160, 6.434021, -0.515930, -4.426714, 4.520009, -0.078909, -1.541876, -5.510833, 3.420322, 47.941502, -2.956300, 6.870394, -6.098099, -5.516694, 1.406806, -6.554471, -0.693505, 4.584319, 1.413793, -10.813640, -4.548662, 3.768528, 7.325714, 4.049388, -16.445089, -9.017658, -8.701597, 24.580835, 0.540799, 1.961873, -5.462266, 3.044750 ]
		}
}