{
   "Contributions" : {
      "X_0" : [ 0.110653 ],
      "X_1" : [ -2.188205 ],
      "X_2" : [ -1.274221 ],
      "X_3" : [ -0.047221 ],
      "X_4" : [ 0.056013 ],
      "X_5" : [ -0.031408 ],
      "X_6" : [ -1.077606 ],
      "X_7" : [ -1.309891 ],
      "X_8" : [ 2.256601 ],
      "X_9" : [ -0.826050 ],
      "X_10" : [ -0.044249 ],
      "X_11" : [ -0.683585 ],
      "X_12" : [ 2.035873 ],
      "X_13" : [ -0.802842 ],
      "X_14" : [ 0.072506 ],
      "X_15" : [ 0.650238 ],
      "X_16" : [ 0.131441 ],
      "X_17" : [ 0.106641 ],
      "X_18" : [ 1.667785 ],
      "X_19" : [ -0.617677 ],
      "X_20" : [ 0.267716 ],
      "X_21" : [ -0.456603 ],
      "X_22" : [ -5.603773 ],
      "X_23" : [ 0.144510 ],
      "X_24" : [ 1.261428 ],
      "X_25" : [ -0.845051 ],
      "X_26" : [ 0.284496 ],
      "X_27" : [ 0.066142 ],
      "X_28" : [ 0.599513 ],
      "X_29" : [ 0.058052 ],
      "X_30" : [ -0.763071 ],
      "X_31" : [ -0.292446 ],
      "X_32" : [ 11.320427 ],
      "X_33" : [ 1.267556 ],
      "X_34" : [ -0.025191 ],
      "X_35" : [ -0.836421 ],
      "X_36" : [ -7.890947 ],
      "X_37" : [ 0.082982 ],
      "X_38" : [ -0.108153 ],
      "X_39" : [ -2.817072 ],
      "X_40" : [ 0.058386 ],
      "X_41" : [ 0.748947 ],
      "X_42" : [ 1.173741 ],
      "X_43" : [ 0.313136 ],
      "X_44" : [ -0.303940 ],
      "X_45" : [ -3.849500 ],
      "X_46" : [ -6.753209 ],
      "X_47" : [ 3.289460 ],
      "X_48" : [ -0.862435 ],
      "X_49" : [ -0.248197 ],
      "X_50" : [ -0.659064 ],
      "X_51" : [ -1.040015 ],
      "X_52" : [ -0.013329 ],
      "X_53" : [ 0.242779 ],
      "X_54" : [ 0.048436 ],
      "X_55" : [ -0.015265 ],
      "X_56" : [ 0.041551 ],
      "X_57" : [ 0.236638 ],
      "X_58" : [ 0.035589 ],
      "X_59" : [ 8.524446 ],
      "X_60" : [ 0.087876 ],
      "X_61" : [ 1.511465 ],
      "X_62" : [ 0.022153 ],
      "X_63" : [ 0.244005 ],
      "X_64" : [ 0.338877 ],
      "X_65" : [ 0.300153 ],
      "X_66" : [ -0.367518 ],
      "X_67" : [ -0.066680 ],
      "X_68" : [ -0.470625 ],
      "X_69" : [ -1.436598 ],
      "X_70" : [ 0.252277 ],
      "X_71" : [ 0.371914 ],
      "X_72" : [ -0.166521 ],
      "X_73" : [ 0.013545 ],
      "X_74" : [ 0.078011 ],
      "X_75" : [ 2.309874 ],
      "X_76" : [ -0.317916 ],
      "X_77" : [ -5.657379 ],
      "X_78" : [ 1.332278 ],
      "X_79" : [ -0.026462 ],
      "X_80" : [ 1.058543 ],
      "X_81" : [ -2.966257 ],
      "X_82" : [ -0.102229 ],
      "X_83" : [ 0.331791 ],
      "X_84" : [ 0.091947 ],
      "X_85" : [ 0.462875 ],
      "X_86" : [ -0.404231 ],
      "X_87" : [ -2.484312 ],
      "X_88" : [ -0.443900 ],
      "X_89" : [ 0.427301 ],
      "X_90" : [ -2.222325 ],
      "X_91" : [ -1.101821 ],
      "X_92" : [ 2.192642 ],
      "X_93" : [ -1.955660 ],
      "X_94" : [ -1.063287 ],
      "X_95" : [ 2.480443 ],
      "X_96" : [ -0.063164 ],
      "X_97" : [ 0.668648 ],
      "X_98" : [ -0.442325 ],
      "X_99" : [ 0.534699 ]   
   },
   "Most_Contributive_Features" : {
      "y" : [ 32, 59, 36, 46, 77, 22, 45, 47, 81, 39 ]
   }
}