{
   "Contributions" : {
      "X_0" : [ 0.177382 ],
      "X_1" : [ -2.328330 ],
      "X_2" : [ -1.203853 ],
      "X_3" : [ -0.044418 ],
      "X_4" : [ 0.065775 ],
      "X_5" : [ -0.040324 ],
      "X_6" : [ -1.155589 ],
      "X_7" : [ -1.375979 ],
      "X_8" : [ 2.513008 ],
      "X_9" : [ -0.841930 ],
      "X_10" : [ -0.037151 ],
      "X_11" : [ -0.837612 ],
      "X_12" : [ 1.951699 ],
      "X_13" : [ -0.503543 ],
      "X_14" : [ 0.065829 ],
      "X_15" : [ 0.593525 ],
      "X_16" : [ 0.147298 ],
      "X_17" : [ 0.107259 ],
      "X_18" : [ 1.702142 ],
      "X_19" : [ -0.566517 ],
      "X_20" : [ 0.360257 ],
      "X_21" : [ -0.467751 ],
      "X_22" : [ -5.714912 ],
      "X_23" : [ 0.133580 ],
      "X_24" : [ 1.429672 ],
      "X_25" : [ -0.998129 ],
      "X_26" : [ 0.289790 ],
      "X_27" : [ 0.005793 ],
      "X_28" : [ 0.720746 ],
      "X_29" : [ 0.075979 ],
      "X_30" : [ -0.787658 ],
      "X_31" : [ -0.376386 ],
      "X_32" : [ 11.674682 ],
      "X_33" : [ 1.312111 ],
      "X_34" : [ -0.022640 ],
      "X_35" : [ -0.806317 ],
      "X_36" : [ -8.102024 ],
      "X_37" : [ 0.070559 ],
      "X_38" : [ -0.133495 ],
      "X_39" : [ -3.156550 ],
      "X_40" : [ -0.034863 ],
      "X_41" : [ 0.950194 ],
      "X_42" : [ 1.645464 ],
      "X_43" : [ 0.260843 ],
      "X_44" : [ -0.284137 ],
      "X_45" : [ -4.012072 ],
      "X_46" : [ -6.905500 ],
      "X_47" : [ 3.336830 ],
      "X_48" : [ -0.801146 ],
      "X_49" : [ -0.236962 ],
      "X_50" : [ -0.564160 ],
      "X_51" : [ -1.058620 ],
      "X_52" : [ -0.016055 ],
      "X_53" : [ 0.156368 ],
      "X_54" : [ -0.016941 ],
      "X_55" : [ -0.011132 ],
      "X_56" : [ 0.068663 ],
      "X_57" : [ 0.265562 ],
      "X_58" : [ 0.045313 ],
      "X_59" : [ 8.662646 ],
      "X_60" : [ 0.079112 ],
      "X_61" : [ 1.534472 ],
      "X_62" : [ -0.280820 ],
      "X_63" : [ 0.212766 ],
      "X_64" : [ 0.279664 ],
      "X_65" : [ 0.303694 ],
      "X_66" : [ -0.514997 ],
      "X_67" : [ -0.075695 ],
      "X_68" : [ -0.286354 ],
      "X_69" : [ -1.630760 ],
      "X_70" : [ -0.129011 ],
      "X_71" : [ 0.424427 ],
      "X_72" : [ -0.173070 ],
      "X_73" : [ -0.034501 ],
      "X_74" : [ 0.073398 ],
      "X_75" : [ 3.274324 ],
      "X_76" : [ -0.271821 ],
      "X_77" : [ -5.657407 ],
      "X_78" : [ 1.161796 ],
      "X_79" : [ -0.026009 ],
      "X_80" : [ 0.873938 ],
      "X_81" : [ -3.150777 ],
      "X_82" : [ -0.159782 ],
      "X_83" : [ 0.387330 ],
      "X_84" : [ 0.231288 ],
      "X_85" : [ 0.455223 ],
      "X_86" : [ -0.441858 ],
      "X_87" : [ -2.781850 ],
      "X_88" : [ -0.405241 ],
      "X_89" : [ 0.428441 ],
      "X_90" : [ -1.950096 ],
      "X_91" : [ -0.904305 ],
      "X_92" : [ 2.265206 ],
      "X_93" : [ -2.097256 ],
      "X_94" : [ -1.102226 ],
      "X_95" : [ 2.424083 ],
      "X_96" : [ -0.060337 ],
      "X_97" : [ 0.434805 ],
      "X_98" : [ -0.501462 ],
      "X_99" : [ 0.536574 ]   
   },
   "Most_Contributive_Features" : {
      "y" : [ 32, 59, 36, 46, 22, 77, 45, 47, 75, 39 ]
   }
}