{
   "Contributions" : {
      "X_0" : [ -1.956027 ],
      "X_1" : [ 24.727859 ],
      "X_2" : [ -8.414321 ],
      "X_3" : [ -1.135838 ]   
   },
   "Most_Contributive_Features" : {
      "y" : [ 1, 2, 0, 3 ]
   }
}