{
   "Contributions" : {
      "X_0" : [ -0.003533, 0.003533 ],
      "X_1" : [ -0.006681, 0.006681 ],
      "X_2" : [ -0.006614, 0.006614 ],
      "X_3" : [ -0.000509, 0.000509 ],
      "X_4" : [ -0.009398, 0.009398 ],
      "X_5" : [ -0.001972, 0.001972 ],
      "X_6" : [ -0.000266, 0.000266 ],
      "X_7" : [ 0.002643, -0.002643 ],
      "X_8" : [ 0.003424, -0.003424 ],
      "X_9" : [ 0.001311, -0.001311 ],
      "X_10" : [ 0.002511, -0.002511 ],
      "X_11" : [ -0.002915, 0.002915 ],
      "X_12" : [ 0.006144, -0.006144 ],
      "X_13" : [ -0.000306, 0.000306 ],
      "X_14" : [ -0.002050, 0.002050 ],
      "X_15" : [ 0.001831, -0.001831 ],
      "X_16" : [ 0.001695, -0.001695 ],
      "X_17" : [ 0.002215, -0.002215 ],
      "X_18" : [ -0.001924, 0.001924 ],
      "X_19" : [ -0.007034, 0.007034 ],
      "X_20" : [ -0.000208, 0.000208 ],
      "X_21" : [ 0.000432, -0.000432 ],
      "X_22" : [ -0.002416, 0.002416 ],
      "X_23" : [ -0.008652, 0.008652 ],
      "X_24" : [ 0.000439, -0.000439 ],
      "X_25" : [ -0.001291, 0.001291 ],
      "X_26" : [ -0.001248, 0.001248 ],
      "X_27" : [ -0.000057, 0.000057 ],
      "X_28" : [ 0.001772, -0.001772 ],
      "X_29" : [ 0.000916, -0.000916 ],
      "X_30" : [ 0.001048, -0.001048 ],
      "X_31" : [ -0.001664, 0.001664 ],
      "X_32" : [ -0.001129, 0.001129 ],
      "X_33" : [ -0.001009, 0.001009 ],
      "X_34" : [ 0.000540, -0.000540 ],
      "X_35" : [ -0.002343, 0.002343 ],
      "X_36" : [ 0.000347, -0.000347 ],
      "X_37" : [ 0.007141, -0.007141 ],
      "X_38" : [ 0.009046, -0.009046 ],
      "X_39" : [ -0.000251, 0.000251 ],
      "X_40" : [ 0.000784, -0.000784 ],
      "X_41" : [ 0.000346, -0.000346 ],
      "X_42" : [ 0.000182, -0.000182 ],
      "X_43" : [ 0.000071, -0.000071 ],
      "X_44" : [ -0.001764, 0.001764 ],
      "X_45" : [ -0.000397, 0.000397 ],
      "X_46" : [ -0.001118, 0.001118 ],
      "X_47" : [ -0.000539, 0.000539 ],
      "X_48" : [ 0.002669, -0.002669 ],
      "X_49" : [ 0.001134, -0.001134 ],
      "X_50" : [ 0.001137, -0.001137 ],
      "X_51" : [ 0.000706, -0.000706 ],
      "X_52" : [ 0.001695, -0.001695 ],
      "X_53" : [ -0.002136, 0.002136 ],
      "X_54" : [ 0.000421, -0.000421 ],
      "X_55" : [ 0.003164, -0.003164 ],
      "X_56" : [ -0.001352, 0.001352 ],
      "X_57" : [ -0.007807, 0.007807 ],
      "X_58" : [ 0.001026, -0.001026 ],
      "X_59" : [ -0.009817, 0.009817 ],
      "X_60" : [ 0.002018, -0.002018 ],
      "X_61" : [ -0.012818, 0.012818 ],
      "X_62" : [ 0.000551, -0.000551 ],
      "X_63" : [ -0.000670, 0.000670 ],
      "X_64" : [ -0.000878, 0.000878 ],
      "X_65" : [ -0.002753, 0.002753 ],
      "X_66" : [ -0.000151, 0.000151 ],
      "X_67" : [ 0.004239, -0.004239 ],
      "X_68" : [ 0.000296, -0.000296 ],
      "X_69" : [ -0.003638, 0.003638 ],
      "X_70" : [ 0.000124, -0.000124 ],
      "X_71" : [ 0.000386, -0.000386 ],
      "X_72" : [ 0.000208, -0.000208 ],
      "X_73" : [ 0.000198, -0.000198 ],
      "X_74" : [ -0.000809, 0.000809 ],
      "X_75" : [ 0.001434, -0.001434 ],
      "X_76" : [ -0.001755, 0.001755 ],
      "X_77" : [ 0.000554, -0.000554 ],
      "X_78" : [ -0.006046, 0.006046 ],
      "X_79" : [ -0.000152, 0.000152 ],
      "X_80" : [ 0.001893, -0.001893 ],
      "X_81" : [ -0.000957, 0.000957 ],
      "X_82" : [ 0.003685, -0.003685 ],
      "X_83" : [ -0.000093, 0.000093 ],
      "X_84" : [ 0.002368, -0.002368 ],
      "X_85" : [ 0.003275, -0.003275 ],
      "X_86" : [ 0.000917, -0.000917 ],
      "X_87" : [ 0.002970, -0.002970 ],
      "X_88" : [ -0.005705, 0.005705 ],
      "X_89" : [ -0.001224, 0.001224 ],
      "X_90" : [ -0.001536, 0.001536 ],
      "X_91" : [ -0.000980, 0.000980 ],
      "X_92" : [ 0.003496, -0.003496 ],
      "X_93" : [ 0.001535, -0.001535 ],
      "X_94" : [ 0.000002, -0.000002 ],
      "X_95" : [ -0.005171, 0.005171 ],
      "X_96" : [ 0.000861, -0.000861 ],
      "X_97" : [ 0.001660, -0.001660 ],
      "X_98" : [ 0.000713, -0.000713 ],
      "X_99" : [ -0.001736, 0.001736 ]   
   },
   "Most_Contributive_Features_By_Class" : {
      "class_0" : [ 61, 59, 4, 38, 23, 57, 37, 19, 1, 2 ],
      "class_1" : [ 61, 59, 4, 38, 23, 57, 37, 19, 1, 2 ]
   }
}