{
   "Contributions" : {
      "X_0" : [ 0.000703, -0.000703 ],
      "X_1" : [ -0.029789, 0.029789 ],
      "X_2" : [ -0.004068, 0.004068 ],
      "X_3" : [ 0.000020, -0.000020 ],
      "X_4" : [ -0.012399, 0.012399 ],
      "X_5" : [ 0.002713, -0.002713 ],
      "X_6" : [ 0.000689, -0.000689 ],
      "X_7" : [ 0.001763, -0.001763 ],
      "X_8" : [ 0.000156, -0.000156 ],
      "X_9" : [ -0.001088, 0.001088 ],
      "X_10" : [ 0.004027, -0.004027 ],
      "X_11" : [ -0.005655, 0.005655 ],
      "X_12" : [ 0.002820, -0.002820 ],
      "X_13" : [ 0.000405, -0.000405 ],
      "X_14" : [ -0.000438, 0.000438 ],
      "X_15" : [ -0.000603, 0.000603 ],
      "X_16" : [ -0.001040, 0.001040 ],
      "X_17" : [ -0.000249, 0.000249 ],
      "X_18" : [ 0.000156, -0.000156 ],
      "X_19" : [ -0.004205, 0.004205 ],
      "X_20" : [ 0.001264, -0.001264 ],
      "X_21" : [ 0.001921, -0.001921 ],
      "X_22" : [ 0.001625, -0.001625 ],
      "X_23" : [ -0.012609, 0.012609 ],
      "X_24" : [ -0.000301, 0.000301 ],
      "X_25" : [ 0.002630, -0.002630 ],
      "X_26" : [ 0.000234, -0.000234 ],
      "X_27" : [ 0.003803, -0.003803 ],
      "X_28" : [ -0.001106, 0.001106 ],
      "X_29" : [ 0.000643, -0.000643 ],
      "X_30" : [ 0.000179, -0.000179 ],
      "X_31" : [ -0.000335, 0.000335 ],
      "X_32" : [ 0.002653, -0.002653 ],
      "X_33" : [ -0.000630, 0.000630 ],
      "X_34" : [ 0.000162, -0.000162 ],
      "X_35" : [ 0.000490, -0.000490 ],
      "X_36" : [ -0.000666, 0.000666 ],
      "X_37" : [ -0.003846, 0.003846 ],
      "X_38" : [ 0.004233, -0.004233 ],
      "X_39" : [ -0.000463, 0.000463 ],
      "X_40" : [ 0.002686, -0.002686 ],
      "X_41" : [ 0.000336, -0.000336 ],
      "X_42" : [ -0.000541, 0.000541 ],
      "X_43" : [ 0.000602, -0.000602 ],
      "X_44" : [ 0.000031, -0.000031 ],
      "X_45" : [ -0.000396, 0.000396 ],
      "X_46" : [ 0.000273, -0.000273 ],
      "X_47" : [ 0.000376, -0.000376 ],
      "X_48" : [ -0.000129, 0.000129 ],
      "X_49" : [ -0.002822, 0.002822 ],
      "X_50" : [ -0.003031, 0.003031 ],
      "X_51" : [ 0.000863, -0.000863 ],
      "X_52" : [ 0.002583, -0.002583 ],
      "X_53" : [ -0.002598, 0.002598 ],
      "X_54" : [ 0.000619, -0.000619 ],
      "X_55" : [ 0.001583, -0.001583 ],
      "X_56" : [ -0.001830, 0.001830 ],
      "X_57" : [ -0.003847, 0.003847 ],
      "X_58" : [ -0.000881, 0.000881 ],
      "X_59" : [ -0.001963, 0.001963 ],
      "X_60" : [ 0.000810, -0.000810 ],
      "X_61" : [ -0.023735, 0.023735 ],
      "X_62" : [ 0.000393, -0.000393 ],
      "X_63" : [ 0.001236, -0.001236 ],
      "X_64" : [ 0.003683, -0.003683 ],
      "X_65" : [ 0.001713, -0.001713 ],
      "X_66" : [ 0.001059, -0.001059 ],
      "X_67" : [ 0.008352, -0.008352 ],
      "X_68" : [ -0.001157, 0.001157 ],
      "X_69" : [ -0.003458, 0.003458 ],
      "X_70" : [ -0.000992, 0.000992 ],
      "X_71" : [ 0.001594, -0.001594 ],
      "X_72" : [ 0.001472, -0.001472 ],
      "X_73" : [ -0.002687, 0.002687 ],
      "X_74" : [ 0.000842, -0.000842 ],
      "X_75" : [ 0.001601, -0.001601 ],
      "X_76" : [ -0.000753, 0.000753 ],
      "X_77" : [ 0.001742, -0.001742 ],
      "X_78" : [ -0.002755, 0.002755 ],
      "X_79" : [ 0.000376, -0.000376 ],
      "X_80" : [ -0.000090, 0.000090 ],
      "X_81" : [ -0.000934, 0.000934 ],
      "X_82" : [ 0.001159, -0.001159 ],
      "X_83" : [ -0.000611, 0.000611 ],
      "X_84" : [ 0.002883, -0.002883 ],
      "X_85" : [ 0.001360, -0.001360 ],
      "X_86" : [ 0.001679, -0.001679 ],
      "X_87" : [ -0.001724, 0.001724 ],
      "X_88" : [ 0.001043, -0.001043 ],
      "X_89" : [ 0.001389, -0.001389 ],
      "X_90" : [ 0.001048, -0.001048 ],
      "X_91" : [ 0.004441, -0.004441 ],
      "X_92" : [ 0.002772, -0.002772 ],
      "X_93" : [ 0.000448, -0.000448 ],
      "X_94" : [ -0.000226, 0.000226 ],
      "X_95" : [ -0.003524, 0.003524 ],
      "X_96" : [ -0.000760, 0.000760 ],
      "X_97" : [ -0.000535, 0.000535 ],
      "X_98" : [ -0.000572, 0.000572 ],
      "X_99" : [ -0.001056, 0.001056 ]   
   },
   "Most_Contributive_Features_By_Class" : {
      "class_0" : [ 1, 61, 23, 4, 67, 11, 91, 38, 19, 2 ],
      "class_1" : [ 1, 61, 23, 4, 67, 11, 91, 38, 19, 2 ]
   }
}