{
   "Contributions" : {
      "X_0" : [ -1.884539 ],
      "X_1" : [ 32.605862 ],
      "X_2" : [ -4.129327 ],
      "X_3" : [ -3.608443 ]   
   },
   "Most_Contributive_Features" : {
      "y" : [ 1, 2, 3, 0 ]
   }
}