{
   "Contributions" : {
      "X_0" : [ 0.528458 ],
      "X_1" : [ 35.227459 ],
      "X_2" : [ -4.817554 ],
      "X_3" : [ -0.531026 ]   
   },
   "Most_Contributive_Features" : {
      "y" : [ 1, 2, 3, 0 ]
   }
}