{
	"metadata" : { "model" : "Breiman_CART", "version" : "2024-W14", "signature" : "ff4_ff4"},
	"options" : { "ccp_alpha" : 0.000000, "criterion" : "", "max_depth" : 6, "max_features" : null, "max_leaf_nodes" : 32, "min_impurity_decrease" : 0.000000, "min_samples_leaf" : 1, "min_samples_split" : 2, "min_weight_fraction_leaf" : 0.000000, "random_state" : 1789, "splitter" : "best" },
	"dataset" : { "dataset_rows" : 100, "dataset_features" : 4 },
	"tree" : {
	"features" : 4,
	"outputs" : 1,
	"max_depth" : 5,
	"node_count" : 63,
	"nodes" : {
		"node_00" : {"left" : 1, "right" : 2, "feature" : 1, "threshold" : 869.952148, "impurity" : 118968.359375, "n_samples" : 100, "w_samples" : 100.000000, "value" : [441.435455]},
		"node_01" : {"left" : 11, "right" : 12, "feature" : 2, "threshold" : 0.413834, "impurity" : 27009.679688, "n_samples" : 51, "w_samples" : 51.000000, "value" : [245.793198]},
		"node_02" : {"left" : 3, "right" : 4, "feature" : 2, "threshold" : 0.539068, "impurity" : 133378.156250, "n_samples" : 49, "w_samples" : 49.000000, "value" : [645.062805]},
		"node_03" : {"left" : 9, "right" : 10, "feature" : 2, "threshold" : 0.229331, "impurity" : 29742.703125, "n_samples" : 26, "w_samples" : 26.000000, "value" : [382.075348]},
		"node_04" : {"left" : 5, "right" : 6, "feature" : 1, "threshold" : 1437.606201, "impurity" : 83967.000000, "n_samples" : 23, "w_samples" : 23.000000, "value" : [942.353149]},
		"node_05" : {"left" : 23, "right" : 24, "feature" : 3, "threshold" : 7.384670, "impurity" : 7887.312500, "n_samples" : 14, "w_samples" : 14.000000, "value" : [746.879395]},
		"node_06" : {"left" : 7, "right" : 8, "feature" : 2, "threshold" : 0.869045, "impurity" : 50416.250000, "n_samples" : 9, "w_samples" : 9.000000, "value" : [1246.423340]},
		"node_07" : {"left" : 19, "right" : 20, "feature" : 2, "threshold" : 0.676750, "impurity" : 11332.250000, "n_samples" : 6, "w_samples" : 6.000000, "value" : [1106.807739]},
		"node_08" : {"left" : 17, "right" : 18, "feature" : 3, "threshold" : 3.527852, "impurity" : 11629.000000, "n_samples" : 3, "w_samples" : 3.000000, "value" : [1525.654663]},
		"node_09" : {"left" : 27, "right" : 28, "feature" : 2, "threshold" : 0.130403, "impurity" : 3855.720703, "n_samples" : 7, "w_samples" : 7.000000, "value" : [141.573990]},
		"node_10" : {"left" : 25, "right" : 26, "feature" : 0, "threshold" : 14.616403, "impurity" : 10119.250000, "n_samples" : 19, "w_samples" : 19.000000, "value" : [470.681061]},
		"node_11" : {"left" : 59, "right" : 60, "feature" : 1, "threshold" : 584.688721, "impurity" : 1625.191406, "n_samples" : 20, "w_samples" : 20.000000, "value" : [112.606125]},
		"node_12" : {"left" : 13, "right" : 14, "feature" : 1, "threshold" : 478.218262, "impurity" : 24558.929688, "n_samples" : 31, "w_samples" : 31.000000, "value" : [331.720276]},
		"node_13" : {"left" : 39, "right" : 40, "feature" : 1, "threshold" : 284.630463, "impurity" : 3311.703125, "n_samples" : 15, "w_samples" : 15.000000, "value" : [210.282852]},
		"node_14" : {"left" : 15, "right" : 16, "feature" : 2, "threshold" : 0.797837, "impurity" : 17691.625000, "n_samples" : 16, "w_samples" : 16.000000, "value" : [445.567841]},
		"node_15" : {"left" : 41, "right" : 42, "feature" : 2, "threshold" : 0.695574, "impurity" : 3418.640625, "n_samples" : 11, "w_samples" : 11.000000, "value" : [368.851929]},
		"node_16" : {"left" : 21, "right" : 22, "feature" : 1, "threshold" : 672.952271, "impurity" : 7659.406250, "n_samples" : 5, "w_samples" : 5.000000, "value" : [614.342896]},
		"node_17" : {"left" : null, "right" : null, "feature" : null, "threshold" : null, "impurity" : 0.000000, "n_samples" : 1, "w_samples" : 1.000000, "value" : [1374.632690]},
		"node_18" : {"left" : null, "right" : null, "feature" : null, "threshold" : null, "impurity" : 338.500000, "n_samples" : 2, "w_samples" : 2.000000, "value" : [1601.165527]},
		"node_19" : {"left" : null, "right" : null, "feature" : null, "threshold" : null, "impurity" : 511.000000, "n_samples" : 3, "w_samples" : 3.000000, "value" : [1005.162048]},
		"node_20" : {"left" : 51, "right" : 52, "feature" : 1, "threshold" : 1561.471680, "impurity" : 1489.750000, "n_samples" : 3, "w_samples" : 3.000000, "value" : [1208.453491]},
		"node_21" : {"left" : 37, "right" : 38, "feature" : 3, "threshold" : 6.130020, "impurity" : 1963.562500, "n_samples" : 2, "w_samples" : 2.000000, "value" : [528.860107]},
		"node_22" : {"left" : 29, "right" : 30, "feature" : 1, "threshold" : 750.312256, "impurity" : 3337.500000, "n_samples" : 3, "w_samples" : 3.000000, "value" : [671.331360]},
		"node_23" : {"left" : 31, "right" : 32, "feature" : 1, "threshold" : 939.367920, "impurity" : 4074.437500, "n_samples" : 10, "w_samples" : 10.000000, "value" : [788.383118]},
		"node_24" : {"left" : 35, "right" : 36, "feature" : 2, "threshold" : 0.736474, "impurity" : 2346.750000, "n_samples" : 4, "w_samples" : 4.000000, "value" : [643.120239]},
		"node_25" : {"left" : null, "right" : null, "feature" : null, "threshold" : null, "impurity" : 186.593750, "n_samples" : 2, "w_samples" : 2.000000, "value" : [661.600220]},
		"node_26" : {"left" : 33, "right" : 34, "feature" : 1, "threshold" : 1742.796265, "impurity" : 6495.093750, "n_samples" : 17, "w_samples" : 17.000000, "value" : [448.220062]},
		"node_27" : {"left" : null, "right" : null, "feature" : null, "threshold" : null, "impurity" : 381.441406, "n_samples" : 5, "w_samples" : 5.000000, "value" : [104.493973]},
		"node_28" : {"left" : null, "right" : null, "feature" : null, "threshold" : null, "impurity" : 510.796875, "n_samples" : 2, "w_samples" : 2.000000, "value" : [234.274078]},
		"node_29" : {"left" : null, "right" : null, "feature" : null, "threshold" : null, "impurity" : 164.812500, "n_samples" : 2, "w_samples" : 2.000000, "value" : [631.159180]},
		"node_30" : {"left" : null, "right" : null, "feature" : null, "threshold" : null, "impurity" : 0.062500, "n_samples" : 1, "w_samples" : 1.000000, "value" : [751.675842]},
		"node_31" : {"left" : null, "right" : null, "feature" : null, "threshold" : null, "impurity" : 10.812500, "n_samples" : 2, "w_samples" : 2.000000, "value" : [892.314575]},
		"node_32" : {"left" : 49, "right" : 50, "feature" : 3, "threshold" : 4.601840, "impurity" : 1714.687500, "n_samples" : 8, "w_samples" : 8.000000, "value" : [762.400269]},
		"node_33" : {"left" : 43, "right" : 44, "feature" : 3, "threshold" : 8.048729, "impurity" : 4282.343750, "n_samples" : 16, "w_samples" : 16.000000, "value" : [435.808838]},
		"node_34" : {"left" : null, "right" : null, "feature" : null, "threshold" : null, "impurity" : -0.500000, "n_samples" : 1, "w_samples" : 1.000000, "value" : [646.799377]},
		"node_35" : {"left" : null, "right" : null, "feature" : null, "threshold" : null, "impurity" : 151.218750, "n_samples" : 3, "w_samples" : 3.000000, "value" : [615.836182]},
		"node_36" : {"left" : null, "right" : null, "feature" : null, "threshold" : null, "impurity" : 0.000000, "n_samples" : 1, "w_samples" : 1.000000, "value" : [724.972351]},
		"node_37" : {"left" : null, "right" : null, "feature" : null, "threshold" : null, "impurity" : 0.000000, "n_samples" : 1, "w_samples" : 1.000000, "value" : [484.548340]},
		"node_38" : {"left" : null, "right" : null, "feature" : null, "threshold" : null, "impurity" : 0.031250, "n_samples" : 1, "w_samples" : 1.000000, "value" : [573.171875]},
		"node_39" : {"left" : 55, "right" : 56, "feature" : 2, "threshold" : 0.938979, "impurity" : 1571.802734, "n_samples" : 9, "w_samples" : 9.000000, "value" : [175.537704]},
		"node_40" : {"left" : 53, "right" : 54, "feature" : 2, "threshold" : 0.840921, "impurity" : 1394.468750, "n_samples" : 6, "w_samples" : 6.000000, "value" : [262.400574]},
		"node_41" : {"left" : 47, "right" : 48, "feature" : 3, "threshold" : 2.125478, "impurity" : 1626.000000, "n_samples" : 7, "w_samples" : 7.000000, "value" : [337.115509]},
		"node_42" : {"left" : 45, "right" : 46, "feature" : 1, "threshold" : 572.171448, "impurity" : 1708.640625,