{
   "Contributions" : {
      "X_0" : [ -833.759155 ],
      "X_1" : [ 1659.791748 ],
      "X_2" : [ 1005.255005 ],
      "X_3" : [ -635.264771 ],
      "X_4" : [ 949.734131 ],
      "X_5" : [ -1090.114380 ],
      "X_6" : [ -3435.971191 ],
      "X_7" : [ 7930.206543 ],
      "X_8" : [ 0.000000 ]   
   },
   "Most_Contributive_Features" : {
      "y" : [ 7, 6, 1, 5, 2, 4, 0, 3 ]
   }
}