{
   "Contributions" : {
      "X_0" : [ -1434.218750 ],
      "X_1" : [ 1597.693604 ],
      "X_2" : [ -668.568115 ],
      "X_3" : [ -1558.630371 ],
      "X_4" : [ -2097.342041 ],
      "X_5" : [ -3635.738037 ],
      "X_6" : [ -1779.533813 ],
      "X_7" : [ 4923.049316 ],
      "X_8" : [ 0.000000 ]   
   },
   "Most_Contributive_Features" : {
      "y" : [ 7, 5, 4, 6, 1, 3, 0, 2 ]
   }
}