{
   "Contributions" : {
      "X_0" : [ 0.000119, 0.000120, 0.000122, -0.000361 ],
      "X_1" : [ 0.000222, -0.000356, 0.000353, -0.000218 ],
      "X_2" : [ -0.000266, -0.000172, -0.000367, 0.000805 ],
      "X_3" : [ 0.000151, -0.000983, 0.000256, 0.000576 ],
      "X_4" : [ 0.000456, -0.000621, -0.000287, 0.000451 ],
      "X_5" : [ 0.000120, -0.000209, 0.000020, 0.000070 ],
      "X_6" : [ 0.000310, -0.000796, 0.000410, 0.000076 ],
      "X_7" : [ -0.000342, 0.000752, -0.000707, 0.000297 ],
      "X_8" : [ 0.000091, 0.000215, -0.000132, -0.000174 ],
      "X_9" : [ -0.000050, -0.000183, -0.000233, 0.000465 ],
      "X_10" : [ -0.000769, 0.001047, -0.000402, 0.000124 ],
      "X_11" : [ -0.000180, 0.000652, -0.000417, -0.000055 ],
      "X_12" : [ -0.000097, 0.000158, 0.000464, -0.000524 ],
      "X_13" : [ -0.000037, -0.000525, -0.000061, 0.000623 ],
      "X_14" : [ -0.000113, 0.000343, -0.000178, -0.000052 ],
      "X_15" : [ 0.000741, -0.000890, 0.000156, -0.000008 ],
      "X_16" : [ 0.000292, -0.000385, 0.000196, -0.000103 ],
      "X_17" : [ 0.000678, -0.000661, 0.000964, -0.000981 ],
      "X_18" : [ 0.000216, 0.000481, 0.000284, -0.000981 ],
      "X_19" : [ 0.000086, 0.000232, -0.000109, -0.000209 ],
      "X_20" : [ -0.000009, 0.000166, -0.000151, -0.000007 ],
      "X_21" : [ 0.000382, -0.000397, -0.000090, 0.000105 ],
      "X_22" : [ -0.000419, 0.001017, -0.000384, -0.000214 ],
      "X_23" : [ 0.000042, 0.000060, -0.000174, 0.000072 ],
      "X_24" : [ 0.000267, -0.000476, 0.000248, -0.000039 ],
      "X_25" : [ -0.000347, 0.000686, -0.000480, 0.000141 ],
      "X_26" : [ -0.000066, 0.000018, -0.000195, 0.000243 ],
      "X_27" : [ -0.000919, 0.001336, 0.000412, -0.000829 ],
      "X_28" : [ 0.000565, -0.000778, 0.001402, -0.001188 ],
      "X_29" : [ -0.000533, 0.000915, -0.000055, -0.000326 ],
      "X_30" : [ -0.000353, 0.000686, -0.000264, -0.000069 ],
      "X_31" : [ 0.000369, -0.000614, 0.000056, 0.000189 ],
      "X_32" : [ 0.000471, -0.001328, 0.000614, 0.000242 ],
      "X_33" : [ -0.000146, 0.000395, -0.000364, 0.000115 ],
      "X_34" : [ 0.000157, 0.000103, 0.000541, -0.000801 ],
      "X_35" : [ 0.000721, -0.000802, 0.000998, -0.000917 ],
      "X_36" : [ -0.000347, 0.000396, -0.000195, 0.000146 ],
      "X_37" : [ -0.000334, 0.001026, -0.000564, -0.000128 ],
      "X_38" : [ 0.000379, -0.001451, 0.000425, 0.000647 ],
      "X_39" : [ 0.000071, 0.000044, -0.000088, -0.000027 ],
      "X_40" : [ 0.000116, -0.000655, -0.000039, 0.000577 ],
      "X_41" : [ -0.000246, -0.000062, 0.000204, 0.000105 ],
      "X_42" : [ 0.000234, -0.000386, 0.000043, 0.000109 ],
      "X_43" : [ -0.000154, 0.000250, -0.000103, 0.000006 ],
      "X_44" : [ -0.000205, -0.000747, -0.000568, 0.001521 ],
      "X_45" : [ -0.000294, 0.000779, -0.000431, -0.000054 ],
      "X_46" : [ 0.000465, 0.000592, 0.000461, -0.001518 ],
      "X_47" : [ -0.000658, 0.000830, -0.000271, 0.000099 ],
      "X_48" : [ -0.000098, 0.000324, 0.000168, -0.000394 ],
      "X_49" : [ 0.000378, -0.000146, 0.001205, -0.001437 ],
      "X_50" : [ -0.000207, 0.000974, -0.000316, -0.000451 ],
      "X_51" : [ -0.000057, 0.000308, 0.000046, -0.000297 ],
      "X_52" : [ 0.000152, -0.000432, 0.000228, 0.000053 ],
      "X_53" : [ -0.000421, 0.000655, 0.000126, -0.000361 ],
      "X_54" : [ 0.000313, -0.000966, 0.000085, 0.000569 ],
      "X_55" : [ 0.000545, -0.001851, 0.000936, 0.000370 ],
      "X_56" : [ 0.000265, -0.000220, 0.000358, -0.000403 ],
      "X_57" : [ -0.000383, 0.000677, -0.000494, 0.000200 ],
      "X_58" : [ 0.000226, -0.000495, 0.000402, -0.000132 ],
      "X_59" : [ 0.000153, 0.000074, 0.000393, -0.000619 ],
      "X_60" : [ 0.000052, 0.001075, -0.000326, -0.000801 ],
      "X_61" : [ -0.000462, 0.000749, -0.000646, 0.000359 ],
      "X_62" : [ 0.000080, -0.001425, 0.000283, 0.001062 ],
      "X_63" : [ 0.000411, -0.000555, 0.000109, 0.000034 ],
      "X_64" : [ 0.000277, -0.000715, 0.000216, 0.000222 ],
      "X_65" : [ -0.000021, 0.000065, 0.000153, -0.000198 ],
      "X_66" : [ -0.000706, 0.001821, -0.000550, -0.000565 ],
      "X_67" : [ 0.000163, 0.000390, 0.000875, -0.001428 ],
      "X_68" : [ 0.000101, -0.000075, 0.000058, -0.000084 ],
      "X_69" : [ 0.000072, 0.000295, -0.000244, -0.000123 ],
      "X_70" : [ 0.000018, -0.000544, -0.000071, 0.000598 ],
      "X_71" : [ -0.000123, 0.000908, -0.000437, -0.000349 ],
      "X_72" : [ 0.000471, -0.000722, 0.000247, 0.000003 ],
      "X_73" : [ 0.000117, -0.000158, -0.000100, 0.000141 ],
      "X_74" : [ -0.000024, -0.000110, -0.000323, 0.000457 ],
      "X_75" : [ 0.000018, 0.000545, 0.000357, -0.000921 ],
      "X_76" : [ 0.000351, -0.000629, -0.000088, 0.000366 ],
      "X_77" : [ -0.000140, 0.000440, -0.000077, -0.000223 ],
      "X_78" : [ 0.000038, 0.000754, -0.000023, -0.000769 ],
      "X_79" : [ -0.000374, 0.001938, 0.000584, -0.002148 ],
      "X_80" : [ 0.000105, 0.000086, 0.000150, -0.000340 ],
      "X_81" : [ 0.000023, 0.000088, -0.000060, -0.000051 ],
      "X_82" : [ 0.000105, -0.000269, 0.000078, 0.000086 ],
      "X_83" : [ 0.000035, 0.000273, 0.000007, -0.000315 ],
      "X_84" : [ 0.000239, -0.000375, -0.000158, 0.000294 ],
      "X_85" : [ -0.000079, 0.000085, -0.000038, 0.000032 ],
      "X_86" : [ -0.000286, 0.000684, -0.000310, -0.000088 ],
      "X_87" : [ -0.000641, 0.001118, -0.000676, 0.000200 ],
      "X_88" : [ 0.000196, -0.000663, 0.000696, -0.000230 ],
      "X_89" : [ 0.000178, -0.000574, 0.000414, -0.000017 ],
      "X_90" : [ -0.000155, 0.000305, -0.000236, 0.000086 ],
      "X_91" : [ 0.000034, -0.000166, 0.000204, -0.000072 ],
      "X_92" : [ -0.000702, 0.000912, -0.000039, -0.000171 ],
      "X_93" : [ 0.000106, -0.000126, 0.000890, -0.000869 ],
      "X_94" : [ -0.000319, 0.000072, -0.000562, 0.000809 ],
      "X_95" : [ -0.000268, -0.000323, -0.000252, 0.000844 ],
      "X_96" : [ 0.000599, -0.000671, 0.000503, -0.000431 ],
      "X_97" : [ -0.000132, 0.000259, -0.000225, 0.000098 ],
      "X_98" : [ 0.000076, -0.000051, 0.000095, -0.000121 ],
      "X_99" : [ -0.000240, 0.000337, -0.000032, -0.000065 ]   
   },
   "Most_Contributive_Features_By_Class" : {
      "class_0" : [ 27, 10, 15, 35, 66, 92, 17, 47, 87, 96 ],
      "class_1" : [ 79, 55, 66, 38, 62, 27, 32, 87, 60, 10 ],
      "class_2" : [ 28, 49, 35, 17, 55, 93, 67, 7, 88, 87 ],
      "class_3" : [ 79, 44, 46, 49, 67, 28, 62, 18, 17, 75 ]
   }
}