{
   "Contributions" : {
      "X_0" : [ 2365.068848 ],
      "X_1" : [ 8948.655273 ],
      "X_2" : [ 1055.313599 ],
      "X_3" : [ 3364.524414 ],
      "X_4" : [ -15590.246094 ],
      "X_5" : [ -4548.651367 ],
      "X_6" : [ 1941.525146 ],
      "X_7" : [ 7892.054199 ],
      "X_8" : [ 0.000000 ]   
   },
   "Most_Contributive_Features" : {
      "y" : [ 4, 1, 7, 5, 3, 0, 6, 2 ]
   }
}