{
	"metadata" : { "model" : "Tikhonov_Ridge", "version" : "2024-W14", "signature" : "ff4_ff4"},
	"options" : { "alpha" : 1.000000, "random_state" : 1789 },
	"dataset" : { "dataset_rows" : 64, "dataset_features" : 9 },
	"equations" : {
			"intercept" : -2985873.500000,
			"coeffs" : [ -38126.550781, -42996.593750, 430.191437, -10.977800, 223.917358, -32.853371, -97.840607, 39899.785156, 0.000000 ]
		}
}