{
   "Contributions" : {
      "X_0" : [ 3550.286865 ],
      "X_1" : [ 13029.394531 ],
      "X_2" : [ 1164.103516 ],
      "X_3" : [ 8121.985352 ],
      "X_4" : [ -36710.812500 ],
      "X_5" : [ -3988.571777 ],
      "X_6" : [ 6846.709473 ],
      "X_7" : [ 8402.038086 ],
      "X_8" : [ 0.000000 ]   
   },
   "Most_Contributive_Features" : {
      "y" : [ 4, 1, 7, 3, 6, 5, 0, 2 ]
   }
}