{
   "Contributions" : {
      "X_0" : [ 0.011998, -0.009837, -0.002162 ],
      "X_1" : [ -0.003835, -0.005127, 0.008962 ],
      "X_2" : [ -0.004745, -0.003742, 0.008487 ],
      "X_3" : [ -0.013679, -0.011074, 0.024754 ]   
   },
   "Most_Contributive_Features_By_Class" : {
      "class_0" : [ 3, 0, 2, 1 ],
      "class_1" : [ 3, 0, 1, 2 ],
      "class_2" : [ 3, 1, 2, 0 ]
   }
}