{
	"metadata" : { "model" : "Vapnik_SVC_RBF", "version" : "2024-W13", "signature" : "ff4_il8"},
	"options" : {"svm_type" : "c_svc", "kernel" : "rbf", "degree" : 3, "gamma" : 0.030789, "coef0" : 0.000000, "cache_size" : 300, "tol" : 0.001000, "nu" : 0.500000, "epsilon" : 0.000000, "shrinking" : 0, "probability" : 1, "C" : 1.000000, "max_iter" : 128, "random_state" : 1789 },
	"dataset" : { "dataset_rows" : 150, "dataset_features" : 4 },
	"classes" : [ 0, 1, 2 ],
	"svm_model" : {
	"classes" : 3,
	"L" : 47,
	"SupportVectors" : {
		"SV_00" : [ 0.000000, 3.000000, 1.000000, 1.000000 ],
		"SV_01" : [ 4.000000, 9.000000, 0.000000, 1.000000 ],
		"SV_02" : [ 4.000000, 10.000000, 2.000000, 2.000000 ],
		"SV_03" : [ 0.000000, 8.000000, 0.000000, 1.000000 ],
		"SV_04" : [ 1.000000, 4.000000, 2.000000, 1.000000 ],
		"SV_05" : [ 3.000000, 7.000000, 2.000000, 2.000000 ],
		"SV_06" : [ 0.000000, 0.000000, 0.000000, 2.000000 ],
		"SV_07" : [ 9.000000, 6.000000, 6.000000, 5.000000 ],
		"SV_08" : [ 8.000000, 5.000000, 6.000000, 6.000000 ],
		"SV_09" : [ 7.000000, 2.000000, 5.000000, 6.000000 ],
		"SV_10" : [ 6.000000, 7.000000, 6.000000, 6.000000 ],
		"SV_11" : [ 2.000000, 1.000000, 4.000000, 5.000000 ],
		"SV_12" : [ 1.000000, 0.000000, 3.000000, 3.000000 ],
		"SV_13" : [ 5.000000, 3.000000, 6.000000, 5.000000 ],
		"SV_14" : [ 4.000000, 4.000000, 5.000000, 6.000000 ],
		"SV_15" : [ 6.000000, 0.000000, 5.000000, 6.000000 ],
		"SV_16" : [ 5.000000, 6.000000, 6.000000, 7.000000 ],
		"SV_17" : [ 6.000000, 1.000000, 6.000000, 6.000000 ],
		"SV_18" : [ 8.000000, 2.000000, 6.000000, 5.000000 ],
		"SV_19" : [ 8.000000, 4.000000, 7.000000, 7.000000 ],
		"SV_20" : [ 5.000000, 3.000000, 5.000000, 6.000000 ],
		"SV_21" : [ 5.000000, 1.000000, 7.000000, 6.000000 ],
		"SV_22" : [ 3.000000, 4.000000, 5.000000, 6.000000 ],
		"SV_23" : [ 5.000000, 7.000000, 5.000000, 6.000000 ],
		"SV_24" : [ 8.000000, 5.000000, 6.000000, 6.000000 ],
		"SV_25" : [ 1.000000, 0.000000, 3.000000, 3.000000 ],
		"SV_26" : [ 4.000000, 4.000000, 4.000000, 4.000000 ],
		"SV_27" : [ 2.000000, 1.000000, 3.000000, 3.000000 ],
		"SV_28" : [ 6.000000, 7.000000, 9.000000, 10.000000 ],
		"SV_29" : [ 1.000000, 1.000000, 5.000000, 7.000000 ],
		"SV_30" : [ 7.000000, 6.000000, 7.000000, 8.000000 ],
		"SV_31" : [ 9.000000, 1.000000, 10.000000, 9.000000 ],
		"SV_32" : [ 5.000000, 0.000000, 7.000000, 6.000000 ],
		"SV_33" : [ 4.000000, 2.000000, 6.000000, 8.000000 ],
		"SV_34" : [ 6.000000, 1.000000, 6.000000, 7.000000 ],
		"SV_35" : [ 8.000000, 7.000000, 8.000000, 8.000000 ],
		"SV_36" : [ 6.000000, 2.000000, 6.000000, 7.000000 ],
		"SV_37" : [ 5.000000, 4.000000, 6.000000, 7.000000 ],
		"SV_38" : [ 9.000000, 4.000000, 8.000000, 6.000000 ],
		"SV_39" : [ 10.000000, 9.000000, 9.000000, 8.000000 ],
		"SV_40" : [ 6.000000, 2.000000, 7.000000, 6.000000 ],
		"SV_41" : [ 5.000000, 1.000000, 8.000000, 5.000000 ],
		"SV_42" : [ 7.000000, 5.000000, 8.000000, 7.000000 ],
		"SV_43" : [ 5.000000, 4.000000, 6.000000, 7.000000 ],
		"SV_44" : [ 6.000000, 1.000000, 7.000000, 7.000000 ],
		"SV_45" : [ 7.000000, 4.000000, 7.000000, 8.000000 ],
		"SV_46" : [ 5.000000, 4.000000, 7.000000, 7.000000 ]
	},
	"SupportVectorsCoefs" : {
		"SV_coef_0" : [ 0.852393, 0.000000, 0.942238, 0.000000, 1.000000, 0.476256, 1.000000, -0.421906, -0.000000, -0.000000, -0.000000, -0.000000, -0.668544, -0.000000, -0.000000, -0.000000, -0.000000, -0.000000, -0.000000, -0.000000, -0.000000, -0.000000, -0.000000, -0.877848, -0.000000, -0.871390, -0.431200, -1.000000, -0.302596, -0.968972, -0.000000, -0.506135, -0.000000, -0.000000, -0.000000, -0.000000, -0.000000, -0.000000, -0.074505, -0.594414, -0.000000, -0.241271, -0.000000, -0.062540, -0.000000, -0.000000, -0.000000 ],
		"SV_coef_1" : [ 0.000000, 0.058880, 0.848262, 0.407571, 0.435720, 0.000000, 1.000000, 0.024687, 1.000000, 0.860058, 1.000000, 1.000000, 0.000000, 1.000000, 0.365182, 1.000000, 1.000000, 1.000000, 1.000000, 1.000000, 1.000000, 1.000000, 1.000000, 0.000000, 1.000000, 0.193175, 0.000000, 0.000000, -0.000000, -1.000000, -1.000000, -0.000000, -1.000000, -0.619690, -1.000000, -0.266625, -1.000000, -1.000000, -1.000000, -0.707454, -1.000000, -1.000000, -1.000000, -1.000000, -0.655804, -0.193529, -1.000000 ]
	},
	"rho" : [ 0.083831, 0.161648, 0.062351 ],
	"nSV" : [ 7, 21, 19 ],
	"probA" : [ -3.332098, -3.733680, -3.033860 ],
	"probB" : [ -0.166413, -0.001394, -0.095435 ],
	"n_iter" : [ 34, 31, 65 ]
}
}