{
   "Contributions" : {
      "X_0" : [ 0.011012, -0.012487, 0.001474 ],
      "X_1" : [ -0.003006, -0.008165, 0.011171 ],
      "X_2" : [ -0.005489, 0.006400, -0.000911 ],
      "X_3" : [ -0.016412, -0.011863, 0.028276 ]   
   },
   "Most_Contributive_Features_By_Class" : {
      "class_0" : [ 3, 0, 2, 1 ],
      "class_1" : [ 0, 3, 1, 2 ],
      "class_2" : [ 3, 1, 0, 2 ]
   }
}