{
	"metadata" : { "model" : "Breiman_CART", "version" : "2024-W14", "signature" : "ff4_ff4"},
	"options" : { "ccp_alpha" : 0.000000, "criterion" : "", "max_depth" : 6, "max_features" : null, "max_leaf_nodes" : 32, "min_impurity_decrease" : 0.000000, "min_samples_leaf" : 1, "min_samples_split" : 2, "min_weight_fraction_leaf" : 0.000000, "random_state" : 1789, "splitter" : "best" },
	"dataset" : { "dataset_rows" : 1024, "dataset_features" : 100 },
	"tree" : {
	"features" : 100,
	"outputs" : 1,
	"max_depth" : 5,
	"node_count" : 63,
	"nodes" : {
		"node_00" : {"left" : 1, "right" : 2, "feature" : 46, "threshold" : -0.034381, "impurity" : 23999.398438, "n_samples" : 1024, "w_samples" : 1024.000000, "value" : [2.598278]},
		"node_01" : {"left" : 3, "right" : 4, "feature" : 30, "threshold" : -0.535820, "impurity" : 20719.851562, "n_samples" : 482, "w_samples" : 482.000000, "value" : [-69.103088]},
		"node_02" : {"left" : 7, "right" : 8, "feature" : 30, "threshold" : 0.349887, "impurity" : 18278.070312, "n_samples" : 542, "w_samples" : 542.000000, "value" : [66.362183]},
		"node_03" : {"left" : 15, "right" : 16, "feature" : 77, "threshold" : -0.574005, "impurity" : 14418.173828, "n_samples" : 152, "w_samples" : 152.000000, "value" : [-165.320114]},
		"node_04" : {"left" : 5, "right" : 6, "feature" : 77, "threshold" : -0.059238, "impurity" : 17394.197266, "n_samples" : 330, "w_samples" : 330.000000, "value" : [-24.784891]},
		"node_05" : {"left" : 29, "right" : 30, "feature" : 46, "threshold" : -1.353758, "impurity" : 13016.422852, "n_samples" : 162, "w_samples" : 162.000000, "value" : [-87.792175]},
		"node_06" : {"left" : 35, "right" : 36, "feature" : 36, "threshold" : -0.113898, "impurity" : 14096.091797, "n_samples" : 168, "w_samples" : 168.000000, "value" : [35.972137]},
		"node_07" : {"left" : null, "right" : null, "feature" : null, "threshold" : null, "impurity" : 14059.757812, "n_samples" : 349, "w_samples" : 349.000000, "value" : [23.813805]},
		"node_08" : {"left" : 9, "right" : 10, "feature" : 77, "threshold" : 0.467669, "impurity" : 16712.607422, "n_samples" : 193, "w_samples" : 193.000000, "value" : [143.302078]},
		"node_09" : {"left" : 45, "right" : 46, "feature" : 36, "threshold" : 0.921257, "impurity" : 11990.479492, "n_samples" : 125, "w_samples" : 125.000000, "value" : [97.904373]},
		"node_10" : {"left" : 11, "right" : 12, "feature" : 32, "threshold" : -1.108272, "impurity" : 14640.226562, "n_samples" : 68, "w_samples" : 68.000000, "value" : [226.753662]},
		"node_11" : {"left" : 13, "right" : 14, "feature" : 90, "threshold" : -1.307613, "impurity" : 11231.901367, "n_samples" : 8, "w_samples" : 8.000000, "value" : [48.267952]},
		"node_12" : {"left" : 25, "right" : 26, "feature" : 59, "threshold" : 0.259674, "impurity" : 10280.738281, "n_samples" : 60, "w_samples" : 60.000000, "value" : [250.551773]},
		"node_13" : {"left" : null, "right" : null, "feature" : null, "threshold" : null, "impurity" : 721.661377, "n_samples" : 4, "w_samples" : 4.000000, "value" : [-53.145889]},
		"node_14" : {"left" : null, "right" : null, "feature" : null, "threshold" : null, "impurity" : 1172.609375, "n_samples" : 4, "w_samples" : 4.000000, "value" : [149.681793]},
		"node_15" : {"left" : 61, "right" : 62, "feature" : 77, "threshold" : -1.947561, "impurity" : 7964.988281, "n_samples" : 56, "w_samples" : 56.000000, "value" : [-239.642807]},
		"node_16" : {"left" : 17, "right" : 18, "feature" : 46, "threshold" : -0.656614, "impurity" : 13080.612305, "n_samples" : 96, "w_samples" : 96.000000, "value" : [-121.965263]},
		"node_17" : {"left" : 19, "right" : 20, "feature" : 36, "threshold" : -0.193079, "impurity" : 12508.398438, "n_samples" : 51, "w_samples" : 51.000000, "value" : [-175.024841]},
		"node_18" : {"left" : null, "right" : null, "feature" : null, "threshold" : null, "impurity" : 6922.284180, "n_samples" : 45, "w_samples" : 45.000000, "value" : [-61.831093]},
		"node_19" : {"left" : 21, "right" : 22, "feature" : 55, "threshold" : 1.178184, "impurity" : 9474.707031, "n_samples" : 23, "w_samples" : 23.000000, "value" : [-239.089035]},
		"node_20" : {"left" : 23, "right" : 24, "feature" : 28, "threshold" : 1.363655, "impurity" : 8859.721680, "n_samples" : 28, "w_samples" : 28.000000, "value" : [-122.400742]},
		"node_21" : {"left" : null, "right" : null, "feature" : null, "threshold" : null, "impurity" : 5637.320312, "n_samples" : 21, "w_samples" : 21.000000, "value" : [-259.093353]},
		"node_22" : {"left" : null, "right" : null, "feature" : null, "threshold" : null, "impurity" : 1446.338379, "n_samples" : 2, "w_samples" : 2.000000, "value" : [-29.043705]},
		"node_23" : {"left" : null, "right" : null, "feature" : null, "threshold" : null, "impurity" : 5208.584961, "n_samples" : 24, "w_samples" : 24.000000, "value" : [-96.631935]},
		"node_24" : {"left" : null, "right" : null, "feature" : null, "threshold" : null, "impurity" : 2877.304688, "n_samples" : 4, "w_samples" : 4.000000, "value" : [-277.013550]},
		"node_25" : {"left" : 51, "right" : 52, "feature" : 21, "threshold" : 1.163643, "impurity" : 7017.695312, "n_samples" : 34, "w_samples" : 34.000000, "value" : [203.794067]},
		"node_26" : {"left" : 27, "right" : 28, "feature" : 36, "threshold" : -0.629305, "impurity" : 7950.117188, "n_samples" : 26, "w_samples" : 26.000000, "value" : [311.696350]},
		"node_27" : {"left" : null, "right" : null, "feature" : null, "threshold" : null, "impurity" : 1876.386719, "n_samples" : 7, "w_samples" : 7.000000, "value" : [205.894165]},
		"node_28" : {"left" : null, "right" : null, "feature" : null, "threshold" : null, "impurity" : 4544.359375, "n_samples" : 19, "w_samples" : 19.000000, "value" : [350.676086]},
		"node_29" : {"left" : 31, "right" : 32, "feature" : 90, "threshold" : -1.844951, "impurity" : 12060.964844, "n_samples" : 28, "w_samples" : 28.000000, "value" : [-204.316040]},
		"node_30" : {"left" : 55, "right" : 56, "feature" : 36, "threshold" : -0.335055, "impurity" : 9786.077148, "n_samples" : 134, "w_samples" : 134.000000, "value" : [-63.443920]},
		"node_31" : {"left" : 33, "right" : 34, "feature" : 28, "threshold" : -0.929664, "impurity" : 3365.843750, "n_samples" : 3, "w_samples" : 3.000000, "value" : [-427.052734]},
		"node_32" : {"left" : 53, "right" : 54, "feature" : 29, "threshold" : -0.414695, "impurity" : 6436.582031, "n_samples" : 25, "w_samples" : 25.000000, "value" : [-177.587662]},
		"node_33" : {"left" : null, "right" : null, "feature" : null, "threshold" : null, "impurity" : 19.093750, "n_samples" : 2, "w_samples" : 2.000000, "value" : [-467.998505]},
		"node_34" : {"left" : null, "right" : null, "feature" : null, "threshold" : null, "impurity" : 0.000000, "n_samples" : 1, "w_samples" : 1.000000, "value" : [-345.161194]},
		"node_35" : {"left" : 39, "right" : 40, "feature" : 22, "threshold" : -0.293001, "impurity" : 11666.754883, "n_samples" : 79, "w_samples" : 79.000000, "value" : [-18.271076]},
		"node_36" : {"left" : 37, "right" : 38, "feature" : 95, "threshold" : -0.098770, "impurity" : 11322.474609, "n_samples" : 89, "w_samples" : 89.000000, "value" : [84.120613]},
		"node_37" : {"left" : null, "right" : null, "feature" : null, "threshold" : null, "impurity" : 7295.343262, "n_samples" : 38, "w_samples" : 38.000000, "value" : [20.953369]},
		"node_38" : {"left" : 57, "right" : 58, "feature" : 59, "threshold" : 0.448923, "impurity" : 9134.878906, "n_samples" : 51, "w_samples" : 51.000000, "value" : [131.186386]},
		"node_39" : {"left" : 43, "right" : 44, "feature" : 5, "threshold" : -0.971841, "impurity" : 6373.548340, "n_samples" : 33, "w_samples" : 33.000000, "value" : [-78.573952]},
		"node_40" : {"left" : 41, "right" : 42, "feature" : 59, "threshold" : -0.690733, "impurity" : 10983.814453, "n_samples" : 46, "w_samples" : 46.000000, "value" : [24.989674]},
		"node_41" : {"left" : null, "right" : null, "feature" : null, "threshold" : null, "impurity" : 9759.714844, "n_samples" : 11, "w_samples" : 11.000000, "value" : [-87.746208]},