{
   "Contributions" : {
      "X_0" : [ -3241.773682 ],
      "X_1" : [ -2090.558105 ],
      "X_2" : [ -27942.824219 ],
      "X_3" : [ -49.034668 ],
      "X_4" : [ 277.492645 ],
      "X_5" : [ -303.329468 ],
      "X_6" : [ 0.000000 ],
      "X_7" : [ 2965.807373 ],
      "X_8" : [ 0.000000 ]   
   },
   "Most_Contributive_Features" : {
      "y" : [ 2, 0, 7, 1, 5, 4, 3 ]
   }
}