{
   "Contributions" : {
      "X_0" : [ -1412.232178 ],
      "X_1" : [ -6575.361328 ],
      "X_2" : [ 0.000000 ],
      "X_3" : [ 0.000000 ],
      "X_4" : [ 0.000000 ],
      "X_5" : [ -1638.057373 ],
      "X_6" : [ 0.000000 ],
      "X_7" : [ 0.000000 ],
      "X_8" : [ 0.000000 ]   
   },
   "Most_Contributive_Features" : {
      "y" : [ 1, 5, 0 ]
   }
}