{
   "Contributions" : {
      "X_0" : [ 0.002695 ],
      "X_1" : [ -0.000080 ],
      "X_2" : [ -0.001520 ],
      "X_3" : [ -0.000379 ],
      "X_4" : [ 0.000455 ],
      "X_5" : [ 0.008013 ],
      "X_6" : [ 0.002207 ],
      "X_7" : [ 0.001433 ],
      "X_8" : [ 0.003175 ],
      "X_9" : [ 0.000404 ],
      "X_10" : [ -0.000082 ],
      "X_11" : [ -0.006350 ],
      "X_12" : [ 0.003277 ],
      "X_13" : [ 0.000359 ],
      "X_14" : [ 0.002775 ],
      "X_15" : [ -0.002678 ],
      "X_16" : [ -0.002007 ],
      "X_17" : [ 0.000977 ],
      "X_18" : [ 0.000767 ],
      "X_19" : [ 0.000937 ],
      "X_20" : [ 0.000984 ],
      "X_21" : [ 0.001612 ],
      "X_22" : [ 0.002091 ],
      "X_23" : [ 0.002147 ],
      "X_24" : [ 0.000904 ],
      "X_25" : [ 0.003004 ],
      "X_26" : [ -0.011595 ],
      "X_27" : [ 0.001484 ],
      "X_28" : [ 0.003472 ],
      "X_29" : [ -0.001442 ],
      "X_30" : [ -0.017393 ],
      "X_31" : [ 0.000959 ],
      "X_32" : [ 0.016869 ],
      "X_33" : [ 0.002917 ],
      "X_34" : [ -0.001139 ],
      "X_35" : [ 0.005840 ],
      "X_36" : [ 0.022881 ],
      "X_37" : [ -0.009100 ],
      "X_38" : [ -0.002774 ],
      "X_39" : [ -0.000360 ],
      "X_40" : [ 0.007226 ],
      "X_41" : [ -0.006095 ],
      "X_42" : [ 0.000891 ],
      "X_43" : [ -0.003257 ],
      "X_44" : [ 0.013002 ],
      "X_45" : [ 0.008723 ],
      "X_46" : [ 0.016414 ],
      "X_47" : [ 0.001414 ],
      "X_48" : [ -0.003186 ],
      "X_49" : [ -0.006793 ],
      "X_50" : [ 0.000902 ],
      "X_51" : [ 0.000856 ],
      "X_52" : [ 0.001540 ],
      "X_53" : [ -0.002434 ],
      "X_54" : [ -0.008836 ],
      "X_55" : [ -0.005994 ],
      "X_56" : [ -0.001703 ],
      "X_57" : [ -0.010605 ],
      "X_58" : [ -0.000327 ],
      "X_59" : [ 0.017573 ],
      "X_60" : [ 0.001917 ],
      "X_61" : [ -0.000481 ],
      "X_62" : [ 0.001349 ],
      "X_63" : [ -0.002118 ],
      "X_64" : [ -0.010022 ],
      "X_65" : [ 0.000787 ],
      "X_66" : [ -0.000515 ],
      "X_67" : [ -0.003141 ],
      "X_68" : [ -0.001784 ],
      "X_69" : [ -0.001492 ],
      "X_70" : [ -0.000514 ],
      "X_71" : [ 0.004142 ],
      "X_72" : [ 0.000649 ],
      "X_73" : [ -0.009743 ],
      "X_74" : [ -0.003322 ],
      "X_75" : [ 0.000937 ],
      "X_76" : [ -0.003086 ],
      "X_77" : [ 0.019753 ],
      "X_78" : [ -0.001826 ],
      "X_79" : [ 0.001718 ],
      "X_80" : [ -0.006859 ],
      "X_81" : [ -0.003277 ],
      "X_82" : [ -0.000496 ],
      "X_83" : [ 0.002198 ],
      "X_84" : [ -0.001031 ],
      "X_85" : [ -0.000840 ],
      "X_86" : [ -0.002449 ],
      "X_87" : [ 0.032841 ],
      "X_88" : [ 0.001113 ],
      "X_89" : [ 0.000071 ],
      "X_90" : [ 0.017819 ],
      "X_91" : [ 0.000511 ],
      "X_92" : [ 0.001589 ],
      "X_93" : [ 0.034146 ],
      "X_94" : [ -0.000092 ],
      "X_95" : [ -0.016176 ],
      "X_96" : [ 0.003797 ],
      "X_97" : [ 0.000660 ],
      "X_98" : [ -0.001175 ],
      "X_99" : [ 0.007071 ]   
   },
   "Most_Contributive_Features" : {
      "y" : [ 93, 87, 36, 77, 90, 59, 30, 32, 46, 95 ]
   }
}