{
   "Contributions" : {
      "X_0" : [ 0.002872 ],
      "X_1" : [ -0.002886 ],
      "X_2" : [ -0.003660 ],
      "X_3" : [ 0.000961 ],
      "X_4" : [ 0.001110 ],
      "X_5" : [ -0.001745 ],
      "X_6" : [ 0.000518 ],
      "X_7" : [ 0.000552 ],
      "X_8" : [ 0.000700 ],
      "X_9" : [ 0.000566 ]   
   },
   "Most_Contributive_Features" : {
      "y" : [ 2, 1, 0, 5, 4, 3, 8, 9, 7, 6 ]
   }
}