{
   "Contributions" : {
      "X_0" : [ 0.000314 ],
      "X_1" : [ 0.000369 ],
      "X_2" : [ 0.000477 ],
      "X_3" : [ -0.000208 ],
      "X_4" : [ -0.000039 ],
      "X_5" : [ -0.000296 ],
      "X_6" : [ 0.000058 ],
      "X_7" : [ 0.000562 ],
      "X_8" : [ 0.000226 ],
      "X_9" : [ 0.000506 ]   
   },
   "Most_Contributive_Features" : {
      "y" : [ 7, 9, 2, 1, 0, 5, 8, 3, 6, 4 ]
   }
}