{
	"metadata" : { "model" : "Breiman_CART", "version" : "2024-W12", "signature" : "ff4_OO8"},
	"options" : { "ccp_alpha" : 0.000000, "criterion" : "", "max_depth" : 6, "max_features" : null, "max_leaf_nodes" : 32, "min_impurity_decrease" : 0.000000, "min_samples_leaf" : 1, "min_samples_split" : 2, "min_weight_fraction_leaf" : 0.000000, "random_state" : 1789, "splitter" : "best" },
	"dataset" : { "dataset_rows" : 6105, "dataset_features" : 53 },
	"classes" : [ "<=50K", ">50K" ],
	"tree" : {
	"features" : 53,
	"outputs" : 2,
	"max_depth" : 5,
	"node_count" : 63,
	"nodes" : {
		"node_00" : {"left" : 1, "right" : 2, "feature" : 18, "threshold" : 0.500000, "impurity" : 0.364766, "n_samples" : 6105, "w_samples" : 6105.000000, "value" : [0.760033, 0.239967]},
		"node_01" : {"left" : 15, "right" : 16, "feature" : 43, "threshold" : 2.500000, "impurity" : 0.115942, "n_samples" : 3253, "w_samples" : 3253.000000, "value" : [0.938211, 0.061789]},
		"node_02" : {"left" : 3, "right" : 4, "feature" : 16, "threshold" : 12.500000, "impurity" : 0.493547, "n_samples" : 2852, "w_samples" : 2852.000000, "value" : [0.556802, 0.443198]},
		"node_03" : {"left" : 5, "right" : 6, "feature" : 43, "threshold" : 1.500000, "impurity" : 0.438087, "n_samples" : 2012, "w_samples" : 2012.000000, "value" : [0.675944, 0.324056]},
		"node_04" : {"left" : 17, "right" : 18, "feature" : 45, "threshold" : 1.500000, "impurity" : 0.395510, "n_samples" : 840, "w_samples" : 840.000000, "value" : [0.271429, 0.728571]},
		"node_05" : {"left" : 39, "right" : 40, "feature" : 16, "threshold" : 8.500000, "impurity" : 0.406576, "n_samples" : 1860, "w_samples" : 1860.000000, "value" : [0.716129, 0.283871]},
		"node_06" : {"left" : 7, "right" : 8, "feature" : 43, "threshold" : 2.500000, "impurity" : 0.300554, "n_samples" : 152, "w_samples" : 152.000000, "value" : [0.184211, 0.815789]},
		"node_07" : {"left" : 9, "right" : 10, "feature" : 0, "threshold" : 1.500000, "impurity" : 0.413194, "n_samples" : 96, "w_samples" : 96.000000, "value" : [0.291667, 0.708333]},
		"node_08" : {"left" : null, "right" : null, "feature" : null, "threshold" : null, "impurity" : 0.000000, "n_samples" : 56, "w_samples" : 56.000000, "value" : [0.000000, 1.000000]},
		"node_09" : {"left" : 11, "right" : 12, "feature" : 15, "threshold" : 0.500000, "impurity" : 0.499055, "n_samples" : 23, "w_samples" : 23.000000, "value" : [0.521739, 0.478261]},
		"node_10" : {"left" : 13, "right" : 14, "feature" : 45, "threshold" : 0.500000, "impurity" : 0.342278, "n_samples" : 73, "w_samples" : 73.000000, "value" : [0.219178, 0.780822]},
		"node_11" : {"left" : null, "right" : null, "feature" : null, "threshold" : null, "impurity" : 0.495000, "n_samples" : 20, "w_samples" : 20.000000, "value" : [0.450000, 0.550000]},
		"node_12" : {"left" : null, "right" : null, "feature" : null, "threshold" : null, "impurity" : 0.000000, "n_samples" : 3, "w_samples" : 3.000000, "value" : [1.000000, 0.000000]},
		"node_13" : {"left" : null, "right" : null, "feature" : null, "threshold" : null, "impurity" : 0.000000, "n_samples" : 2, "w_samples" : 2.000000, "value" : [1.000000, 0.000000]},
		"node_14" : {"left" : null, "right" : null, "feature" : null, "threshold" : null, "impurity" : 0.316604, "n_samples" : 71, "w_samples" : 71.000000, "value" : [0.197183, 0.802817]},
		"node_15" : {"left" : 51, "right" : 52, "feature" : 16, "threshold" : 13.500000, "impurity" : 0.087681, "n_samples" : 3199, "w_samples" : 3199.000000, "value" : [0.954048, 0.045952]},
		"node_16" : {"left" : null, "right" : null, "feature" : null, "threshold" : null, "impurity" : 0.000000, "n_samples" : 54, "w_samples" : 54.000000, "value" : [0.000000, 1.000000]},
		"node_17" : {"left" : 19, "right" : 20, "feature" : 36, "threshold" : 0.500000, "impurity" : 0.495868, "n_samples" : 99, "w_samples" : 99.000000, "value" : [0.545455, 0.454545]},
		"node_18" : {"left" : 29, "right" : 30, "feature" : 43, "threshold" : 1.500000, "impurity" : 0.359357, "n_samples" : 741, "w_samples" : 741.000000, "value" : [0.234818, 0.765182]},
		"node_19" : {"left" : 25, "right" : 26, "feature" : 44, "threshold" : 2.500000, "impurity" : 0.465374, "n_samples" : 76, "w_samples" : 76.000000, "value" : [0.631579, 0.368421]},
		"node_20" : {"left" : 21, "right" : 22, "feature" : 6, "threshold" : 0.500000, "impurity" : 0.385633, "n_samples" : 23, "w_samples" : 23.000000, "value" : [0.260870, 0.739130]},
		"node_21" : {"left" : 23, "right" : 24, "feature" : 27, "threshold" : 0.500000, "impurity" : 0.308390, "n_samples" : 21, "w_samples" : 21.000000, "value" : [0.190476, 0.809524]},
		"node_22" : {"left" : null, "right" : null, "feature" : null, "threshold" : null, "impurity" : 0.000000, "n_samples" : 2, "w_samples" : 2.000000, "value" : [1.000000, 0.000000]},
		"node_23" : {"left" : null, "right" : null, "feature" : null, "threshold" : null, "impurity" : 0.255000, "n_samples" : 20, "w_samples" : 20.000000, "value" : [0.150000, 0.850000]},
		"node_24" : {"left" : null, "right" : null, "feature" : null, "threshold" : null, "impurity" : 0.000000, "n_samples" : 1, "w_samples" : 1.000000, "value" : [1.000000, 0.000000]},
		"node_25" : {"left" : 27, "right" : 28, "feature" : 43, "threshold" : 2.500000, "impurity" : 0.438008, "n_samples" : 71, "w_samples" : 71.000000, "value" : [0.676056, 0.323944]},
		"node_26" : {"left" : null, "right" : null, "feature" : null, "threshold" : null, "impurity" : 0.000000, "n_samples" : 5, "w_samples" : 5.000000, "value" : [0.000000, 1.000000]},
		"node_27" : {"left" : null, "right" : null, "feature" : null, "threshold" : null, "impurity" : 0.396694, "n_samples" : 66, "w_samples" : 66.000000, "value" : [0.727273, 0.272727]},
		"node_28" : {"left" : null, "right" : null, "feature" : null, "threshold" : null, "impurity" : 0.000000, "n_samples" : 5, "w_samples" : 5.000000, "value" : [0.000000, 1.000000]},
		"node_29" : {"left" : 33, "right" : 34, "feature" : 44, "threshold" : 0.500000, "impurity" : 0.398970, "n_samples" : 614, "w_samples" : 614.000000, "value" : [0.275244, 0.724756]},
		"node_30" : {"left" : 31, "right" : 32, "feature" : 0, "threshold" : 0.500000, "impurity" : 0.075640, "n_samples" : 127, "w_samples" : 127.000000, "value" : [0.039370, 0.960630]},
		"node_31" : {"left" : null, "right" : null, "feature" : null, "threshold" : null, "impurity" : 0.000000, "n_samples" : 1, "w_samples" : 1.000000, "value" : [1.000000, 0.000000]},
		"node_32" : {"left" : 49, "right" : 50, "feature" : 0, "threshold" : 3.500000, "impurity" : 0.061476, "n_samples" : 126, "w_samples" : 126.000000, "value" : [0.031746, 0.968254]},
		"node_33" : {"left" : 35, "right" : 36, "feature" : 30, "threshold" : 0.500000, "impurity" : 0.426924, "n_samples" : 531, "w_samples" : 531.000000, "value" : [0.308851, 0.691149]},
		"node_34" : {"left" : 37, "right" : 38, "feature" : 38, "threshold" : 0.500000, "impurity" : 0.113224, "n_samples" : 83, "w_samples" : 83.000000, "value" : [0.060241, 0.939759]},
		"node_35" : {"left" : null, "right" : null, "feature" : null, "threshold" : null, "impurity" : 0.404071, "n_samples" : 484, "w_samples" : 484.000000, "value" : [0.280992, 0.719008]},
		"node_36" : {"left" : null, "right" : null, "feature" : null, "threshold" : null, "impurity" : 0.481666, "n_samples" : 47, "w_samples" : 47.000000, "value" : [0.595745, 0.404255]},
		"node_37" : {"left" : null, "right" : null, "feature" : null, "threshold" : null, "impurity" : 0.073964, "n_samples" : 78, "w_samples" : 78.000000, "value" : [0.038462, 0.961538]},
		"node_38" : {"left" : null, "right" : null, "feature" : null, "threshold" : null, "impurity" : 0.480000, "n_samples" : 5, "w_samples" : 5.000000, "value" : [0.400000, 0.600000]},
		"node_39" : {"left" : 47, "right" : 48, "feature" : 48, "threshold" : 0.500000, "impurity" : 0.200395, "n_samples" : 301, "w_samples" : 301.000000, "value" : [0.887043, 0.112957]},
		"node_40" : {"left" : 41, "right" : 42, "feature" : 0, "threshold" : 1.500000, "impurity" : 0.432927, "n_samples" : 1559,