{
   "Contributions" : {
      "X_0" : [ -0.000442, 0.000442 ],
      "X_1" : [ 0.000020, -0.000020 ],
      "X_2" : [ -0.000015, 0.000015 ],
      "X_3" : [ -0.000046, 0.000046 ],
      "X_4" : [ 0.000000, 0.000000 ],
      "X_5" : [ 0.000000, 0.000000 ],
      "X_6" : [ 0.001223, -0.001223 ],
      "X_7" : [ 0.000000, 0.000000 ],
      "X_8" : [ 0.004322, -0.004322 ],
      "X_9" : [ 0.000000, 0.000000 ],
      "X_10" : [ 0.000000, 0.000000 ],
      "X_11" : [ -0.000297, 0.000297 ],
      "X_12" : [ -0.000015, 0.000015 ],
      "X_13" : [ 0.000102, -0.000102 ],
      "X_14" : [ 0.000000, 0.000000 ],
      "X_15" : [ -0.000328, 0.000328 ],
      "X_16" : [ -0.004295, 0.004295 ],
      "X_17" : [ 0.000000, 0.000000 ],
      "X_18" : [ 0.017340, -0.017340 ],
      "X_19" : [ 0.000000, 0.000000 ],
      "X_20" : [ 0.000000, 0.000000 ],
      "X_21" : [ 0.000000, 0.000000 ],
      "X_22" : [ 0.000000, 0.000000 ],
      "X_23" : [ 0.000000, 0.000000 ],
      "X_24" : [ -0.000169, 0.000169 ],
      "X_25" : [ 0.000000, 0.000000 ],
      "X_26" : [ 0.000000, 0.000000 ],
      "X_27" : [ -0.002580, 0.002580 ],
      "X_28" : [ 0.000000, 0.000000 ],
      "X_29" : [ -0.000246, 0.000246 ],
      "X_30" : [ 0.003704, -0.003704 ],
      "X_31" : [ 0.000000, 0.000000 ],
      "X_32" : [ 0.000000, 0.000000 ],
      "X_33" : [ 0.000000, 0.000000 ],
      "X_34" : [ 0.000000, 0.000000 ],
      "X_35" : [ 0.000000, 0.000000 ],
      "X_36" : [ 0.000000, 0.000000 ],
      "X_37" : [ -0.000090, 0.000090 ],
      "X_38" : [ 0.000000, 0.000000 ],
      "X_39" : [ 0.000586, -0.000586 ],
      "X_40" : [ 0.000000, 0.000000 ],
      "X_41" : [ 0.000000, 0.000000 ],
      "X_42" : [ 0.002933, -0.002933 ],
      "X_43" : [ -0.028050, 0.028050 ],
      "X_44" : [ -0.002034, 0.002034 ],
      "X_45" : [ 0.001929, -0.001929 ],
      "X_46" : [ 0.000000, 0.000000 ],
      "X_47" : [ 0.000000, 0.000000 ],
      "X_48" : [ 0.000000, 0.000000 ],
      "X_49" : [ 0.000000, 0.000000 ],
      "X_50" : [ 0.000141, -0.000141 ],
      "X_51" : [ 0.000000, 0.000000 ],
      "X_52" : [ 0.000005, -0.000005 ]   
   },
   "Most_Contributive_Features_By_Class" : {
      "class_0" : [ 43, 18, 8, 16, 30, 42, 27, 44, 45, 6 ],
      "class_1" : [ 43, 18, 8, 16, 30, 42, 27, 44, 45, 6 ]
   }
}