{
   "Contributions" : {
      "X_0" : [ -898.176453 ],
      "X_1" : [ 807.037720 ],
      "X_2" : [ 2762.327148 ],
      "X_3" : [ -71.971535 ],
      "X_4" : [ -13.502644 ],
      "X_5" : [ 25.038120 ],
      "X_6" : [ -203.724106 ],
      "X_7" : [ -8073.946289 ],
      "X_8" : [ 0.000000 ]   
   },
   "Most_Contributive_Features" : {
      "y" : [ 7, 2, 0, 1, 6, 3, 5, 4 ]
   }
}