{
   "Contributions" : {
      "X_0" : [ -0.012382, 0.012382 ],
      "X_1" : [ 0.000000, 0.000000 ],
      "X_2" : [ 0.002019, -0.002019 ],
      "X_3" : [ 0.000000, 0.000000 ],
      "X_4" : [ -0.035558, 0.035558 ],
      "X_5" : [ 0.000000, 0.000000 ],
      "X_6" : [ 0.000000, 0.000000 ],
      "X_7" : [ 0.000000, 0.000000 ],
      "X_8" : [ 0.000000, 0.000000 ],
      "X_9" : [ 0.000000, 0.000000 ],
      "X_10" : [ 0.003636, -0.003636 ],
      "X_11" : [ -0.006009, 0.006009 ],
      "X_12" : [ 0.007025, -0.007025 ],
      "X_13" : [ 0.000000, 0.000000 ]   
   },
   "Most_Contributive_Features_By_Class" : {
      "class_0" : [ 4, 0, 12, 11, 10, 2 ],
      "class_1" : [ 4, 0, 12, 11, 10, 2 ]
   }
}