{
   "Contributions" : {
      "X_0" : [ -0.001707, 0.001707 ],
      "X_1" : [ 0.000000, 0.000000 ],
      "X_2" : [ 0.001707, -0.001707 ],
      "X_3" : [ 0.000000, 0.000000 ],
      "X_4" : [ -0.027012, 0.027012 ],
      "X_5" : [ 0.000000, 0.000000 ],
      "X_6" : [ 0.000000, 0.000000 ],
      "X_7" : [ 0.000000, 0.000000 ],
      "X_8" : [ 0.000000, 0.000000 ],
      "X_9" : [ 0.000000, 0.000000 ],
      "X_10" : [ 0.005693, -0.005693 ],
      "X_11" : [ -0.002774, 0.002774 ],
      "X_12" : [ 0.007726, -0.007726 ],
      "X_13" : [ 0.000000, 0.000000 ]   
   },
   "Most_Contributive_Features_By_Class" : {
      "class_0" : [ 4, 12, 10, 11, 2, 0 ],
      "class_1" : [ 4, 12, 10, 11, 2, 0 ]
   }
}