{
   "Contributions" : {
      "X_0" : [ -0.002312 ],
      "X_1" : [ 0.001238 ],
      "X_2" : [ 0.006152 ],
      "X_3" : [ -0.003530 ],
      "X_4" : [ -0.006197 ],
      "X_5" : [ -0.001163 ],
      "X_6" : [ -0.000290 ],
      "X_7" : [ -0.001193 ],
      "X_8" : [ -0.001078 ],
      "X_9" : [ 0.000235 ],
      "X_10" : [ -0.003843 ],
      "X_11" : [ -0.004067 ],
      "X_12" : [ -0.002860 ],
      "X_13" : [ -0.000882 ],
      "X_14" : [ 0.003025 ],
      "X_15" : [ -0.003578 ],
      "X_16" : [ 0.001853 ],
      "X_17" : [ -0.002840 ],
      "X_18" : [ 0.002006 ],
      "X_19" : [ -0.000668 ],
      "X_20" : [ -0.000095 ],
      "X_21" : [ -0.007312 ],
      "X_22" : [ 0.002387 ],
      "X_23" : [ -0.000187 ],
      "X_24" : [ -0.002781 ],
      "X_25" : [ 0.000477 ],
      "X_26" : [ 0.001919 ],
      "X_27" : [ -0.002309 ],
      "X_28" : [ -0.005061 ],
      "X_29" : [ -0.000581 ],
      "X_30" : [ -0.000854 ],
      "X_31" : [ 0.000360 ],
      "X_32" : [ -0.002495 ],
      "X_33" : [ -0.014243 ],
      "X_34" : [ -0.002682 ],
      "X_35" : [ 0.002108 ],
      "X_36" : [ 0.006014 ],
      "X_37" : [ -0.004571 ],
      "X_38" : [ 0.001137 ],
      "X_39" : [ -0.002040 ],
      "X_40" : [ -0.002555 ],
      "X_41" : [ -0.004769 ],
      "X_42" : [ -0.000303 ],
      "X_43" : [ 0.001104 ],
      "X_44" : [ 0.010633 ],
      "X_45" : [ 0.000424 ],
      "X_46" : [ -0.001039 ],
      "X_47" : [ -0.001781 ],
      "X_48" : [ -0.004122 ],
      "X_49" : [ -0.012940 ],
      "X_50" : [ -0.000624 ],
      "X_51" : [ -0.001959 ],
      "X_52" : [ -0.001664 ],
      "X_53" : [ -0.003286 ],
      "X_54" : [ -0.001587 ],
      "X_55" : [ -0.000441 ],
      "X_56" : [ 0.004148 ],
      "X_57" : [ 0.014287 ],
      "X_58" : [ -0.001229 ],
      "X_59" : [ 0.002555 ],
      "X_60" : [ -0.003508 ],
      "X_61" : [ 0.001765 ],
      "X_62" : [ 0.001881 ],
      "X_63" : [ -0.003141 ],
      "X_64" : [ 0.004992 ],
      "X_65" : [ -0.001655 ],
      "X_66" : [ 0.000430 ],
      "X_67" : [ -0.003112 ],
      "X_68" : [ 0.001907 ],
      "X_69" : [ -0.003049 ],
      "X_70" : [ -0.000877 ],
      "X_71" : [ 0.003175 ],
      "X_72" : [ 0.000935 ],
      "X_73" : [ -0.003674 ],
      "X_74" : [ 0.006797 ],
      "X_75" : [ -0.000338 ],
      "X_76" : [ -0.004364 ],
      "X_77" : [ 0.001798 ],
      "X_78" : [ 0.001262 ],
      "X_79" : [ 0.000643 ],
      "X_80" : [ 0.000928 ],
      "X_81" : [ 0.004283 ],
      "X_82" : [ 0.004759 ],
      "X_83" : [ -0.000536 ],
      "X_84" : [ -0.005604 ],
      "X_85" : [ -0.000453 ],
      "X_86" : [ 0.000677 ],
      "X_87" : [ -0.000500 ],
      "X_88" : [ -0.003559 ],
      "X_89" : [ 0.001507 ],
      "X_90" : [ -0.002389 ],
      "X_91" : [ -0.001961 ],
      "X_92" : [ 0.004072 ],
      "X_93" : [ -0.013817 ],
      "X_94" : [ -0.005076 ],
      "X_95" : [ 0.000870 ],
      "X_96" : [ -0.001520 ],
      "X_97" : [ -0.001080 ],
      "X_98" : [ -0.000264 ],
      "X_99" : [ 0.000568 ]   
   },
   "Most_Contributive_Features" : {
      "y" : [ 57, 33, 93, 49, 44, 21, 74, 4, 2, 36 ]
   }
}