{
   "Contributions" : {
      "X_0" : [ -2311.679688 ],
      "X_1" : [ -4364.414062 ],
      "X_2" : [ -14006.914062 ],
      "X_3" : [ 261.718750 ],
      "X_4" : [ -282.460938 ],
      "X_5" : [ 173.671875 ],
      "X_6" : [ -357.070312 ],
      "X_7" : [ 2103.710938 ],
      "X_8" : [ 0.000000 ]   
   },
   "Most_Contributive_Features" : {
      "y" : [ 2, 1, 0, 7, 6, 4, 3, 5 ]
   }
}