{
   "Contributions" : {
      "X_0" : [ -2304.467773 ],
      "X_1" : [ -2951.940918 ],
      "X_2" : [ -13605.895508 ],
      "X_3" : [ -630.456543 ],
      "X_4" : [ -24.084473 ],
      "X_5" : [ -1029.461670 ],
      "X_6" : [ 512.103271 ],
      "X_7" : [ 4819.043945 ],
      "X_8" : [ 0.000000 ]   
   },
   "Most_Contributive_Features" : {
      "y" : [ 2, 7, 1, 0, 5, 3, 6, 4 ]
   }
}