{
   "Contributions" : {
      "X_0" : [ -0.002571 ],
      "X_1" : [ 0.012490 ],
      "X_2" : [ 0.014295 ],
      "X_3" : [ 0.004115 ]   
   },
   "Most_Contributive_Features" : {
      "y" : [ 2, 1, 3, 0 ]
   }
}