{
   "Contributions" : {
      "X_0" : [ -0.002947 ],
      "X_1" : [ 0.004959 ],
      "X_2" : [ 0.014874 ],
      "X_3" : [ 0.007238 ]   
   },
   "Most_Contributive_Features" : {
      "y" : [ 2, 3, 1, 0 ]
   }
}