{
   "Contributions" : {
      "X_0" : [ 11209.519531 ],
      "X_1" : [ -468.899536 ],
      "X_2" : [ -2307.229004 ],
      "X_3" : [ 3659.865234 ],
      "X_4" : [ 821.721619 ],
      "X_5" : [ 644.205200 ],
      "X_6" : [ -912.267395 ],
      "X_7" : [ 15740.489258 ],
      "X_8" : [ 0.000000 ]   
   },
   "Most_Contributive_Features" : {
      "y" : [ 7, 0, 3, 2, 6, 4, 5, 1 ]
   }
}