{
	"metadata" : { "model" : "Breiman_CART", "version" : "2024-W13", "signature" : "ff4_ff4"},
	"options" : { "ccp_alpha" : 0.000000, "criterion" : "", "max_depth" : 6, "max_features" : null, "max_leaf_nodes" : 32, "min_impurity_decrease" : 0.000000, "min_samples_leaf" : 1, "min_samples_split" : 2, "min_weight_fraction_leaf" : 0.000000, "random_state" : 1789, "splitter" : "best" },
	"dataset" : { "dataset_rows" : 512, "dataset_features" : 9 },
	"tree" : {
	"features" : 9,
	"outputs" : 1,
	"max_depth" : 5,
	"node_count" : 63,
	"nodes" : {
		"node_00" : {"left" : 1, "right" : 2, "feature" : 7, "threshold" : 4.801250, "impurity" : 10091376640.000000, "n_samples" : 512, "w_samples" : 512.000000, "value" : [191203.234375]},
		"node_01" : {"left" : 7, "right" : 8, "feature" : 1, "threshold" : 37.794998, "impurity" : 4973430784.000000, "n_samples" : 418, "w_samples" : 418.000000, "value" : [157480.140625]},
		"node_02" : {"left" : 3, "right" : 4, "feature" : 7, "threshold" : 7.546450, "impurity" : 5304623104.000000, "n_samples" : 94, "w_samples" : 94.000000, "value" : [341163.875000]},
		"node_03" : {"left" : 21, "right" : 22, "feature" : 1, "threshold" : 37.805000, "impurity" : 4108632064.000000, "n_samples" : 74, "w_samples" : 74.000000, "value" : [322178.375000]},
		"node_04" : {"left" : 5, "right" : 6, "feature" : 2, "threshold" : 38.000000, "impurity" : 3459645440.000000, "n_samples" : 20, "w_samples" : 20.000000, "value" : [411410.250000]},
		"node_05" : {"left" : 61, "right" : 62, "feature" : 3, "threshold" : 1603.000000, "impurity" : 399663104.000000, "n_samples" : 7, "w_samples" : 7.000000, "value" : [357785.718750]},
		"node_06" : {"left" : 11, "right" : 12, "feature" : 1, "threshold" : 37.895000, "impurity" : 2724937728.000000, "n_samples" : 13, "w_samples" : 13.000000, "value" : [440285.000000]},
		"node_07" : {"left" : 47, "right" : 48, "feature" : 7, "threshold" : 2.630200, "impurity" : 993447936.000000, "n_samples" : 175, "w_samples" : 175.000000, "value" : [115809.140625]},
		"node_08" : {"left" : 9, "right" : 10, "feature" : 7, "threshold" : 2.837550, "impurity" : 5688532992.000000, "n_samples" : 243, "w_samples" : 243.000000, "value" : [187490.125000]},
		"node_09" : {"left" : 13, "right" : 14, "feature" : 1, "threshold" : 37.855000, "impurity" : 5028640768.000000, "n_samples" : 154, "w_samples" : 154.000000, "value" : [159150.015625]},
		"node_10" : {"left" : 49, "right" : 50, "feature" : 3, "threshold" : 2021.000000, "impurity" : 3035926528.000000, "n_samples" : 89, "w_samples" : 89.000000, "value" : [236528.093750]},
		"node_11" : {"left" : 27, "right" : 28, "feature" : 1, "threshold" : 37.815002, "impurity" : 1863122944.000000, "n_samples" : 10, "w_samples" : 10.000000, "value" : [459500.500000]},
		"node_12" : {"left" : null, "right" : null, "feature" : null, "threshold" : null, "impurity" : 264437760.000000, "n_samples" : 3, "w_samples" : 3.000000, "value" : [376233.343750]},
		"node_13" : {"left" : 33, "right" : 34, "feature" : 0, "threshold" : -122.274994, "impurity" : 3137595392.000000, "n_samples" : 116, "w_samples" : 116.000000, "value" : [139846.562500]},
		"node_14" : {"left" : 15, "right" : 16, "feature" : 0, "threshold" : -122.255005, "impurity" : 6191484928.000000, "n_samples" : 38, "w_samples" : 38.000000, "value" : [218076.343750]},
		"node_15" : {"left" : 19, "right" : 20, "feature" : 6, "threshold" : 741.000000, "impurity" : 2557382656.000000, "n_samples" : 34, "w_samples" : 34.000000, "value" : [197902.937500]},
		"node_16" : {"left" : 17, "right" : 18, "feature" : 3, "threshold" : 906.500000, "impurity" : 4218912768.000000, "n_samples" : 4, "w_samples" : 4.000000, "value" : [389550.250000]},
		"node_17" : {"left" : null, "right" : null, "feature" : null, "threshold" : null, "impurity" : 0.000000, "n_samples" : 1, "w_samples" : 1.000000, "value" : [500001.000000]},
		"node_18" : {"left" : null, "right" : null, "feature" : null, "threshold" : null, "impurity" : 203243520.000000, "n_samples" : 3, "w_samples" : 3.000000, "value" : [352733.343750]},
		"node_19" : {"left" : null, "right" : null, "feature" : null, "threshold" : null, "impurity" : 1367977984.000000, "n_samples" : 28, "w_samples" : 28.000000, "value" : [182421.421875]},
		"node_20" : {"left" : null, "right" : null, "feature" : null, "threshold" : null, "impurity" : 1769824256.000000, "n_samples" : 6, "w_samples" : 6.000000, "value" : [270150.000000]},
		"node_21" : {"left" : 29, "right" : 30, "feature" : 2, "threshold" : 37.500000, "impurity" : 2035482624.000000, "n_samples" : 18, "w_samples" : 18.000000, "value" : [269366.656250]},
		"node_22" : {"left" : 23, "right" : 24, "feature" : 0, "threshold" : -122.285004, "impurity" : 3590373376.000000, "n_samples" : 56, "w_samples" : 56.000000, "value" : [339153.562500]},
		"node_23" : {"left" : 25, "right" : 26, "feature" : 3, "threshold" : 557.000000, "impurity" : 5603708928.000000, "n_samples" : 5, "w_samples" : 5.000000, "value" : [222020.000000]},
		"node_24" : {"left" : 43, "right" : 44, "feature" : 4, "threshold" : 46.000000, "impurity" : 1916002304.000000, "n_samples" : 51, "w_samples" : 51.000000, "value" : [350637.250000]},
		"node_25" : {"left" : null, "right" : null, "feature" : null, "threshold" : null, "impurity" : 0.000000, "n_samples" : 1, "w_samples" : 1.000000, "value" : [75000.000000]},
		"node_26" : {"left" : null, "right" : null, "feature" : null, "threshold" : null, "impurity" : 249991168.000000, "n_samples" : 4, "w_samples" : 4.000000, "value" : [258775.000000]},
		"node_27" : {"left" : null, "right" : null, "feature" : null, "threshold" : null, "impurity" : 102023168.000000, "n_samples" : 2, "w_samples" : 2.000000, "value" : [400200.000000]},
		"node_28" : {"left" : 35, "right" : 36, "feature" : 4, "threshold" : 574.000000, "impurity" : 1204486144.000000, "n_samples" : 8, "w_samples" : 8.000000, "value" : [474325.625000]},
		"node_29" : {"left" : 31, "right" : 32, "feature" : 6, "threshold" : 1250.000000, "impurity" : 1255620608.000000, "n_samples" : 11, "w_samples" : 11.000000, "value" : [292936.375000]},
		"node_30" : {"left" : 37, "right" : 38, "feature" : 2, "threshold" : 46.000000, "impurity" : 1016152064.000000, "n_samples" : 7, "w_samples" : 7.000000, "value" : [232328.578125]},
		"node_31" : {"left" : 39, "right" : 40, "feature" : 4, "threshold" : 197.500000, "impurity" : 710852608.000000, "n_samples" : 10, "w_samples" : 10.000000, "value" : [285130.000000]},
		"node_32" : {"left" : null, "right" : null, "feature" : null, "threshold" : null, "impurity" : 0.000000, "n_samples" : 1, "w_samples" : 1.000000, "value" : [371000.000000]},
		"node_33" : {"left" : null, "right" : null, "feature" : null, "threshold" : null, "impurity" : 776693760.000000, "n_samples" : 45, "w_samples" : 45.000000, "value" : [108857.781250]},
		"node_34" : {"left" : 41, "right" : 42, "feature" : 7, "threshold" : 2.408150, "impurity" : 3639535616.000000, "n_samples" : 71, "w_samples" : 71.000000, "value" : [159487.343750]},
		"node_35" : {"left" : null, "right" : null, "feature" : null, "threshold" : null, "impurity" : 732119040.000000, "n_samples" : 7, "w_samples" : 7.000000, "value" : [483300.718750]},
		"node_36" : {"left" : null, "right" : null, "feature" : null, "threshold" : null, "impurity" : 65536.000000, "n_samples" : 1, "w_samples" : 1.000000, "value" : [411500.000000]},
		"node_37" : {"left" : null, "right" : null, "feature" : null, "threshold" : null, "impurity" : 528506880.000000, "n_samples" : 6, "w_samples" : 6.000000, "value" : [242016.671875]},
		"node_38" : {"left" : null, "right" : null, "feature" : null, "threshold" : null, "impurity" : -14336.000000, "n_samples" : 1, "w_samples" : 1.000000, "value" : [174200.000000]},
		"node_39" : {"left" : null, "right" : null, "feature" : null, "threshold" : null, "impurity" : 60768256.000000, "n_samples" : 3, "w_samples" : 3.000000, "value" : [319766.656250]},
		"node_40" : {"left" : null, "right" : null, "feature" : null, "threshold" : null,