{
	"metadata" : { "model" : "Vapnik_NuSVR_RBF", "version" : "2024-W12", "signature" : "ff4_ff4"},
	"options" : {"svm_type" : "nu_svr", "kernel" : "rbf", "degree" : 3, "gamma" : 43.773697, "coef0" : 0.000000, "cache_size" : 300, "tol" : 0.001000, "nu" : 0.500000, "epsilon" : 0.000000, "shrinking" : 0, "probability" : 0, "C" : 1.000000, "max_iter" : 128, "random_state" : 1789 },
	"dataset" : { "dataset_rows" : 16, "dataset_features" : 10 },
	"svm_model" : {
	"classes" : 2,
	"L" : 8,
	"SupportVectors" : {
		"SV_0" : [ -0.041840, -0.044642, 0.128521, 0.063187, -0.033216, -0.032629, 0.011824, -0.039493, -0.015999, -0.050783 ],
		"SV_1" : [ 0.023546, 0.050680, -0.030996, -0.005670, -0.016704, 0.017788, -0.032356, -0.002592, -0.074093, -0.034215 ],
		"SV_2" : [ 0.016281, 0.050680, 0.014272, 0.001215, 0.001183, -0.021355, -0.032356, 0.034309, 0.074966, 0.040343 ],
		"SV_3" : [ -0.085430, -0.044642, -0.004050, -0.009113, -0.002945, 0.007767, 0.022869, -0.039493, -0.061176, -0.013504 ],
		"SV_4" : [ -0.001882, -0.044642, 0.033673, 0.125158, 0.024574, 0.026243, -0.010266, -0.002592, 0.026717, 0.061054 ],
		"SV_5" : [ -0.052738, -0.044642, 0.071397, -0.074527, -0.015328, -0.001314, 0.004460, -0.021412, -0.046883, 0.003064 ],
		"SV_6" : [ 0.009016, 0.050680, 0.069241, 0.059744, 0.017694, -0.023234, -0.047082, 0.034309, 0.103297, 0.073480 ],
		"SV_7" : [ -0.060003, 0.050680, -0.047163, -0.022885, -0.071743, -0.057681, -0.006584, -0.039493, -0.062917, -0.054925 ]
	},
	"SupportVectorsCoefs" : {
		"SV_coef_0" : [ 1.000000, -1.000000, 1.000000, -1.000000, 1.000000, -1.000000, 1.000000, -1.000000 ]
	},
	"rho" : [ -142.185349 ],
	"nSV" : [ 8 ],
	"probA" : [ ],
	"probB" : [ ],
	"n_iter" : [ 7 ]
}
}