{
   "Contributions" : {
      "X_0" : [ -0.000677 ],
      "X_1" : [ 0.004730 ],
      "X_2" : [ -0.001190 ],
      "X_3" : [ -0.010411 ],
      "X_4" : [ -0.002501 ],
      "X_5" : [ -0.000155 ],
      "X_6" : [ 0.002260 ],
      "X_7" : [ 0.001887 ],
      "X_8" : [ -0.022873 ],
      "X_9" : [ -0.001231 ]   
   },
   "Most_Contributive_Features" : {
      "y" : [ 8, 3, 1, 4, 6, 7, 9, 2, 0, 5 ]
   }
}