{
	"metadata" : { "model" : "Vapnik_NuSVR_RBF", "version" : "2024-W13", "signature" : "ff4_ff4"},
	"options" : {"svm_type" : "nu_svr", "kernel" : "rbf", "degree" : 3, "gamma" : 43.773697, "coef0" : 0.000000, "cache_size" : 300, "tol" : 0.001000, "nu" : 0.100000, "epsilon" : 0.000000, "shrinking" : 0, "probability" : 0, "C" : 1.000000, "max_iter" : 128, "random_state" : 1789 },
	"dataset" : { "dataset_rows" : 16, "dataset_features" : 10 },
	"svm_model" : {
	"classes" : 2,
	"L" : 3,
	"SupportVectors" : {
		"SV_0" : [ 0.023546, 0.050680, -0.030996, -0.005670, -0.016704, 0.017788, -0.032356, -0.002592, -0.074093, -0.034215 ],
		"SV_1" : [ -0.052738, -0.044642, 0.071397, -0.074527, -0.015328, -0.001314, 0.004460, -0.021412, -0.046883, 0.003064 ],
		"SV_2" : [ 0.009016, 0.050680, 0.069241, 0.059744, 0.017694, -0.023234, -0.047082, 0.034309, 0.103297, 0.073480 ]
	},
	"SupportVectorsCoefs" : {
		"SV_coef_0" : [ -0.405124, -0.394876, 0.800000 ]
	},
	"rho" : [ -165.844513 ],
	"nSV" : [ 3 ],
	"probA" : [ ],
	"probB" : [ ],
	"n_iter" : [ 3 ]
}
}