{
   "Contributions" : {
      "X_0" : [ -0.040349 ],
      "X_1" : [ 0.012555 ],
      "X_2" : [ -0.048654 ],
      "X_3" : [ -0.055598 ],
      "X_4" : [ -0.014236 ],
      "X_5" : [ 0.000882 ],
      "X_6" : [ 0.005043 ],
      "X_7" : [ 0.000032 ],
      "X_8" : [ -0.098642 ],
      "X_9" : [ -0.010994 ]   
   },
   "Most_Contributive_Features" : {
      "y" : [ 8, 3, 2, 0, 4, 1, 9, 6, 5, 7 ]
   }
}