{
	"metadata" : { "model" : "Tikhonov_Ridge", "version" : "2024-W12", "signature" : "ff4_ff4"},
	"options" : { "alpha" : 0.000000, "random_state" : 1789 },
	"dataset" : { "dataset_rows" : 442, "dataset_features" : 10 },
	"equations" : {
			"intercept" : 152.133484,
			"coeffs" : [ -10.007645, -239.814529, 519.847656, 324.384247, -791.922668, 476.539368, 100.930977, 177.032394, 751.176758, 67.627403 ]
		}
}