{
   "Contributions" : {
      "X_0" : [ -0.431942 ],
      "X_1" : [ -1.013514 ],
      "X_2" : [ -0.204064 ],
      "X_3" : [ -0.126482 ],
      "X_4" : [ -0.323190 ],
      "X_5" : [ -0.303199 ],
      "X_6" : [ 0.687387 ],
      "X_7" : [ -0.396113 ],
      "X_8" : [ -0.741876 ],
      "X_9" : [ -0.531148 ]   
   },
   "Most_Contributive_Features" : {
      "y" : [ 1, 8, 6, 9, 0, 7, 4, 5, 2, 3 ]
   }
}