{
   "Contributions" : {
      "X_0" : [ -0.151567 ],
      "X_1" : [ 0.592720 ],
      "X_2" : [ -0.009371 ],
      "X_3" : [ 0.126721 ]   
   },
   "Most_Contributive_Features" : {
      "y" : [ 1, 0, 3, 2 ]
   }
}