{
   "Contributions" : {
      "X_0" : [ 0.060896 ],
      "X_1" : [ 11.821265 ],
      "X_2" : [ 0.010747 ],
      "X_3" : [ -0.125798 ]   
   },
   "Most_Contributive_Features" : {
      "y" : [ 1, 3, 0, 2 ]
   }
}