{
   "Contributions" : {
      "X_0" : [ -0.008544 ],
      "X_1" : [ 0.006112 ],
      "X_2" : [ 0.027405 ],
      "X_3" : [ 0.003318 ]   
   },
   "Most_Contributive_Features" : {
      "y" : [ 2, 0, 1, 3 ]
   }
}