{
   "Contributions" : {
      "X_0" : [ -0.012880 ],
      "X_1" : [ 0.008837 ],
      "X_2" : [ 0.024112 ],
      "X_3" : [ 0.001755 ]   
   },
   "Most_Contributive_Features" : {
      "y" : [ 2, 0, 1, 3 ]
   }
}