{
   "Contributions" : {
      "X_0" : [ 0.062417 ],
      "X_1" : [ 0.043528 ],
      "X_2" : [ 0.143806 ],
      "X_3" : [ -0.004322 ],
      "X_4" : [ -0.051088 ],
      "X_5" : [ -0.030357 ],
      "X_6" : [ 0.046868 ],
      "X_7" : [ 0.036309 ],
      "X_8" : [ 0.049626 ],
      "X_9" : [ -0.066903 ],
      "X_10" : [ -0.063590 ],
      "X_11" : [ 0.093452 ],
      "X_12" : [ -0.070787 ],
      "X_13" : [ -0.073398 ],
      "X_14" : [ 0.125438 ],
      "X_15" : [ 0.059676 ],
      "X_16" : [ -0.119928 ],
      "X_17" : [ -0.105235 ],
      "X_18" : [ 0.084366 ],
      "X_19" : [ 0.040106 ],
      "X_20" : [ -0.000827 ],
      "X_21" : [ -0.222527 ],
      "X_22" : [ -0.249421 ],
      "X_23" : [ -0.055766 ],
      "X_24" : [ -0.113664 ],
      "X_25" : [ -0.092526 ],
      "X_26" : [ -0.029836 ],
      "X_27" : [ 0.013356 ],
      "X_28" : [ -0.054585 ],
      "X_29" : [ 0.118754 ],
      "X_30" : [ -20.082003 ],
      "X_31" : [ -0.130334 ],
      "X_32" : [ -0.555288 ],
      "X_33" : [ 0.052031 ],
      "X_34" : [ 0.220823 ],
      "X_35" : [ 0.011637 ],
      "X_36" : [ 3.018457 ],
      "X_37" : [ -0.028013 ],
      "X_38" : [ 0.000126 ],
      "X_39" : [ 0.004524 ],
      "X_40" : [ 0.037495 ],
      "X_41" : [ 0.133955 ],
      "X_42" : [ -0.032883 ],
      "X_43" : [ 0.087178 ],
      "X_44" : [ 0.126484 ],
      "X_45" : [ -0.127210 ],
      "X_46" : [ -17.884245 ],
      "X_47" : [ -0.089861 ],
      "X_48" : [ 0.086042 ],
      "X_49" : [ 0.007264 ],
      "X_50" : [ 0.064555 ],
      "X_51" : [ -0.103936 ],
      "X_52" : [ -0.036694 ],
      "X_53" : [ -0.005135 ],
      "X_54" : [ 0.059700 ],
      "X_55" : [ -0.035097 ],
      "X_56" : [ 0.034666 ],
      "X_57" : [ 0.060936 ],
      "X_58" : [ 0.040730 ],
      "X_59" : [ -1.504091 ],
      "X_60" : [ -0.031192 ],
      "X_61" : [ 0.090657 ],
      "X_62" : [ -0.003713 ],
      "X_63" : [ 0.270595 ],
      "X_64" : [ 0.019377 ],
      "X_65" : [ 0.046642 ],
      "X_66" : [ -0.010528 ],
      "X_67" : [ -0.012650 ],
      "X_68" : [ -0.043922 ],
      "X_69" : [ 0.019796 ],
      "X_70" : [ -0.071711 ],
      "X_71" : [ 0.008125 ],
      "X_72" : [ 0.134522 ],
      "X_73" : [ 0.073260 ],
      "X_74" : [ -0.021877 ],
      "X_75" : [ 0.014432 ],
      "X_76" : [ 0.168940 ],
      "X_77" : [ 2.667357 ],
      "X_78" : [ -0.004328 ],
      "X_79" : [ -0.096363 ],
      "X_80" : [ 0.060422 ],
      "X_81" : [ 0.111914 ],
      "X_82" : [ 0.080254 ],
      "X_83" : [ -0.019409 ],
      "X_84" : [ -0.013029 ],
      "X_85" : [ -0.043772 ],
      "X_86" : [ -0.053857 ],
      "X_87" : [ 0.011585 ],
      "X_88" : [ -0.157957 ],
      "X_89" : [ -0.171881 ],
      "X_90" : [ -0.054718 ],
      "X_91" : [ 0.018782 ],
      "X_92" : [ -0.071919 ],
      "X_93" : [ 0.191763 ],
      "X_94" : [ -0.218093 ],
      "X_95" : [ 0.127494 ],
      "X_96" : [ 0.055535 ],
      "X_97" : [ 0.017228 ],
      "X_98" : [ 0.027461 ],
      "X_99" : [ -0.033501 ]   
   },
   "Most_Contributive_Features" : {
      "y" : [ 30, 46, 36, 77, 59, 32, 63, 22, 21, 34 ]
   }
}