{
   "Contributions" : {
      "X_0" : [ -0.968768 ],
      "X_1" : [ 0.597154 ],
      "X_2" : [ -0.366541 ],
      "X_3" : [ 0.946464 ],
      "X_4" : [ 0.190118 ],
      "X_5" : [ -0.392821 ],
      "X_6" : [ -0.051579 ],
      "X_7" : [ -0.836131 ],
      "X_8" : [ -2.553627 ],
      "X_9" : [ 2.690222 ]   
   },
   "Most_Contributive_Features" : {
      "y" : [ 9, 8, 0, 3, 7, 1, 5, 2, 4, 6 ]
   }
}