{
   "Contributions" : {
      "X_0" : [ -6.150270 ],
      "X_1" : [ 0.000000 ],
      "X_2" : [ -11.810192 ],
      "X_3" : [ 2.252518 ],
      "X_4" : [ 8.491041 ],
      "X_5" : [ 0.000000 ],
      "X_6" : [ -28.595240 ],
      "X_7" : [ 12.535264 ],
      "X_8" : [ 0.911501 ],
      "X_9" : [ 0.366089 ]   
   },
   "Most_Contributive_Features" : {
      "y" : [ 6, 7, 2, 4, 0, 3, 8, 9 ]
   }
}