{
   "Contributions" : {
      "X_0" : [ -4.396970 ],
      "X_1" : [ -1.491140 ],
      "X_2" : [ -13.028937 ],
      "X_3" : [ 2.148797 ],
      "X_4" : [ 9.249736 ],
      "X_5" : [ 0.623167 ],
      "X_6" : [ -29.859545 ],
      "X_7" : [ 13.273675 ],
      "X_8" : [ 1.644088 ],
      "X_9" : [ 0.938107 ]   
   },
   "Most_Contributive_Features" : {
      "y" : [ 6, 7, 2, 4, 0, 3, 8, 1, 9, 5 ]
   }
}