{
   "Contributions" : {
      "X_0" : [ 0.000000, 0.000000, 0.000000, 0.000000, 0.000000, 0.000000, 0.000000, 0.000000, 0.000000, 0.000000 ],
      "X_1" : [ -0.000016, -0.000011, -0.000005, -0.000007, -0.000002, -0.000018, -0.000017, 0.000078, -0.000008, 0.000005 ],
      "X_2" : [ -0.000491, -0.000891, -0.000296, -0.000030, -0.001601, -0.000216, 0.000524, 0.000941, 0.001276, 0.000784 ],
      "X_3" : [ -0.000142, -0.000755, 0.000082, 0.000126, -0.000902, 0.000362, 0.000463, 0.000303, 0.000082, 0.000381 ],
      "X_4" : [ -0.000252, 0.000448, 0.000000, 0.000033, -0.000385, -0.000509, -0.000358, -0.000027, 0.000174, 0.000876 ],
      "X_5" : [ -0.000428, -0.000803, 0.000052, -0.000145, -0.000662, -0.000409, -0.000382, 0.000615, -0.000116, 0.002278 ],
      "X_6" : [ 0.000119, -0.000266, -0.000078, -0.000074, -0.000335, 0.000324, 0.000053, -0.001270, 0.000426, 0.001102 ],
      "X_7" : [ -0.000014, -0.000041, -0.000070, -0.000009, -0.000091, -0.000096, 0.000005, 0.000083, 0.000067, 0.000166 ],
      "X_8" : [ -0.000002, 0.000002, -0.000001, -0.000002, -0.000005, -0.000001, -0.000005, -0.000011, 0.000025, 0.000000 ],
      "X_9" : [ -0.000369, -0.000221, -0.000043, -0.000152, -0.000174, -0.000211, -0.000328, 0.000139, 0.000427, 0.000933 ],
      "X_10" : [ -0.000531, -0.002073, -0.000529, 0.000182, -0.003099, 0.000350, 0.000295, 0.000691, 0.002309, 0.002406 ],
      "X_11" : [ -0.000586, -0.000288, -0.000135, 0.000030, -0.000015, -0.000264, -0.000127, -0.000119, 0.000482, 0.001021 ],
      "X_12" : [ -0.000178, -0.000400, -0.000292, -0.000232, 0.000027, 0.000341, 0.000327, 0.000286, -0.000129, 0.000250 ],
      "X_13" : [ -0.001796, -0.002720, -0.001530, -0.000499, -0.002383, -0.000948, -0.002204, 0.000592, 0.003904, 0.007582 ],
      "X_14" : [ -0.000177, -0.000299, -0.000226, -0.000011, -0.000420, -0.000569, 0.000202, 0.000303, -0.000504, 0.001699 ],
      "X_15" : [ 0.000004, -0.000071, -0.000062, -0.000018, -0.000063, -0.000061, 0.000010, -0.000028, 0.000033, 0.000258 ],
      "X_16" : [ -0.000000, -0.000000, -0.000000, -0.000000, 0.000000, -0.000000, -0.000000, 0.000000, 0.000000, -0.000000 ],
      "X_17" : [ -0.000204, -0.000157, -0.000320, -0.000142, -0.000597, -0.000097, -0.000312, 0.000621, 0.000298, 0.000909 ],
      "X_18" : [ -0.001511, -0.000491, -0.000719, -0.000055, -0.000534, -0.000501, 0.001147, 0.000692, 0.000012, 0.001960 ],
      "X_19" : [ -0.000444, -0.001006, 0.000222, 0.000378, -0.002175, 0.000312, -0.000577, 0.000403, 0.001189, 0.001697 ],
      "X_20" : [ -0.002709, -0.000812, -0.000015, -0.000374, 0.000730, -0.000355, 0.000820, 0.000343, 0.001371, 0.001002 ],
      "X_21" : [ -0.002231, -0.002416, -0.001592, -0.000825, -0.001634, -0.003126, -0.003111, 0.001120, 0.000891, 0.012923 ],
      "X_22" : [ -0.000127, -0.000049, -0.000072, -0.000035, -0.000362, -0.000811, 0.000281, 0.000875, -0.000234, 0.000535 ],
      "X_23" : [ 0.000002, 0.000004, 0.000002, 0.000001, -0.000015, 0.000000, 0.000013, 0.000002, -0.000022, 0.000014 ],
      "X_24" : [ 0.000000, 0.000000, 0.000000, 0.000000, 0.000000, 0.000000, 0.000000, 0.000000, 0.000000, 0.000000 ],
      "X_25" : [ -0.000427, 0.000063, 0.000079, -0.000040, 0.000173, -0.000065, 0.000001, 0.000038, 0.000194, -0.000015 ],
      "X_26" : [ -0.001672, -0.001517, -0.000339, -0.000302, -0.000975, -0.001549, -0.000003, -0.001480, 0.003937, 0.003898 ],
      "X_27" : [ -0.003386, -0.001260, -0.000881, -0.000349, -0.000250, -0.000427, 0.000408, -0.001892, 0.003971, 0.004065 ],
      "X_28" : [ -0.005428, -0.001055, -0.000501, 0.000063, -0.000054, -0.000134, 0.001338, -0.000060, 0.001074, 0.004757 ],
      "X_29" : [ -0.000757, -0.000320, -0.000445, 0.000375, -0.001244, -0.000723, 0.001095, 0.000252, -0.006463, 0.008228 ],
      "X_30" : [ -0.000829, -0.000233, -0.000146, -0.000014, -0.000629, 0.000275, 0.000667, 0.000619, -0.001128, 0.001417 ],
      "X_31" : [ -0.000000, 0.000000, 0.000000, 0.000000, 0.000000, 0.000000, -0.000000, 0.000000, -0.000000, -0.000000 ],
      "X_32" : [ 0.000000, 0.000000, 0.000000, 0.000000, 0.000000, 0.000000, 0.000000, 0.000000, 0.000000, 0.000000 ],
      "X_33" : [ -0.000736, -0.000477, 0.000139, -0.000003, 0.000118, 0.000055, 0.000463, 0.000104, -0.000585, 0.000922 ],
      "X_34" : [ -0.002364, -0.001879, -0.000051, -0.000491, -0.001619, -0.001314, 0.001507, -0.000479, 0.000989, 0.005702 ],
      "X_35" : [ -0.003385, -0.001154, -0.000497, -0.000053, -0.000315, -0.000539, 0.001480, 0.000833, -0.004202, 0.007833 ],
      "X_36" : [ -0.003609, -0.000627, -0.000467, 0.000363, 0.000271, -0.000790, -0.000006, 0.000527, -0.008083, 0.012423 ],
      "X_37" : [ -0.000244, -0.000309, 0.000105, -0.000138, -0.002062, -0.000255, 0.000952, -0.001230, -0.001813, 0.004992 ],
      "X_38" : [ -0.000775, -0.000070, 0.000419, -0.000036, -0.000459, -0.000335, -0.000073, -0.000365, -0.001050, 0.002744 ],
      "X_39" : [ 0.000000, 0.000000, 0.000000, 0.000000, 0.000000, 0.000000, 0.000000, 0.000000, 0.000000, 0.000000 ],
      "X_40" : [ 0.000010, 0.000003, 0.000001, -0.000001, 0.000001, -0.000025, 0.000044, -0.000001, -0.000032, 0.000001 ],
      "X_41" : [ -0.000568, 0.000025, -0.000006, 0.000003, -0.000017, 0.000223, 0.000394, 0.000048, -0.000149, 0.000048 ],
      "X_42" : [ -0.002274, -0.000810, -0.001160, -0.000724, -0.001137, -0.000239, 0.000015, 0.001432, -0.000568, 0.005465 ],
      "X_43" : [ -0.001746, -0.001603, -0.002053, -0.000327, -0.001437, -0.001407, -0.001220, -0.002858, -0.008294, 0.020945 ],
      "X_44" : [ -0.002195, -0.000908, -0.000666, -0.000004, -0.002783, 0.000378, 0.000934, -0.001583, -0.000605, 0.007433 ],
      "X_45" : [ -0.001089, -0.000451, -0.000228, -0.000438, -0.000774, -0.000629, 0.001026, -0.000027, 0.001378, 0.001234 ],
      "X_46" : [ 0.000116, -0.000160, -0.000124, -0.000199, -0.000766, -0.000291, -0.000409, -0.000640, -0.000006, 0.002478 ],
      "X_47" : [ 0.000001, -0.000011, -0.000002, -0.000002, -0.000006, 0.000009, -0.000031, 0.000008, 0.000036, -0.000001 ],
      "X_48" : [ 0.000035, 0.000015, 0.000027, -0.000006, 0.000003, -0.000000, -0.000001, -0.000011, -0.000024, -0.000038 ],
      "X_49" : [ 0.000057, 0.000001, -0.000188, 0.000059, 0.000145, 0.000227, -0.000273, -0.000122, 0.000007, 0.000088 ],
      "X_50" : [ -0.000415, -0.000232, -0.000129, 0.000168, -0.001181, 0.000505, 0.001245, 0.000716, 0.000258, -0.000936 ],
      "X_51" : [ -0.000744, -0.000269, -0.000905, -0.000223, -0.000848, -0.000323, -0.000439, -0.001580, 0.000497, 0.004833 ],
      "X_52" : [ -0.000629, -0.000546, 0.000498, -0.000126, -0.000997, 0.000852, -0.000216, 0.000145, 0.001212, -0.000192 ],
      "X_53" : [ -0.000183, -0.000628, -0.000780, -0.000490, -0.001858, 0.000070, 0.001004, -0.004131, 0.001557, 0.005440 ],
      "X_54" : [ -0.000344, -0.000465, -0.000167, -0.000205, -0.001131, 0.000063, 0.000053, 0.000236, 0.000649, 0.001312 ],
      "X_55" : [ -0.000027, -0.000036, -0.000036, -0.000008, -0.000009, 0.000041, -0.000024, 0.000007, 0.000052, 0.000040 ],
      "X_56" : [ -0.000000, 0.000000, 0.000000, -0.000000, 0.000000, 0.000000, 0.000000, 0.000000, -0.000000, -0.000000 ],
      "X_57" : [ -0.000023, -0.000018, -0.000043, -0.000008, -0.000040, -0.000078, 0.000031, 0.000049, -0.000061, 0.000191 ],
      "X_58" : [ -0.000595, -0.000954, -0.000249, -0.000079, -0.001914, -0.000278, 0.000256, 0.001265, 0.001353, 0.001195 ],
      "X_59" : [ -0.000214, -0.000959, 0.000062, 0.000010, -0.000496, 0.000454, 0.000487, 0.000431, 0.000426, -0.000204 ],
      "X_60" : [ 0.000110, -0.000095, 0.000233, 0.000267, -0.000256, 0.000664, -0.000024, -0.001946, -0.000254, 0.001299 ],
      "X_61" : [ -0.000528, -0.000086, 0.000328, -0.000588, -0.000719, 0.000052, -0.000757, -0.000427, 0.000548, 0.002177 ],
      "X_62" : [ -0.001055, -0.000435, 0.000614, -0.000584, -0.001023, -0.000677, -0.000903, 0.000195, 0.001667, 0.002201 ],
      "X_63" : [ -0.000272, -0.000080, 0.000080, -0.000224, -0.000296, -0.000079, -0.000069, -0.000114, 0.000477, 0.000575 ]   
   },