{
	"metadata" : { "model" : "Tikhonov_Ridge", "version" : "2024-W12", "signature" : "ff4_ff4"},
	"options" : { "alpha" : 0.000000, "random_state" : 1789 },
	"dataset" : { "dataset_rows" : 512, "dataset_features" : 9 },
	"equations" : {
			"intercept" : 27758342.000000,
			"coeffs" : [ 655467.437500, 1387063.375000, -130.976746, -4.065172, -70.044510, -3.429034, 136.405609, 29117.230469, 0.000000 ]
		}
}