{
   "Contributions" : {
      "X_0" : [ -1996.953125 ],
      "X_1" : [ 8804.602539 ],
      "X_2" : [ -142.232819 ],
      "X_3" : [ -523.216553 ],
      "X_4" : [ -1659.589600 ],
      "X_5" : [ -166.824066 ],
      "X_6" : [ 3995.991455 ],
      "X_7" : [ 11043.375000 ],
      "X_8" : [ 0.000000 ]   
   },
   "Most_Contributive_Features" : {
      "y" : [ 7, 1, 6, 0, 4, 3, 5, 2 ]
   }
}