{
   "Contributions" : {
      "X_0" : [ -1975.546875 ],
      "X_1" : [ 8753.026367 ],
      "X_2" : [ -136.506577 ],
      "X_3" : [ -464.225983 ],
      "X_4" : [ -1135.290527 ],
      "X_5" : [ -165.090622 ],
      "X_6" : [ 3247.337646 ],
      "X_7" : [ 11053.802734 ],
      "X_8" : [ 0.000000 ]   
   },
   "Most_Contributive_Features" : {
      "y" : [ 7, 1, 6, 0, 4, 3, 5, 2 ]
   }
}