{
   "Contributions" : {
      "X_0" : [ 0.014756 ],
      "X_1" : [ -0.003759 ],
      "X_2" : [ 0.022501 ],
      "X_3" : [ 0.007952 ]   
   },
   "Most_Contributive_Features" : {
      "y" : [ 2, 0, 3, 1 ]
   }
}