{
   "Contributions" : {
      "X_0" : [ 0.022567 ],
      "X_1" : [ 0.004355 ],
      "X_2" : [ 0.023835 ],
      "X_3" : [ 0.003138 ]   
   },
   "Most_Contributive_Features" : {
      "y" : [ 2, 0, 1, 3 ]
   }
}