{
	"metadata" : { "model" : "Tikhonov_Ridge", "version" : "2024-W13", "signature" : "ff4_il8"},
	"options" : { "alpha" : 0.000000, "random_state" : 1789 },
	"dataset" : { "dataset_rows" : 64, "dataset_features" : 100 },
	"classes" : [ 0, 1 ],
	"equations" : {
		"class_1" : {
			"intercept" : -0.167465,
			"coeffs" : [ -0.065824, 0.170214, -0.107565, -0.068493, 0.115024, 0.121796, -0.047109, 0.005172, 0.089224, 0.162715, -0.079149, 0.119719, 0.016897, -0.087088, 0.083283, -0.070554, -0.016709, -0.037898, 0.228948, -0.179669, 0.187460, 0.020380, -0.037970, -0.129015, -0.008958, 0.146960, -0.046528, -0.001090, -0.134297, 0.106961, -0.122439, -0.220896, 0.028229, 0.183677, 0.050027, 0.037509, -0.154468, 0.050939, 0.011170, 0.075074, -0.105360, -0.013765, -0.121208, 0.168776, -0.041765, 0.003042, 0.054148, -0.127650, 0.069400, 0.162826, 0.053973, -0.091615, 0.020842, 0.134181, 0.131316, -0.235558, 0.069716, -0.034860, -0.037456, 0.232644, 0.031175, 0.181672, 0.081640, -0.049070, 0.141853, -0.043451, 0.043152, -0.122339, -0.026675, 0.077395, -0.075449, 0.013319, -0.034997, -0.122370, -0.002006, 0.099435, -0.039288, 0.072277, -0.010824, 0.071603, 0.154134, -0.054102, 0.242759, 0.196158, 0.284719, 0.000240, -0.014958, -0.043787, 0.006879, 0.011691, -0.022347, 0.107993, 0.105420, 0.210431, 0.214516, 0.023638, -0.017314, 0.015000, 0.067656, 0.035863 ]
		}
	}
}