{
	"metadata" : { "model" : "Tikhonov_Ridge", "version" : "2024-W12", "signature" : "ff4_il8"},
	"options" : { "alpha" : 1.000000, "random_state" : 1789 },
	"dataset" : { "dataset_rows" : 64, "dataset_features" : 100 },
	"classes" : [ 0, 1 ],
	"equations" : {
		"class_1" : {
			"intercept" : -0.154922,
			"coeffs" : [ -0.061216, 0.169607, -0.112639, -0.074018, 0.115883, 0.116083, -0.033896, 0.002993, 0.074146, 0.147657, -0.071556, 0.097029, 0.008263, -0.086393, 0.069793, -0.050795, -0.009102, -0.030700, 0.211441, -0.176824, 0.163155, 0.015595, -0.042739, -0.131518, -0.015515, 0.135455, -0.041799, -0.002466, -0.128410, 0.094894, -0.112748, -0.199864, 0.021080, 0.157102, 0.040031, 0.040043, -0.149121, 0.046900, 0.009890, 0.075396, -0.091361, -0.006330, -0.115973, 0.155078, -0.045845, 0.008037, 0.039223, -0.103648, 0.060546, 0.154460, 0.043627, -0.084981, 0.003326, 0.128687, 0.131028, -0.225870, 0.062389, -0.027438, -0.039266, 0.194696, 0.007687, 0.176994, 0.056959, -0.033514, 0.133890, -0.041855, 0.047419, -0.108503, -0.024509, 0.079846, -0.069624, 0.018161, -0.026871, -0.116563, -0.004945, 0.088054, -0.042138, 0.066414, -0.001384, 0.058071, 0.151540, -0.058754, 0.227577, 0.173212, 0.271182, 0.005602, -0.008932, -0.025721, 0.012830, 0.011383, -0.012570, 0.112980, 0.092463, 0.192380, 0.198072, 0.030159, -0.029183, 0.005734, 0.068381, 0.032859 ]
		}
	}
}