{
   "Contributions" : {
      "X_0" : [ -0.000224, 0.000224 ],
      "X_1" : [ -0.002369, 0.002369 ],
      "X_2" : [ -0.003151, 0.003151 ],
      "X_3" : [ -0.000185, 0.000185 ],
      "X_4" : [ -0.000847, 0.000847 ],
      "X_5" : [ 0.009838, -0.009838 ],
      "X_6" : [ -0.000522, 0.000522 ],
      "X_7" : [ -0.000032, 0.000032 ],
      "X_8" : [ -0.001403, 0.001403 ],
      "X_9" : [ -0.003561, 0.003561 ],
      "X_10" : [ -0.000498, 0.000498 ],
      "X_11" : [ 0.001563, -0.001563 ],
      "X_12" : [ -0.000324, 0.000324 ],
      "X_13" : [ -0.001930, 0.001930 ],
      "X_14" : [ 0.005291, -0.005291 ],
      "X_15" : [ 0.002284, -0.002284 ],
      "X_16" : [ -0.000065, 0.000065 ],
      "X_17" : [ 0.002907, -0.002907 ],
      "X_18" : [ -0.010510, 0.010510 ],
      "X_19" : [ 0.011407, -0.011407 ],
      "X_20" : [ 0.009866, -0.009866 ],
      "X_21" : [ 0.000472, -0.000472 ],
      "X_22" : [ -0.000052, 0.000052 ],
      "X_23" : [ -0.003566, 0.003566 ],
      "X_24" : [ -0.000421, 0.000421 ],
      "X_25" : [ -0.000752, 0.000752 ],
      "X_26" : [ -0.001835, 0.001835 ],
      "X_27" : [ 0.000050, -0.000050 ],
      "X_28" : [ 0.001519, -0.001519 ],
      "X_29" : [ -0.004906, 0.004906 ],
      "X_30" : [ -0.001098, 0.001098 ],
      "X_31" : [ 0.001022, -0.001022 ],
      "X_32" : [ -0.000378, 0.000378 ],
      "X_33" : [ -0.006440, 0.006440 ],
      "X_34" : [ 0.000577, -0.000577 ],
      "X_35" : [ 0.000457, -0.000457 ],
      "X_36" : [ -0.005356, 0.005356 ],
      "X_37" : [ -0.001517, 0.001517 ],
      "X_38" : [ -0.000053, 0.000053 ],
      "X_39" : [ 0.001328, -0.001328 ],
      "X_40" : [ 0.003415, -0.003415 ],
      "X_41" : [ 0.000157, -0.000157 ],
      "X_42" : [ 0.002536, -0.002536 ],
      "X_43" : [ 0.001850, -0.001850 ],
      "X_44" : [ -0.000121, 0.000121 ],
      "X_45" : [ 0.000524, -0.000524 ],
      "X_46" : [ 0.000012, -0.000012 ],
      "X_47" : [ -0.001031, 0.001031 ],
      "X_48" : [ -0.000293, 0.000293 ],
      "X_49" : [ 0.000951, -0.000951 ],
      "X_50" : [ 0.001919, -0.001919 ],
      "X_51" : [ -0.003234, 0.003234 ],
      "X_52" : [ 0.000060, -0.000060 ],
      "X_53" : [ 0.007210, -0.007210 ],
      "X_54" : [ -0.000833, 0.000833 ],
      "X_55" : [ -0.004564, 0.004564 ],
      "X_56" : [ -0.001307, 0.001307 ],
      "X_57" : [ -0.000910, 0.000910 ],
      "X_58" : [ -0.002622, 0.002622 ],
      "X_59" : [ -0.014614, 0.014614 ],
      "X_60" : [ 0.000149, -0.000149 ],
      "X_61" : [ -0.004353, 0.004353 ],
      "X_62" : [ -0.000871, 0.000871 ],
      "X_63" : [ -0.000022, 0.000022 ],
      "X_64" : [ -0.005988, 0.005988 ],
      "X_65" : [ -0.001096, 0.001096 ],
      "X_66" : [ 0.000960, -0.000960 ],
      "X_67" : [ -0.000860, 0.000860 ],
      "X_68" : [ 0.002123, -0.002123 ],
      "X_69" : [ -0.002872, 0.002872 ],
      "X_70" : [ 0.005588, -0.005588 ],
      "X_71" : [ -0.000040, 0.000040 ],
      "X_72" : [ 0.001922, -0.001922 ],
      "X_73" : [ 0.007443, -0.007443 ],
      "X_74" : [ -0.000025, 0.000025 ],
      "X_75" : [ -0.000818, 0.000818 ],
      "X_76" : [ 0.000797, -0.000797 ],
      "X_77" : [ 0.003087, -0.003087 ],
      "X_78" : [ -0.000012, 0.000012 ],
      "X_79" : [ -0.000103, 0.000103 ],
      "X_80" : [ 0.000161, -0.000161 ],
      "X_81" : [ -0.000198, 0.000198 ],
      "X_82" : [ -0.004924, 0.004924 ],
      "X_83" : [ -0.003639, 0.003639 ],
      "X_84" : [ 0.003742, -0.003742 ],
      "X_85" : [ -0.000302, 0.000302 ],
      "X_86" : [ -0.000066, 0.000066 ],
      "X_87" : [ 0.000801, -0.000801 ],
      "X_88" : [ -0.000127, 0.000127 ],
      "X_89" : [ -0.000228, 0.000228 ],
      "X_90" : [ -0.000295, 0.000295 ],
      "X_91" : [ 0.002384, -0.002384 ],
      "X_92" : [ 0.001232, -0.001232 ],
      "X_93" : [ 0.007496, -0.007496 ],
      "X_94" : [ 0.000798, -0.000798 ],
      "X_95" : [ 0.000774, -0.000774 ],
      "X_96" : [ 0.001572, -0.001572 ],
      "X_97" : [ -0.000112, 0.000112 ],
      "X_98" : [ 0.003643, -0.003643 ],
      "X_99" : [ 0.000821, -0.000821 ]   
   },
   "Most_Contributive_Features_By_Class" : {
      "class_0" : [ 59, 19, 18, 20, 5, 93, 73, 53, 33, 64 ],
      "class_1" : [ 59, 19, 18, 20, 5, 93, 73, 53, 33, 64 ]
   }
}