{
   "Contributions" : {
      "X_0" : [ -0.000210, 0.000210 ],
      "X_1" : [ -0.002217, 0.002217 ],
      "X_2" : [ -0.002974, 0.002974 ],
      "X_3" : [ -0.000162, 0.000162 ],
      "X_4" : [ -0.000823, 0.000823 ],
      "X_5" : [ 0.010182, -0.010182 ],
      "X_6" : [ -0.000715, 0.000715 ],
      "X_7" : [ -0.000055, 0.000055 ],
      "X_8" : [ -0.001702, 0.001702 ],
      "X_9" : [ -0.003887, 0.003887 ],
      "X_10" : [ -0.000563, 0.000563 ],
      "X_11" : [ 0.001905, -0.001905 ],
      "X_12" : [ -0.000654, 0.000654 ],
      "X_13" : [ -0.001934, 0.001934 ],
      "X_14" : [ 0.006272, -0.006272 ],
      "X_15" : [ 0.003117, -0.003117 ],
      "X_16" : [ -0.000123, 0.000123 ],
      "X_17" : [ 0.003535, -0.003535 ],
      "X_18" : [ -0.011228, 0.011228 ],
      "X_19" : [ 0.011496, -0.011496 ],
      "X_20" : [ 0.011306, -0.011306 ],
      "X_21" : [ 0.000610, -0.000610 ],
      "X_22" : [ -0.000031, 0.000031 ],
      "X_23" : [ -0.003455, 0.003455 ],
      "X_24" : [ -0.000242, 0.000242 ],
      "X_25" : [ -0.000820, 0.000820 ],
      "X_26" : [ -0.002011, 0.002011 ],
      "X_27" : [ 0.000022, -0.000022 ],
      "X_28" : [ 0.001537, -0.001537 ],
      "X_29" : [ -0.005458, 0.005458 ],
      "X_30" : [ -0.001235, 0.001235 ],
      "X_31" : [ 0.001170, -0.001170 ],
      "X_32" : [ -0.000505, 0.000505 ],
      "X_33" : [ -0.007421, 0.007421 ],
      "X_34" : [ 0.000722, -0.000722 ],
      "X_35" : [ 0.000444, -0.000444 ],
      "X_36" : [ -0.005501, 0.005501 ],
      "X_37" : [ -0.001631, 0.001631 ],
      "X_38" : [ -0.000056, 0.000056 ],
      "X_39" : [ 0.001287, -0.001287 ],
      "X_40" : [ 0.003974, -0.003974 ],
      "X_41" : [ 0.000335, -0.000335 ],
      "X_42" : [ 0.002658, -0.002658 ],
      "X_43" : [ 0.001996, -0.001996 ],
      "X_44" : [ -0.000102, 0.000102 ],
      "X_45" : [ 0.000197, -0.000197 ],
      "X_46" : [ 0.000041, -0.000041 ],
      "X_47" : [ -0.001246, 0.001246 ],
      "X_48" : [ -0.000320, 0.000320 ],
      "X_49" : [ 0.001014, -0.001014 ],
      "X_50" : [ 0.002337, -0.002337 ],
      "X_51" : [ -0.003398, 0.003398 ],
      "X_52" : [ 0.000359, -0.000359 ],
      "X_53" : [ 0.007410, -0.007410 ],
      "X_54" : [ -0.000856, 0.000856 ],
      "X_55" : [ -0.004656, 0.004656 ],
      "X_56" : [ -0.001467, 0.001467 ],
      "X_57" : [ -0.001141, 0.001141 ],
      "X_58" : [ -0.002478, 0.002478 ],
      "X_59" : [ -0.017200, 0.017200 ],
      "X_60" : [ 0.000605, -0.000605 ],
      "X_61" : [ -0.004178, 0.004178 ],
      "X_62" : [ -0.001200, 0.001200 ],
      "X_63" : [ -0.000017, 0.000017 ],
      "X_64" : [ -0.006218, 0.006218 ],
      "X_65" : [ -0.001111, 0.001111 ],
      "X_66" : [ 0.000879, -0.000879 ],
      "X_67" : [ -0.000848, 0.000848 ],
      "X_68" : [ 0.002270, -0.002270 ],
      "X_69" : [ -0.002731, 0.002731 ],
      "X_70" : [ 0.006007, -0.006007 ],
      "X_71" : [ -0.000044, 0.000044 ],
      "X_72" : [ 0.002492, -0.002492 ],
      "X_73" : [ 0.007737, -0.007737 ],
      "X_74" : [ -0.000010, 0.000010 ],
      "X_75" : [ -0.000899, 0.000899 ],
      "X_76" : [ 0.000737, -0.000737 ],
      "X_77" : [ 0.003364, -0.003364 ],
      "X_78" : [ -0.000092, 0.000092 ],
      "X_79" : [ -0.000137, 0.000137 ],
      "X_80" : [ 0.000279, -0.000279 ],
      "X_81" : [ -0.000177, 0.000177 ],
      "X_82" : [ -0.005231, 0.005231 ],
      "X_83" : [ -0.004121, 0.004121 ],
      "X_84" : [ 0.003896, -0.003896 ],
      "X_85" : [ -0.000013, 0.000013 ],
      "X_86" : [ -0.000110, 0.000110 ],
      "X_87" : [ 0.001328, -0.001328 ],
      "X_88" : [ -0.000068, 0.000068 ],
      "X_89" : [ -0.000228, 0.000228 ],
      "X_90" : [ -0.000528, 0.000528 ],
      "X_91" : [ 0.002249, -0.002249 ],
      "X_92" : [ 0.001396, -0.001396 ],
      "X_93" : [ 0.008233, -0.008233 ],
      "X_94" : [ 0.000833, -0.000833 ],
      "X_95" : [ 0.000606, -0.000606 ],
      "X_96" : [ 0.000925, -0.000925 ],
      "X_97" : [ -0.000289, 0.000289 ],
      "X_98" : [ 0.003526, -0.003526 ],
      "X_99" : [ 0.000902, -0.000902 ]   
   },
   "Most_Contributive_Features_By_Class" : {
      "class_0" : [ 59, 19, 20, 18, 5, 93, 73, 33, 53, 14 ],
      "class_1" : [ 59, 19, 20, 18, 5, 93, 73, 33, 53, 14 ]
   }
}