{
   "Contributions" : {
      "X_0" : [ -0.088710 ],
      "X_1" : [ 0.245967 ],
      "X_2" : [ -0.006579 ],
      "X_3" : [ 0.003801 ]   
   },
   "Most_Contributive_Features" : {
      "y" : [ 1, 0, 2, 3 ]
   }
}