{
   "Contributions" : {
      "X_0" : [ -0.091026 ],
      "X_1" : [ -0.052645 ],
      "X_2" : [ 0.000961 ],
      "X_3" : [ 0.013281 ]   
   },
   "Most_Contributive_Features" : {
      "y" : [ 0, 1, 3, 2 ]
   }
}