{
   "Contributions" : {
      "X_0" : [ -0.004218, 0.004218 ],
      "X_1" : [ 0.002973, -0.002973 ],
      "X_2" : [ -0.009749, 0.009749 ],
      "X_3" : [ -0.000254, 0.000254 ],
      "X_4" : [ -0.004808, 0.004808 ],
      "X_5" : [ 0.002078, -0.002078 ],
      "X_6" : [ -0.013136, 0.013136 ],
      "X_7" : [ 0.012544, -0.012544 ],
      "X_8" : [ 0.009742, -0.009742 ],
      "X_9" : [ 0.018274, -0.018274 ]   
   },
   "Most_Contributive_Features_By_Class" : {
      "class_0" : [ 9, 6, 7, 2, 8, 4, 0, 1, 5, 3 ],
      "class_1" : [ 9, 6, 7, 2, 8, 4, 0, 1, 5, 3 ]
   }
}