{
   "Contributions" : {
      "X_0" : [ 0.013532, -0.013532 ],
      "X_1" : [ 0.003479, -0.003479 ],
      "X_2" : [ -0.006486, 0.006486 ],
      "X_3" : [ 0.021493, -0.021493 ],
      "X_4" : [ 0.003750, -0.003750 ],
      "X_5" : [ 0.006234, -0.006234 ],
      "X_6" : [ -0.012790, 0.012790 ],
      "X_7" : [ -0.001384, 0.001384 ],
      "X_8" : [ 0.001494, -0.001494 ],
      "X_9" : [ 0.011734, -0.011734 ]   
   },
   "Most_Contributive_Features_By_Class" : {
      "class_0" : [ 3, 0, 6, 9, 2, 5, 4, 1, 8, 7 ],
      "class_1" : [ 3, 0, 6, 9, 2, 5, 4, 1, 8, 7 ]
   }
}