{
   "Contributions" : {
      "X_0" : [ -0.000939, 0.001458, -0.000374, -0.000145 ],
      "X_1" : [ 0.000428, -0.000977, 0.000389, 0.000159 ],
      "X_2" : [ 0.000360, -0.000031, -0.000008, -0.000321 ],
      "X_3" : [ 0.005612, -0.002253, -0.007576, 0.004217 ],
      "X_4" : [ -0.000050, -0.000294, 0.000752, -0.000408 ],
      "X_5" : [ -0.002262, -0.000593, -0.000313, 0.003168 ],
      "X_6" : [ -0.000915, -0.000506, 0.004222, -0.002802 ],
      "X_7" : [ -0.010979, 0.023199, 0.002560, -0.014780 ],
      "X_8" : [ 0.000514, 0.007336, -0.007697, -0.000153 ],
      "X_9" : [ 0.000336, -0.000336, 0.000035, -0.000035 ]   
   },
   "Most_Contributive_Features_By_Class" : {
      "class_0" : [ 7, 3, 5, 0, 6, 8, 1, 2, 9, 4 ],
      "class_1" : [ 7, 8, 3, 0, 1, 5, 6, 9, 4, 2 ],
      "class_2" : [ 8, 3, 6, 7, 4, 1, 0, 5, 9, 2 ],
      "class_3" : [ 7, 3, 5, 6, 4, 2, 1, 8, 0, 9 ]
   }
}