{
   "Contributions" : {
      "X_0" : [ -0.248387 ],
      "X_1" : [ -0.026191 ],
      "X_2" : [ 0.067081 ],
      "X_3" : [ -0.547572 ],
      "X_4" : [ 0.050305 ],
      "X_5" : [ 0.082572 ],
      "X_6" : [ 0.097303 ],
      "X_7" : [ 0.036828 ],
      "X_8" : [ 0.877122 ],
      "X_9" : [ -0.163747 ],
      "X_10" : [ -0.361159 ],
      "X_11" : [ 0.077958 ],
      "X_12" : [ 0.049444 ],
      "X_13" : [ 0.172587 ],
      "X_14" : [ -0.288071 ],
      "X_15" : [ 0.038031 ],
      "X_16" : [ 0.038258 ],
      "X_17" : [ -0.094266 ],
      "X_18" : [ -0.123697 ],
      "X_19" : [ 0.012268 ],
      "X_20" : [ 0.259472 ],
      "X_21" : [ 0.043191 ],
      "X_22" : [ 2.499258 ],
      "X_23" : [ -0.012415 ],
      "X_24" : [ 0.417723 ],
      "X_25" : [ 0.097862 ],
      "X_26" : [ 0.000261 ],
      "X_27" : [ -0.539000 ],
      "X_28" : [ 0.157346 ],
      "X_29" : [ 0.259628 ],
      "X_30" : [ 14.162124 ],
      "X_31" : [ 0.468479 ],
      "X_32" : [ 3.205789 ],
      "X_33" : [ 0.119105 ],
      "X_34" : [ 0.018056 ],
      "X_35" : [ 0.187466 ],
      "X_36" : [ 3.020445 ],
      "X_37" : [ 0.000593 ],
      "X_38" : [ 0.347292 ],
      "X_39" : [ -0.091977 ],
      "X_40" : [ -0.031954 ],
      "X_41" : [ 0.405839 ],
      "X_42" : [ 0.147867 ],
      "X_43" : [ 0.227532 ],
      "X_44" : [ -0.104529 ],
      "X_45" : [ 0.118933 ],
      "X_46" : [ 2.250551 ],
      "X_47" : [ 1.230504 ],
      "X_48" : [ -0.338025 ],
      "X_49" : [ -0.004600 ],
      "X_50" : [ -0.097957 ],
      "X_51" : [ 0.087235 ],
      "X_52" : [ 0.629382 ],
      "X_53" : [ 0.155931 ],
      "X_54" : [ -0.144527 ],
      "X_55" : [ 0.326876 ],
      "X_56" : [ -0.274733 ],
      "X_57" : [ 0.016590 ],
      "X_58" : [ 1.392583 ],
      "X_59" : [ -8.973155 ],
      "X_60" : [ -0.325478 ],
      "X_61" : [ -0.277629 ],
      "X_62" : [ 0.129532 ],
      "X_63" : [ 0.036639 ],
      "X_64" : [ 0.150513 ],
      "X_65" : [ -0.410277 ],
      "X_66" : [ 0.172907 ],
      "X_67" : [ 0.063822 ],
      "X_68" : [ -0.004015 ],
      "X_69" : [ -0.075817 ],
      "X_70" : [ -0.121081 ],
      "X_71" : [ 0.475204 ],
      "X_72" : [ 0.140809 ],
      "X_73" : [ 0.021149 ],
      "X_74" : [ 0.700112 ],
      "X_75" : [ -0.090540 ],
      "X_76" : [ 0.041672 ],
      "X_77" : [ -11.845892 ],
      "X_78" : [ -0.011078 ],
      "X_79" : [ 0.219867 ],
      "X_80" : [ -0.107146 ],
      "X_81" : [ -0.037603 ],
      "X_82" : [ 0.073575 ],
      "X_83" : [ 0.004574 ],
      "X_84" : [ 0.018140 ],
      "X_85" : [ 0.236359 ],
      "X_86" : [ -0.206612 ],
      "X_87" : [ 0.041433 ],
      "X_88" : [ -0.007137 ],
      "X_89" : [ -0.006187 ],
      "X_90" : [ -1.441124 ],
      "X_91" : [ -0.042690 ],
      "X_92" : [ -0.069181 ],
      "X_93" : [ 0.096028 ],
      "X_94" : [ 0.091158 ],
      "X_95" : [ 0.398827 ],
      "X_96" : [ -0.101475 ],
      "X_97" : [ -0.046892 ],
      "X_98" : [ -0.142892 ],
      "X_99" : [ 0.133522 ]   
   },
   "Most_Contributive_Features" : {
      "y" : [ 30, 77, 59, 32, 36, 22, 46, 90, 58, 47 ]
   }
}