{
   "Contributions" : {
      "X_0" : [ 0.131650 ],
      "X_1" : [ 0.000000 ],
      "X_2" : [ 0.000000 ],
      "X_3" : [ 0.206189 ],
      "X_4" : [ 0.000000 ],
      "X_5" : [ 0.000000 ],
      "X_6" : [ 0.176667 ],
      "X_7" : [ 0.000000 ],
      "X_8" : [ 0.000000 ],
      "X_9" : [ 0.000000 ],
      "X_10" : [ 0.016058 ],
      "X_11" : [ 0.000000 ],
      "X_12" : [ 0.000000 ],
      "X_13" : [ 0.000000 ],
      "X_14" : [ -1.236365 ],
      "X_15" : [ -0.171666 ],
      "X_16" : [ 0.097201 ],
      "X_17" : [ 0.000000 ],
      "X_18" : [ 0.111569 ],
      "X_19" : [ -0.005136 ],
      "X_20" : [ 0.304218 ],
      "X_21" : [ 0.000000 ],
      "X_22" : [ 2.459322 ],
      "X_23" : [ 0.000000 ],
      "X_24" : [ 0.000000 ],
      "X_25" : [ 0.000000 ],
      "X_26" : [ 0.000000 ],
      "X_27" : [ -0.115406 ],
      "X_28" : [ 0.000000 ],
      "X_29" : [ 0.000000 ],
      "X_30" : [ 10.347887 ],
      "X_31" : [ 0.000000 ],
      "X_32" : [ 2.085590 ],
      "X_33" : [ 0.000000 ],
      "X_34" : [ 0.000000 ],
      "X_35" : [ 0.000000 ],
      "X_36" : [ 0.209394 ],
      "X_37" : [ 0.000000 ],
      "X_38" : [ 0.389326 ],
      "X_39" : [ 0.000000 ],
      "X_40" : [ -0.323995 ],
      "X_41" : [ 0.175072 ],
      "X_42" : [ -0.182563 ],
      "X_43" : [ 0.145896 ],
      "X_44" : [ -0.018385 ],
      "X_45" : [ 0.000000 ],
      "X_46" : [ 2.612757 ],
      "X_47" : [ 0.000000 ],
      "X_48" : [ 0.000000 ],
      "X_49" : [ 0.000000 ],
      "X_50" : [ 0.000000 ],
      "X_51" : [ 0.000000 ],
      "X_52" : [ 0.217504 ],
      "X_53" : [ 0.000000 ],
      "X_54" : [ 0.000000 ],
      "X_55" : [ 0.000000 ],
      "X_56" : [ 0.000000 ],
      "X_57" : [ 0.000000 ],
      "X_58" : [ 0.497515 ],
      "X_59" : [ -5.172265 ],
      "X_60" : [ -0.133649 ],
      "X_61" : [ -0.084164 ],
      "X_62" : [ 0.000000 ],
      "X_63" : [ 0.036067 ],
      "X_64" : [ 0.000000 ],
      "X_65" : [ 0.217537 ],
      "X_66" : [ 0.161196 ],
      "X_67" : [ -0.000833 ],
      "X_68" : [ 0.000000 ],
      "X_69" : [ 0.000000 ],
      "X_70" : [ -0.152844 ],
      "X_71" : [ 0.000000 ],
      "X_72" : [ 0.144730 ],
      "X_73" : [ 0.000000 ],
      "X_74" : [ 0.037684 ],
      "X_75" : [ 0.000000 ],
      "X_76" : [ 0.000000 ],
      "X_77" : [ -12.083909 ],
      "X_78" : [ -0.497674 ],
      "X_79" : [ 0.000000 ],
      "X_80" : [ 0.000000 ],
      "X_81" : [ 0.219858 ],
      "X_82" : [ 0.036311 ],
      "X_83" : [ -0.024712 ],
      "X_84" : [ 0.000000 ],
      "X_85" : [ 0.000000 ],
      "X_86" : [ 0.407720 ],
      "X_87" : [ 0.000000 ],
      "X_88" : [ 0.000000 ],
      "X_89" : [ 0.000000 ],
      "X_90" : [ -0.966681 ],
      "X_91" : [ -0.043662 ],
      "X_92" : [ 0.000000 ],
      "X_93" : [ 0.000000 ],
      "X_94" : [ 0.000000 ],
      "X_95" : [ 0.308805 ],
      "X_96" : [ -0.412976 ],
      "X_97" : [ 0.000000 ],
      "X_98" : [ 0.000000 ],
      "X_99" : [ 0.000000 ]   
   },
   "Most_Contributive_Features" : {
      "y" : [ 77, 30, 59, 46, 22, 32, 14, 90, 78, 58 ]
   }
}