{
   "Contributions" : {
      "X_0" : [ 0.003647, 0.001021, -0.010047, 0.005379 ],
      "X_1" : [ -0.000094, 0.000351, -0.003901, 0.003645 ],
      "X_2" : [ 0.000246, -0.000062, -0.000529, 0.000345 ],
      "X_3" : [ 0.012118, -0.003635, 0.003631, -0.012115 ],
      "X_4" : [ -0.000206, 0.000055, 0.000195, -0.000045 ],
      "X_5" : [ 0.001049, 0.000566, -0.002437, 0.000822 ],
      "X_6" : [ 0.000185, 0.001267, -0.001247, -0.000204 ],
      "X_7" : [ -0.019779, 0.025798, 0.003484, -0.009503 ],
      "X_8" : [ -0.005725, 0.017906, -0.017046, 0.004865 ],
      "X_9" : [ -0.000005, -0.000100, 0.000138, -0.000033 ]   
   },
   "Most_Contributive_Features_By_Class" : {
      "class_0" : [ 7, 3, 8, 0, 5, 2, 4, 6, 1, 9 ],
      "class_1" : [ 7, 8, 3, 6, 0, 5, 1, 9, 2, 4 ],
      "class_2" : [ 8, 0, 1, 3, 7, 5, 6, 2, 4, 9 ],
      "class_3" : [ 3, 7, 0, 8, 1, 5, 2, 6, 4, 9 ]
   }
}