{
   "Contributions" : {
      "X_0" : [ 0.009589, -0.002993, -0.016445, 0.009849 ],
      "X_1" : [ 0.010204, -0.007890, -0.012463, 0.010149 ],
      "X_2" : [ 0.000124, -0.000664, -0.000015, 0.000555 ],
      "X_3" : [ 0.017065, -0.014970, 0.010022, -0.012117 ],
      "X_4" : [ 0.001720, 0.001670, -0.004330, 0.000940 ],
      "X_5" : [ -0.005930, -0.001458, 0.007381, 0.000007 ],
      "X_6" : [ 0.005454, -0.001331, -0.004883, 0.000759 ],
      "X_7" : [ -0.028087, 0.036431, 0.001563, -0.009907 ],
      "X_8" : [ -0.014816, 0.028587, -0.040632, 0.026862 ],
      "X_9" : [ 0.003493, 0.000912, -0.003176, -0.001229 ]   
   },
   "Most_Contributive_Features_By_Class" : {
      "class_0" : [ 7, 3, 8, 1, 0, 5, 6, 9, 4, 2 ],
      "class_1" : [ 7, 8, 3, 1, 0, 4, 5, 6, 9, 2 ],
      "class_2" : [ 8, 0, 1, 3, 5, 6, 4, 9, 7, 2 ],
      "class_3" : [ 8, 3, 1, 7, 0, 9, 4, 6, 2, 5 ]
   }
}