{
   "Contributions" : {
      "X_0" : [ -2.526855 ],
      "X_1" : [ 1.588867 ],
      "X_2" : [ -0.829590 ],
      "X_3" : [ -11.633789 ],
      "X_4" : [ 0.823242 ],
      "X_5" : [ 0.761230 ],
      "X_6" : [ 0.516113 ],
      "X_7" : [ 0.462402 ],
      "X_8" : [ 12.544434 ],
      "X_9" : [ 0.877930 ]   
   },
   "Most_Contributive_Features" : {
      "y" : [ 8, 3, 0, 1, 9, 2, 4, 5, 6, 7 ]
   }
}