{
   "Contributions" : {
      "X_0" : [ -0.036247 ],
      "X_1" : [ -0.003995 ],
      "X_2" : [ -0.030536 ],
      "X_3" : [ 0.005059 ]   
   },
   "Most_Contributive_Features" : {
      "y" : [ 0, 2, 3, 1 ]
   }
}