{
   "Contributions" : {
      "X_0" : [ -0.036606 ],
      "X_1" : [ -0.001392 ],
      "X_2" : [ -0.033056 ],
      "X_3" : [ 0.004909 ]   
   },
   "Most_Contributive_Features" : {
      "y" : [ 0, 2, 3, 1 ]
   }
}