{
	"metadata" : { "model" : "Breiman_CART", "version" : "2024-W13", "signature" : "ff4_il8"},
	"options" : { "ccp_alpha" : 0.000000, "criterion" : "", "max_depth" : 6, "max_features" : null, "max_leaf_nodes" : 32, "min_impurity_decrease" : 0.000000, "min_samples_leaf" : 1, "min_samples_split" : 2, "min_weight_fraction_leaf" : 0.000000, "random_state" : 1789, "splitter" : "best" },
	"dataset" : { "dataset_rows" : 512, "dataset_features" : 64 },
	"classes" : [ 0, 1, 2, 3, 4, 5, 6, 7, 8, 9 ],
	"tree" : {
	"features" : 64,
	"outputs" : 10,
	"max_depth" : 5,
	"node_count" : 57,
	"nodes" : {
		"node_00" : {"left" : 1, "right" : 2, "feature" : 36, "threshold" : 0.500000, "impurity" : 0.899956, "n_samples" : 512, "w_samples" : 512.000000, "value" : [0.099609, 0.101562, 0.101562, 0.103516, 0.099609, 0.101562, 0.099609, 0.099609, 0.095703, 0.097656]},
		"node_01" : {"left" : 3, "right" : 4, "feature" : 25, "threshold" : 0.500000, "impurity" : 0.412630, "n_samples" : 68, "w_samples" : 68.000000, "value" : [0.750000, 0.000000, 0.000000, 0.000000, 0.014706, 0.044118, 0.014706, 0.000000, 0.029412, 0.147059]},
		"node_02" : {"left" : 13, "right" : 14, "feature" : 10, "threshold" : 3.500000, "impurity" : 0.888260, "n_samples" : 444, "w_samples" : 444.000000, "value" : [0.000000, 0.117117, 0.117117, 0.119369, 0.112613, 0.110360, 0.112613, 0.114865, 0.105856, 0.090090]},
		"node_03" : {"left" : 5, "right" : 6, "feature" : 42, "threshold" : 4.000000, "impurity" : 0.459184, "n_samples" : 14, "w_samples" : 14.000000, "value" : [0.000000, 0.000000, 0.000000, 0.000000, 0.071429, 0.000000, 0.071429, 0.000000, 0.142857, 0.714286]},
		"node_04" : {"left" : 11, "right" : 12, "feature" : 38, "threshold" : 2.500000, "impurity" : 0.104938, "n_samples" : 54, "w_samples" : 54.000000, "value" : [0.944444, 0.000000, 0.000000, 0.000000, 0.000000, 0.055556, 0.000000, 0.000000, 0.000000, 0.000000]},
		"node_05" : {"left" : null, "right" : null, "feature" : null, "threshold" : null, "impurity" : 0.000000, "n_samples" : 10, "w_samples" : 10.000000, "value" : [0.000000, 0.000000, 0.000000, 0.000000, 0.000000, 0.000000, 0.000000, 0.000000, 0.000000, 1.000000]},
		"node_06" : {"left" : 7, "right" : 8, "feature" : 43, "threshold" : 14.500000, "impurity" : 0.625000, "n_samples" : 4, "w_samples" : 4.000000, "value" : [0.000000, 0.000000, 0.000000, 0.000000, 0.250000, 0.000000, 0.250000, 0.000000, 0.500000, 0.000000]},
		"node_07" : {"left" : null, "right" : null, "feature" : null, "threshold" : null, "impurity" : 0.000000, "n_samples" : 2, "w_samples" : 2.000000, "value" : [0.000000, 0.000000, 0.000000, 0.000000, 0.000000, 0.000000, 0.000000, 0.000000, 1.000000, 0.000000]},
		"node_08" : {"left" : 9, "right" : 10, "feature" : 45, "threshold" : 12.000000, "impurity" : 0.500000, "n_samples" : 2, "w_samples" : 2.000000, "value" : [0.000000, 0.000000, 0.000000, 0.000000, 0.500000, 0.000000, 0.500000, 0.000000, 0.000000, 0.000000]},
		"node_09" : {"left" : null, "right" : null, "feature" : null, "threshold" : null, "impurity" : 0.000000, "n_samples" : 1, "w_samples" : 1.000000, "value" : [0.000000, 0.000000, 0.000000, 0.000000, 0.000000, 0.000000, 1.000000, 0.000000, 0.000000, 0.000000]},
		"node_10" : {"left" : null, "right" : null, "feature" : null, "threshold" : null, "impurity" : 0.000000, "n_samples" : 1, "w_samples" : 1.000000, "value" : [0.000000, 0.000000, 0.000000, 0.000000, 1.000000, 0.000000, 0.000000, 0.000000, 0.000000, 0.000000]},
		"node_11" : {"left" : null, "right" : null, "feature" : null, "threshold" : null, "impurity" : 0.000000, "n_samples" : 3, "w_samples" : 3.000000, "value" : [0.000000, 0.000000, 0.000000, 0.000000, 0.000000, 1.000000, 0.000000, 0.000000, 0.000000, 0.000000]},
		"node_12" : {"left" : null, "right" : null, "feature" : null, "threshold" : null, "impurity" : 0.000000, "n_samples" : 51, "w_samples" : 51.000000, "value" : [1.000000, 0.000000, 0.000000, 0.000000, 0.000000, 0.000000, 0.000000, 0.000000, 0.000000, 0.000000]},
		"node_13" : {"left" : 15, "right" : 16, "feature" : 13, "threshold" : 4.500000, "impurity" : 0.650917, "n_samples" : 101, "w_samples" : 101.000000, "value" : [0.000000, 0.455446, 0.079208, 0.000000, 0.356436, 0.000000, 0.089109, 0.019802, 0.000000, 0.000000]},
		"node_14" : {"left" : 29, "right" : 30, "feature" : 43, "threshold" : 1.500000, "impurity" : 0.870216, "n_samples" : 343, "w_samples" : 343.000000, "value" : [0.000000, 0.017493, 0.128280, 0.154519, 0.040816, 0.142857, 0.119534, 0.142857, 0.137026, 0.116618]},
		"node_15" : {"left" : 17, "right" : 18, "feature" : 44, "threshold" : 12.500000, "impurity" : 0.407597, "n_samples" : 37, "w_samples" : 37.000000, "value" : [0.000000, 0.000000, 0.000000, 0.000000, 0.729730, 0.000000, 0.243243, 0.027027, 0.000000, 0.000000]},
		"node_16" : {"left" : 19, "right" : 20, "feature" : 20, "threshold" : 15.500000, "impurity" : 0.447754, "n_samples" : 64, "w_samples" : 64.000000, "value" : [0.000000, 0.718750, 0.125000, 0.000000, 0.140625, 0.000000, 0.000000, 0.015625, 0.000000, 0.000000]},
		"node_17" : {"left" : 25, "right" : 26, "feature" : 42, "threshold" : 9.500000, "impurity" : 0.180000, "n_samples" : 10, "w_samples" : 10.000000, "value" : [0.000000, 0.000000, 0.000000, 0.000000, 0.000000, 0.000000, 0.900000, 0.100000, 0.000000, 0.000000]},
		"node_18" : {"left" : null, "right" : null, "feature" : null, "threshold" : null, "impurity" : 0.000000, "n_samples" : 27, "w_samples" : 27.000000, "value" : [0.000000, 0.000000, 0.000000, 0.000000, 1.000000, 0.000000, 0.000000, 0.000000, 0.000000, 0.000000]},
		"node_19" : {"left" : 21, "right" : 22, "feature" : 50, "threshold" : 1.000000, "impurity" : 0.551111, "n_samples" : 15, "w_samples" : 15.000000, "value" : [0.000000, 0.000000, 0.533333, 0.000000, 0.400000, 0.000000, 0.000000, 0.066667, 0.000000, 0.000000]},
		"node_20" : {"left" : 27, "right" : 28, "feature" : 38, "threshold" : 8.500000, "impurity" : 0.114952, "n_samples" : 49, "w_samples" : 49.000000, "value" : [0.000000, 0.938776, 0.000000, 0.000000, 0.061224, 0.000000, 0.000000, 0.000000, 0.000000, 0.000000]},
		"node_21" : {"left" : 23, "right" : 24, "feature" : 27, "threshold" : 9.500000, "impurity" : 0.244898, "n_samples" : 7, "w_samples" : 7.000000, "value" : [0.000000, 0.000000, 0.000000, 0.000000, 0.857143, 0.000000, 0.000000, 0.142857, 0.000000, 0.000000]},
		"node_22" : {"left" : null, "right" : null, "feature" : null, "threshold" : null, "impurity" : 0.000000, "n_samples" : 8, "w_samples" : 8.000000, "value" : [0.000000, 0.000000, 1.000000, 0.000000, 0.000000, 0.000000, 0.000000, 0.000000, 0.000000, 0.000000]},
		"node_23" : {"left" : null, "right" : null, "feature" : null, "threshold" : null, "impurity" : 0.000000, "n_samples" : 6, "w_samples" : 6.000000, "value" : [0.000000, 0.000000, 0.000000, 0.000000, 1.000000, 0.000000, 0.000000, 0.000000, 0.000000, 0.000000]},
		"node_24" : {"left" : null, "right" : null, "feature" : null, "threshold" : null, "impurity" : 0.000000, "n_samples" : 1, "w_samples" : 1.000000, "value" : [0.000000, 0.000000, 0.000000, 0.000000, 0.000000, 0.000000, 0.000000, 1.000000, 0.000000, 0.000000]},
		"node_25" : {"left" : null, "right" : null, "feature" : null, "threshold" : null, "impurity" : 0.000000, "n_samples" : 1, "w_samples" : 1.000000, "value" : [0.000000, 0.000000, 0.000000, 0.000000, 0.000000, 0.000000, 0.000000, 1.000000, 0.000000, 0.000000]},
		"node_26" : {"left" : null, "right" : null, "feature" : null, "threshold" : null, "impurity" : 0.000000, "n_samples" : 9, "w_samples" : 9.000000, "value" : [0.000000, 0.000000, 0.000000, 0.000000, 0.000000, 0.000000, 1.000000, 0.000000, 0.000000, 0.000000]},
		"node_27" : {"left" : null, "right" : null, "feature" : null, "threshold" : null, "impurity" : 0.000000, "n_samples" : 46, "w_samples" : 46.000000, "value" : [0.000000, 1.000000, 0.000000, 0.000000, 0.000000, 0.000000, 0.000000, 0.000000, 0.000000, 0.000000]},
		"node_28" : {"left" : null, "right" : null, "feature" : null, "threshold" : null,