{
   "Contributions" : {
      "X_0" : [ -0.001085, -0.001448, 0.000541, 0.001992 ],
      "X_1" : [ -0.000116, -0.002838, -0.001894, 0.004848 ],
      "X_2" : [ -0.001250, -0.003019, 0.000762, 0.003507 ],
      "X_3" : [ -0.001761, -0.003551, -0.001361, 0.006673 ],
      "X_4" : [ -0.000839, -0.003832, 0.000260, 0.004411 ],
      "X_5" : [ -0.001197, -0.006138, 0.002220, 0.005115 ],
      "X_6" : [ 0.000256, -0.003025, 0.000248, 0.002521 ],
      "X_7" : [ 0.000114, 0.000134, -0.000955, 0.000706 ],
      "X_8" : [ -0.002484, -0.004653, 0.002682, 0.004456 ],
      "X_9" : [ -0.001435, -0.000559, 0.000292, 0.001703 ],
      "X_10" : [ 0.000002, -0.001695, -0.001058, 0.002751 ],
      "X_11" : [ -0.003619, -0.008233, 0.002070, 0.009782 ],
      "X_12" : [ -0.000589, -0.001069, 0.001001, 0.000657 ],
      "X_13" : [ 0.001085, -0.003138, 0.000251, 0.001802 ],
      "X_14" : [ -0.001819, -0.002921, -0.001050, 0.005790 ],
      "X_15" : [ -0.000236, -0.000071, 0.000394, -0.000087 ],
      "X_16" : [ -0.001100, -0.003712, -0.000322, 0.005135 ],
      "X_17" : [ -0.002379, -0.001234, 0.000399, 0.003214 ],
      "X_18" : [ -0.000183, -0.002153, -0.000394, 0.002730 ],
      "X_19" : [ 0.000129, -0.004001, 0.002064, 0.001807 ],
      "X_20" : [ -0.001728, -0.000816, 0.001231, 0.001314 ],
      "X_21" : [ -0.001279, -0.003160, 0.000315, 0.004125 ],
      "X_22" : [ -0.000248, 0.000426, -0.000939, 0.000761 ],
      "X_23" : [ -0.000462, -0.001227, -0.000683, 0.002372 ],
      "X_24" : [ 0.000287, -0.002042, -0.000931, 0.002686 ],
      "X_25" : [ -0.000335, -0.011642, 0.001894, 0.010083 ],
      "X_26" : [ 0.000041, -0.000825, -0.000248, 0.001032 ],
      "X_27" : [ -0.004043, -0.005099, 0.000480, 0.008662 ],
      "X_28" : [ 0.000641, -0.004979, 0.000952, 0.003386 ],
      "X_29" : [ -0.001192, -0.001895, 0.001636, 0.001452 ],
      "X_30" : [ -0.001083, -0.003141, 0.000999, 0.003225 ],
      "X_31" : [ -0.005198, -0.007305, -0.001356, 0.013859 ],
      "X_32" : [ -0.001505, -0.000313, 0.001390, 0.000427 ],
      "X_33" : [ -0.004109, 0.000283, -0.001284, 0.005111 ],
      "X_34" : [ 0.000198, -0.002722, -0.000388, 0.002912 ],
      "X_35" : [ -0.003558, -0.010552, -0.004594, 0.018704 ],
      "X_36" : [ 0.000779, -0.001769, -0.001805, 0.002795 ],
      "X_37" : [ -0.000009, -0.003892, 0.000420, 0.003482 ],
      "X_38" : [ -0.002055, -0.002978, 0.001666, 0.003367 ],
      "X_39" : [ -0.000808, -0.000040, -0.002761, 0.003609 ],
      "X_40" : [ -0.003286, -0.004043, 0.002474, 0.004855 ],
      "X_41" : [ -0.002323, -0.002892, 0.000754, 0.004460 ],
      "X_42" : [ -0.000745, -0.003252, 0.000100, 0.003898 ],
      "X_43" : [ -0.000382, -0.003689, 0.000448, 0.003623 ],
      "X_44" : [ -0.001848, -0.002114, 0.001613, 0.002349 ],
      "X_45" : [ -0.000767, -0.002667, 0.000173, 0.003261 ],
      "X_46" : [ -0.004384, -0.012802, -0.002010, 0.019196 ],
      "X_47" : [ -0.001012, -0.000063, -0.001075, 0.002150 ],
      "X_48" : [ -0.000399, -0.003092, 0.001640, 0.001850 ],
      "X_49" : [ -0.007280, -0.013272, -0.017453, 0.038004 ],
      "X_50" : [ -0.002596, -0.001860, 0.000377, 0.004079 ],
      "X_51" : [ -0.000997, -0.000802, 0.000612, 0.001188 ],
      "X_52" : [ -0.000086, -0.000132, -0.001130, 0.001348 ],
      "X_53" : [ -0.004749, -0.001677, 0.001242, 0.005184 ],
      "X_54" : [ 0.000496, -0.002875, -0.000709, 0.003088 ],
      "X_55" : [ -0.001910, -0.004547, 0.001940, 0.004517 ],
      "X_56" : [ -0.000305, -0.000831, -0.000885, 0.002021 ],
      "X_57" : [ -0.000353, -0.002545, 0.002223, 0.000674 ],
      "X_58" : [ -0.002306, -0.007323, 0.002050, 0.007579 ],
      "X_59" : [ -0.000233, -0.003547, -0.001085, 0.004865 ],
      "X_60" : [ -0.008845, -0.011843, -0.007375, 0.028063 ],
      "X_61" : [ -0.002974, -0.001974, 0.000062, 0.004886 ],
      "X_62" : [ -0.001886, -0.017238, -0.000080, 0.019204 ],
      "X_63" : [ 0.000426, -0.001467, 0.001560, -0.000519 ],
      "X_64" : [ -0.002287, -0.002185, 0.001219, 0.003254 ],
      "X_65" : [ -0.004796, -0.000314, -0.003902, 0.009012 ],
      "X_66" : [ -0.029675, -0.026575, -0.023499, 0.079750 ],
      "X_67" : [ -0.001814, -0.001176, -0.001065, 0.004055 ],
      "X_68" : [ -0.002114, -0.001476, 0.002309, 0.001280 ],
      "X_69" : [ -0.001895, -0.000087, -0.000165, 0.002147 ],
      "X_70" : [ -0.000416, -0.001703, -0.000915, 0.003034 ],
      "X_71" : [ -0.002827, -0.000370, 0.000456, 0.002741 ],
      "X_72" : [ -0.000537, 0.000137, 0.000361, 0.000039 ],
      "X_73" : [ -0.000849, -0.002722, -0.000241, 0.003812 ],
      "X_74" : [ 0.000138, 0.000613, -0.001566, 0.000816 ],
      "X_75" : [ -0.002065, -0.002669, 0.000006, 0.004729 ],
      "X_76" : [ 0.001137, 0.000040, -0.002016, 0.000839 ],
      "X_77" : [ 0.000755, -0.000769, -0.001471, 0.001485 ],
      "X_78" : [ -0.000749, -0.004758, -0.001093, 0.006599 ],
      "X_79" : [ -0.014366, -0.022987, -0.006051, 0.043405 ],
      "X_80" : [ -0.001390, -0.003744, 0.002526, 0.002608 ],
      "X_81" : [ -0.000051, -0.000729, -0.000365, 0.001145 ],
      "X_82" : [ -0.003602, -0.001554, -0.000532, 0.005688 ],
      "X_83" : [ -0.000759, 0.000060, 0.000091, 0.000608 ],
      "X_84" : [ -0.001625, -0.001695, -0.002220, 0.005541 ],
      "X_85" : [ -0.000761, -0.000217, -0.002197, 0.003175 ],
      "X_86" : [ -0.000640, -0.003590, -0.003675, 0.007905 ],
      "X_87" : [ -0.000419, -0.002149, -0.003219, 0.005787 ],
      "X_88" : [ -0.001576, -0.002417, 0.000532, 0.003461 ],
      "X_89" : [ -0.002157, -0.002992, -0.001168, 0.006317 ],
      "X_90" : [ -0.000851, -0.000876, 0.001315, 0.000412 ],
      "X_91" : [ -0.002478, -0.000201, 0.001348, 0.001331 ],
      "X_92" : [ -0.001955, -0.000511, -0.000729, 0.003194 ],
      "X_93" : [ -0.000475, -0.001579, -0.000213, 0.002268 ],
      "X_94" : [ -0.000971, 0.000139, 0.000491, 0.000341 ],
      "X_95" : [ -0.000603, -0.000673, -0.001722, 0.002998 ],
      "X_96" : [ 0.001312, -0.000812, 0.000223, -0.000722 ],
      "X_97" : [ -0.001463, -0.001488, 0.000700, 0.002250 ],
      "X_98" : [ 0.000344, -0.000989, -0.001018, 0.001663 ],
      "X_99" : [ -0.000983, -0.002286, 0.002698, 0.000571 ]   
   },
   "Most_Contributive_Features_By_Class" : {
      "class_0" : [ 66, 79, 60, 49, 31, 65, 53, 46, 33, 27 ],
      "class_1" : [ 66, 79, 62, 49, 46, 60, 25, 35, 11, 58 ],
      "class_2" : [ 66, 49, 60, 79, 35, 65, 86, 87, 39, 99 ],
      "class_3" : [ 66, 79, 49, 60, 62, 46, 35, 31, 25, 11 ]
   }
}