{
   "Contributions" : {
      "X_0" : [ -0.000549, 0.000549 ],
      "X_1" : [ -0.001389, 0.001389 ],
      "X_2" : [ -0.001129, 0.001129 ],
      "X_3" : [ -0.000107, 0.000107 ],
      "X_4" : [ -0.000183, 0.000183 ],
      "X_5" : [ -0.000717, 0.000717 ],
      "X_6" : [ 0.001236, -0.001236 ],
      "X_7" : [ 0.000000, 0.000000 ],
      "X_8" : [ -0.000412, 0.000412 ],
      "X_9" : [ 0.000000, 0.000000 ],
      "X_10" : [ -0.000183, 0.000183 ],
      "X_11" : [ 0.000000, 0.000000 ],
      "X_12" : [ 0.000000, 0.000000 ],
      "X_13" : [ -0.001495, 0.001495 ],
      "X_14" : [ -0.000885, 0.000885 ],
      "X_15" : [ 0.000183, -0.000183 ],
      "X_16" : [ -0.000748, 0.000748 ],
      "X_17" : [ 0.000000, 0.000000 ],
      "X_18" : [ 0.000000, 0.000000 ],
      "X_19" : [ -0.000778, 0.000778 ],
      "X_20" : [ 0.000641, -0.000641 ],
      "X_21" : [ 0.002548, -0.002548 ],
      "X_22" : [ -0.002777, 0.002777 ],
      "X_23" : [ -0.003891, 0.003891 ],
      "X_24" : [ 0.001190, -0.001190 ],
      "X_25" : [ -0.001053, 0.001053 ],
      "X_26" : [ -0.005753, 0.005753 ],
      "X_27" : [ -0.010437, 0.010437 ],
      "X_28" : [ 0.002548, -0.002548 ],
      "X_29" : [ -0.000381, 0.000381 ]   
   },
   "Most_Contributive_Features_By_Class" : {
      "class_0" : [ 27, 26, 23, 22, 28, 21, 13, 1, 6, 24 ],
      "class_1" : [ 27, 26, 23, 22, 28, 21, 13, 1, 6, 24 ]
   }
}