{
   "Contributions" : {
      "X_0" : [ -0.006700, 0.002751, 0.001601, 0.002348 ],
      "X_1" : [ -0.019499, 0.012595, 0.009955, -0.003051 ],
      "X_2" : [ -0.000025, 0.000147, 0.000113, -0.000235 ],
      "X_3" : [ -0.017998, 0.005694, 0.003089, 0.009215 ],
      "X_4" : [ -0.000232, -0.000120, 0.000356, -0.000005 ],
      "X_5" : [ -0.001919, -0.000140, -0.000870, 0.002929 ],
      "X_6" : [ 0.018278, -0.004079, -0.004644, -0.009555 ],
      "X_7" : [ -0.018621, 0.023145, 0.004448, -0.008972 ],
      "X_8" : [ 0.008443, 0.009249, -0.015223, -0.002469 ],
      "X_9" : [ 0.000680, -0.000594, -0.000031, -0.000055 ]   
   },
   "Most_Contributive_Features_By_Class" : {
      "class_0" : [ 1, 7, 6, 3, 8, 0, 5, 9, 4, 2 ],
      "class_1" : [ 7, 1, 8, 3, 6, 0, 9, 2, 5, 4 ],
      "class_2" : [ 8, 1, 6, 7, 3, 0, 5, 4, 2, 9 ],
      "class_3" : [ 6, 3, 7, 1, 5, 8, 0, 2, 9, 4 ]
   }
}