{
	"metadata" : { "model" : "Tikhonov_Ridge", "version" : "2024-W12", "signature" : "ff4_il8"},
	"options" : { "alpha" : 1.000000, "random_state" : 1789 },
	"dataset" : { "dataset_rows" : 1024, "dataset_features" : 10 },
	"classes" : [ 0, 1, 2, 3 ],
	"equations" : {
		"class_0" : {
			"intercept" : 1.776885,
			"coeffs" : [ -0.212984, -0.290369, 0.006499, -0.134123, -0.005161, -0.010907, 0.117293, -0.094401, 0.124259, -0.007594 ]
		},
		"class_1" : {
			"intercept" : -1.796600,
			"coeffs" : [ 0.044314, 0.033444, 0.001439, 0.010946, 0.007176, -0.001089, -0.055737, 0.161206, 0.075049, 0.010744 ]
		},
		"class_2" : {
			"intercept" : -0.473390,
			"coeffs" : [ 0.092531, 0.098774, -0.002830, -0.021888, -0.015227, -0.003229, -0.021448, 0.026299, -0.155355, -0.001073 ]
		},
		"class_3" : {
			"intercept" : -1.506894,
			"coeffs" : [ 0.076140, 0.158153, -0.005109, 0.145066, 0.013212, 0.015225, -0.040110, -0.093103, -0.043955, -0.002077 ]
		}
	}
}