{
	"metadata" : { "model" : "Tikhonov_Ridge", "version" : "2024-W14", "signature" : "ff4_il8"},
	"options" : { "alpha" : 0.000000, "random_state" : 1789 },
	"dataset" : { "dataset_rows" : 1024, "dataset_features" : 10 },
	"classes" : [ 0, 1, 2, 3 ],
	"equations" : {
		"class_0" : {
			"intercept" : 1.869226,
			"coeffs" : [ -0.220959, -0.302108, 0.006471, -0.140681, -0.005167, -0.010807, 0.119880, -0.094303, 0.127194, -0.007568 ]
		},
		"class_1" : {
			"intercept" : -1.802806,
			"coeffs" : [ 0.044895, 0.034326, 0.001449, 0.011818, 0.007179, -0.001097, -0.056630, 0.161744, 0.074433, 0.010759 ]
		},
		"class_2" : {
			"intercept" : -0.502567,
			"coeffs" : [ 0.095199, 0.102650, -0.002817, -0.019719, -0.015239, -0.003267, -0.022480, 0.026365, -0.156559, -0.001079 ]
		},
		"class_3" : {
			"intercept" : -1.563851,
			"coeffs" : [ 0.080865, 0.165133, -0.005103, 0.148583, 0.013227, 0.015170, -0.040772, -0.093806, -0.045070, -0.002112 ]
		}
	}
}