{
   "Contributions" : {
      "X_0" : [ 0.002654, -0.002654 ],
      "X_1" : [ 0.000854, -0.000854 ],
      "X_2" : [ -0.007565, 0.007565 ],
      "X_3" : [ 0.002838, -0.002838 ],
      "X_4" : [ 0.021551, -0.021551 ],
      "X_5" : [ 0.030742, -0.030742 ],
      "X_6" : [ 0.029908, -0.029908 ],
      "X_7" : [ -0.004974, 0.004974 ],
      "X_8" : [ -0.000065, 0.000065 ],
      "X_9" : [ 0.003767, -0.003767 ]   
   },
   "Most_Contributive_Features_By_Class" : {
      "class_0" : [ 5, 6, 4, 2, 7, 9, 3, 0, 1, 8 ],
      "class_1" : [ 5, 6, 4, 2, 7, 9, 3, 0, 1, 8 ]
   }
}