{
   "Contributions" : {
      "X_0" : [ -0.003478, 0.003478 ],
      "X_1" : [ -0.001068, 0.001068 ],
      "X_2" : [ 0.053851, -0.053851 ],
      "X_3" : [ 0.004753, -0.004753 ],
      "X_4" : [ -0.008500, 0.008500 ],
      "X_5" : [ 0.016918, -0.016918 ],
      "X_6" : [ 0.030163, -0.030163 ],
      "X_7" : [ 0.000000, 0.000000 ],
      "X_8" : [ 0.000685, -0.000685 ],
      "X_9" : [ -0.000444, 0.000444 ]   
   },
   "Most_Contributive_Features_By_Class" : {
      "class_0" : [ 2, 6, 5, 4, 3, 0, 1, 8, 9 ],
      "class_1" : [ 2, 6, 5, 4, 3, 0, 1, 8, 9 ]
   }
}