{
	"metadata" : { "model" : "Tikhonov_Ridge", "version" : "2024-W13", "signature" : "ff4_il8"},
	"options" : { "alpha" : 1.000000, "random_state" : 1789 },
	"dataset" : { "dataset_rows" : 512, "dataset_features" : 10 },
	"classes" : [ 0, 1 ],
	"equations" : {
		"class_1" : {
			"intercept" : -0.021819,
			"coeffs" : [ 0.014980, 0.031930, 0.166824, 0.051565, -0.140502, 0.283793, 0.233261, -0.007832, 0.009379, 0.030091 ]
		}
	}
}