{
	"metadata" : { "model" : "Tikhonov_Ridge", "version" : "2024-W14", "signature" : "ff4_il8"},
	"options" : { "alpha" : 0.000000, "random_state" : 1789 },
	"dataset" : { "dataset_rows" : 512, "dataset_features" : 10 },
	"classes" : [ 0, 1 ],
	"equations" : {
		"class_1" : {
			"intercept" : -0.021692,
			"coeffs" : [ 0.015772, 0.031974, 0.179656, 0.051683, -0.177418, 0.229475, 0.291518, -0.007846, 0.009400, 0.030133 ]
		}
	}
}