{
   "Contributions" : {
      "X_0" : [ -0.000108, 0.000108 ],
      "X_1" : [ -0.001600, 0.001600 ],
      "X_2" : [ 0.006124, -0.006124 ],
      "X_3" : [ 0.001755, -0.001755 ],
      "X_4" : [ -0.006596, 0.006596 ],
      "X_5" : [ 0.001248, -0.001248 ],
      "X_6" : [ 0.007414, -0.007414 ],
      "X_7" : [ -0.000342, 0.000342 ],
      "X_8" : [ -0.000226, 0.000226 ],
      "X_9" : [ -0.001059, 0.001059 ]   
   },
   "Most_Contributive_Features_By_Class" : {
      "class_0" : [ 6, 4, 2, 3, 1, 5, 9, 7, 8, 0 ],
      "class_1" : [ 6, 4, 2, 3, 1, 5, 9, 7, 8, 0 ]
   }
}