{
   "Contributions" : {
      "X_0" : [ -0.004181, 0.005890, 0.004776, -0.006485 ],
      "X_1" : [ -0.005280, 0.004150, 0.002609, -0.001480 ],
      "X_2" : [ -0.005173, 0.000366, 0.000732, 0.004074 ],
      "X_3" : [ -0.006149, 0.003220, -0.000443, 0.003372 ],
      "X_4" : [ -0.004837, -0.000381, 0.001984, 0.003235 ],
      "X_5" : [ 0.000061, 0.001068, 0.001831, -0.002960 ],
      "X_6" : [ -0.004578, 0.006592, 0.009308, -0.011322 ],
      "X_7" : [ -0.030823, 0.060562, 0.003647, -0.033386 ],
      "X_8" : [ -0.017426, 0.002563, 0.009430, 0.005432 ],
      "X_9" : [ -0.010025, 0.007477, 0.016891, -0.014343 ]   
   },
   "Most_Contributive_Features_By_Class" : {
      "class_0" : [ 7, 8, 9, 3, 1, 2, 4, 6, 0, 5 ],
      "class_1" : [ 7, 9, 6, 0, 1, 3, 8, 5, 4, 2 ],
      "class_2" : [ 9, 8, 6, 0, 7, 1, 4, 5, 2, 3 ],
      "class_3" : [ 7, 9, 6, 0, 8, 2, 3, 4, 5, 1 ]
   }
}