{
   "Contributions" : {
      "X_0" : [ -0.019069 ],
      "X_1" : [ 0.016071 ],
      "X_2" : [ 0.027418 ],
      "X_3" : [ -0.000916 ]   
   },
   "Most_Contributive_Features" : {
      "y" : [ 2, 0, 1, 3 ]
   }
}