{
   "Contributions" : {
      "X_0" : [ -0.146406 ],
      "X_1" : [ 0.055015 ],
      "X_2" : [ 0.049065 ],
      "X_3" : [ -0.606686 ],
      "X_4" : [ 0.110350 ],
      "X_5" : [ -0.135997 ],
      "X_6" : [ 0.029387 ],
      "X_7" : [ 0.015300 ],
      "X_8" : [ -0.027383 ],
      "X_9" : [ 0.023375 ]   
   },
   "Most_Contributive_Features" : {
      "y" : [ 3, 0, 5, 4, 1, 2, 6, 8, 9, 7 ]
   }
}