{
	"metadata" : { "model" : "Vapnik_SVR_RBF", "version" : "2024-W13", "signature" : "ff4_ff4"},
	"options" : {"svm_type" : "epsilon_svr", "kernel" : "rbf", "degree" : 3, "gamma" : 0.011928, "coef0" : 0.000000, "cache_size" : 300, "tol" : 0.001000, "nu" : 0.500000, "epsilon" : 0.100000, "shrinking" : 0, "probability" : 0, "C" : 2.000000, "max_iter" : 128, "random_state" : 1789 },
	"dataset" : { "dataset_rows" : 100, "dataset_features" : 10 },
	"svm_model" : {
	"classes" : 2,
	"L" : 96,
	"SupportVectors" : {
		"SV_00" : [ 4.000000, 3.000000, 5.000000, 6.000000, 9.000000, 8.000000, 10.000000, 3.000000, 7.000000, 3.000000 ],
		"SV_01" : [ 6.000000, 4.000000, 4.000000, 2.000000, 4.000000, 0.000000, 3.000000, 5.000000, 1.000000, 1.000000 ],
		"SV_02" : [ 1.000000, 6.000000, 1.000000, 6.000000, 8.000000, 8.000000, 7.000000, 2.000000, 6.000000, 6.000000 ],
		"SV_03" : [ 0.000000, 7.000000, 0.000000, 2.000000, 9.000000, 4.000000, 5.000000, 1.000000, 7.000000, 9.000000 ],
		"SV_04" : [ 6.000000, 8.000000, 0.000000, 4.000000, 0.000000, 3.000000, 5.000000, 5.000000, 6.000000, 4.000000 ],
		"SV_05" : [ 6.000000, 4.000000, 8.000000, 8.000000, 2.000000, 6.000000, 7.000000, 8.000000, 5.000000, 5.000000 ],
		"SV_06" : [ 7.000000, 2.000000, 1.000000, 5.000000, 6.000000, 0.000000, 9.000000, 4.000000, 0.000000, 4.000000 ],
		"SV_07" : [ 1.000000, 0.000000, 1.000000, 6.000000, 3.000000, 5.000000, 4.000000, 10.000000, 0.000000, 7.000000 ],
		"SV_08" : [ 5.000000, 9.000000, 2.000000, 2.000000, 0.000000, 5.000000, 7.000000, 6.000000, 9.000000, 4.000000 ],
		"SV_09" : [ 7.000000, 5.000000, 6.000000, 1.000000, 9.000000, 3.000000, 8.000000, 6.000000, 0.000000, 3.000000 ],
		"SV_10" : [ 2.000000, 1.000000, 9.000000, 4.000000, 5.000000, 5.000000, 7.000000, 4.000000, 2.000000, 7.000000 ],
		"SV_11" : [ 2.000000, 9.000000, 4.000000, 7.000000, 0.000000, 9.000000, 5.000000, 8.000000, 3.000000, 0.000000 ],
		"SV_12" : [ 4.000000, 7.000000, 5.000000, 1.000000, 5.000000, 1.000000, 7.000000, 6.000000, 6.000000, 6.000000 ],
		"SV_13" : [ 5.000000, 8.000000, 6.000000, 4.000000, 6.000000, 9.000000, 9.000000, 7.000000, 6.000000, 3.000000 ],
		"SV_14" : [ 6.000000, 5.000000, 7.000000, 7.000000, 6.000000, 5.000000, 3.000000, 1.000000, 0.000000, 6.000000 ],
		"SV_15" : [ 6.000000, 2.000000, 1.000000, 4.000000, 3.000000, 7.000000, 7.000000, 9.000000, 5.000000, 3.000000 ],
		"SV_16" : [ 3.000000, 0.000000, 7.000000, 8.000000, 1.000000, 1.000000, 6.000000, 4.000000, 9.000000, 5.000000 ],
		"SV_17" : [ 4.000000, 4.000000, 4.000000, 5.000000, 3.000000, 8.000000, 1.000000, 1.000000, 2.000000, 1.000000 ],
		"SV_18" : [ 1.000000, 8.000000, 9.000000, 6.000000, 7.000000, 2.000000, 0.000000, 0.000000, 0.000000, 9.000000 ],
		"SV_19" : [ 3.000000, 8.000000, 1.000000, 4.000000, 4.000000, 8.000000, 2.000000, 2.000000, 1.000000, 9.000000 ],
		"SV_20" : [ 2.000000, 7.000000, 2.000000, 10.000000, 8.000000, 2.000000, 6.000000, 3.000000, 3.000000, 6.000000 ],
		"SV_21" : [ 9.000000, 3.000000, 7.000000, 2.000000, 2.000000, 0.000000, 3.000000, 5.000000, 4.000000, 8.000000 ],
		"SV_22" : [ 4.000000, 7.000000, 3.000000, 7.000000, 8.000000, 8.000000, 3.000000, 9.000000, 8.000000, 6.000000 ],
		"SV_23" : [ 4.000000, 6.000000, 1.000000, 9.000000, 2.000000, 3.000000, 4.000000, 9.000000, 5.000000, 6.000000 ],
		"SV_24" : [ 2.000000, 10.000000, 5.000000, 4.000000, 5.000000, 4.000000, 9.000000, 3.000000, 1.000000, 3.000000 ],
		"SV_25" : [ 6.000000, 2.000000, 0.000000, 1.000000, 1.000000, 6.000000, 4.000000, 4.000000, 2.000000, 6.000000 ],
		"SV_26" : [ 7.000000, 4.000000, 8.000000, 9.000000, 5.000000, 1.000000, 6.000000, 4.000000, 7.000000, 1.000000 ],
		"SV_27" : [ 7.000000, 9.000000, 1.000000, 7.000000, 2.000000, 1.000000, 4.000000, 2.000000, 4.000000, 2.000000 ],
		"SV_28" : [ 5.000000, 5.000000, 9.000000, 4.000000, 8.000000, 6.000000, 2.000000, 7.000000, 6.000000, 3.000000 ],
		"SV_29" : [ 2.000000, 3.000000, 6.000000, 0.000000, 5.000000, 2.000000, 1.000000, 9.000000, 4.000000, 4.000000 ],
		"SV_30" : [ 8.000000, 1.000000, 7.000000, 0.000000, 5.000000, 6.000000, 5.000000, 7.000000, 3.000000, 2.000000 ],
		"SV_31" : [ 2.000000, 1.000000, 5.000000, 6.000000, 5.000000, 1.000000, 6.000000, 1.000000, 4.000000, 3.000000 ],
		"SV_32" : [ 2.000000, 9.000000, 7.000000, 8.000000, 7.000000, 3.000000, 2.000000, 8.000000, 1.000000, 3.000000 ],
		"SV_33" : [ 6.000000, 9.000000, 4.000000, 8.000000, 9.000000, 2.000000, 4.000000, 4.000000, 1.000000, 3.000000 ],
		"SV_34" : [ 9.000000, 0.000000, 4.000000, 3.000000, 9.000000, 3.000000, 8.000000, 6.000000, 1.000000, 3.000000 ],
		"SV_35" : [ 1.000000, 1.000000, 3.000000, 4.000000, 6.000000, 7.000000, 5.000000, 0.000000, 3.000000, 3.000000 ],
		"SV_36" : [ 4.000000, 2.000000, 5.000000, 0.000000, 8.000000, 4.000000, 0.000000, 0.000000, 4.000000, 5.000000 ],
		"SV_37" : [ 2.000000, 5.000000, 2.000000, 2.000000, 0.000000, 5.000000, 0.000000, 4.000000, 9.000000, 0.000000 ],
		"SV_38" : [ 2.000000, 6.000000, 6.000000, 3.000000, 5.000000, 8.000000, 7.000000, 4.000000, 7.000000, 9.000000 ],
		"SV_39" : [ 3.000000, 1.000000, 5.000000, 2.000000, 0.000000, 7.000000, 0.000000, 0.000000, 9.000000, 9.000000 ],
		"SV_40" : [ 8.000000, 3.000000, 9.000000, 1.000000, 3.000000, 1.000000, 2.000000, 9.000000, 7.000000, 5.000000 ],
		"SV_41" : [ 8.000000, 0.000000, 0.000000, 5.000000, 8.000000, 5.000000, 8.000000, 5.000000, 4.000000, 3.000000 ],
		"SV_42" : [ 7.000000, 7.000000, 8.000000, 2.000000, 2.000000, 4.000000, 6.000000, 1.000000, 4.000000, 7.000000 ],
		"SV_43" : [ 0.000000, 4.000000, 2.000000, 9.000000, 4.000000, 2.000000, 8.000000, 2.000000, 5.000000, 10.000000 ],
		"SV_44" : [ 0.000000, 5.000000, 7.000000, 9.000000, 4.000000, 2.000000, 2.000000, 4.000000, 7.000000, 9.000000 ],
		"SV_45" : [ 7.000000, 2.000000, 1.000000, 8.000000, 2.000000, 6.000000, 6.000000, 6.000000, 2.000000, 8.000000 ],
		"SV_46" : [ 0.000000, 7.000000, 8.000000, 7.000000, 6.000000, 6.000000, 7.000000, 4.000000, 5.000000, 7.000000 ],
		"SV_47" : [ 8.000000, 3.000000, 6.000000, 0.000000, 2.000000, 5.000000, 9.000000, 6.000000, 3.000000, 1.000000 ],
		"SV_48" : [ 0.000000, 7.000000, 0.000000, 8.000000, 8.000000, 7.000000, 5.000000, 2.000000, 9.000000, 9.000000 ],
		"SV_49" : [ 5.000000, 5.000000, 9.000000, 2.000000, 0.000000, 3.000000, 8.000000, 0.000000, 8.000000, 5.000000 ],
		"SV_50" : [ 8.000000, 8.000000, 8.000000, 2.000000, 2.000000, 2.000000, 4.000000, 0.000000, 4.000000, 1.000000 ],
		"SV_51" : [ 8.000000, 7.000000, 9.000000, 3.000000, 2.000000, 8.000000, 8.000000, 8.000000, 7.000000, 8.000000 ],
		"SV_52" : [ 5.000000, 4.000000, 1.000000, 9.000000, 8.000000, 9.000000, 1.000000, 5.000000, 10.000000, 7.000000 ],
		"SV_53" : [ 6.000000, 5.000000, 1.000000, 9.000000, 4.000000, 7.000000, 0.000000, 6.000000, 5.000000, 8.000000 ],
		"SV_54" : [ 8.000000, 5.000000, 0.000000, 2.000000, 0.000000, 0.000000, 8.000000, 1.000000, 7.000000, 9.000000 ],
		"SV_55" : [ 9.000000, 0.000000, 3.000000, 2.000000, 2.000000, 0.000000, 1.000000, 8.000000, 8.000000, 6.000000 ],
		"SV_56" : [ 4.000000, 9.000000, 2.000000, 3.000000, 7.000000, 0.000000, 3.000000, 4.000000, 4.000000, 1.000000 ],
		"SV_57" : [ 1.000000, 4.000000, 3.000000, 2.000000, 9.000000, 4.000000, 9.000000, 7.000000, 4.000000, 8.000000 ],
		"SV_58" : [ 3.000000, 4.000000, 4.000000, 5.000000, 2.000000, 2.000000, 9.000000, 6.000000, 8.000000, 4.000000 ],
		"SV_59" : [ 9.000000, 7.000000, 7.000000, 4.000000, 0.000000, 5.000000, 9.000000, 2.000000, 6.000000, 5.000000 ],
		"SV_60" : [ 4.000000, 7.000000, 7.000000, 6.000000, 5.000000, 2.000000, 8.000000, 0.000000, 9.000000, 4.000000 ],
		"SV_61" : [ 6.000000, 1.000000, 0.000000, 0.000000, 4.000000, 8.000000, 4.000000, 8.000000, 2.000000, 4.000000 ],
		"SV_62" : [ 4.000000, 2.000000, 3.000000, 7.000000, 2.000000, 4.000000, 0.000000, 9.000000, 1.000000, 1.000000 ],
		"SV_63" : [ 9.000000, 3.000000, 6.000000, 5.000000, 5.000000, 6.000000, 2.000000, 6.000000, 9.000000, 6.000000 ],