{
   "Contributions" : {
      "X_0" : [ -0.122445 ],
      "X_1" : [ 0.038041 ],
      "X_2" : [ 0.046828 ],
      "X_3" : [ -0.606324 ],
      "X_4" : [ 0.114540 ],
      "X_5" : [ -0.103493 ],
      "X_6" : [ 0.007932 ],
      "X_7" : [ 0.005858 ],
      "X_8" : [ -0.025534 ],
      "X_9" : [ -0.009846 ]   
   },
   "Most_Contributive_Features" : {
      "y" : [ 3, 0, 4, 5, 2, 1, 8, 9, 6, 7 ]
   }
}