{
   "Contributions" : {
      "X_0" : [ -0.088387 ],
      "X_1" : [ 0.013794 ],
      "X_2" : [ 0.014807 ],
      "X_3" : [ -0.433473 ],
      "X_4" : [ 0.060945 ],
      "X_5" : [ -0.054784 ],
      "X_6" : [ 0.003668 ],
      "X_7" : [ 0.024601 ],
      "X_8" : [ -0.039390 ],
      "X_9" : [ -0.017525 ]   
   },
   "Most_Contributive_Features" : {
      "y" : [ 3, 0, 4, 5, 8, 7, 9, 2, 1, 6 ]
   }
}