{
   "Contributions" : {
      "X_0" : [ -0.000085, -0.001343, -0.001151, 0.002578 ],
      "X_1" : [ -0.000179, -0.001518, -0.000559, 0.002257 ],
      "X_2" : [ -0.001671, -0.003542, 0.000112, 0.005102 ],
      "X_3" : [ -0.000922, -0.001060, -0.001048, 0.003030 ],
      "X_4" : [ -0.001997, -0.001736, 0.005385, -0.001652 ],
      "X_5" : [ -0.001829, 0.000844, 0.000479, 0.000506 ],
      "X_6" : [ 0.000120, 0.000799, -0.000585, -0.000334 ],
      "X_7" : [ -0.000199, -0.000105, 0.000885, -0.000580 ],
      "X_8" : [ -0.001559, -0.001101, 0.000786, 0.001874 ],
      "X_9" : [ -0.001222, 0.000307, 0.000433, 0.000483 ],
      "X_10" : [ -0.000092, 0.001150, -0.000058, -0.001000 ],
      "X_11" : [ -0.002569, -0.005539, 0.002468, 0.005640 ],
      "X_12" : [ -0.000556, -0.001003, 0.000195, 0.001363 ],
      "X_13" : [ -0.001376, -0.000041, 0.000693, 0.000725 ],
      "X_14" : [ -0.000897, -0.000428, -0.000939, 0.002263 ],
      "X_15" : [ -0.000288, 0.000432, -0.000832, 0.000689 ],
      "X_16" : [ -0.002452, -0.000949, -0.000605, 0.004005 ],
      "X_17" : [ -0.001109, -0.001505, 0.000488, 0.002127 ],
      "X_18" : [ -0.002514, -0.000918, 0.000505, 0.002927 ],
      "X_19" : [ -0.001281, -0.000954, 0.000710, 0.001524 ],
      "X_20" : [ -0.001164, -0.000215, 0.000654, 0.000725 ],
      "X_21" : [ 0.000014, -0.002657, 0.000043, 0.002599 ],
      "X_22" : [ 0.000299, -0.001258, 0.000633, 0.000326 ],
      "X_23" : [ 0.000227, -0.001168, -0.000587, 0.001528 ],
      "X_24" : [ -0.000015, 0.000199, -0.000122, -0.000061 ],
      "X_25" : [ -0.000496, -0.007514, 0.004804, 0.003207 ],
      "X_26" : [ 0.000421, -0.003332, -0.000557, 0.003469 ],
      "X_27" : [ -0.003841, -0.002665, 0.003851, 0.002656 ],
      "X_28" : [ -0.002308, -0.002450, 0.001460, 0.003299 ],
      "X_29" : [ -0.002577, -0.001415, 0.001140, 0.002852 ],
      "X_30" : [ -0.000836, -0.000580, -0.002604, 0.004020 ],
      "X_31" : [ -0.004741, 0.000190, -0.002504, 0.007055 ],
      "X_32" : [ -0.003071, -0.001172, 0.001340, 0.002903 ],
      "X_33" : [ 0.000118, -0.000833, -0.000186, 0.000900 ],
      "X_34" : [ -0.000583, -0.001175, 0.000731, 0.001027 ],
      "X_35" : [ -0.003696, -0.004015, -0.007599, 0.015310 ],
      "X_36" : [ -0.000529, -0.000951, 0.000050, 0.001430 ],
      "X_37" : [ 0.000076, -0.001202, -0.000830, 0.001956 ],
      "X_38" : [ -0.000990, -0.002609, 0.003218, 0.000381 ],
      "X_39" : [ -0.000601, 0.000077, -0.000826, 0.001350 ],
      "X_40" : [ -0.002456, -0.003113, 0.000367, 0.005202 ],
      "X_41" : [ -0.001284, -0.003556, -0.000122, 0.004962 ],
      "X_42" : [ -0.000825, 0.001643, 0.000410, -0.001228 ],
      "X_43" : [ 0.000620, -0.001841, -0.001531, 0.002751 ],
      "X_44" : [ -0.001017, -0.000725, 0.001286, 0.000457 ],
      "X_45" : [ -0.000037, -0.001195, 0.000549, 0.000683 ],
      "X_46" : [ -0.001652, -0.010029, 0.000298, 0.011383 ],
      "X_47" : [ -0.000231, 0.000381, -0.001756, 0.001607 ],
      "X_48" : [ -0.000731, -0.001624, -0.001563, 0.003919 ],
      "X_49" : [ -0.006992, -0.011071, -0.009083, 0.027146 ],
      "X_50" : [ -0.000589, -0.004254, 0.000228, 0.004615 ],
      "X_51" : [ 0.000670, 0.000802, 0.000208, -0.001680 ],
      "X_52" : [ -0.001132, -0.002142, 0.000741, 0.002532 ],
      "X_53" : [ -0.002716, 0.000357, 0.000044, 0.002315 ],
      "X_54" : [ -0.001047, -0.002338, -0.000124, 0.003508 ],
      "X_55" : [ -0.002903, -0.002764, 0.000567, 0.005100 ],
      "X_56" : [ -0.000645, -0.001079, 0.000981, 0.000743 ],
      "X_57" : [ -0.000991, -0.001210, -0.000396, 0.002597 ],
      "X_58" : [ -0.003646, -0.004353, 0.000149, 0.007851 ],
      "X_59" : [ -0.001104, 0.001282, -0.000183, 0.000005 ],
      "X_60" : [ -0.006963, -0.008721, -0.000682, 0.016366 ],
      "X_61" : [ -0.001261, -0.001671, 0.002778, 0.000153 ],
      "X_62" : [ 0.001005, -0.017530, 0.004123, 0.012403 ],
      "X_63" : [ -0.000683, -0.001322, 0.000998, 0.001007 ],
      "X_64" : [ -0.000084, -0.001938, -0.000228, 0.002250 ],
      "X_65" : [ -0.002277, -0.001597, 0.001507, 0.002367 ],
      "X_66" : [ -0.026205, -0.021919, -0.018720, 0.066844 ],
      "X_67" : [ 0.000092, -0.002590, -0.001531, 0.004028 ],
      "X_68" : [ -0.002599, -0.001553, 0.000333, 0.003820 ],
      "X_69" : [ 0.000191, -0.000249, 0.000957, -0.000899 ],
      "X_70" : [ -0.000411, -0.000916, 0.001383, -0.000056 ],
      "X_71" : [ -0.002196, -0.002767, -0.001331, 0.006294 ],
      "X_72" : [ -0.003619, -0.000137, -0.000212, 0.003968 ],
      "X_73" : [ -0.000184, 0.000209, -0.001653, 0.001628 ],
      "X_74" : [ -0.001712, 0.000755, 0.001444, -0.000487 ],
      "X_75" : [ -0.000538, -0.004173, 0.000701, 0.004009 ],
      "X_76" : [ -0.000557, -0.000374, -0.001414, 0.002345 ],
      "X_77" : [ -0.000347, -0.000870, 0.000555, 0.000661 ],
      "X_78" : [ -0.000908, 0.001231, 0.000954, -0.001276 ],
      "X_79" : [ -0.008797, -0.014252, -0.002396, 0.025445 ],
      "X_80" : [ -0.000789, -0.003289, 0.000591, 0.003487 ],
      "X_81" : [ -0.000567, -0.001524, 0.000927, 0.001165 ],
      "X_82" : [ -0.001284, -0.000114, -0.000592, 0.001990 ],
      "X_83" : [ -0.002395, -0.001500, 0.000561, 0.003335 ],
      "X_84" : [ -0.000431, -0.000419, -0.000269, 0.001118 ],
      "X_85" : [ -0.000500, 0.000643, -0.002092, 0.001949 ],
      "X_86" : [ -0.001631, 0.000249, 0.000386, 0.000996 ],
      "X_87" : [ -0.001438, -0.000232, 0.001279, 0.000391 ],
      "X_88" : [ -0.001735, -0.001930, 0.000701, 0.002964 ],
      "X_89" : [ 0.000580, -0.003638, -0.000431, 0.003488 ],
      "X_90" : [ -0.001001, 0.000231, 0.001779, -0.001009 ],
      "X_91" : [ -0.003643, 0.000987, 0.002327, 0.000329 ],
      "X_92" : [ -0.001507, 0.001081, 0.002247, -0.001821 ],
      "X_93" : [ -0.000385, -0.002341, -0.000512, 0.003238 ],
      "X_94" : [ -0.001323, 0.001722, -0.000327, -0.000073 ],
      "X_95" : [ -0.000873, -0.001063, 0.001502, 0.000435 ],
      "X_96" : [ 0.001025, 0.000361, -0.001437, 0.000051 ],
      "X_97" : [ -0.001764, 0.000496, 0.001233, 0.000035 ],
      "X_98" : [ 0.000828, -0.000837, 0.000230, -0.000221 ],
      "X_99" : [ -0.001194, -0.000100, 0.001190, 0.000105 ]   
   },
   "Most_Contributive_Features_By_Class" : {
      "class_0" : [ 66, 79, 49, 60, 31, 27, 35, 58, 91, 72 ],
      "class_1" : [ 66, 62, 79, 49, 46, 60, 25, 11, 58, 50 ],
      "class_2" : [ 66, 49, 35, 4, 25, 62, 27, 38, 61, 30 ],
      "class_3" : [ 66, 49, 79, 60, 35, 62, 46, 58, 31, 71 ]
   }
}