{
   "Contributions" : {
      "X_0" : [ -0.000556, 0.000000, -0.000555, 0.001111 ],
      "X_1" : [ 0.000444, -0.002991, -0.001921, 0.004468 ],
      "X_2" : [ -0.001612, -0.002174, 0.000452, 0.003334 ],
      "X_3" : [ -0.002003, -0.004441, -0.001307, 0.007751 ],
      "X_4" : [ -0.001145, -0.003279, 0.001924, 0.002500 ],
      "X_5" : [ -0.001149, -0.006627, 0.000800, 0.006977 ],
      "X_6" : [ -0.000055, -0.001323, -0.000671, 0.002049 ],
      "X_7" : [ 0.000211, -0.000372, -0.000360, 0.000520 ],
      "X_8" : [ -0.002506, -0.003929, 0.003232, 0.003204 ],
      "X_9" : [ -0.001103, 0.000159, -0.000613, 0.001557 ],
      "X_10" : [ -0.000268, -0.002717, 0.000180, 0.002805 ],
      "X_11" : [ -0.002952, -0.008617, 0.001713, 0.009857 ],
      "X_12" : [ -0.000420, -0.000730, 0.000514, 0.000637 ],
      "X_13" : [ 0.000598, -0.004516, 0.000162, 0.003755 ],
      "X_14" : [ -0.002113, -0.003685, -0.001818, 0.007615 ],
      "X_15" : [ 0.000324, 0.000583, 0.001409, -0.002315 ],
      "X_16" : [ -0.001079, -0.003565, 0.000791, 0.003853 ],
      "X_17" : [ -0.001950, -0.000299, -0.001758, 0.004007 ],
      "X_18" : [ 0.000010, -0.002849, -0.001238, 0.004076 ],
      "X_19" : [ 0.000623, -0.004165, 0.000916, 0.002626 ],
      "X_20" : [ -0.000318, -0.002299, 0.001671, 0.000946 ],
      "X_21" : [ -0.001616, -0.004121, 0.000280, 0.005457 ],
      "X_22" : [ -0.000648, 0.000533, -0.001014, 0.001128 ],
      "X_23" : [ -0.000933, -0.000264, -0.001910, 0.003107 ],
      "X_24" : [ -0.000158, -0.002220, -0.002695, 0.005073 ],
      "X_25" : [ -0.000963, -0.012490, 0.001720, 0.011733 ],
      "X_26" : [ 0.000915, -0.000512, -0.000423, 0.000020 ],
      "X_27" : [ -0.004835, -0.005665, 0.001296, 0.009204 ],
      "X_28" : [ -0.000155, -0.005631, 0.002328, 0.003457 ],
      "X_29" : [ -0.001407, -0.002585, 0.001210, 0.002782 ],
      "X_30" : [ -0.000584, -0.003072, 0.000724, 0.002932 ],
      "X_31" : [ -0.004822, -0.008776, -0.000565, 0.014163 ],
      "X_32" : [ -0.002021, -0.001761, 0.002421, 0.001361 ],
      "X_33" : [ -0.003178, -0.000405, -0.000824, 0.004406 ],
      "X_34" : [ -0.000553, -0.002507, -0.001089, 0.004149 ],
      "X_35" : [ -0.003372, -0.010932, -0.003840, 0.018144 ],
      "X_36" : [ 0.000413, -0.002023, 0.000434, 0.001176 ],
      "X_37" : [ 0.000333, -0.002941, 0.000045, 0.002563 ],
      "X_38" : [ -0.002445, -0.004449, 0.003862, 0.003032 ],
      "X_39" : [ -0.001129, 0.000316, -0.002514, 0.003326 ],
      "X_40" : [ -0.002999, -0.004228, 0.002351, 0.004876 ],
      "X_41" : [ -0.000638, -0.002852, 0.001037, 0.002453 ],
      "X_42" : [ -0.001205, -0.002499, 0.000013, 0.003691 ],
      "X_43" : [ -0.000904, -0.003549, 0.000093, 0.004360 ],
      "X_44" : [ -0.002148, -0.001990, 0.001367, 0.002771 ],
      "X_45" : [ 0.000190, -0.002699, 0.000392, 0.002117 ],
      "X_46" : [ -0.003250, -0.013135, -0.000699, 0.017083 ],
      "X_47" : [ -0.000934, -0.000695, -0.000568, 0.002197 ],
      "X_48" : [ 0.000161, -0.003761, 0.001450, 0.002150 ],
      "X_49" : [ -0.007765, -0.012230, -0.017618, 0.037614 ],
      "X_50" : [ -0.002656, -0.002425, -0.000107, 0.005189 ],
      "X_51" : [ -0.001276, -0.001332, 0.000185, 0.002423 ],
      "X_52" : [ -0.000519, -0.000521, 0.000209, 0.000831 ],
      "X_53" : [ -0.004096, -0.002655, 0.001616, 0.005135 ],
      "X_54" : [ -0.000013, -0.003227, -0.000678, 0.003918 ],
      "X_55" : [ -0.001662, -0.003810, 0.002190, 0.003282 ],
      "X_56" : [ 0.000344, -0.001536, -0.000921, 0.002113 ],
      "X_57" : [ -0.000718, -0.003075, 0.000197, 0.003597 ],
      "X_58" : [ -0.002850, -0.005822, 0.002301, 0.006371 ],
      "X_59" : [ -0.000971, -0.003579, -0.001158, 0.005708 ],
      "X_60" : [ -0.009100, -0.010246, -0.009039, 0.028384 ],
      "X_61" : [ -0.002844, -0.001313, 0.000048, 0.004109 ],
      "X_62" : [ -0.002057, -0.017897, 0.000113, 0.019841 ],
      "X_63" : [ 0.000429, -0.000656, -0.000001, 0.000229 ],
      "X_64" : [ -0.001475, -0.003123, 0.000334, 0.004264 ],
      "X_65" : [ -0.004284, 0.000596, -0.006510, 0.010197 ],
      "X_66" : [ -0.029215, -0.026996, -0.024439, 0.080650 ],
      "X_67" : [ -0.001458, -0.000476, -0.000913, 0.002848 ],
      "X_68" : [ -0.001592, -0.001517, 0.002113, 0.000995 ],
      "X_69" : [ -0.001424, -0.000507, -0.001858, 0.003789 ],
      "X_70" : [ -0.000955, -0.001595, -0.001701, 0.004251 ],
      "X_71" : [ -0.002455, -0.000948, 0.000809, 0.002593 ],
      "X_72" : [ -0.000005, 0.000305, -0.000098, -0.000201 ],
      "X_73" : [ -0.000038, -0.002362, -0.000591, 0.002991 ],
      "X_74" : [ -0.000708, 0.000476, -0.001683, 0.001915 ],
      "X_75" : [ -0.002302, -0.002198, -0.000069, 0.004569 ],
      "X_76" : [ 0.000786, -0.000815, -0.002098, 0.002126 ],
      "X_77" : [ 0.001090, -0.000033, -0.002081, 0.001024 ],
      "X_78" : [ -0.001022, -0.005239, -0.000452, 0.006713 ],
      "X_79" : [ -0.014765, -0.022923, -0.005321, 0.043009 ],
      "X_80" : [ -0.001525, -0.004661, 0.001856, 0.004330 ],
      "X_81" : [ 0.000038, -0.000547, -0.000985, 0.001494 ],
      "X_82" : [ -0.003845, -0.001871, -0.000685, 0.006401 ],
      "X_83" : [ -0.000908, -0.000767, 0.000500, 0.001176 ],
      "X_84" : [ -0.001029, -0.001589, -0.003285, 0.005903 ],
      "X_85" : [ -0.000952, -0.000766, -0.003468, 0.005186 ],
      "X_86" : [ -0.000858, -0.003811, -0.002185, 0.006854 ],
      "X_87" : [ -0.000575, -0.001522, -0.001662, 0.003759 ],
      "X_88" : [ -0.001237, -0.003098, 0.000433, 0.003903 ],
      "X_89" : [ -0.001651, -0.003090, -0.002442, 0.007183 ],
      "X_90" : [ -0.001289, -0.001535, 0.001449, 0.001375 ],
      "X_91" : [ -0.002447, 0.000164, 0.001486, 0.000797 ],
      "X_92" : [ -0.002652, -0.000621, -0.001068, 0.004341 ],
      "X_93" : [ 0.000044, -0.001882, 0.001111, 0.000727 ],
      "X_94" : [ -0.000762, -0.000165, 0.000274, 0.000653 ],
      "X_95" : [ -0.000909, -0.001787, -0.002286, 0.004982 ],
      "X_96" : [ 0.000787, -0.000115, 0.000128, -0.000800 ],
      "X_97" : [ -0.002058, -0.001102, 0.000445, 0.002715 ],
      "X_98" : [ 0.000479, -0.000433, -0.001361, 0.001316 ],
      "X_99" : [ -0.001729, -0.002278, 0.002564, 0.001443 ]   
   },
   "Most_Contributive_Features_By_Class" : {
      "class_0" : [ 66, 79, 60, 49, 27, 31, 65, 53, 82, 35 ],
      "class_1" : [ 66, 79, 62, 46, 25, 49, 35, 60, 31, 11 ],
      "class_2" : [ 66, 49, 60, 65, 79, 38, 35, 85, 84, 8 ],
      "class_3" : [ 66, 79, 49, 60, 62, 35, 46, 31, 25, 65 ]
   }
}