{
	"metadata" : { "model" : "Breiman_CART", "version" : "2024-W13", "signature" : "ff4_il8"},
	"options" : { "ccp_alpha" : 0.000000, "criterion" : "", "max_depth" : 6, "max_features" : null, "max_leaf_nodes" : 32, "min_impurity_decrease" : 0.000000, "min_samples_leaf" : 1, "min_samples_split" : 2, "min_weight_fraction_leaf" : 0.000000, "random_state" : 1789, "splitter" : "best" },
	"dataset" : { "dataset_rows" : 1024, "dataset_features" : 100 },
	"classes" : [ 0, 1, 2, 3 ],
	"tree" : {
	"features" : 100,
	"outputs" : 4,
	"max_depth" : 5,
	"node_count" : 63,
	"nodes" : {
		"node_00" : {"left" : 1, "right" : 2, "feature" : 62, "threshold" : 3.500000, "impurity" : 0.749998, "n_samples" : 1024, "w_samples" : 1024.000000, "value" : [0.249023, 0.250000, 0.250977, 0.250000]},
		"node_01" : {"left" : 3, "right" : 4, "feature" : 60, "threshold" : 4.500000, "impurity" : 0.680398, "n_samples" : 406, "w_samples" : 406.000000, "value" : [0.152709, 0.110837, 0.288177, 0.448276]},
		"node_02" : {"left" : 33, "right" : 34, "feature" : 31, "threshold" : 3.500000, "impurity" : 0.720243, "n_samples" : 618, "w_samples" : 618.000000, "value" : [0.312298, 0.341424, 0.226537, 0.119741]},
		"node_03" : {"left" : 21, "right" : 22, "feature" : 53, "threshold" : 7.500000, "impurity" : 0.628642, "n_samples" : 222, "w_samples" : 222.000000, "value" : [0.243243, 0.126126, 0.094595, 0.536036]},
		"node_04" : {"left" : 5, "right" : 6, "feature" : 49, "threshold" : 4.500000, "impurity" : 0.600130, "n_samples" : 184, "w_samples" : 184.000000, "value" : [0.043478, 0.092391, 0.521739, 0.342391]},
		"node_05" : {"left" : 7, "right" : 8, "feature" : 35, "threshold" : 1.500000, "impurity" : 0.511027, "n_samples" : 67, "w_samples" : 67.000000, "value" : [0.074627, 0.134328, 0.119403, 0.671642]},
		"node_06" : {"left" : 15, "right" : 16, "feature" : 79, "threshold" : 0.500000, "impurity" : 0.405289, "n_samples" : 117, "w_samples" : 117.000000, "value" : [0.025641, 0.068376, 0.752137, 0.153846]},
		"node_07" : {"left" : 9, "right" : 10, "feature" : 53, "threshold" : 1.500000, "impurity" : 0.345679, "n_samples" : 9, "w_samples" : 9.000000, "value" : [0.000000, 0.777778, 0.000000, 0.222222]},
		"node_08" : {"left" : 11, "right" : 12, "feature" : 11, "threshold" : 0.500000, "impurity" : 0.422711, "n_samples" : 58, "w_samples" : 58.000000, "value" : [0.086207, 0.034483, 0.137931, 0.741379]},
		"node_09" : {"left" : null, "right" : null, "feature" : null, "threshold" : null, "impurity" : 0.000000, "n_samples" : 2, "w_samples" : 2.000000, "value" : [0.000000, 0.000000, 0.000000, 1.000000]},
		"node_10" : {"left" : null, "right" : null, "feature" : null, "threshold" : null, "impurity" : 0.000000, "n_samples" : 7, "w_samples" : 7.000000, "value" : [0.000000, 1.000000, 0.000000, 0.000000]},
		"node_11" : {"left" : null, "right" : null, "feature" : null, "threshold" : null, "impurity" : 0.000000, "n_samples" : 3, "w_samples" : 3.000000, "value" : [0.000000, 0.000000, 1.000000, 0.000000]},
		"node_12" : {"left" : 13, "right" : 14, "feature" : 48, "threshold" : 8.500000, "impurity" : 0.370909, "n_samples" : 55, "w_samples" : 55.000000, "value" : [0.090909, 0.036364, 0.090909, 0.781818]},
		"node_13" : {"left" : null, "right" : null, "feature" : null, "threshold" : null, "impurity" : 0.280661, "n_samples" : 51, "w_samples" : 51.000000, "value" : [0.058824, 0.039216, 0.058824, 0.843137]},
		"node_14" : {"left" : null, "right" : null, "feature" : null, "threshold" : null, "impurity" : 0.500000, "n_samples" : 4, "w_samples" : 4.000000, "value" : [0.500000, 0.000000, 0.500000, 0.000000]},
		"node_15" : {"left" : null, "right" : null, "feature" : null, "threshold" : null, "impurity" : 0.000000, "n_samples" : 5, "w_samples" : 5.000000, "value" : [0.000000, 1.000000, 0.000000, 0.000000]},
		"node_16" : {"left" : 17, "right" : 18, "feature" : 31, "threshold" : 1.500000, "impurity" : 0.355389, "n_samples" : 112, "w_samples" : 112.000000, "value" : [0.026786, 0.026786, 0.785714, 0.160714]},
		"node_17" : {"left" : 19, "right" : 20, "feature" : 66, "threshold" : 4.500000, "impurity" : 0.485425, "n_samples" : 41, "w_samples" : 41.000000, "value" : [0.000000, 0.000000, 0.585366, 0.414634]},
		"node_18" : {"left" : null, "right" : null, "feature" : null, "threshold" : null, "impurity" : 0.183694, "n_samples" : 71, "w_samples" : 71.000000, "value" : [0.042254, 0.042254, 0.901408, 0.014085]},
		"node_19" : {"left" : null, "right" : null, "feature" : null, "threshold" : null, "impurity" : 0.391111, "n_samples" : 30, "w_samples" : 30.000000, "value" : [0.000000, 0.000000, 0.733333, 0.266667]},
		"node_20" : {"left" : null, "right" : null, "feature" : null, "threshold" : null, "impurity" : 0.297521, "n_samples" : 11, "w_samples" : 11.000000, "value" : [0.000000, 0.000000, 0.181818, 0.818182]},
		"node_21" : {"left" : null, "right" : null, "feature" : null, "threshold" : null, "impurity" : 0.552222, "n_samples" : 180, "w_samples" : 180.000000, "value" : [0.194444, 0.094444, 0.083333, 0.627778]},
		"node_22" : {"left" : 23, "right" : 24, "feature" : 49, "threshold" : 6.500000, "impurity" : 0.685941, "n_samples" : 42, "w_samples" : 42.000000, "value" : [0.452381, 0.261905, 0.142857, 0.142857]},
		"node_23" : {"left" : 29, "right" : 30, "feature" : 11, "threshold" : 2.500000, "impurity" : 0.520408, "n_samples" : 28, "w_samples" : 28.000000, "value" : [0.642857, 0.000000, 0.214286, 0.142857]},
		"node_24" : {"left" : 25, "right" : 26, "feature" : 11, "threshold" : 2.500000, "impurity" : 0.357143, "n_samples" : 14, "w_samples" : 14.000000, "value" : [0.071429, 0.785714, 0.000000, 0.142857]},
		"node_25" : {"left" : 27, "right" : 28, "feature" : 86, "threshold" : 1.000000, "impurity" : 0.444444, "n_samples" : 3, "w_samples" : 3.000000, "value" : [0.333333, 0.000000, 0.000000, 0.666667]},
		"node_26" : {"left" : null, "right" : null, "feature" : null, "threshold" : null, "impurity" : 0.000000, "n_samples" : 11, "w_samples" : 11.000000, "value" : [0.000000, 1.000000, 0.000000, 0.000000]},
		"node_27" : {"left" : null, "right" : null, "feature" : null, "threshold" : null, "impurity" : 0.000000, "n_samples" : 1, "w_samples" : 1.000000, "value" : [1.000000, 0.000000, 0.000000, 0.000000]},
		"node_28" : {"left" : null, "right" : null, "feature" : null, "threshold" : null, "impurity" : 0.000000, "n_samples" : 2, "w_samples" : 2.000000, "value" : [0.000000, 0.000000, 0.000000, 1.000000]},
		"node_29" : {"left" : null, "right" : null, "feature" : null, "threshold" : null, "impurity" : 0.000000, "n_samples" : 4, "w_samples" : 4.000000, "value" : [0.000000, 0.000000, 1.000000, 0.000000]},
		"node_30" : {"left" : 31, "right" : 32, "feature" : 81, "threshold" : 6.500000, "impurity" : 0.402778, "n_samples" : 24, "w_samples" : 24.000000, "value" : [0.750000, 0.000000, 0.083333, 0.166667]},
		"node_31" : {"left" : null, "right" : null, "feature" : null, "threshold" : null, "impurity" : 0.244898, "n_samples" : 21, "w_samples" : 21.000000, "value" : [0.857143, 0.000000, 0.000000, 0.142857]},
		"node_32" : {"left" : null, "right" : null, "feature" : null, "threshold" : null, "impurity" : 0.444444, "n_samples" : 3, "w_samples" : 3.000000, "value" : [0.000000, 0.000000, 0.666667, 0.333333]},
		"node_33" : {"left" : 35, "right" : 36, "feature" : 66, "threshold" : 2.500000, "impurity" : 0.691145, "n_samples" : 227, "w_samples" : 227.000000, "value" : [0.070485, 0.365639, 0.356828, 0.207048]},
		"node_34" : {"left" : null, "right" : null, "feature" : null, "threshold" : null, "impurity" : 0.660370, "n_samples" : 391, "w_samples" : 391.000000, "value" : [0.452685, 0.327366, 0.150895, 0.069054]},
		"node_35" : {"left" : 37, "right" : 38, "feature" : 53, "threshold" : 7.500000, "impurity" : 0.461123, "n_samples" : 77, "w_samples" : 77.000000, "value" : [0.103896, 0.116883, 0.714286, 0.064935]},
		"node_36" : {"left" : 45, "right" : 46, "feature" : 60, "threshold" : 4.500000, "impurity" : 0.645333, "n_samples" : 150, "w_samples" : 150.000000,