{
	"metadata" : { "model" : "Vapnik_NuSVC_RBF", "version" : "2024-W14", "signature" : "ff4_il8"},
	"options" : {"svm_type" : "nu_svc", "kernel" : "rbf", "degree" : 3, "gamma" : 0.064167, "coef0" : 0.000000, "cache_size" : 300, "tol" : 0.001000, "nu" : 0.100000, "epsilon" : 0.000000, "shrinking" : 0, "probability" : 1, "C" : 1.000000, "max_iter" : 128, "random_state" : 1789 },
	"dataset" : { "dataset_rows" : 150, "dataset_features" : 4 },
	"classes" : [ 0, 1, 2 ],
	"svm_model" : {
	"classes" : 3,
	"L" : 30,
	"SupportVectors" : {
		"SV_00" : [ 5.700000, 4.400000, 1.500000, 0.400000 ],
		"SV_01" : [ 5.700000, 3.800000, 1.700000, 0.300000 ],
		"SV_02" : [ 5.400000, 3.400000, 1.700000, 0.200000 ],
		"SV_03" : [ 5.100000, 3.300000, 1.700000, 0.500000 ],
		"SV_04" : [ 4.800000, 3.400000, 1.900000, 0.200000 ],
		"SV_05" : [ 5.000000, 3.000000, 1.600000, 0.200000 ],
		"SV_06" : [ 4.500000, 2.300000, 1.300000, 0.300000 ],
		"SV_07" : [ 5.100000, 3.800000, 1.900000, 0.400000 ],
		"SV_08" : [ 4.900000, 2.400000, 3.300000, 1.000000 ],
		"SV_09" : [ 5.000000, 2.000000, 3.500000, 1.000000 ],
		"SV_10" : [ 5.600000, 2.900000, 3.600000, 1.300000 ],
		"SV_11" : [ 6.200000, 2.200000, 4.500000, 1.500000 ],
		"SV_12" : [ 5.900000, 3.200000, 4.800000, 1.800000 ],
		"SV_13" : [ 6.300000, 2.500000, 4.900000, 1.500000 ],
		"SV_14" : [ 6.700000, 3.000000, 5.000000, 1.700000 ],
		"SV_15" : [ 5.700000, 2.600000, 3.500000, 1.000000 ],
		"SV_16" : [ 6.000000, 2.700000, 5.100000, 1.600000 ],
		"SV_17" : [ 5.400000, 3.000000, 4.500000, 1.500000 ],
		"SV_18" : [ 5.000000, 2.300000, 3.300000, 1.000000 ],
		"SV_19" : [ 5.100000, 2.500000, 3.000000, 1.100000 ],
		"SV_20" : [ 4.900000, 2.500000, 4.500000, 1.700000 ],
		"SV_21" : [ 6.000000, 2.200000, 5.000000, 1.500000 ],
		"SV_22" : [ 5.600000, 2.800000, 4.900000, 2.000000 ],
		"SV_23" : [ 6.300000, 2.700000, 4.900000, 1.800000 ],
		"SV_24" : [ 6.200000, 2.800000, 4.800000, 1.800000 ],
		"SV_25" : [ 6.100000, 3.000000, 4.900000, 1.800000 ],
		"SV_26" : [ 7.200000, 3.000000, 5.800000, 1.600000 ],
		"SV_27" : [ 7.900000, 3.800000, 6.400000, 2.000000 ],
		"SV_28" : [ 6.300000, 2.800000, 5.100000, 1.500000 ],
		"SV_29" : [ 6.000000, 3.000000, 4.800000, 1.800000 ]
	},
	"SupportVectorsCoefs" : {
		"SV_coef_0" : [ 0.000000, 0.000000, 0.803770, 0.842179, 0.842179, 0.038409, 0.842179, 0.842179, -0.842179, -0.000001, -0.842179, -0.000000, -0.000000, -0.000000, -0.000000, -0.842179, -0.000000, -0.000000, -0.842179, -0.842179, -0.374828, -0.107094, -0.374828, -0.000000, -0.374828, -0.000000, -0.000000, -0.267734, -0.000000, -0.374828 ],
		"SV_coef_1" : [ 0.065307, 0.374828, 0.000000, 0.374828, 0.374828, 0.000000, 0.309522, 0.374828, 0.000000, 0.000000, 0.000000, 41.891151, 100.236298, 100.236298, 100.236298, 0.000000, 100.236298, 58.345253, 0.000000, 0.000000, -19.630447, -68.960190, -0.000000, -0.855124, -100.236298, -100.236298, -10.790616, -0.000000, -100.236298, -100.236298 ]
	},
	"rho" : [ -0.120988, 0.042683, -2.017922 ],
	"nSV" : [ 8, 12, 10 ],
	"probA" : [ -3.322579, -3.645191, -1.111202 ],
	"probB" : [ -0.028563, -0.005130, -0.012405 ],
	"n_iter" : [ 18, 21, 60 ]
}
}