{
   "Contributions" : {
      "X_0" : [ -0.003047, -0.004529, 0.007576 ],
      "X_1" : [ 0.000729, -0.002429, 0.001700 ],
      "X_2" : [ -0.006950, 0.004161, 0.002789 ],
      "X_3" : [ -0.000303, -0.009867, 0.010171 ]   
   },
   "Most_Contributive_Features_By_Class" : {
      "class_0" : [ 2, 0, 1, 3 ],
      "class_1" : [ 3, 0, 2, 1 ],
      "class_2" : [ 3, 0, 2, 1 ]
   }
}