{
   "Contributions" : {
      "X_0" : [ -0.000477, 0.000051, 0.000017, 0.000409 ],
      "X_1" : [ 0.017362, 0.006406, -0.010796, -0.012973 ],
      "X_2" : [ 0.006681, -0.002193, -0.000913, -0.003575 ],
      "X_3" : [ 0.000298, 0.000422, 0.000444, -0.001163 ],
      "X_4" : [ -0.003258, -0.001212, 0.004554, -0.000084 ],
      "X_5" : [ 0.000241, -0.000888, -0.000470, 0.001117 ],
      "X_6" : [ 0.008655, -0.001393, -0.010603, 0.003341 ],
      "X_7" : [ -0.019270, 0.043863, 0.009071, -0.033664 ],
      "X_8" : [ -0.003231, -0.000350, -0.014926, 0.018507 ],
      "X_9" : [ -0.002966, 0.000554, 0.006663, -0.004251 ]   
   },
   "Most_Contributive_Features_By_Class" : {
      "class_0" : [ 7, 1, 6, 2, 4, 8, 9, 0, 3, 5 ],
      "class_1" : [ 7, 1, 2, 6, 4, 5, 9, 3, 8, 0 ],
      "class_2" : [ 8, 1, 6, 7, 9, 4, 2, 5, 3, 0 ],
      "class_3" : [ 7, 8, 1, 9, 2, 6, 3, 5, 0, 4 ]
   }
}