{
   "Contributions" : {
      "X_0" : [ 0.000000, 0.000000, 0.000000, 0.000000, 0.000000, 0.000000, 0.000000, 0.000000, 0.000000, 0.000000 ],
      "X_1" : [ 0.000005, 0.000001, 0.000252, 0.000088, 0.000075, -0.000167, 0.000140, -0.000776, 0.000407, -0.000025 ],
      "X_2" : [ 0.001291, -0.001107, -0.004420, 0.001404, 0.002732, -0.005399, -0.000158, -0.003703, 0.004028, 0.005332 ],
      "X_3" : [ 0.005067, -0.002618, 0.002104, 0.004211, -0.002320, -0.002754, 0.003400, 0.004356, -0.000570, -0.010876 ],
      "X_4" : [ 0.000942, 0.003018, 0.001006, -0.001836, 0.001517, 0.001248, -0.002994, -0.001577, -0.001037, -0.000285 ],
      "X_5" : [ 0.003992, 0.004230, -0.009310, 0.000911, -0.000940, -0.014274, 0.009142, 0.005187, -0.002977, 0.004040 ],
      "X_6" : [ 0.000700, -0.000492, -0.002089, -0.008956, 0.001070, 0.000398, 0.003295, 0.000689, -0.001894, 0.007278 ],
      "X_7" : [ -0.000572, 0.000161, -0.000076, 0.000166, 0.000431, -0.000842, 0.000049, 0.001048, 0.000187, -0.000552 ],
      "X_8" : [ -0.000114, -0.000017, -0.000109, -0.000076, -0.000024, 0.000096, 0.000176, -0.000019, 0.000087, 0.000001 ],
      "X_9" : [ -0.002712, -0.003497, -0.000268, 0.002631, -0.001002, 0.002587, 0.000146, -0.000101, -0.002267, 0.004482 ],
      "X_10" : [ 0.002298, -0.006258, 0.007554, -0.000020, -0.006832, 0.005932, 0.002505, -0.005109, -0.007666, 0.007597 ],
      "X_11" : [ -0.003869, 0.001048, 0.003428, 0.002733, 0.002188, 0.000810, 0.002186, -0.006710, -0.001402, -0.000411 ],
      "X_12" : [ -0.003090, 0.001463, 0.006588, -0.003135, -0.001988, -0.003580, -0.001232, -0.001297, 0.003980, 0.002291 ],
      "X_13" : [ 0.002116, -0.006375, 0.000345, -0.000388, -0.000102, -0.004760, 0.007919, -0.001556, -0.004189, 0.006990 ],
      "X_14" : [ -0.002261, 0.000259, 0.002889, -0.007048, 0.000483, 0.000934, 0.008320, -0.006511, -0.000062, 0.002997 ],
      "X_15" : [ 0.000034, 0.000040, 0.000226, -0.000029, 0.000221, -0.000075, 0.000007, -0.000464, 0.000132, -0.000091 ],
      "X_16" : [ -0.000229, -0.000030, -0.000100, -0.000015, -0.000024, 0.000236, 0.000343, -0.000026, -0.000161, 0.000006 ],
      "X_17" : [ 0.001839, -0.000892, 0.000208, -0.001012, -0.000997, -0.002852, 0.002754, 0.000630, -0.004764, 0.005087 ],
      "X_18" : [ 0.009964, -0.001644, -0.005723, 0.000142, 0.001867, 0.000696, -0.002432, -0.011797, 0.001186, 0.007739 ],
      "X_19" : [ 0.004390, 0.001413, -0.001513, 0.003898, -0.000184, -0.004308, 0.007277, -0.003555, -0.006119, -0.001297 ],
      "X_20" : [ 0.004961, -0.006860, 0.001515, -0.001929, 0.004144, 0.003912, -0.010438, -0.002853, 0.003300, 0.004248 ],
      "X_21" : [ 0.001165, 0.010046, -0.002488, 0.000419, -0.003956, 0.000842, -0.002964, -0.002451, 0.001947, -0.002559 ],
      "X_22" : [ -0.000795, 0.002469, 0.000644, -0.001696, -0.001102, -0.002107, 0.000865, -0.002029, 0.003386, 0.000365 ],
      "X_23" : [ -0.000089, -0.000036, -0.000020, -0.000015, 0.000373, -0.000119, -0.000084, -0.000238, 0.000078, 0.000150 ],
      "X_24" : [ 0.000000, 0.000000, 0.000000, 0.000000, 0.000000, 0.000000, 0.000000, 0.000000, 0.000000, 0.000000 ],
      "X_25" : [ 0.004093, -0.003161, -0.000929, -0.001351, 0.000032, -0.009418, 0.003035, 0.002888, 0.003420, 0.001391 ],
      "X_26" : [ 0.001941, 0.009066, -0.002525, -0.004262, -0.002018, 0.004356, 0.001684, -0.002083, -0.006272, 0.000112 ],
      "X_27" : [ -0.008545, -0.001278, -0.009097, 0.000861, 0.005651, 0.001247, -0.003973, -0.000414, 0.019530, -0.003982 ],
      "X_28" : [ 0.012307, -0.004171, 0.000669, -0.000445, 0.001040, -0.000665, 0.002081, -0.003434, -0.006528, -0.000854 ],
      "X_29" : [ 0.002769, 0.006201, 0.006007, 0.001470, -0.000321, 0.000147, 0.000900, -0.005162, -0.004113, -0.007897 ],
      "X_30" : [ -0.001427, 0.002606, -0.002781, 0.006408, -0.002346, 0.000962, -0.003599, 0.000313, 0.001959, -0.002094 ],
      "X_31" : [ 0.000000, 0.000000, 0.000000, 0.000000, 0.000000, 0.000000, 0.000000, 0.000000, 0.000000, 0.000000 ],
      "X_32" : [ 0.000000, 0.000000, 0.000000, 0.000000, 0.000000, 0.000000, 0.000000, 0.000000, 0.000000, 0.000000 ],
      "X_33" : [ -0.003943, 0.002099, -0.000367, -0.003280, 0.001301, 0.002491, -0.001323, -0.000704, 0.000399, 0.003326 ],
      "X_34" : [ -0.013225, 0.004372, 0.001321, -0.001380, 0.001979, 0.008098, 0.000852, -0.001396, -0.011818, 0.011195 ],
      "X_35" : [ 0.010655, -0.000171, -0.008522, -0.003222, -0.001673, 0.017352, -0.005294, -0.003353, -0.003539, -0.002233 ],
      "X_36" : [ 0.017348, -0.001126, -0.000971, -0.002530, -0.001157, -0.000298, -0.002939, -0.002741, -0.002206, -0.003378 ],
      "X_37" : [ 0.003662, 0.002480, -0.005195, 0.001176, -0.001433, 0.004624, -0.000546, -0.002226, 0.005106, -0.007647 ],
      "X_38" : [ 0.001889, 0.001095, 0.000885, 0.000826, 0.001195, -0.004623, -0.001601, 0.002165, -0.003440, 0.001609 ],
      "X_39" : [ 0.000000, 0.000000, 0.000000, 0.000000, 0.000000, 0.000000, 0.000000, 0.000000, 0.000000, 0.000000 ],
      "X_40" : [ 0.000000, 0.000000, 0.000000, 0.000000, 0.000000, 0.000000, 0.000000, 0.000000, 0.000000, 0.000000 ],
      "X_41" : [ 0.004212, 0.000347, -0.000396, -0.000632, -0.000588, 0.001271, -0.001575, -0.001477, -0.002708, 0.001545 ],
      "X_42" : [ -0.006134, -0.003909, 0.001915, -0.001625, 0.003642, -0.009828, 0.015734, 0.000027, 0.000904, -0.000726 ],
      "X_43" : [ 0.000064, -0.003492, 0.000437, -0.001349, 0.000251, -0.001413, 0.003258, 0.001941, -0.003778, 0.004079 ],
      "X_44" : [ 0.001819, -0.007446, 0.001330, 0.002147, 0.002510, 0.001609, 0.002975, 0.002284, -0.011801, 0.004573 ],
      "X_45" : [ -0.000388, -0.007328, -0.008086, 0.002583, 0.006846, -0.005385, 0.002503, 0.003845, 0.004687, 0.000723 ],
      "X_46" : [ 0.002314, -0.001713, 0.001024, 0.002548, 0.000847, 0.001144, -0.005252, -0.003599, 0.005159, -0.002471 ],
      "X_47" : [ 0.000000, 0.000000, 0.000000, 0.000000, 0.000000, 0.000000, 0.000000, 0.000000, 0.000000, 0.000000 ],
      "X_48" : [ 0.000112, -0.001107, -0.001723, -0.000001, -0.000046, -0.000391, 0.000074, 0.000251, 0.002761, 0.000070 ],
      "X_49" : [ 0.000164, -0.002374, -0.006501, 0.000353, -0.000083, 0.000573, 0.001477, 0.000725, 0.006938, -0.001272 ],
      "X_50" : [ 0.007493, -0.002693, 0.005630, 0.006627, -0.008494, 0.003075, 0.003993, -0.002411, 0.002593, -0.015812 ],
      "X_51" : [ -0.001461, 0.005538, 0.001390, 0.000935, -0.001280, 0.007665, -0.001185, -0.002771, -0.006667, -0.002165 ],
      "X_52" : [ -0.000720, -0.000425, -0.002570, 0.008605, -0.005226, 0.000273, 0.000216, 0.003591, -0.006666, 0.002921 ],
      "X_53" : [ 0.003424, 0.002082, 0.002616, 0.000321, -0.000440, -0.000563, -0.001729, -0.004813, -0.003650, 0.002752 ],
      "X_54" : [ -0.003154, -0.003189, -0.002864, 0.003415, 0.000589, -0.000440, -0.002631, 0.005853, 0.005519, -0.003099 ],
      "X_55" : [ -0.000532, 0.000956, 0.000341, 0.000049, -0.000089, -0.000635, -0.001035, 0.001585, -0.000219, -0.000423 ],
      "X_56" : [ 0.000140, 0.000241, -0.000259, 0.000005, 0.000011, 0.000149, 0.000043, 0.000043, -0.000386, 0.000013 ],
      "X_57" : [ -0.000106, -0.001007, -0.001279, 0.000002, -0.000183, 0.001639, 0.000489, -0.000248, 0.000745, -0.000051 ],
      "X_58" : [ 0.002166, 0.002586, -0.000893, -0.002069, 0.002298, 0.000624, -0.003686, -0.002806, 0.000967, 0.000813 ],
      "X_59" : [ -0.000494, -0.004351, 0.006194, -0.002538, -0.003672, -0.000128, -0.004214, 0.001335, 0.004040, 0.003830 ],
      "X_60" : [ 0.002124, -0.001395, -0.002447, -0.001361, 0.002196, 0.011279, 0.000214, -0.006057, -0.002095, -0.002458 ],
      "X_61" : [ 0.002122, 0.004193, -0.001585, -0.000454, -0.002402, -0.001676, 0.006065, -0.004500, 0.000456, -0.002219 ],
      "X_62" : [ 0.000365, 0.004316, -0.000143, -0.003594, 0.000699, 0.000660, -0.001664, -0.000904, -0.000461, 0.000726 ],
      "X_63" : [ -0.000191, 0.003203, 0.000512, -0.000132, -0.000023, -0.002322, 0.000078, -0.000262, -0.000615, -0.000247 ]   
   },