{
   "Contributions" : {
      "X_0" : [ 0.000000, 0.000000, 0.000000, 0.000000, 0.000000, 0.000000, 0.000000, 0.000000, 0.000000, 0.000000 ],
      "X_1" : [ -0.000003, -0.000139, 0.000002, 0.000039, 0.000071, -0.000137, 0.000200, 0.000129, -0.000223, 0.000060 ],
      "X_2" : [ 0.000103, -0.000273, 0.000057, 0.000954, 0.000051, -0.000689, 0.000115, -0.000320, 0.000093, -0.000091 ],
      "X_3" : [ 0.000059, -0.000537, 0.000365, -0.000904, -0.000287, -0.001046, 0.001190, 0.000844, -0.000336, 0.000652 ],
      "X_4" : [ -0.000343, -0.000156, -0.000506, 0.001985, -0.000499, 0.001102, -0.000666, -0.000160, -0.000230, -0.000529 ],
      "X_5" : [ -0.000931, 0.001659, -0.001323, 0.001750, -0.001065, 0.002648, -0.002049, -0.001307, 0.002076, -0.001459 ],
      "X_6" : [ -0.000139, 0.001451, -0.000549, 0.000758, 0.000207, 0.002549, -0.002964, -0.001362, 0.001285, -0.001236 ],
      "X_7" : [ -0.000006, 0.000012, -0.000008, 0.000009, -0.000021, -0.000002, 0.000000, -0.000005, 0.000026, -0.000006 ],
      "X_8" : [ -0.000004, 0.000003, 0.000000, 0.000000, -0.000029, -0.000040, 0.000037, 0.000007, 0.000018, 0.000008 ],
      "X_9" : [ -0.000241, 0.001151, -0.000367, 0.000113, -0.000622, 0.001147, -0.001514, -0.000878, 0.001858, -0.000646 ],
      "X_10" : [ 0.000163, 0.001994, 0.000143, -0.001909, 0.000476, 0.002192, -0.003321, -0.001332, 0.002335, -0.000741 ],
      "X_11" : [ 0.000386, -0.000118, 0.000490, -0.001515, 0.000481, -0.001194, 0.000612, 0.000431, -0.000111, 0.000538 ],
      "X_12" : [ -0.000318, 0.001254, -0.000479, 0.000782, -0.000511, 0.001706, -0.002320, -0.001126, 0.001994, -0.000981 ],
      "X_13" : [ 0.000399, 0.000211, -0.000134, 0.002217, -0.000043, 0.001648, -0.002116, -0.001135, -0.000171, -0.000876 ],
      "X_14" : [ 0.000279, -0.000334, 0.000195, 0.000110, 0.000552, -0.000111, -0.000072, 0.000004, -0.000679, 0.000057 ],
      "X_15" : [ -0.000015, -0.000010, -0.000011, 0.000045, -0.000075, -0.000014, 0.000046, 0.000021, 0.000008, 0.000005 ],
      "X_16" : [ -0.000019, 0.000016, -0.000023, 0.000039, -0.000026, 0.000048, -0.000037, -0.000005, 0.000028, -0.000020 ],
      "X_17" : [ -0.000147, -0.000244, -0.000362, 0.003202, -0.000538, 0.002076, -0.001262, -0.000815, -0.001129, -0.000781 ],
      "X_18" : [ -0.000246, 0.000839, -0.000286, 0.000566, -0.000284, 0.001891, -0.001828, -0.001004, 0.001049, -0.000696 ],
      "X_19" : [ -0.000126, 0.000654, -0.000298, -0.000151, -0.000089, 0.001150, -0.001033, -0.000360, 0.000712, -0.000457 ],
      "X_20" : [ -0.000229, 0.001654, -0.000619, 0.001319, -0.000765, 0.002443, -0.002909, -0.001644, 0.002100, -0.001349 ],
      "X_21" : [ -0.000069, -0.000478, 0.000250, -0.000375, 0.000061, 0.000072, 0.000600, 0.000426, -0.000913, 0.000426 ],
      "X_22" : [ -0.000359, 0.000609, -0.000328, -0.000809, -0.000570, -0.000195, 0.000504, -0.000126, 0.001283, -0.000011 ],
      "X_23" : [ 0.000030, 0.000037, 0.000032, -0.000089, 0.000049, -0.000005, -0.000077, -0.000028, 0.000053, -0.000001 ],
      "X_24" : [ 0.000000, 0.000000, 0.000000, 0.000000, 0.000000, 0.000000, 0.000000, 0.000000, 0.000000, 0.000000 ],
      "X_25" : [ -0.000144, 0.000582, -0.000131, -0.000718, -0.000148, 0.000025, -0.000364, -0.000146, 0.001179, -0.000134 ],
      "X_26" : [ -0.000514, -0.000351, -0.000289, 0.000478, -0.000409, 0.000559, 0.000366, 0.000606, -0.000568, 0.000121 ],
      "X_27" : [ -0.000271, -0.000268, -0.000229, 0.000661, -0.000612, -0.000097, 0.000755, 0.000175, -0.000175, 0.000059 ],
      "X_28" : [ 0.000435, -0.000353, 0.000485, -0.000699, 0.000910, -0.000535, 0.000103, 0.000034, -0.000685, 0.000304 ],
      "X_29" : [ -0.000743, -0.000399, -0.000792, 0.002394, -0.000976, 0.001032, 0.000376, 0.000131, -0.000607, -0.000416 ],
      "X_30" : [ 0.000392, -0.000623, 0.000470, -0.000548, 0.000459, -0.001148, 0.000984, 0.000442, -0.000976, 0.000549 ],
      "X_31" : [ 0.000000, 0.000000, 0.000000, 0.000000, 0.000000, 0.000000, 0.000000, 0.000000, 0.000000, 0.000000 ],
      "X_32" : [ 0.000000, 0.000000, 0.000000, 0.000000, 0.000000, 0.000000, 0.000000, 0.000000, 0.000000, 0.000000 ],
      "X_33" : [ 0.000125, 0.000275, 0.000123, -0.000543, 0.000063, -0.000065, -0.000271, -0.000125, 0.000414, 0.000003 ],
      "X_34" : [ -0.000194, 0.000778, -0.000621, 0.002877, -0.001047, 0.002380, -0.002391, -0.001813, 0.001371, -0.001341 ],
      "X_35" : [ -0.000207, -0.000821, -0.000746, 0.006196, -0.001942, 0.003027, -0.001195, -0.001363, -0.001701, -0.001247 ],
      "X_36" : [ -0.000010, -0.000783, -0.000178, 0.002697, -0.000357, 0.001105, -0.000122, -0.000302, -0.001767, -0.000282 ],
      "X_37" : [ 0.000217, -0.000560, 0.000153, 0.000590, -0.000091, 0.000021, 0.000532, 0.000205, -0.001218, 0.000151 ],
      "X_38" : [ 0.000245, -0.000609, 0.000492, -0.001658, 0.000558, -0.000658, 0.001260, 0.000658, -0.001044, 0.000757 ],
      "X_39" : [ 0.000000, 0.000000, 0.000000, 0.000000, 0.000000, 0.000000, 0.000000, 0.000000, 0.000000, 0.000000 ],
      "X_40" : [ 0.000000, 0.000000, 0.000000, 0.000000, 0.000000, 0.000000, 0.000000, 0.000000, 0.000000, 0.000000 ],
      "X_41" : [ 0.000139, 0.000285, 0.000097, -0.000374, 0.000396, 0.000254, -0.000637, -0.000289, 0.000284, -0.000154 ],
      "X_42" : [ 0.000974, 0.001741, 0.000606, -0.002571, 0.001934, 0.000387, -0.003087, -0.001465, 0.002067, -0.000584 ],
      "X_43" : [ -0.000036, 0.001647, 0.000052, -0.003382, 0.000662, 0.000291, -0.001199, -0.000198, 0.002222, -0.000058 ],
      "X_44" : [ 0.000007, 0.000597, 0.000066, -0.002157, 0.000320, -0.000186, 0.000227, 0.000040, 0.000975, 0.000112 ],
      "X_45" : [ -0.000681, 0.002310, -0.000603, -0.001061, -0.001619, 0.001959, -0.002450, -0.001177, 0.004220, -0.000898 ],
      "X_46" : [ -0.000090, -0.000615, -0.000035, 0.000570, 0.000139, -0.000220, 0.000681, 0.000429, -0.001039, 0.000180 ],
      "X_47" : [ 0.000000, 0.000000, 0.000000, 0.000000, 0.000000, 0.000000, 0.000000, 0.000000, 0.000000, 0.000000 ],
      "X_48" : [ 0.000012, -0.000090, -0.000013, 0.000115, 0.000131, -0.000019, 0.000082, 0.000022, -0.000244, 0.000004 ],
      "X_49" : [ -0.000682, 0.000776, -0.000802, 0.001028, -0.000915, 0.001400, -0.000957, -0.000368, 0.001217, -0.000697 ],
      "X_50" : [ 0.000246, 0.001700, 0.000310, -0.002968, 0.000440, -0.000073, -0.001925, -0.000719, 0.003190, -0.000201 ],
      "X_51" : [ 0.000453, -0.000188, 0.000446, -0.000873, 0.000673, -0.000504, 0.000110, -0.000083, -0.000279, 0.000244 ],
      "X_52" : [ 0.000262, -0.001120, 0.000284, 0.000240, 0.000554, -0.000504, 0.001215, 0.000648, -0.002058, 0.000479 ],
      "X_53" : [ 0.000348, -0.000871, 0.000228, 0.000106, 0.001259, -0.000474, 0.000455, 0.000213, -0.001454, 0.000190 ],
      "X_54" : [ 0.000558, 0.000348, 0.000405, -0.000329, 0.000193, 0.000277, -0.001082, -0.000631, 0.000422, -0.000162 ],
      "X_55" : [ 0.000104, -0.000097, 0.000113, -0.000120, 0.000070, -0.000172, 0.000178, 0.000014, -0.000190, 0.000099 ],
      "X_56" : [ 0.000016, -0.000018, 0.000017, -0.000023, 0.000035, -0.000017, 0.000011, 0.000008, -0.000040, 0.000012 ],
      "X_57" : [ 0.000120, -0.000419, 0.000196, 0.000077, 0.000107, -0.000034, 0.000364, 0.000247, -0.000882, 0.000225 ],
      "X_58" : [ -0.000024, 0.000261, -0.000025, 0.001150, -0.000336, 0.001148, -0.001248, -0.000776, 0.000299, -0.000448 ],
      "X_59" : [ -0.000034, -0.000341, -0.000286, 0.002165, 0.000496, 0.000950, -0.000557, -0.000403, -0.001528, -0.000463 ],
      "X_60" : [ -0.000197, 0.002006, -0.000124, -0.002604, -0.000577, -0.000711, -0.000906, -0.000774, 0.004127, -0.000239 ],
      "X_61" : [ 0.000131, -0.000327, 0.000033, 0.000462, 0.000810, 0.000711, -0.000668, 0.000024, -0.001063, -0.000112 ],
      "X_62" : [ -0.000006, 0.000513, -0.000045, -0.000341, 0.000010, -0.000034, -0.000747, -0.000344, 0.001227, -0.000233 ],
      "X_63" : [ -0.000013, 0.000105, 0.000006, -0.000107, -0.000070, 0.000027, -0.000175, -0.000032, 0.000284, -0.000025 ]   
   },