{
   "Contributions" : {
      "X_0" : [ -0.110127 ],
      "X_1" : [ -0.007625 ],
      "X_2" : [ 0.056186 ],
      "X_3" : [ -0.027551 ],
      "X_4" : [ -0.473294 ],
      "X_5" : [ 0.381572 ],
      "X_6" : [ -0.983642 ],
      "X_7" : [ 2.099596 ],
      "X_8" : [ 1.735103 ],
      "X_9" : [ 0.686956 ]   
   },
   "Most_Contributive_Features" : {
      "y" : [ 7, 8, 6, 9, 4, 5, 0, 2, 3, 1 ]
   }
}