{
   "Contributions" : {
      "X_0" : [ -0.459915 ],
      "X_1" : [ -0.673306 ],
      "X_2" : [ 0.614177 ],
      "X_3" : [ 0.717649 ],
      "X_4" : [ 0.967739 ],
      "X_5" : [ 0.659943 ],
      "X_6" : [ 0.290354 ],
      "X_7" : [ 1.372149 ],
      "X_8" : [ 1.206763 ],
      "X_9" : [ 0.565999 ]   
   },
   "Most_Contributive_Features" : {
      "y" : [ 7, 8, 4, 3, 1, 5, 2, 9, 0, 6 ]
   }
}