{
   "Contributions" : {
      "X_0" : [ 0.002151, -0.000370, -0.001782 ],
      "X_1" : [ 0.012898, -0.027483, 0.014585 ],
      "X_2" : [ -0.010996, 0.009471, 0.001524 ],
      "X_3" : [ 0.000816, 0.004787, -0.005603 ]   
   },
   "Most_Contributive_Features_By_Class" : {
      "class_0" : [ 1, 2, 0, 3 ],
      "class_1" : [ 1, 2, 3, 0 ],
      "class_2" : [ 1, 3, 0, 2 ]
   }
}