{
	"metadata" : { "model" : "Tikhonov_Ridge", "version" : "2024-W14", "signature" : "ff4_il8"},
	"options" : { "alpha" : 0.000000, "random_state" : 1789 },
	"dataset" : { "dataset_rows" : 150, "dataset_features" : 4 },
	"classes" : [ 0, 1, 2 ],
	"equations" : {
		"class_0" : {
			"intercept" : -0.763496,
			"coeffs" : [ 0.131989, 0.485751, -0.449226, -0.115067 ]
		},
		"class_1" : {
			"intercept" : 2.154100,
			"coeffs" : [ -0.040224, -0.891304, 0.441200, -0.988387 ]
		},
		"class_2" : {
			"intercept" : -2.390598,
			"coeffs" : [ -0.091762, 0.405549, 0.008021, 1.103463 ]
		}
	}
}