{
   "Contributions" : {
      "X_0" : [ 0.002215, -0.002192, 0.002309, -0.002332 ],
      "X_1" : [ 0.002007, -0.007145, 0.002981, 0.002157 ],
      "X_2" : [ 0.001637, -0.001521, 0.000392, -0.000508 ],
      "X_3" : [ 0.000000, 0.000000, 0.000000, 0.000000 ],
      "X_4" : [ 0.000759, -0.002360, -0.000795, 0.002397 ],
      "X_5" : [ -0.001858, 0.000697, 0.001543, -0.000382 ],
      "X_6" : [ -0.000446, -0.002562, -0.004036, 0.007045 ],
      "X_7" : [ -0.017539, 0.027700, 0.008256, -0.018417 ],
      "X_8" : [ 0.006089, 0.016329, -0.020684, -0.001735 ],
      "X_9" : [ -0.001942, 0.000315, -0.000914, 0.002542 ]   
   },
   "Most_Contributive_Features_By_Class" : {
      "class_0" : [ 7, 8, 0, 1, 9, 5, 2, 4, 6 ],
      "class_1" : [ 7, 8, 1, 6, 4, 0, 2, 5, 9 ],
      "class_2" : [ 8, 7, 6, 1, 0, 5, 9, 4, 2 ],
      "class_3" : [ 7, 6, 9, 4, 0, 1, 8, 2, 5 ]
   }
}