{
   "Contributions" : {
      "X_0" : [ -0.004051 ],
      "X_1" : [ 0.019782 ],
      "X_2" : [ -0.004130 ],
      "X_3" : [ -0.045922 ],
      "X_4" : [ -0.000319 ],
      "X_5" : [ -0.069544 ],
      "X_6" : [ -0.004346 ],
      "X_7" : [ -0.018731 ],
      "X_8" : [ 0.048314 ],
      "X_9" : [ 0.017338 ]   
   },
   "Most_Contributive_Features" : {
      "y" : [ 5, 8, 3, 1, 7, 9, 6, 2, 0, 4 ]
   }
}