{
   "Contributions" : {
      "X_0" : [ 0.000790 ],
      "X_1" : [ -0.001489 ],
      "X_2" : [ 0.003859 ],
      "X_3" : [ -0.001811 ],
      "X_4" : [ -0.001378 ],
      "X_5" : [ -0.003700 ],
      "X_6" : [ -0.004973 ],
      "X_7" : [ 0.003670 ],
      "X_8" : [ -0.000216 ],
      "X_9" : [ 0.003859 ]   
   },
   "Most_Contributive_Features" : {
      "y" : [ 6, 2, 9, 5, 7, 3, 1, 4, 0, 8 ]
   }
}