{
   "Contributions" : {
      "X_0" : [ 0.142949 ],
      "X_1" : [ 0.027357 ],
      "X_2" : [ 0.017694 ],
      "X_3" : [ 0.011988 ],
      "X_4" : [ 0.089454 ],
      "X_5" : [ 0.021739 ],
      "X_6" : [ -0.298331 ],
      "X_7" : [ 0.005225 ],
      "X_8" : [ -0.007760 ],
      "X_9" : [ -0.034152 ]   
   },
   "Most_Contributive_Features" : {
      "y" : [ 6, 0, 4, 9, 1, 5, 2, 3, 8, 7 ]
   }
}