{
	"metadata" : { "model" : "Vapnik_SVR_RBF", "version" : "2024-W12", "signature" : "ff4_ff4"},
	"options" : {"svm_type" : "epsilon_svr", "kernel" : "rbf", "degree" : 3, "gamma" : 0.089082, "coef0" : 0.000000, "cache_size" : 300, "tol" : 0.001000, "nu" : 0.500000, "epsilon" : 0.100000, "shrinking" : 0, "probability" : 0, "C" : 1.000000, "max_iter" : 128, "random_state" : 1789 },
	"dataset" : { "dataset_rows" : 64, "dataset_features" : 10 },
	"svm_model" : {
	"classes" : 2,
	"L" : 64,
	"SupportVectors" : {
		"SV_00" : [ -0.478793, 2.502870, -0.103623, -1.067979, 0.855982, -2.105926, 1.322086, -0.735866, -1.647981, 0.327583 ],
		"SV_01" : [ 1.195055, -1.450382, -0.468737, 0.286455, 0.756183, 0.490645, -0.917510, 0.852386, 0.311669, 0.685749 ],
		"SV_02" : [ -0.648732, -0.880620, 0.202193, 0.525953, 0.655148, -0.647661, 0.272122, -2.437228, -0.548644, -0.541692 ],
		"SV_03" : [ -0.612877, 0.045409, 0.558935, -1.340482, 1.208114, -0.791942, 0.923041, 0.228382, -0.258238, -0.097936 ],
		"SV_04" : [ -0.749045, -0.067925, 0.967609, -0.247653, -0.722261, 0.462846, 0.128738, 1.398441, 0.132868, -0.324339 ],
		"SV_05" : [ -0.695245, 0.529279, -0.012289, -2.414785, -0.786910, 0.363615, -0.447424, 1.592387, -0.321756, 0.330976 ],
		"SV_06" : [ -0.304252, -2.418750, 0.148738, -1.156809, 1.856268, 1.161673, 0.542158, -1.733213, -0.113479, -1.359821 ],
		"SV_07" : [ 2.688408, -0.118800, 0.359897, -0.489429, 0.996860, 0.599293, -1.045101, 2.004759, -0.462834, -0.129511 ],
		"SV_08" : [ 1.092563, 0.944507, -1.920995, 0.188895, 0.929317, 0.175927, 0.125330, -1.050732, -1.156224, 1.876815 ],
		"SV_09" : [ 0.316403, 0.549981, -0.016203, -1.294070, 0.278531, -0.274334, -0.927009, -0.240115, -1.068699, 0.480429 ],
		"SV_10" : [ 0.375851, 2.459666, 2.331842, 1.801873, 0.883058, -1.030525, 2.246760, -1.930692, 0.035418, -1.673652 ],
		"SV_11" : [ -0.361483, 0.387538, 0.595749, 1.134720, -1.522952, 0.311755, -0.186990, 0.556831, 0.382503, -1.402543 ],
		"SV_12" : [ 1.174554, -0.660511, 1.243189, -2.320833, -0.455125, -1.586949, 0.584329, -1.353951, 0.417907, -0.191627 ],
		"SV_13" : [ -0.406296, -1.114724, -0.690144, -0.042832, 0.738593, 0.753398, 1.110532, -0.872249, 1.572700, -0.719172 ],
		"SV_14" : [ -0.119582, -0.489682, 0.671135, 0.153117, 0.091115, -2.239584, 1.111452, -0.253174, 1.680182, -0.191141 ],
		"SV_15" : [ -0.132642, -1.528494, 0.683175, -1.055146, 0.885415, -1.512621, 1.321708, -0.337466, -0.378033, -1.493023 ],
		"SV_16" : [ -0.907102, 1.303877, -1.008951, 1.167445, 0.288001, -0.050094, 2.091479, -0.187530, 1.633787, -1.032467 ],
		"SV_17" : [ -1.273629, 0.460004, 0.682084, 1.147776, 0.922568, 1.290484, 1.237666, 0.035166, -0.239901, 0.264996 ],
		"SV_18" : [ -0.633869, 0.649171, -0.429065, 0.272523, 0.196698, -2.142921, -0.339599, 1.631220, -0.304749, -1.457891 ],
		"SV_19" : [ 1.310308, 0.643712, -0.298097, -1.490154, -0.054971, -0.032850, 1.903817, 1.941130, -0.032541, 1.639231 ],
		"SV_20" : [ 0.335262, -0.707462, -1.092152, 0.398819, 0.575255, 2.060126, -0.139413, -0.972146, -0.959073, -0.534026 ],
		"SV_21" : [ 0.747064, -2.223174, -1.482916, -0.259218, 1.071458, 2.057120, 2.348745, -0.150693, 0.774286, 0.948420 ],
		"SV_22" : [ 1.001108, 1.397044, 1.169186, 2.766832, -1.017981, 0.805435, -1.920587, -0.736221, -0.373943, -0.789666 ],
		"SV_23" : [ -0.442130, 1.306160, -1.825507, 1.100284, -1.437801, -0.649406, -1.264657, -1.279199, -0.018147, 0.535711 ],
		"SV_24" : [ -0.128471, 1.252242, -0.897563, -1.315457, -0.515139, -1.523841, 2.153701, 1.226570, 1.315538, 0.499118 ],
		"SV_25" : [ -1.198866, 0.482600, 0.476120, -0.286784, 0.512076, -2.769409, 0.302831, 0.379012, -1.783432, 0.156183 ],
		"SV_26" : [ 0.756962, -0.248595, -0.982614, -0.114596, -0.829428, 1.586725, 0.939967, 1.024227, -0.034959, 0.652720 ],
		"SV_27" : [ 0.060826, -0.170877, -0.139461, 0.539132, -0.188248, 1.301965, -1.535071, -1.050273, -1.064890, 1.796465 ],
		"SV_28" : [ -0.187884, 0.376811, 0.964727, 1.419989, -1.552071, -1.074179, 1.707673, -0.037415, -1.786444, 0.682144 ],
		"SV_29" : [ -1.715822, -0.023007, -0.007626, -0.506174, -0.354594, -0.697372, -0.307631, -0.587886, -0.643622, 1.632221 ],
		"SV_30" : [ -0.638819, 0.585976, -0.174185, 0.968145, 0.450044, 1.077056, 0.321175, -0.426124, -2.999114, 0.562343 ],
		"SV_31" : [ -1.971602, -0.938173, 2.226125, -0.003377, 0.215672, -0.208693, -1.630048, -0.303311, 0.340269, -1.330856 ],
		"SV_32" : [ 0.491433, -2.286109, 0.188742, 0.387787, 0.087930, 1.280097, 0.715034, -0.635641, 1.369167, 0.305587 ],
		"SV_33" : [ 0.415124, -0.371661, -0.969137, -1.446053, 0.028876, -1.039658, -0.850981, -0.761545, 0.315557, 1.207732 ],
		"SV_34" : [ 0.942791, 0.566217, -0.409699, -0.562435, -0.525310, 0.810451, 0.002504, -0.097546, 0.078434, -0.405703 ],
		"SV_35" : [ 0.309351, -0.433129, 0.361801, 1.764901, -1.205651, 0.627333, -0.308706, 0.239518, 1.708119, -0.423967 ],
		"SV_36" : [ -0.409889, -0.554347, 1.577230, 0.414990, 0.582054, -0.610719, -0.238954, -0.433714, -0.985622, 0.488046 ],
		"SV_37" : [ 0.524310, 0.014469, 1.595374, -0.296571, -0.273733, -0.154071, -0.038919, 0.520472, -1.351202, 2.054339 ],
		"SV_38" : [ 1.155595, 1.467125, -0.901383, -1.745011, -0.084406, -0.070069, 0.792448, -0.187857, -0.004986, -0.696601 ],
		"SV_39" : [ 0.493729, -1.992440, 1.310940, 0.766259, -0.075654, 0.256966, 0.131293, -1.402526, 1.267734, -2.135257 ],
		"SV_40" : [ 0.031861, 0.414936, 1.266982, 0.027646, -0.967521, 0.497398, -0.870037, 0.008158, 0.075771, 0.466242 ],
		"SV_41" : [ -0.885169, 0.848285, 1.501806, 0.327893, -1.340787, 0.901386, 0.290686, 0.423296, -0.250458, 2.321921 ],
		"SV_42" : [ 2.843495, 0.378264, -0.761153, -0.411312, -0.412171, -1.011106, -1.256169, -0.738574, 1.715647, 1.915487 ],
		"SV_43" : [ -1.311457, -1.061103, -0.365120, 0.276259, 0.280019, 0.855360, -0.769762, 0.012511, -0.557793, -1.045207 ],
		"SV_44" : [ -0.459859, -1.121887, 0.246469, -0.555671, 0.273551, -0.290018, -1.027835, -1.036359, 0.868149, 0.335445 ],
		"SV_45" : [ 0.424181, 0.811608, -0.540987, -0.571047, 1.436532, 0.264788, 0.487881, 1.055724, 0.861992, -1.562200 ],
		"SV_46" : [ 1.021716, -1.179920, -0.153318, -0.899906, -0.345148, 0.995313, 0.912151, 0.737222, -1.214633, -0.051075 ],
		"SV_47" : [ 1.254984, -0.885393, -0.478961, -1.236692, -1.555016, -0.583413, 1.485080, 0.601391, 0.456315, -2.114021 ],
		"SV_48" : [ -3.011217, -0.237807, -2.809668, 0.002221, 0.782830, 1.331153, 1.409284, 0.359371, -1.268436, 0.620385 ],
		"SV_49" : [ -1.199299, -0.789208, 2.673526, 0.222732, 0.125217, -0.313901, 1.061773, -0.408591, -1.211440, 0.089529 ],
		"SV_50" : [ 0.693461, 0.067277, -0.590666, 0.203376, 0.216461, -0.498485, 1.064389, 1.318963, -0.714298, -0.807691 ],
		"SV_51" : [ 0.774383, -1.765383, -1.278092, -1.207370, 0.514810, -0.894882, 2.011952, -2.142732, -0.624888, 1.750911 ],
		"SV_52" : [ -2.209772, 1.659902, 0.534130, -0.216920, -1.602769, -0.729682, -0.855423, 0.785937, 0.657501, 0.892502 ],
		"SV_53" : [ 0.946236, 0.224542, 0.563936, -0.866098, -1.133546, -0.038214, 0.153602, 0.261961, 1.581772, 1.090296 ],
		"SV_54" : [ 1.612639, 0.137010, 0.240862, -0.977647, -0.844649, 1.151000, -0.252873, 0.974510, -1.655895, -0.763196 ],
		"SV_55" : [ -0.131708, 1.982605, 0.409291, -1.019111, 0.054471, 0.148208, -0.344642, -1.034381, -2.171592, -1.020880 ],
		"SV_56" : [ 0.392462, 0.918988, -0.232649, -1.460397, 0.008083, -0.043307, -0.159300, 1.120638, 0.674655, -0.458370 ],
		"SV_57" : [ -0.298941, 2.979427, -0.648334, -2.380690, 1.529984, -0.616551, -1.916239, -1.084344, -0.697196, -0.576447 ],
		"SV_58" : [ 0.630628, -0.005918, -0.364337, -0.934736, 0.888379, 0.090590, -1.197056, 1.624618, -1.595217, 1.325606 ],
		"SV_59" : [ -0.949039, -0.622020, -0.116107, -0.779248, -1.497360, -0.673836, -0.997786, -1.144583, 0.638942, 0.178647 ],
		"SV_60" : [ -0.233714, 0.812617, -0.449537, 1.312712, 0.814627, -0.812043, 0.558854, -0.442987, -1.645225, -0.349997 ],