{
   "Contributions" : {
      "X_0" : [ 0.285897 ],
      "X_1" : [ 0.054714 ],
      "X_2" : [ 0.035388 ],
      "X_3" : [ 0.023976 ],
      "X_4" : [ 0.178908 ],
      "X_5" : [ 0.043479 ],
      "X_6" : [ -0.596662 ],
      "X_7" : [ 0.010449 ],
      "X_8" : [ -0.015519 ],
      "X_9" : [ -0.068304 ]   
   },
   "Most_Contributive_Features" : {
      "y" : [ 6, 0, 4, 9, 1, 5, 2, 3, 8, 7 ]
   }
}