{
   "Contributions" : {
      "X_0" : [ -0.004480, 0.003497, 0.000231, 0.000752 ],
      "X_1" : [ -0.003814, 0.002637, 0.000254, 0.000924 ],
      "X_2" : [ 0.000531, -0.002330, 0.000785, 0.001014 ],
      "X_3" : [ 0.002913, -0.004913, 0.000790, 0.001211 ],
      "X_4" : [ -0.004472, 0.008201, -0.001066, -0.002663 ],
      "X_5" : [ 0.000157, -0.000517, 0.000128, 0.000232 ],
      "X_6" : [ 0.001445, -0.004349, 0.001282, 0.001623 ],
      "X_7" : [ -0.001004, -0.001548, 0.000736, 0.001816 ],
      "X_8" : [ 0.006426, -0.010237, 0.001139, 0.002672 ],
      "X_9" : [ 0.000679, 0.000106, -0.000254, -0.000531 ]   
   },
   "Most_Contributive_Features_By_Class" : {
      "class_0" : [ 8, 0, 4, 1, 3, 6, 7, 9, 2, 5 ],
      "class_1" : [ 8, 4, 3, 6, 0, 1, 2, 7, 5, 9 ],
      "class_2" : [ 6, 8, 4, 3, 2, 7, 9, 1, 0, 5 ],
      "class_3" : [ 8, 4, 7, 6, 3, 2, 1, 0, 9, 5 ]
   }
}