{
   "Contributions" : {
      "X_0" : [ -0.005804, 0.000542, 0.008151, -0.002888 ],
      "X_1" : [ 0.015679, -0.005976, -0.006131, -0.003572 ],
      "X_2" : [ -0.001840, -0.001686, 0.000702, 0.002824 ],
      "X_3" : [ 0.000624, 0.005996, -0.013159, 0.006539 ],
      "X_4" : [ 0.000373, 0.000352, 0.001278, -0.002003 ],
      "X_5" : [ 0.000267, 0.000438, 0.000154, -0.000859 ],
      "X_6" : [ -0.016323, -0.003819, 0.022753, -0.002611 ],
      "X_7" : [ -0.017820, 0.039733, -0.012677, -0.009236 ],
      "X_8" : [ -0.009210, -0.013496, 0.014206, 0.008500 ],
      "X_9" : [ -0.004364, 0.001056, 0.001821, 0.001486 ]   
   },
   "Most_Contributive_Features_By_Class" : {
      "class_0" : [ 7, 6, 1, 8, 0, 9, 2, 3, 4, 5 ],
      "class_1" : [ 7, 8, 3, 1, 6, 2, 9, 0, 5, 4 ],
      "class_2" : [ 6, 8, 3, 7, 0, 1, 9, 4, 2, 5 ],
      "class_3" : [ 7, 8, 3, 1, 0, 2, 6, 4, 9, 5 ]
   }
}