{
	"metadata" : { "model" : "Vapnik_NuSVC_RBF", "version" : "2024-W14", "signature" : "ff4_il8"},
	"options" : {"svm_type" : "nu_svc", "kernel" : "rbf", "degree" : 3, "gamma" : 0.000001, "coef0" : 0.000000, "cache_size" : 300, "tol" : 0.001000, "nu" : 0.100000, "epsilon" : 0.000000, "shrinking" : 0, "probability" : 1, "C" : 1.000000, "max_iter" : 128, "random_state" : 1789 },
	"dataset" : { "dataset_rows" : 16, "dataset_features" : 30 },
	"classes" : [ 0, 1 ],
	"svm_model" : {
	"classes" : 2,
	"L" : 2,
	"SupportVectors" : {
		"SV_0" : [ 15.340000, 14.260000, 102.500000, 704.400024, 0.107300, 0.213500, 0.207700, 0.097560, 0.252100, 0.070320, 0.438800, 0.709600, 3.384000, 44.910000, 0.006789, 0.053280, 0.064460, 0.022520, 0.036720, 0.004394, 18.070000, 19.080000, 125.099998, 980.900024, 0.139000, 0.595400, 0.630500, 0.239300, 0.466700, 0.099460 ],
		"SV_1" : [ 14.620000, 24.020000, 94.570000, 662.700012, 0.089740, 0.086060, 0.031020, 0.029570, 0.168500, 0.058660, 0.372100, 1.111000, 2.279000, 33.759998, 0.004868, 0.018180, 0.011210, 0.008606, 0.020850, 0.002893, 16.110001, 29.110001, 102.900002, 803.700012, 0.111500, 0.176600, 0.091890, 0.069460, 0.252200, 0.072460 ]
	},
	"SupportVectorsCoefs" : {
		"SV_coef_0" : [ 56.581112, -56.581112 ]
	},
	"rho" : [ 0.000000 ],
	"nSV" : [ 1, 1 ],
	"probA" : [ -0.499929 ],
	"probB" : [ 0.127759 ],
	"n_iter" : [ 2 ]
}
}