{
   "Contributions" : {
      "X_0" : [ 0.008729, -0.001411, -0.004883, -0.002435 ],
      "X_1" : [ 0.006753, 0.006046, -0.012991, 0.000193 ],
      "X_2" : [ -0.000887, -0.003813, 0.006692, -0.001992 ],
      "X_3" : [ 0.010275, -0.004925, -0.011634, 0.006284 ],
      "X_4" : [ 0.002088, -0.001955, -0.000172, 0.000040 ],
      "X_5" : [ -0.000221, -0.005700, 0.004532, 0.001388 ],
      "X_6" : [ 0.015662, -0.010721, 0.012293, -0.017234 ],
      "X_7" : [ -0.042347, 0.058494, 0.005241, -0.021389 ],
      "X_8" : [ 0.013967, 0.017925, -0.027773, -0.004119 ],
      "X_9" : [ 0.006629, 0.001198, -0.004901, -0.002926 ]   
   },
   "Most_Contributive_Features_By_Class" : {
      "class_0" : [ 7, 6, 8, 3, 0, 1, 9, 4, 2, 5 ],
      "class_1" : [ 7, 8, 6, 1, 5, 3, 2, 4, 0, 9 ],
      "class_2" : [ 8, 1, 6, 3, 2, 7, 9, 0, 5, 4 ],
      "class_3" : [ 7, 6, 3, 8, 9, 0, 2, 5, 1, 4 ]
   }
}