{
	"metadata" : { "model" : "Vapnik_SVR_RBF", "version" : "2024-W12", "signature" : "ff4_ff4"},
	"options" : {"svm_type" : "epsilon_svr", "kernel" : "rbf", "degree" : 3, "gamma" : 0.000001, "coef0" : 0.000000, "cache_size" : 300, "tol" : 0.001000, "nu" : 0.500000, "epsilon" : 0.100000, "shrinking" : 0, "probability" : 0, "C" : 2.000000, "max_iter" : 128, "random_state" : 1789 },
	"dataset" : { "dataset_rows" : 100, "dataset_features" : 4 },
	"svm_model" : {
	"classes" : 2,
	"L" : 42,
	"SupportVectors" : {
		"SV_00" : [ 92.630493, 1621.621948, 0.997097, 3.905369 ],
		"SV_01" : [ 34.726295, 778.125916, 0.167246, 2.339115 ],
		"SV_02" : [ 64.806686, 1046.145874, 0.071195, 8.048056 ],
		"SV_03" : [ 7.321981, 487.752838, 0.993317, 5.340956 ],
		"SV_04" : [ 48.198017, 353.104248, 0.725143, 10.405507 ],
		"SV_05" : [ 71.041054, 1540.879761, 0.056103, 6.055449 ],
		"SV_06" : [ 76.304665, 377.450928, 0.181362, 6.939103 ],
		"SV_07" : [ 41.761013, 1756.453247, 0.074700, 8.084325 ],
		"SV_08" : [ 67.712112, 367.323730, 0.907274, 4.550431 ],
		"SV_09" : [ 85.125381, 1049.026855, 0.039136, 3.186899 ],
		"SV_10" : [ 29.812233, 273.763794, 0.971798, 6.207578 ],
		"SV_11" : [ 38.088467, 1321.297485, 0.052941, 10.429984 ],
		"SV_12" : [ 73.448112, 913.160706, 0.789831, 9.069126 ],
		"SV_13" : [ 19.900188, 265.249756, 0.635873, 4.546347 ],
		"SV_14" : [ 10.735011, 265.420807, 0.260950, 2.285511 ],
		"SV_15" : [ 13.316919, 1592.958618, 0.993566, 7.946761 ],
		"SV_16" : [ 75.648438, 442.560303, 0.035123, 1.334146 ],
		"SV_17" : [ 1.405850, 1607.972168, 0.402955, 9.850420 ],
		"SV_18" : [ 17.761709, 423.498322, 0.135270, 10.148129 ],
		"SV_19" : [ 39.016674, 895.294678, 0.992031, 3.333866 ],
		"SV_20" : [ 78.286156, 508.159058, 0.252201, 1.424874 ],
		"SV_21" : [ 65.455681, 755.864746, 0.990681, 3.455762 ],
		"SV_22" : [ 17.373148, 483.680237, 0.685229, 2.728044 ],
		"SV_23" : [ 76.461021, 744.759766, 0.823855, 10.136035 ],
		"SV_24" : [ 63.422050, 921.190674, 0.969793, 5.416355 ],
		"SV_25" : [ 81.412109, 1254.374390, 0.194226, 8.164762 ],
		"SV_26" : [ 69.792320, 473.447937, 0.233546, 3.411072 ],
		"SV_27" : [ 66.012100, 216.127472, 0.564663, 3.090549 ],
		"SV_28" : [ 39.873802, 428.048248, 0.235384, 2.176043 ],
		"SV_29" : [ 78.244774, 702.214600, 0.183212, 9.434527 ],
		"SV_30" : [ 18.503828, 532.344482, 0.721851, 10.655538 ],
		"SV_31" : [ 43.550098, 1462.972046, 0.939145, 3.150335 ],
		"SV_32" : [ 44.357746, 674.885315, 0.220269, 3.032311 ],
		"SV_33" : [ 97.541664, 130.009232, 0.366127, 5.345118 ],
		"SV_34" : [ 94.566437, 663.266418, 0.852323, 6.919084 ],
		"SV_35" : [ 45.437614, 168.841202, 0.343817, 3.279963 ],
		"SV_36" : [ 85.409492, 865.747681, 0.002107, 1.657108 ],
		"SV_37" : [ 26.014614, 517.573425, 0.156860, 6.909534 ],
		"SV_38" : [ 7.737632, 682.638123, 0.943330, 1.569080 ],
		"SV_39" : [ 22.116344, 1162.774048, 0.675740, 4.934592 ],
		"SV_40" : [ 52.067585, 534.256165, 0.155164, 8.526538 ],
		"SV_41" : [ 0.743929, 167.010742, 0.924844, 10.614025 ]
	},
	"SupportVectorsCoefs" : {
		"SV_coef_0" : [ 2.000000, -2.000000, -2.000000, 2.000000, 1.795805, -2.000000, -2.000000, -2.000000, 2.000000, -2.000000, 2.000000, -2.000000, 2.000000, 2.000000, 1.765317, 2.000000, -2.000000, 0.551187, -0.012944, 2.000000, -2.000000, 2.000000, 2.000000, 2.000000, 2.000000, -2.000000, -2.000000, -2.000000, -2.000000, -2.000000, 2.000000, 2.000000, -2.000000, -2.000000, 2.000000, -2.000000, -2.000000, -2.000000, 2.000000, 1.900635, -2.000000, 2.000000 ]
	},
	"rho" : [ -1.299532 ],
	"nSV" : [ 42 ],
	"probA" : [ ],
	"probB" : [ ],
	"n_iter" : [ 111 ]
}
}