{
   "Contributions" : {
      "X_0" : [ -0.004672 ],
      "X_1" : [ 0.004802 ],
      "X_2" : [ 0.000000 ],
      "X_3" : [ -0.000014 ]   
   },
   "Most_Contributive_Features" : {
      "y" : [ 1, 0, 3, 2 ]
   }
}