{
   "Contributions" : {
      "X_0" : [ -0.003228 ],
      "X_1" : [ -0.001269 ],
      "X_2" : [ 0.012533 ],
      "X_3" : [ -0.001151 ]   
   },
   "Most_Contributive_Features" : {
      "y" : [ 2, 0, 1, 3 ]
   }
}