{
   "Contributions" : {
      "X_0" : [ -0.001630 ],
      "X_1" : [ 0.001490 ],
      "X_2" : [ 0.011907 ],
      "X_3" : [ -0.002480 ]   
   },
   "Most_Contributive_Features" : {
      "y" : [ 2, 3, 0, 1 ]
   }
}