{
   "Contributions" : {
      "X_0" : [ 0.257098 ],
      "X_1" : [ 0.686817 ],
      "X_2" : [ -0.001875 ],
      "X_3" : [ -0.015243 ],
      "X_4" : [ 0.166192 ],
      "X_5" : [ 0.024932 ],
      "X_6" : [ 0.145535 ],
      "X_7" : [ 0.177297 ],
      "X_8" : [ -0.179216 ],
      "X_9" : [ 0.005783 ]   
   },
   "Most_Contributive_Features" : {
      "y" : [ 1, 0, 8, 7, 4, 6, 5, 3, 9, 2 ]
   }
}