{
	"metadata" : { "model" : "Tikhonov_Ridge", "version" : "2024-W12", "signature" : "ff4_ff4"},
	"options" : { "alpha" : 0.000000, "random_state" : 1789 },
	"dataset" : { "dataset_rows" : 12, "dataset_features" : 10 },
	"equations" : {
			"intercept" : -3.618908,
			"coeffs" : [ 9.781233, 5.028120, 7.422490, 11.167304, 2.902319, 4.694674, -3.044569, -2.550753, 1.630733, -1.722388 ]
		}
}