{
   "Contributions" : {
      "X_0" : [ -0.718143 ],
      "X_1" : [ -0.167372 ],
      "X_2" : [ -0.600885 ],
      "X_3" : [ 0.701344 ],
      "X_4" : [ 0.023350 ],
      "X_5" : [ -0.077556 ],
      "X_6" : [ 0.198990 ],
      "X_7" : [ -0.102261 ],
      "X_8" : [ -0.159259 ],
      "X_9" : [ -0.026666 ]   
   },
   "Most_Contributive_Features" : {
      "y" : [ 0, 3, 2, 6, 1, 8, 7, 5, 9, 4 ]
   }
}