{
   "Contributions" : {
      "X_0" : [ -0.555328 ],
      "X_1" : [ -0.201617 ],
      "X_2" : [ -0.332658 ],
      "X_3" : [ 0.554837 ],
      "X_4" : [ 0.015722 ],
      "X_5" : [ -0.024729 ],
      "X_6" : [ 0.123481 ],
      "X_7" : [ -0.072969 ],
      "X_8" : [ -0.201292 ],
      "X_9" : [ -0.039507 ]   
   },
   "Most_Contributive_Features" : {
      "y" : [ 0, 3, 2, 1, 8, 6, 7, 9, 5, 4 ]
   }
}