{
   "Contributions" : {
      "X_0" : [ 0.000000 ],
      "X_1" : [ 0.701182 ],
      "X_2" : [ 0.000000 ],
      "X_3" : [ 0.017063 ],
      "X_4" : [ 1.268464 ],
      "X_5" : [ 0.000000 ],
      "X_6" : [ 0.000000 ],
      "X_7" : [ 0.797524 ],
      "X_8" : [ 0.000000 ],
      "X_9" : [ 0.000000 ],
      "X_10" : [ 0.000000 ],
      "X_11" : [ -0.325817 ],
      "X_12" : [ 0.103825 ],
      "X_13" : [ 0.000000 ],
      "X_14" : [ 0.000000 ],
      "X_15" : [ 0.000000 ],
      "X_16" : [ 0.244860 ],
      "X_17" : [ 0.000000 ],
      "X_18" : [ 0.298775 ],
      "X_19" : [ 0.000000 ],
      "X_20" : [ -0.101098 ],
      "X_21" : [ 0.000000 ],
      "X_22" : [ -0.001315 ],
      "X_23" : [ -0.333038 ],
      "X_24" : [ 0.000000 ],
      "X_25" : [ 0.000000 ],
      "X_26" : [ -0.173242 ],
      "X_27" : [ 0.337083 ],
      "X_28" : [ 0.000000 ],
      "X_29" : [ 0.000000 ],
      "X_30" : [ -6.662403 ],
      "X_31" : [ 0.000000 ],
      "X_32" : [ 3.330966 ],
      "X_33" : [ 0.000000 ],
      "X_34" : [ 0.000000 ],
      "X_35" : [ 0.000000 ],
      "X_36" : [ 4.358299 ],
      "X_37" : [ -0.961608 ],
      "X_38" : [ 0.207379 ],
      "X_39" : [ 0.336487 ],
      "X_40" : [ 0.000000 ],
      "X_41" : [ 0.000000 ],
      "X_42" : [ 0.000000 ],
      "X_43" : [ 0.000000 ],
      "X_44" : [ 0.000000 ],
      "X_45" : [ 0.000000 ],
      "X_46" : [ 3.125568 ],
      "X_47" : [ 0.000000 ],
      "X_48" : [ 0.000000 ],
      "X_49" : [ 1.125994 ],
      "X_50" : [ 0.000000 ],
      "X_51" : [ 0.000000 ],
      "X_52" : [ 0.000000 ],
      "X_53" : [ 0.000000 ],
      "X_54" : [ 0.000000 ],
      "X_55" : [ 0.000000 ],
      "X_56" : [ 0.312144 ],
      "X_57" : [ 0.000000 ],
      "X_58" : [ -0.152363 ],
      "X_59" : [ 3.504749 ],
      "X_60" : [ 0.000000 ],
      "X_61" : [ 0.079723 ],
      "X_62" : [ 0.000000 ],
      "X_63" : [ 0.000000 ],
      "X_64" : [ 0.000000 ],
      "X_65" : [ 0.000000 ],
      "X_66" : [ 0.000000 ],
      "X_67" : [ -0.244612 ],
      "X_68" : [ 0.000000 ],
      "X_69" : [ -0.243803 ],
      "X_70" : [ 0.000000 ],
      "X_71" : [ 0.000000 ],
      "X_72" : [ -0.158938 ],
      "X_73" : [ 0.490653 ],
      "X_74" : [ 0.000000 ],
      "X_75" : [ 0.000000 ],
      "X_76" : [ 0.000000 ],
      "X_77" : [ 3.251529 ],
      "X_78" : [ 0.000000 ],
      "X_79" : [ 0.000000 ],
      "X_80" : [ 0.000000 ],
      "X_81" : [ 0.000000 ],
      "X_82" : [ 0.000000 ],
      "X_83" : [ 0.141814 ],
      "X_84" : [ -0.300721 ],
      "X_85" : [ 0.026694 ],
      "X_86" : [ 0.000000 ],
      "X_87" : [ 0.511600 ],
      "X_88" : [ 0.000000 ],
      "X_89" : [ 0.000000 ],
      "X_90" : [ 0.380238 ],
      "X_91" : [ 0.272082 ],
      "X_92" : [ 0.000000 ],
      "X_93" : [ 0.129339 ],
      "X_94" : [ 0.016604 ],
      "X_95" : [ -1.019741 ],
      "X_96" : [ 1.271943 ],
      "X_97" : [ 0.000000 ],
      "X_98" : [ -0.097998 ],
      "X_99" : [ 0.000000 ]   
   },
   "Most_Contributive_Features" : {
      "y" : [ 30, 36, 59, 32, 77, 46, 96, 4, 49, 95 ]
   }
}