{
   "Contributions" : {
      "X_0" : [ 0.004916, -0.000109, -0.003441, -0.001366 ],
      "X_1" : [ 0.007622, -0.003197, -0.007858, 0.003433 ],
      "X_2" : [ 0.004257, 0.000069, -0.001945, -0.002380 ],
      "X_3" : [ 0.003336, -0.000454, -0.004338, 0.001457 ],
      "X_4" : [ -0.002213, 0.000519, 0.000755, 0.000938 ],
      "X_5" : [ 0.001823, 0.003220, -0.001350, -0.003693 ],
      "X_6" : [ -0.000237, -0.000732, 0.004807, -0.003838 ],
      "X_7" : [ 0.002674, -0.008875, -0.004205, 0.010406 ],
      "X_8" : [ -0.007198, -0.032436, 0.023017, 0.016617 ],
      "X_9" : [ 0.005862, -0.006549, 0.002708, -0.002022 ]   
   },
   "Most_Contributive_Features_By_Class" : {
      "class_0" : [ 1, 8, 9, 0, 2, 3, 7, 4, 5, 6 ],
      "class_1" : [ 8, 7, 9, 5, 1, 6, 4, 3, 0, 2 ],
      "class_2" : [ 8, 1, 6, 3, 7, 0, 9, 2, 5, 4 ],
      "class_3" : [ 8, 7, 6, 5, 1, 2, 9, 3, 0, 4 ]
   }
}