{
   "Contributions" : {
      "X_0" : [ 0.002545, -0.003469, -0.000190, 0.001114 ],
      "X_1" : [ 0.010577, -0.009599, -0.005085, 0.004107 ],
      "X_2" : [ 0.013306, -0.002954, 0.005428, -0.015780 ],
      "X_3" : [ 0.000000, 0.000000, 0.000000, 0.000000 ],
      "X_4" : [ -0.000646, -0.001717, 0.002568, -0.000205 ],
      "X_5" : [ -0.004771, 0.006087, 0.000887, -0.002204 ],
      "X_6" : [ 0.007933, -0.000168, 0.015078, -0.022843 ],
      "X_7" : [ -0.000254, -0.015744, 0.007985, 0.008014 ],
      "X_8" : [ -0.015210, -0.019621, 0.006748, 0.028083 ],
      "X_9" : [ 0.009834, -0.012054, -0.003683, 0.005903 ]   
   },
   "Most_Contributive_Features_By_Class" : {
      "class_0" : [ 8, 2, 1, 9, 6, 5, 0, 4, 7 ],
      "class_1" : [ 8, 7, 9, 1, 5, 0, 2, 4, 6 ],
      "class_2" : [ 6, 7, 8, 2, 1, 9, 4, 5, 0 ],
      "class_3" : [ 8, 6, 2, 7, 9, 1, 5, 0, 4 ]
   }
}