{
   "Contributions" : {
      "X_0" : [ 0.003473, -0.003473 ],
      "X_1" : [ -0.012258, 0.012258 ],
      "X_2" : [ -0.007965, 0.007965 ],
      "X_3" : [ 0.002684, -0.002684 ],
      "X_4" : [ 0.001954, -0.001954 ],
      "X_5" : [ -0.002181, 0.002181 ],
      "X_6" : [ -0.011460, 0.011460 ],
      "X_7" : [ 0.001046, -0.001046 ],
      "X_8" : [ 0.001383, -0.001383 ],
      "X_9" : [ 0.001042, -0.001042 ]   
   },
   "Most_Contributive_Features_By_Class" : {
      "class_0" : [ 1, 6, 2, 0, 3, 5, 4, 8, 7, 9 ],
      "class_1" : [ 1, 6, 2, 0, 3, 5, 4, 8, 7, 9 ]
   }
}