{
   "Contributions" : {
      "X_0" : [ 0.000032, -0.000032 ],
      "X_1" : [ -0.002460, 0.002460 ],
      "X_2" : [ 0.000856, -0.000856 ],
      "X_3" : [ -0.000014, 0.000014 ],
      "X_4" : [ -0.000236, 0.000236 ],
      "X_5" : [ -0.001886, 0.001886 ],
      "X_6" : [ -0.001405, 0.001405 ],
      "X_7" : [ -0.002258, 0.002258 ],
      "X_8" : [ 0.000186, -0.000186 ],
      "X_9" : [ 0.000386, -0.000386 ]   
   },
   "Most_Contributive_Features_By_Class" : {
      "class_0" : [ 1, 7, 5, 6, 2, 9, 4, 8, 0, 3 ],
      "class_1" : [ 1, 7, 5, 6, 2, 9, 4, 8, 0, 3 ]
   }
}