{
   "Contributions" : {
      "X_0" : [ 0.010225, -0.010225 ],
      "X_1" : [ 0.002009, -0.002009 ],
      "X_2" : [ 0.041948, -0.041948 ],
      "X_3" : [ 0.044512, -0.044512 ],
      "X_4" : [ 0.000026, -0.000026 ],
      "X_5" : [ 0.000098, -0.000098 ],
      "X_6" : [ 0.000072, -0.000072 ],
      "X_7" : [ 0.000027, -0.000027 ],
      "X_8" : [ 0.000068, -0.000068 ],
      "X_9" : [ 0.000010, -0.000010 ],
      "X_10" : [ 0.000058, -0.000058 ],
      "X_11" : [ 0.000142, -0.000142 ],
      "X_12" : [ -0.000301, 0.000301 ],
      "X_13" : [ -0.030909, 0.030909 ],
      "X_14" : [ -0.000001, 0.000001 ],
      "X_15" : [ -0.000002, 0.000002 ],
      "X_16" : [ 0.000007, -0.000007 ],
      "X_17" : [ -0.000002, 0.000002 ],
      "X_18" : [ 0.000002, -0.000002 ],
      "X_19" : [ 0.000000, -0.000000 ],
      "X_20" : [ -0.004680, 0.004680 ],
      "X_21" : [ -0.001081, 0.001081 ],
      "X_22" : [ -0.027672, 0.027672 ],
      "X_23" : [ 0.175801, -0.175801 ],
      "X_24" : [ -0.000035, 0.000035 ],
      "X_25" : [ -0.000035, 0.000035 ],
      "X_26" : [ 0.000015, -0.000015 ],
      "X_27" : [ -0.000026, 0.000026 ],
      "X_28" : [ 0.000052, -0.000052 ],
      "X_29" : [ -0.000012, 0.000012 ]   
   },
   "Most_Contributive_Features_By_Class" : {
      "class_0" : [ 23, 3, 2, 13, 22, 0, 20, 1, 21, 12 ],
      "class_1" : [ 23, 3, 2, 13, 22, 0, 20, 1, 21, 12 ]
   }
}