{
   "Contributions" : {
      "X_0" : [ 0.000094, -0.000094 ],
      "X_1" : [ -0.000038, 0.000038 ],
      "X_2" : [ -0.003376, 0.003376 ],
      "X_3" : [ -0.006665, 0.006665 ],
      "X_4" : [ -0.000001, 0.000001 ],
      "X_5" : [ -0.000003, 0.000003 ],
      "X_6" : [ 0.000003, -0.000003 ],
      "X_7" : [ 0.000001, -0.000001 ],
      "X_8" : [ 0.000000, -0.000000 ],
      "X_9" : [ -0.000000, 0.000000 ],
      "X_10" : [ 0.000012, -0.000012 ],
      "X_11" : [ -0.000003, 0.000003 ],
      "X_12" : [ -0.000052, 0.000052 ],
      "X_13" : [ -0.002013, 0.002013 ],
      "X_14" : [ -0.000000, 0.000000 ],
      "X_15" : [ 0.000000, -0.000000 ],
      "X_16" : [ 0.000002, -0.000002 ],
      "X_17" : [ -0.000000, 0.000000 ],
      "X_18" : [ -0.000000, 0.000000 ],
      "X_19" : [ 0.000000, -0.000000 ],
      "X_20" : [ -0.000292, 0.000292 ],
      "X_21" : [ 0.000148, -0.000148 ],
      "X_22" : [ 0.004174, -0.004174 ],
      "X_23" : [ 0.000355, -0.000355 ],
      "X_24" : [ -0.000001, 0.000001 ],
      "X_25" : [ -0.000002, 0.000002 ],
      "X_26" : [ -0.000011, 0.000011 ],
      "X_27" : [ 0.000004, -0.000004 ],
      "X_28" : [ 0.000001, -0.000001 ],
      "X_29" : [ 0.000000, -0.000000 ]   
   },
   "Most_Contributive_Features_By_Class" : {
      "class_0" : [ 3, 22, 2, 13, 23, 20, 21, 0, 12, 1 ],
      "class_1" : [ 3, 22, 2, 13, 23, 20, 21, 0, 12, 1 ]
   }
}