{
   "Contributions" : {
      "X_0" : [ 0.000000, 0.000000, 0.000000 ],
      "X_1" : [ 0.000000, 0.000000, 0.000000 ],
      "X_2" : [ -0.003472, 0.006944, -0.003472 ],
      "X_3" : [ 0.000000, 0.000000, 0.000000 ]   
   },
   "Most_Contributive_Features_By_Class" : {
      "class_0" : [ 2 ],
      "class_1" : [ 2 ],
      "class_2" : [ 2 ]
   }
}