{
   "Contributions" : {
      "X_0" : [ 0.008143, 0.002767, -0.007468, -0.003443 ],
      "X_1" : [ 0.000471, 0.000408, -0.005273, 0.004395 ],
      "X_2" : [ -0.002245, 0.000941, -0.000128, 0.001433 ],
      "X_3" : [ -0.001688, 0.000976, -0.000373, 0.001085 ],
      "X_4" : [ -0.000007, 0.001358, -0.001966, 0.000616 ],
      "X_5" : [ 0.001961, 0.000487, -0.000339, -0.002108 ],
      "X_6" : [ -0.011348, 0.003331, -0.003035, 0.011052 ],
      "X_7" : [ -0.030064, 0.029952, 0.008467, -0.008355 ],
      "X_8" : [ -0.006773, -0.012645, 0.010817, 0.008600 ],
      "X_9" : [ -0.001403, 0.003115, -0.001392, -0.000321 ]   
   },
   "Most_Contributive_Features_By_Class" : {
      "class_0" : [ 7, 6, 0, 8, 2, 5, 3, 9, 1, 4 ],
      "class_1" : [ 7, 8, 6, 9, 0, 4, 3, 2, 5, 1 ],
      "class_2" : [ 8, 7, 0, 1, 6, 4, 9, 3, 5, 2 ],
      "class_3" : [ 6, 8, 7, 1, 0, 5, 2, 3, 4, 9 ]
   }
}