{
   "Contributions" : {
      "X_0" : [ 0.007842, -0.007382, -0.000914, 0.000454 ],
      "X_1" : [ 0.003350, -0.005605, 0.000476, 0.001779 ],
      "X_2" : [ 0.002332, 0.000245, 0.000801, -0.003378 ],
      "X_3" : [ 0.000000, 0.000000, 0.000000, 0.000000 ],
      "X_4" : [ 0.006881, 0.003820, -0.013546, 0.002845 ],
      "X_5" : [ -0.001099, -0.000008, 0.000687, 0.000420 ],
      "X_6" : [ -0.002186, -0.005425, 0.000106, 0.007504 ],
      "X_7" : [ -0.025680, 0.028786, 0.021839, -0.024946 ],
      "X_8" : [ -0.005169, -0.014999, 0.010875, 0.009293 ],
      "X_9" : [ 0.002461, 0.000761, -0.001940, -0.001283 ]   
   },
   "Most_Contributive_Features_By_Class" : {
      "class_0" : [ 7, 0, 4, 8, 1, 9, 2, 6, 5 ],
      "class_1" : [ 7, 8, 0, 1, 6, 4, 9, 2, 5 ],
      "class_2" : [ 7, 4, 8, 9, 0, 2, 5, 1, 6 ],
      "class_3" : [ 7, 8, 6, 2, 4, 1, 9, 0, 5 ]
   }
}