{
	"metadata" : { "model" : "Vapnik_SVR_RBF", "version" : "2024-W12", "signature" : "ff4_ff4"},
	"options" : {"svm_type" : "epsilon_svr", "kernel" : "rbf", "degree" : 3, "gamma" : 1.066337, "coef0" : 0.000000, "cache_size" : 300, "tol" : 0.001000, "nu" : 0.500000, "epsilon" : 0.100000, "shrinking" : 0, "probability" : 0, "C" : 2.000000, "max_iter" : 128, "random_state" : 1789 },
	"dataset" : { "dataset_rows" : 12, "dataset_features" : 10 },
	"svm_model" : {
	"classes" : 2,
	"L" : 12,
	"SupportVectors" : {
		"SV_00" : [ 0.544738, 0.515912, 0.990435, 0.255145, 0.143953, 0.332351, 0.868622, 0.041089, 0.898018, 0.377159 ],
		"SV_01" : [ 0.783459, 0.095321, 0.135945, 0.858711, 0.240785, 0.083671, 0.052374, 0.422766, 0.019766, 0.833486 ],
		"SV_02" : [ 0.652811, 0.757719, 0.306902, 0.828286, 0.763064, 0.859003, 0.873377, 0.146070, 0.894295, 0.086598 ],
		"SV_03" : [ 0.226051, 0.939732, 0.731124, 0.837456, 0.782448, 0.352927, 0.183212, 0.843453, 0.185038, 0.248943 ],
		"SV_04" : [ 0.764610, 0.378970, 0.823855, 0.913603, 0.553400, 0.055048, 0.588332, 0.361050, 0.814980, 0.123688 ],
		"SV_05" : [ 0.368356, 0.189593, 0.403483, 0.670145, 0.411066, 0.464093, 0.307388, 0.840440, 0.462841, 0.813023 ],
		"SV_06" : [ 0.888102, 0.149216, 0.426902, 0.180039, 0.792176, 0.085835, 0.603319, 0.653572, 0.865909, 0.986362 ],
		"SV_07" : [ 0.825366, 0.284076, 0.971058, 0.191878, 0.387555, 0.062500, 0.206877, 0.900471, 0.780397, 0.355315 ],
		"SV_08" : [ 0.235384, 0.117604, 0.514017, 0.633968, 0.618557, 0.121827, 0.576931, 0.091568, 0.527227, 0.211281 ],
		"SV_09" : [ 0.834709, 0.502155, 0.670056, 0.169213, 0.154568, 0.685113, 0.954394, 0.848192, 0.038824, 0.113899 ],
		"SV_10" : [ 0.287599, 0.939261, 0.380885, 0.731889, 0.052941, 0.942998, 0.527849, 0.812585, 0.329620, 0.003549 ],
		"SV_11" : [ 0.992031, 0.233387, 0.782862, 0.234139, 0.252201, 0.042487, 0.353661, 0.403574, 0.461541, 0.895167 ]
	},
	"SupportVectorsCoefs" : {
		"SV_coef_0" : [ 1.248515, 1.209557, 2.000000, 2.000000, 2.000000, -2.000000, -2.000000, 1.328962, -2.000000, -2.000000, 0.212965, -2.000000 ]
	},
	"rho" : [ -14.879016 ],
	"nSV" : [ 12 ],
	"probA" : [ ],
	"probB" : [ ],
	"n_iter" : [ 15 ]
}
}