{
   "Contributions" : {
      "X_0" : [ -0.002877 ],
      "X_1" : [ -0.025447 ],
      "X_2" : [ -0.022840 ],
      "X_3" : [ 0.022760 ],
      "X_4" : [ -0.005837 ],
      "X_5" : [ -0.006834 ],
      "X_6" : [ -0.005882 ],
      "X_7" : [ -0.014696 ],
      "X_8" : [ -0.029534 ],
      "X_9" : [ -0.008290 ]   
   },
   "Most_Contributive_Features" : {
      "y" : [ 8, 1, 2, 3, 7, 9, 5, 6, 4, 0 ]
   }
}