{
   "Contributions" : {
      "X_0" : [ -0.010679 ],
      "X_1" : [ -0.045784 ],
      "X_2" : [ -0.035268 ],
      "X_3" : [ 0.051876 ],
      "X_4" : [ -0.008663 ],
      "X_5" : [ -0.013022 ],
      "X_6" : [ -0.001896 ],
      "X_7" : [ -0.024557 ],
      "X_8" : [ -0.044515 ],
      "X_9" : [ -0.014109 ]   
   },
   "Most_Contributive_Features" : {
      "y" : [ 3, 1, 8, 2, 7, 9, 5, 0, 4, 6 ]
   }
}