{
	"metadata" : { "model" : "Vapnik_NuSVR_RBF", "version" : "2024-W13", "signature" : "ff4_ff4"},
	"options" : {"svm_type" : "nu_svr", "kernel" : "rbf", "degree" : 3, "gamma" : 0.000001, "coef0" : 0.000000, "cache_size" : 300, "tol" : 0.001000, "nu" : 0.100000, "epsilon" : 0.000000, "shrinking" : 0, "probability" : 0, "C" : 1.000000, "max_iter" : 128, "random_state" : 1789 },
	"dataset" : { "dataset_rows" : 64, "dataset_features" : 4 },
	"svm_model" : {
	"classes" : 2,
	"L" : 8,
	"SupportVectors" : {
		"SV_0" : [ 17.761709, 423.498322, 0.135270, 10.148129 ],
		"SV_1" : [ 45.437614, 168.841202, 0.343817, 3.279963 ],
		"SV_2" : [ 22.605108, 1660.837036, 0.731124, 9.374556 ],
		"SV_3" : [ 38.088467, 1321.297485, 0.052941, 10.429984 ],
		"SV_4" : [ 15.123654, 486.957489, 0.123542, 2.365677 ],
		"SV_5" : [ 13.316919, 1592.958618, 0.993566, 7.946761 ],
		"SV_6" : [ 92.630493, 1621.621948, 0.997097, 3.905369 ],
		"SV_7" : [ 76.371201, 1620.264648, 0.622375, 3.062019 ]
	},
	"SupportVectorsCoefs" : {
		"SV_coef_0" : [ -1.000000, -1.000000, 1.000000, -0.199998, -1.000000, 1.000000, 1.000000, 0.199998 ]
	},
	"rho" : [ -543.235474 ],
	"nSV" : [ 8 ],
	"probA" : [ ],
	"probB" : [ ],
	"n_iter" : [ 9 ]
}
}