{
	"metadata" : { "model" : "Vapnik_NuSVR_RBF", "version" : "2024-W12", "signature" : "ff4_ff4"},
	"options" : {"svm_type" : "nu_svr", "kernel" : "rbf", "degree" : 3, "gamma" : 0.000001, "coef0" : 0.000000, "cache_size" : 300, "tol" : 0.001000, "nu" : 0.500000, "epsilon" : 0.000000, "shrinking" : 0, "probability" : 0, "C" : 1.000000, "max_iter" : 128, "random_state" : 1789 },
	"dataset" : { "dataset_rows" : 64, "dataset_features" : 4 },
	"svm_model" : {
	"classes" : 2,
	"L" : 32,
	"SupportVectors" : {
		"SV_00" : [ 17.761709, 423.498322, 0.135270, 10.148129 ],
		"SV_01" : [ 45.437614, 168.841202, 0.343817, 3.279963 ],
		"SV_02" : [ 69.792320, 473.447937, 0.233546, 3.411072 ],
		"SV_03" : [ 55.118420, 1002.086060, 0.726658, 4.570618 ],
		"SV_04" : [ 52.067585, 534.256165, 0.155164, 8.526538 ],
		"SV_05" : [ 22.605108, 1660.837036, 0.731124, 9.374556 ],
		"SV_06" : [ 7.606344, 1112.226562, 0.732761, 6.140375 ],
		"SV_07" : [ 51.401745, 1161.331543, 0.618557, 2.218271 ],
		"SV_08" : [ 14.282172, 1575.160400, 0.428596, 4.169882 ],
		"SV_09" : [ 38.088467, 1321.297485, 0.052941, 10.429984 ],
		"SV_10" : [ 75.648438, 442.560303, 0.035123, 1.334146 ],
		"SV_11" : [ 15.123654, 486.957489, 0.123542, 2.365677 ],
		"SV_12" : [ 55.340031, 215.592316, 0.588332, 4.610499 ],
		"SV_13" : [ 2.070305, 957.545105, 0.737876, 2.535709 ],
		"SV_14" : [ 85.409492, 865.747681, 0.002107, 1.657108 ],
		"SV_15" : [ 7.737632, 682.638123, 0.943330, 1.569080 ],
		"SV_16" : [ 22.116344, 1162.774048, 0.675740, 4.934592 ],
		"SV_17" : [ 65.455681, 755.864746, 0.990681, 3.455762 ],
		"SV_18" : [ 11.179132, 444.204834, 0.202220, 7.809537 ],
		"SV_19" : [ 95.999474, 1121.298950, 0.682591, 3.437388 ],
		"SV_20" : [ 74.577126, 1412.240356, 0.582418, 4.633062 ],
		"SV_21" : [ 78.244774, 702.214600, 0.183212, 9.434527 ],
		"SV_22" : [ 97.541664, 130.009232, 0.366127, 5.345118 ],
		"SV_23" : [ 13.316919, 1592.958618, 0.993566, 7.946761 ],
		"SV_24" : [ 44.357746, 674.885315, 0.220269, 3.032311 ],
		"SV_25" : [ 92.630493, 1621.621948, 0.997097, 3.905369 ],
		"SV_26" : [ 76.371201, 1620.264648, 0.622375, 3.062019 ],
		"SV_27" : [ 39.016674, 895.294678, 0.992031, 3.333866 ],
		"SV_28" : [ 11.772216, 671.264099, 0.172757, 1.573729 ],
		"SV_29" : [ 39.873802, 428.048248, 0.235384, 2.176043 ],
		"SV_30" : [ 44.762737, 1255.201538, 0.591546, 2.754247 ],
		"SV_31" : [ 85.125381, 1049.026855, 0.039136, 3.186899 ]
	},
	"SupportVectorsCoefs" : {
		"SV_coef_0" : [ -1.000000, -1.000000, -1.000000, 1.000000, -1.000000, 1.000000, 1.000000, 1.000000, 1.000000, -1.000000, -1.000000, -1.000000, -1.000000, 1.000000, -1.000000, 1.000000, 1.000000, 1.000000, -1.000000, 1.000000, 1.000000, -1.000000, -1.000000, 1.000000, -1.000000, 1.000000, 1.000000, 1.000000, -1.000000, -1.000000, 1.000000, -1.000000 ]
	},
	"rho" : [ -401.614075 ],
	"nSV" : [ 32 ],
	"probA" : [ ],
	"probB" : [ ],
	"n_iter" : [ 29 ]
}
}