{
   "Contributions" : {
      "X_0" : [ -0.002669 ],
      "X_1" : [ -1.763834 ],
      "X_2" : [ 0.000001 ],
      "X_3" : [ -0.000006 ]   
   },
   "Most_Contributive_Features" : {
      "y" : [ 1, 0, 3, 2 ]
   }
}