{
   "Contributions" : {
      "X_0" : [ 1.780918 ],
      "X_1" : [ -56.034840 ],
      "X_2" : [ -8.783787 ],
      "X_3" : [ -1.115468 ]   
   },
   "Most_Contributive_Features" : {
      "y" : [ 1, 2, 0, 3 ]
   }
}