{
   "Contributions" : {
      "X_0" : [ 0.000000, 0.000000, 0.000000, 0.000000 ],
      "X_1" : [ -0.000781, 0.000000, 0.000781, 0.000000 ],
      "X_2" : [ -0.010937, -0.000391, 0.012500, -0.001172 ],
      "X_3" : [ 0.000000, 0.000000, 0.000000, 0.000000 ],
      "X_4" : [ 0.000000, 0.000000, 0.000000, 0.000000 ],
      "X_5" : [ 0.033203, -0.013672, 0.004688, -0.024219 ],
      "X_6" : [ 0.000391, -0.008594, 0.002344, 0.005859 ],
      "X_7" : [ -0.021484, 0.043750, -0.008594, -0.013672 ],
      "X_8" : [ -0.012109, 0.017969, 0.002344, -0.008203 ],
      "X_9" : [ 0.002344, 0.006641, 0.005078, -0.014063 ]   
   },
   "Most_Contributive_Features_By_Class" : {
      "class_0" : [ 5, 7, 8, 2, 9, 1, 6 ],
      "class_1" : [ 7, 8, 5, 6, 9, 2 ],
      "class_2" : [ 2, 7, 9, 5, 8, 6, 1 ],
      "class_3" : [ 5, 9, 7, 8, 6, 2 ]
   }
}