{
	"metadata" : { "model" : "Vapnik_NuSVC_RBF", "version" : "2024-W13", "signature" : "ff4_il8"},
	"options" : {"svm_type" : "nu_svc", "kernel" : "rbf", "degree" : 3, "gamma" : 0.048503, "coef0" : 0.000000, "cache_size" : 300, "tol" : 0.001000, "nu" : 0.500000, "epsilon" : 0.000000, "shrinking" : 0, "probability" : 1, "C" : 1.000000, "max_iter" : 128, "random_state" : 1789 },
	"dataset" : { "dataset_rows" : 128, "dataset_features" : 10 },
	"classes" : [ 0, 1, 2, 3 ],
	"svm_model" : {
	"classes" : 4,
	"L" : 109,
	"SupportVectors" : {
		"SV_000" : [ 0.928858, -1.177375, 0.542731, 1.248167, -0.732359, 0.692213, 0.362028, -0.053731, 0.485529, 1.106564 ],
		"SV_001" : [ -1.750210, 1.576099, 0.286503, -1.740885, -0.949967, -0.384233, 0.038996, -1.160993, -2.267550, 1.213184 ],
		"SV_002" : [ -0.649409, 1.030112, 0.590313, -1.432318, 0.032630, -0.008973, -0.488904, -0.064296, -0.635514, 0.255228 ],
		"SV_003" : [ -1.188768, 0.337391, 1.089971, -0.582258, -0.743904, -0.229958, 0.402639, -2.571504, -2.999698, -0.753200 ],
		"SV_004" : [ -1.839352, 2.261719, -0.549117, -2.560598, 0.729968, -0.786977, -3.115862, -1.393732, 0.133436, -0.008195 ],
		"SV_005" : [ 2.867865, -1.912016, 0.005109, -0.897717, -0.413690, 1.138185, -1.696764, -1.535723, -0.616466, -0.572385 ],
		"SV_006" : [ 0.565428, -1.269834, 0.635504, 2.015342, -0.065637, 1.535278, -0.567976, -0.752460, 1.491703, -1.376513 ],
		"SV_007" : [ 1.725204, -2.392022, -0.024752, 2.720746, -0.835031, -0.452338, 2.486438, 0.519174, -0.105711, -0.832824 ],
		"SV_008" : [ -1.705554, 0.634027, 1.788292, -0.654940, -0.263412, -1.061929, -2.404255, -4.245071, -1.567195, 1.138708 ],
		"SV_009" : [ -0.102391, 0.424823, -1.644819, -0.805329, 0.881708, 0.086143, 1.515527, 0.917662, -1.400397, 0.029573 ],
		"SV_010" : [ 0.774314, -1.319097, -0.425435, 1.480569, 0.566889, 1.119942, -2.539389, -2.031812, 1.957035, 0.702640 ],
		"SV_011" : [ 2.031553, -1.784385, 2.399862, 0.485730, 1.134490, -1.070227, -0.670047, -0.914140, 0.068923, 0.060765 ],
		"SV_012" : [ 1.360290, -2.420638, -2.330260, 3.185871, 0.879701, -1.961285, 0.656604, -0.778452, 1.063473, 0.943493 ],
		"SV_013" : [ -0.071107, 1.219655, 0.502317, -1.961473, 0.705807, 0.659755, -2.476790, 0.571177, 1.481645, 1.238595 ],
		"SV_014" : [ 0.081388, -0.911230, -1.420232, 1.773263, 0.302626, -0.692549, -3.248362, -2.278872, 2.782200, -0.049331 ],
		"SV_015" : [ -2.300030, 2.981089, 1.310992, -2.644979, 0.649899, 1.855226, -1.027931, 0.945393, 0.000418, 0.598406 ],
		"SV_016" : [ 0.588554, -1.797316, -0.224213, 3.253352, -0.529723, 2.495001, 0.438471, -0.505704, 1.662698, -0.898118 ],
		"SV_017" : [ 1.300213, -1.999822, -0.419587, 2.501080, -1.849446, -0.377522, 1.195545, -0.044483, 0.602759, -2.112745 ],
		"SV_018" : [ 1.204247, -2.092080, 0.892502, 2.939305, 0.657501, 1.659902, 2.185951, 0.413368, 0.343307, -0.855423 ],
		"SV_019" : [ 0.684762, -1.022613, 0.489245, 0.929844, 0.711084, -0.590669, -3.158930, -2.200715, 2.015076, 1.212724 ],
		"SV_020" : [ -0.059361, -0.256410, -0.841143, 0.257613, -0.739997, 0.341926, -0.972588, -1.229115, 0.145160, -0.561226 ],
		"SV_021" : [ 0.656161, 0.494579, -1.249168, -1.516192, -1.356776, 0.825493, -1.558538, 0.829868, 1.041074, 0.094301 ],
		"SV_022" : [ 0.688153, -0.238902, 0.785937, -0.707680, -1.602769, -0.729682, -2.583062, -1.224469, 0.953948, 0.534130 ],
		"SV_023" : [ -1.237826, 0.500745, 1.484801, -0.575054, 0.777390, 0.081599, -0.019935, -2.267383, -2.287627, 0.335099 ],
		"SV_024" : [ -0.782600, 0.949935, -0.658807, -1.255443, 0.969023, 0.771544, -0.242917, -0.371088, -1.000220, -0.154326 ],
		"SV_025" : [ -0.627777, -0.041215, -0.982223, 0.279263, -0.543692, -1.004934, 0.214130, -1.374100, -1.127454, 0.939147 ],
		"SV_026" : [ 0.433748, -0.760959, 0.613844, 0.843999, -0.638433, 0.254495, -2.763319, -1.822103, 1.894741, -2.021345 ],
		"SV_027" : [ -0.598158, 0.629641, 1.754569, -0.586489, -0.267227, -0.968763, 0.196006, 0.046530, -0.570026, 1.113417 ],
		"SV_028" : [ -0.049861, 1.019062, -0.239901, -1.762634, 0.672174, 0.659128, -1.484999, 0.600685, 0.642133, 0.460004 ],
		"SV_029" : [ -1.368644, 0.716127, 0.307297, 0.899080, -0.303330, 1.272378, -0.112382, 0.215110, 1.172710, 1.728197 ],
		"SV_030" : [ -1.728087, 2.393295, 0.055107, -1.740847, -1.848529, -0.978944, 0.438442, 2.200070, 0.248741, 1.048002 ],
		"SV_031" : [ -1.211760, 1.142924, 1.339303, -0.829514, -0.248514, 1.220032, -1.777777, -0.916606, 0.495779, 0.931445 ],
		"SV_032" : [ -0.359051, 0.093840, -1.040202, 0.237889, -0.187741, 0.767880, 1.191305, 0.265512, -0.767644, -0.358049 ],
		"SV_033" : [ 1.076219, 0.555706, -0.310657, -1.854151, 1.736608, -0.380529, -0.269973, 2.328577, 0.702019, -0.746542 ],
		"SV_034" : [ 0.609771, 0.842384, 0.029904, -1.886410, 2.396950, 0.951369, -1.595453, 1.495704, 1.366675, 0.117515 ],
		"SV_035" : [ 1.953073, -0.650314, 0.920725, -0.838924, -1.476252, -0.535268, -0.650624, 1.355238, 0.969818, -0.487362 ],
		"SV_036" : [ 2.016849, -1.191537, -1.332499, -0.119352, 0.169375, 0.420555, -3.636702, -0.911384, 2.645946, -0.221895 ],
		"SV_037" : [ -0.191931, -0.162504, 1.151646, 1.053780, 0.043356, -0.163908, -2.428284, -0.792489, 2.682316, 0.789276 ],
		"SV_038" : [ -1.569218, 2.574346, 1.953913, -2.971349, 0.418451, 0.443428, -1.304433, 0.796727, -0.184424, 0.413981 ],
		"SV_039" : [ -2.936037, 2.067057, -0.795721, 1.232088, 0.034662, 1.141055, 2.088878, 2.590199, 1.407819, -0.067862 ],
		"SV_040" : [ 1.914430, -1.187978, -1.908593, -0.003361, -0.783720, -1.616949, -1.228041, 0.100255, 1.147780, -0.640430 ],
		"SV_041" : [ 0.141928, -0.408314, 0.402207, 0.513474, 1.632655, 0.113585, -0.501597, -0.685914, 0.317499, -0.049391 ],
		"SV_042" : [ -2.949464, 3.339854, 1.814789, -1.430848, 0.021446, 0.288268, 0.435698, 2.921803, 1.260305, -0.591532 ],
		"SV_043" : [ -0.030030, 0.407792, -0.502535, -0.556883, -0.028940, 0.866424, 0.004595, 0.697456, 0.158375, 0.350515 ],
		"SV_044" : [ -0.408017, 0.680944, -0.019870, -0.712753, -0.909009, 0.377715, -1.496008, -0.200299, 0.838195, -1.682855 ],
		"SV_045" : [ -0.253422, 1.180504, -0.202320, -1.601430, -1.601221, 2.157065, -1.502630, 0.880108, 1.055359, 0.209518 ],
		"SV_046" : [ -1.979419, 2.019696, 0.629069, -1.102857, -0.533053, -0.257772, -0.372625, 0.608513, 0.237841, -0.101317 ],
		"SV_047" : [ -0.976588, 1.177742, -1.187126, -0.819757, -0.201344, -1.964172, -0.966237, 0.244402, 0.653849, 0.123949 ],
		"SV_048" : [ -3.187800, 3.296942, -1.284677, -1.403550, -0.503465, 0.029414, 1.247297, 2.524055, 0.123663, -0.023816 ],
		"SV_049" : [ -1.609529, 2.417390, 0.805215, -2.319756, 1.361029, -1.308387, 0.555984, 1.859749, -0.647798, 0.143034 ],
		"SV_050" : [ 3.015283, -1.234192, 0.829278, -0.978825, 0.898234, 0.158739, -1.062524, 1.629684, 1.408398, 1.329996 ],
		"SV_051" : [ 0.420004, 0.179251, 1.412653, -0.706970, -0.351617, 1.425146, -4.232407, -1.120853, 2.774668, -0.761664 ],
		"SV_052" : [ 1.126231, -0.791891, -0.032095, 0.112247, 2.001647, -0.545657, -1.040442, -0.283264, 0.796760, 0.714492 ],
		"SV_053" : [ -1.050659, 0.920640, -0.455125, -0.050130, -0.191627, 0.584329, 0.943031, 1.021308, -0.010797, -1.586949 ],
		"SV_054" : [ 0.914030, -0.385815, 2.120265, -1.074814, 0.670472, -0.572071, -1.966973, -1.398672, -0.152956, -0.427271 ],
		"SV_055" : [ -0.128543, 1.029262, -1.338428, -2.145117, 1.119838, 0.882593, -0.514950, 0.340163, -0.885099, 0.307255 ],
		"SV_056" : [ 0.420960, 0.508218, 0.792587, -1.824423, -0.534459, -0.802783, -2.398403, -0.576551, 0.458008, 1.340859 ],
		"SV_057" : [ -0.594587, 1.369676, 0.877953, -2.593040, 0.424603, 0.667879, -1.684506, -0.795299, -0.979715, -1.954555 ],
		"SV_058" : [ 1.900405, -1.479081, 0.125657, -0.313671, -2.103942, -0.193720, 0.040858, -0.894352, -1.276576, 0.145527 ],
		"SV_059" : [ -1.149210, 1.354812, -1.459610, -0.738516, -1.015174, 0.275448, 3.063931, 2.428513, -1.515062, 0.931701 ],
		"SV_060" : [ 1.395205, -0.687010, -0.918347, -1.586565, -0.054809, 0.371851, -1.795299, -1.874978, -1.208421, 0.434021 ],