{
   "Contributions" : {
      "X_0" : [ 0.001505, -0.001389, -0.003271, 0.003156 ],
      "X_1" : [ -0.016090, 0.003302, -0.024218, 0.037006 ],
      "X_2" : [ -0.000467, 0.006594, -0.001965, -0.004163 ],
      "X_3" : [ -0.006935, 0.000740, -0.000971, 0.007165 ],
      "X_4" : [ 0.000791, -0.005962, -0.001711, 0.006882 ],
      "X_5" : [ -0.003121, 0.001240, -0.003179, 0.005059 ],
      "X_6" : [ -0.004042, -0.000308, -0.019386, 0.023737 ],
      "X_7" : [ -0.004359, 0.001272, -0.011347, 0.014434 ],
      "X_8" : [ -0.010261, 0.013707, 0.000364, -0.003811 ],
      "X_9" : [ -0.000861, -0.003254, -0.007071, 0.011186 ]   
   },
   "Most_Contributive_Features_By_Class" : {
      "class_0" : [ 1, 8, 3, 7, 6, 5, 0, 9, 4, 2 ],
      "class_1" : [ 8, 2, 4, 1, 9, 0, 7, 5, 3, 6 ],
      "class_2" : [ 1, 6, 7, 9, 0, 5, 2, 4, 3, 8 ],
      "class_3" : [ 1, 6, 7, 9, 3, 4, 5, 2, 8, 0 ]
   }
}