{
   "Contributions" : {
      "X_0" : [ -0.004821, 0.004821 ],
      "X_1" : [ 0.003792, -0.003792 ],
      "X_2" : [ -0.000095, 0.000095 ],
      "X_3" : [ 0.011787, -0.011787 ],
      "X_4" : [ -0.009349, 0.009349 ],
      "X_5" : [ -0.005516, 0.005516 ],
      "X_6" : [ -0.017316, 0.017316 ],
      "X_7" : [ -0.017779, 0.017779 ],
      "X_8" : [ -0.021918, 0.021918 ],
      "X_9" : [ 0.004498, -0.004498 ]   
   },
   "Most_Contributive_Features_By_Class" : {
      "class_0" : [ 8, 7, 6, 3, 4, 5, 0, 9, 1, 2 ],
      "class_1" : [ 8, 7, 6, 3, 4, 5, 0, 9, 1, 2 ]
   }
}