{
   "Contributions" : {
      "X_0" : [ -0.001946, 0.001946 ],
      "X_1" : [ -0.025453, 0.025453 ],
      "X_2" : [ -0.011697, 0.011697 ],
      "X_3" : [ -0.007358, 0.007358 ],
      "X_4" : [ -0.034548, 0.034548 ],
      "X_5" : [ -0.011628, 0.011628 ],
      "X_6" : [ -0.002181, 0.002181 ],
      "X_7" : [ 0.000192, -0.000192 ],
      "X_8" : [ 0.002471, -0.002471 ],
      "X_9" : [ -0.011894, 0.011894 ],
      "X_10" : [ -0.005515, 0.005515 ],
      "X_11" : [ -0.005883, 0.005883 ],
      "X_12" : [ -0.004041, 0.004041 ],
      "X_13" : [ -0.007557, 0.007557 ],
      "X_14" : [ -0.003088, 0.003088 ],
      "X_15" : [ -0.000344, 0.000344 ],
      "X_16" : [ -0.018743, 0.018743 ],
      "X_17" : [ -0.002181, 0.002181 ],
      "X_18" : [ -0.003807, 0.003807 ],
      "X_19" : [ -0.008024, 0.008024 ],
      "X_20" : [ -0.014850, 0.014850 ],
      "X_21" : [ 0.000447, -0.000447 ],
      "X_22" : [ -0.003028, 0.003028 ],
      "X_23" : [ 0.004043, -0.004043 ],
      "X_24" : [ -0.009473, 0.009473 ],
      "X_25" : [ -0.006846, 0.006846 ],
      "X_26" : [ -0.000894, 0.000894 ],
      "X_27" : [ 0.002528, -0.002528 ],
      "X_28" : [ -0.015346, 0.015346 ],
      "X_29" : [ -0.003133, 0.003133 ],
      "X_30" : [ -0.024659, 0.024659 ],
      "X_31" : [ -0.005553, 0.005553 ],
      "X_32" : [ -0.004423, 0.004423 ],
      "X_33" : [ -0.003954, 0.003954 ],
      "X_34" : [ -0.006456, 0.006456 ],
      "X_35" : [ -0.014579, 0.014579 ],
      "X_36" : [ -0.017672, 0.017672 ],
      "X_37" : [ -0.008160, 0.008160 ],
      "X_38" : [ 0.001897, -0.001897 ],
      "X_39" : [ -0.004261, 0.004261 ],
      "X_40" : [ -0.009231, 0.009231 ],
      "X_41" : [ -0.000683, 0.000683 ],
      "X_42" : [ -0.002241, 0.002241 ],
      "X_43" : [ -0.001585, 0.001585 ],
      "X_44" : [ -0.001219, 0.001219 ],
      "X_45" : [ -0.001945, 0.001945 ],
      "X_46" : [ -0.001862, 0.001862 ],
      "X_47" : [ -0.013906, 0.013906 ],
      "X_48" : [ -0.015070, 0.015070 ],
      "X_49" : [ -0.004445, 0.004445 ],
      "X_50" : [ -0.009052, 0.009052 ],
      "X_51" : [ -0.015164, 0.015164 ],
      "X_52" : [ 0.002129, -0.002129 ],
      "X_53" : [ -0.011166, 0.011166 ],
      "X_54" : [ 0.001883, -0.001883 ],
      "X_55" : [ 0.001107, -0.001107 ],
      "X_56" : [ -0.004948, 0.004948 ],
      "X_57" : [ -0.003239, 0.003239 ],
      "X_58" : [ -0.001166, 0.001166 ],
      "X_59" : [ 0.000276, -0.000276 ],
      "X_60" : [ 0.004078, -0.004078 ],
      "X_61" : [ -0.082586, 0.082586 ],
      "X_62" : [ -0.002172, 0.002172 ],
      "X_63" : [ -0.000440, 0.000440 ],
      "X_64" : [ -0.014263, 0.014263 ],
      "X_65" : [ -0.006663, 0.006663 ],
      "X_66" : [ -0.007286, 0.007286 ],
      "X_67" : [ 0.003255, -0.003255 ],
      "X_68" : [ -0.011666, 0.011666 ],
      "X_69" : [ -0.001388, 0.001388 ],
      "X_70" : [ -0.003998, 0.003998 ],
      "X_71" : [ -0.002010, 0.002010 ],
      "X_72" : [ 0.000776, -0.000776 ],
      "X_73" : [ -0.005353, 0.005353 ],
      "X_74" : [ -0.005232, 0.005232 ],
      "X_75" : [ -0.005233, 0.005233 ],
      "X_76" : [ -0.006266, 0.006266 ],
      "X_77" : [ -0.004595, 0.004595 ],
      "X_78" : [ -0.004925, 0.004925 ],
      "X_79" : [ -0.004620, 0.004620 ],
      "X_80" : [ -0.000263, 0.000263 ],
      "X_81" : [ -0.008404, 0.008404 ],
      "X_82" : [ -0.005868, 0.005868 ],
      "X_83" : [ -0.008313, 0.008313 ],
      "X_84" : [ -0.004887, 0.004887 ],
      "X_85" : [ -0.013134, 0.013134 ],
      "X_86" : [ -0.020949, 0.020949 ],
      "X_87" : [ -0.021146, 0.021146 ],
      "X_88" : [ 0.006346, -0.006346 ],
      "X_89" : [ 0.005520, -0.005520 ],
      "X_90" : [ -0.009277, 0.009277 ],
      "X_91" : [ -0.004720, 0.004720 ],
      "X_92" : [ -0.002384, 0.002384 ],
      "X_93" : [ -0.014913, 0.014913 ],
      "X_94" : [ -0.008071, 0.008071 ],
      "X_95" : [ -0.012240, 0.012240 ],
      "X_96" : [ 0.002796, -0.002796 ],
      "X_97" : [ 0.002014, -0.002014 ],
      "X_98" : [ -0.007173, 0.007173 ],
      "X_99" : [ -0.005149, 0.005149 ]   
   },
   "Most_Contributive_Features_By_Class" : {
      "class_0" : [ 61, 4, 1, 30, 87, 86, 16, 36, 28, 51 ],
      "class_1" : [ 61, 4, 1, 30, 87, 86, 16, 36, 28, 51 ]
   }
}