{
	"metadata" : { "model" : "Vapnik_SVC_RBF", "version" : "2024-W12", "signature" : "ff4_il8"},
	"options" : {"svm_type" : "c_svc", "kernel" : "rbf", "degree" : 3, "gamma" : 0.009646, "coef0" : 0.000000, "cache_size" : 300, "tol" : 0.001000, "nu" : 0.500000, "epsilon" : 0.000000, "shrinking" : 0, "probability" : 1, "C" : 2.000000, "max_iter" : 128, "random_state" : 1789 },
	"dataset" : { "dataset_rows" : 16, "dataset_features" : 100 },
	"classes" : [ 0, 1 ],
	"svm_model" : {
	"classes" : 2,
	"L" : 16,
	"SupportVectors" : {
		"SV_00" : [ -0.001923, -2.371688, -1.181275, -0.841143, -2.278337, 0.556166, -0.433400, 0.668531, -0.445270, 1.087301, 0.994111, 0.615175, -0.142712, -0.543692, 2.519988, -0.576757, -0.496941, -1.378977, -1.155150, -0.545445, 0.939147, 0.558747, 0.064271, 0.941049, 0.370288, 0.305629, 0.659755, -0.534939, 0.341926, -0.902377, 0.264375, 0.105001, 1.581495, -2.398673, 0.365284, -0.143216, -0.691277, -1.095512, 0.600470, -1.278393, -1.518534, -0.739997, -1.099419, -1.004934, 0.502317, 0.594182, -0.422067, 0.580760, -0.945604, -0.863473, 1.733801, 0.405580, -1.310682, -0.256810, 0.229151, 0.384321, -0.551350, 1.196586, 0.384442, -0.377903, 0.652892, -1.645929, 1.052950, 0.823636, 1.377844, -0.073622, 1.611971, -1.986213, 1.186702, 1.348760, -0.360972, -2.410517, -1.948864, -0.628325, -1.050581, -2.540307, 0.156220, 1.238595, -0.852460, -1.031922, 0.705807, 0.312049, 0.019703, -1.493396, -0.982223, -0.290390, 0.094830, -1.347752, -0.561226, -0.461151, 0.060356, 1.797863, 0.418422, 1.312910, -0.527387, 0.078866, -0.497837, -1.828214, -0.370192, 0.432550 ],
		"SV_01" : [ 0.060564, -1.800755, 0.053222, 1.137053, -1.114543, -0.612992, 0.658749, -0.061857, -0.136188, -0.656564, -0.313580, 0.224244, 0.427838, 1.690167, 1.130534, -1.346450, 0.466799, -1.122076, -1.808369, 0.261886, -1.469275, -2.811078, 0.471089, -0.981635, 0.154163, -0.945119, -0.767154, 0.278683, -0.397466, -0.384304, -0.027682, -0.913488, 0.598324, 0.734540, 1.806658, -1.054028, -2.379559, -0.101850, -1.251619, -0.034077, -0.589699, 0.464298, -0.769343, -0.494059, 1.903021, -1.286490, -0.202911, 1.307221, -0.935620, -0.799054, -0.804179, -0.116747, 1.430007, 0.587967, -0.776777, 0.136389, -1.528290, 1.080907, 1.066160, 0.613719, -1.566381, -2.990794, -0.923733, 1.248308, -0.328231, -0.779169, -2.466221, 0.715086, -0.171361, 1.163594, 0.488844, 0.857221, -1.302571, 0.777815, 1.577206, 2.454936, 0.809956, 0.280594, 0.477433, -0.027349, 1.582747, 1.181731, 1.699382, 1.517186, -0.184086, 0.612297, -0.140704, 0.934502, 0.393217, -0.926083, 0.744229, 2.880196, 1.626520, -1.246433, 0.011157, 0.165077, 3.823696, 1.636634, 0.793880, -0.469869 ],
		"SV_02" : [ -0.661706, -1.565012, -0.585348, 1.035159, -1.606065, -1.917933, -1.572237, 0.196692, 1.216005, -0.478699, -0.244695, -0.294408, 0.040119, -0.875494, 0.775386, 0.749310, -0.413470, 1.591133, 0.375547, -1.046473, 0.026731, -0.826750, -1.284449, -0.358191, -1.483676, 0.637983, -1.593674, -0.259012, 1.335702, -1.570837, 0.296640, 0.280106, 0.170710, 0.934326, 0.413636, -0.199727, 1.064500, -0.880542, 0.415493, -0.666285, 1.519417, 0.786311, 0.284978, -0.327130, -0.582493, 0.766233, -0.105225, 0.244254, 1.479570, 1.240029, 0.520360, 0.018635, -1.053529, -1.666668, 0.024561, 2.078407, 0.005344, -0.090137, -0.459917, 0.245485, 0.044049, -0.795647, 0.648423, 0.273996, 0.229164, -0.643582, -0.876211, -1.681524, 1.038031, -0.344344, 0.897552, 0.787988, -0.798181, 0.802086, -2.490321, -1.432623, -0.303840, 0.972605, 0.617029, 0.444109, 0.462780, 0.120831, -0.883456, -0.414909, 0.763713, 1.592630, -1.776875, -0.446581, 0.347799, 0.279660, 1.208903, -0.131419, 0.438575, -0.313792, 1.022627, 0.318900, -0.175570, 2.184445, 1.611045, -0.465551 ],
		"SV_03" : [ 0.184385, -1.311599, -1.105879, -0.297356, -1.193779, 0.154827, 0.999390, -0.529211, -0.371291, 1.021716, 0.674835, -0.359369, -0.266765, -1.912901, -0.345148, -1.013646, -2.340592, -1.299934, 0.265437, -1.097261, 0.129468, -1.179920, 1.384523, -0.037987, 2.095966, 0.995313, 1.525667, -0.615364, -0.033955, -1.277953, -2.248576, -0.706130, 0.194233, 1.581804, 0.684936, -2.206521, -1.176417, -0.170136, 0.053662, 0.737222, 2.259198, 0.244446, 0.896915, 0.409373, 1.216041, 0.254461, 0.912151, 0.122840, -1.534118, 0.338733, 1.643787, 0.393010, 1.091244, 0.212199, 1.015524, 0.177815, -0.086098, 0.622479, 0.799445, 0.172771, 1.224446, -1.097536, -0.097575, -0.051075, -0.899906, 0.337849, 1.450016, -0.859265, -0.860414, 0.447836, 0.550350, 0.095456, 0.813854, -0.525995, 0.189672, -0.605308, -0.260485, -0.296071, -0.307703, -0.500784, -1.217758, 1.815804, -1.214633, -0.494595, -1.037899, 0.660802, 2.007994, 1.267389, -0.225912, -0.617618, -0.153318, -0.757531, 0.201891, -0.742653, -0.679277, -0.417394, -0.449966, -0.067225, -2.043269, -0.231095 ],
		"SV_04" : [ 0.018249, -0.155115, 0.453700, 0.803705, 0.182455, 2.338021, -1.123839, -0.113187, 0.330653, -0.350409, 0.619336, -1.608156, -1.180597, -0.313659, 0.388473, -1.138428, -0.363075, -1.135143, 0.520062, 1.163928, -0.211766, 0.544179, -0.881231, 0.312726, -0.390677, -0.403418, 0.434553, 0.809831, -0.433505, -0.343009, -0.670466, -0.192583, -1.121919, -1.009817, 0.496195, 0.023464, -2.383755, 1.402165, -0.158908, 0.086996, 0.993331, 0.600681, 0.016834, 2.288481, 0.558018, 0.349347, -0.054965, -0.583155, -0.994146, -0.465587, -0.195388, 0.066706, 0.650669, 1.581335, 0.958776, 1.349992, 0.756009, 1.705864, 0.256038, 0.117475, 0.426890, -1.045529, 0.790365, -0.075883, -1.984446, 0.259025, -0.967232, 1.067658, -1.606096, -0.022074, -0.502609, 1.468574, 0.441917, 1.704741, 0.412034, -0.152695, -0.355199, -0.631508, 0.893168, 0.911686, -1.420437, -0.374941, 0.391637, 0.775843, -0.641646, -2.090358, -1.837555, -1.394188, -0.538337, -0.277847, -1.425129, -0.550252, -0.007121, -1.423354, -1.066078, 0.476303, 0.148662, -0.157021, -0.635292, -0.649317 ],
		"SV_05" : [ 1.230531, -1.368154, -0.960101, 1.670222, -0.839238, 0.243021, 0.306305, -1.278542, -0.307022, -1.564899, -0.602704, 0.729245, 0.183138, 0.930204, -0.575773, 0.649031, -1.405055, 0.279747, 0.179547, -0.454770, 1.341640, 0.026429, 0.871521, 0.393039, -0.343551, 0.756435, -0.500028, -1.802678, 0.880326, -0.049077, -0.275242, 0.220103, 0.103319, -0.759375, 1.468467, 0.110301, 0.382561, 0.837068, 0.606813, 0.659623, -0.939628, 1.225011, 0.330797, -0.154042, 1.589408, -0.385504, -1.616176, 1.667886, 0.768055, -0.431926, 0.221232, -0.868864, 1.301988, -1.696678, 0.377986, -0.604640, -0.637483, 0.263236, -0.962345, 0.120929, 0.430729, -2.293682, 0.871606, 1.534428, -0.038201, 0.669899, 0.323087, 0.570593, -1.870258, -0.825688, 0.555374, 0.341510, -0.388955, -1.380345, 0.387139, -0.365905, -1.040485, 1.481584, 1.252356, 1.115302, -0.022726, -1.175663, 0.748560, -1.270887, -0.486238, -0.440286, -0.917869, -1.055953, -1.027789, 0.795006, -0.473920, 1.233327, 0.776763, -0.171013, 0.042969, -0.859388, 1.112854, 0.776138, 0.720736, -1.447405 ],
		"SV_06" : [ -1.279016, -0.352168, -0.152450, 0.556343, -0.389224, 0.410798, -0.876278, 0.780897, 0.882866, 0.365849, -1.078419, -2.101057, -0.557622, 0.596671, -1.844065, -0.380132, -1.452814, 0.944978, -1.134553, 0.374332, 0.321773, -0.611486, -0.404580, 1.312927, -1.017379, 1.292424, -0.875837, 0.887965, -1.415597, -0.127645, -1.236686, -0.397180, 0.641270, -0.223060, 0.293269, -0.351191, 0.034810, 0.839165, -0.442102, 0.071153, -1.449333, -0.277215, 0.571092, -0.745758, -0.249421, -0.467577, -0.811701, 0.328044, 1.532538, -0.635066, 0.737841, 0.993680, 0.398572, -0.551834, 0.798068, 0.592544, 0.723045, -0.857704, -1.213453, 0.019008, -0.794605, -0.100331, 3.006447, 0.148196, 1.342743, -1.250538, 0.738932, -0.478890, 1.719474, -0.064218, 0.995195, -0.175369, 0.834709, 2.399102, -1.140282, -0.877383, 0.090977, -0.296359, 1.133998, -0.635294, -0.430443, 0.777269, -0.751864, -0.608593, -1.030974, 0.556730, -1.288963, -0.460705, -0.330152, 0.189105, -0.047074, -0.459391, 0.554041, 0.366529, -0.500215, -1.337310, 0.101460, -1.965665, 0.677687, 0.751591 ],