{
   "Contributions" : {
      "X_0" : [ 0.003953, 0.000212, -0.002919, -0.001245 ],
      "X_1" : [ 0.004015, -0.000447, -0.004948, 0.001380 ],
      "X_2" : [ -0.002102, 0.000163, 0.002256, -0.000317 ],
      "X_3" : [ 0.005051, -0.000958, -0.000822, -0.003271 ],
      "X_4" : [ 0.001734, 0.000902, -0.000916, -0.001720 ],
      "X_5" : [ 0.000461, 0.000308, -0.000967, 0.000198 ],
      "X_6" : [ -0.003101, 0.000127, -0.001140, 0.004114 ],
      "X_7" : [ -0.020340, 0.032380, 0.012943, -0.024983 ],
      "X_8" : [ 0.010149, 0.017669, -0.023182, -0.004637 ],
      "X_9" : [ -0.000987, 0.002725, -0.000587, -0.001152 ]   
   },
   "Most_Contributive_Features_By_Class" : {
      "class_0" : [ 7, 8, 3, 1, 0, 6, 2, 4, 9, 5 ],
      "class_1" : [ 7, 8, 9, 3, 4, 1, 5, 0, 2, 6 ],
      "class_2" : [ 8, 7, 1, 0, 2, 6, 5, 4, 3, 9 ],
      "class_3" : [ 7, 8, 6, 3, 4, 1, 0, 9, 2, 5 ]
   }
}