{
   "Contributions" : {
      "X_0" : [ 0.002532, -0.003424, 0.001775, -0.000883 ],
      "X_1" : [ 0.001062, -0.007876, 0.003142, 0.003673 ],
      "X_2" : [ -0.003228, 0.000865, 0.002500, -0.000137 ],
      "X_3" : [ 0.000000, 0.000000, 0.000000, 0.000000 ],
      "X_4" : [ -0.000258, 0.001444, -0.001138, -0.000048 ],
      "X_5" : [ -0.000234, -0.000459, 0.001867, -0.001174 ],
      "X_6" : [ -0.006411, 0.000117, 0.002425, 0.003870 ],
      "X_7" : [ -0.013485, 0.027214, 0.019192, -0.032921 ],
      "X_8" : [ 0.019209, 0.024012, -0.023260, -0.019961 ],
      "X_9" : [ -0.003218, 0.000006, -0.000307, 0.003519 ]   
   },
   "Most_Contributive_Features_By_Class" : {
      "class_0" : [ 8, 7, 6, 2, 9, 0, 1, 4, 5 ],
      "class_1" : [ 7, 8, 1, 0, 4, 2, 5, 6, 9 ],
      "class_2" : [ 8, 7, 1, 2, 6, 5, 0, 4, 9 ],
      "class_3" : [ 7, 8, 6, 1, 9, 5, 0, 2, 4 ]
   }
}