{
   "Contributions" : {
      "X_0" : [ 0.000000, 0.000000 ],
      "X_1" : [ -0.000831, 0.000831 ],
      "X_2" : [ 0.000000, 0.000000 ],
      "X_3" : [ 0.000000, 0.000000 ],
      "X_4" : [ 0.001837, -0.001837 ],
      "X_5" : [ 0.000626, -0.000626 ],
      "X_6" : [ 0.001199, -0.001199 ],
      "X_7" : [ 0.006159, -0.006159 ],
      "X_8" : [ 0.000000, 0.000000 ],
      "X_9" : [ 0.000000, 0.000000 ],
      "X_10" : [ 0.000295, -0.000295 ],
      "X_11" : [ 0.000000, 0.000000 ],
      "X_12" : [ 0.000036, -0.000036 ],
      "X_13" : [ 0.000261, -0.000261 ],
      "X_14" : [ 0.000000, 0.000000 ],
      "X_15" : [ 0.000000, 0.000000 ],
      "X_16" : [ 0.000000, 0.000000 ],
      "X_17" : [ -0.001248, 0.001248 ],
      "X_18" : [ 0.000000, 0.000000 ],
      "X_19" : [ 0.000000, 0.000000 ],
      "X_20" : [ 0.001093, -0.001093 ],
      "X_21" : [ -0.002927, 0.002927 ],
      "X_22" : [ 0.028757, -0.028757 ],
      "X_23" : [ 0.006865, -0.006865 ],
      "X_24" : [ -0.001795, 0.001795 ],
      "X_25" : [ 0.000000, 0.000000 ],
      "X_26" : [ 0.001551, -0.001551 ],
      "X_27" : [ 0.001091, -0.001091 ],
      "X_28" : [ 0.000000, 0.000000 ],
      "X_29" : [ -0.000324, 0.000324 ]   
   },
   "Most_Contributive_Features_By_Class" : {
      "class_0" : [ 22, 23, 7, 21, 4, 24, 26, 17, 6, 20 ],
      "class_1" : [ 22, 23, 7, 21, 4, 24, 26, 17, 6, 20 ]
   }
}