{
   "Contributions" : {
      "X_0" : [ 6.422058 ],
      "X_1" : [ 21.854795 ],
      "X_2" : [ -0.858524 ],
      "X_3" : [ -1.183304 ],
      "X_4" : [ 0.354687 ],
      "X_5" : [ -3.250957 ],
      "X_6" : [ -0.792844 ],
      "X_7" : [ 1.528071 ],
      "X_8" : [ -3.777417 ],
      "X_9" : [ 2.347853 ]   
   },
   "Most_Contributive_Features" : {
      "y" : [ 1, 0, 8, 5, 9, 7, 3, 2, 6, 4 ]
   }
}