{
   "Contributions" : {
      "X_0" : [ -536.539795 ],
      "X_1" : [ 239.806778 ],
      "X_2" : [ 1716.288086 ],
      "X_3" : [ 456.768860 ],
      "X_4" : [ -3750.219971 ],
      "X_5" : [ 81.987778 ],
      "X_6" : [ 845.831726 ],
      "X_7" : [ 5786.506836 ],
      "X_8" : [ 0.000000 ]   
   },
   "Most_Contributive_Features" : {
      "y" : [ 7, 4, 2, 6, 0, 3, 1, 5 ]
   }
}