{
	"metadata" : { "model" : "Vapnik_NuSVC_RBF", "version" : "2024-W13", "signature" : "ff4_il8"},
	"options" : {"svm_type" : "nu_svc", "kernel" : "rbf", "degree" : 3, "gamma" : 0.063473, "coef0" : 0.000000, "cache_size" : 300, "tol" : 0.001000, "nu" : 0.500000, "epsilon" : 0.000000, "shrinking" : 0, "probability" : 1, "C" : 1.000000, "max_iter" : 128, "random_state" : 1789 },
	"dataset" : { "dataset_rows" : 16, "dataset_features" : 10 },
	"classes" : [ 0, 1, 2, 3 ],
	"svm_model" : {
	"classes" : 4,
	"L" : 16,
	"SupportVectors" : {
		"SV_00" : [ 0.928858, -1.177375, 0.542731, 1.248167, -0.732359, 0.692213, 0.362028, -0.053731, 0.485529, 1.106564 ],
		"SV_01" : [ -1.750210, 1.576099, 0.286503, -1.740885, -0.949967, -0.384233, 0.038996, -1.160993, -2.267550, 1.213184 ],
		"SV_02" : [ -0.649409, 1.030112, 0.590313, -1.432318, 0.032630, -0.008973, -0.488904, -0.064296, -0.635514, 0.255228 ],
		"SV_03" : [ -0.124049, 0.768644, -1.040184, -1.041910, -0.515943, 1.480217, -1.720070, 0.342352, 1.247335, -1.413962 ],
		"SV_04" : [ -0.049861, 1.019062, -0.239901, -1.762634, 0.672174, 0.659128, -1.484999, 0.600685, 0.642133, 0.460004 ],
		"SV_05" : [ -1.368644, 0.716127, 0.307297, 0.899080, -0.303330, 1.272378, -0.112382, 0.215110, 1.172710, 1.728197 ],
		"SV_06" : [ -1.728087, 2.393295, 0.055107, -1.740847, -1.848529, -0.978944, 0.438442, 2.200070, 0.248741, 1.048002 ],
		"SV_07" : [ -1.050659, 0.920640, -0.455125, -0.050130, -0.191627, 0.584329, 0.943031, 1.021308, -0.010797, -1.586949 ],
		"SV_08" : [ 0.914030, -0.385815, 2.120265, -1.074814, 0.670472, -0.572071, -1.966973, -1.398672, -0.152956, -0.427271 ],
		"SV_09" : [ -0.128543, 1.029262, -1.338428, -2.145117, 1.119838, 0.882593, -0.514950, 0.340163, -0.885099, 0.307255 ],
		"SV_10" : [ 0.420960, 0.508218, 0.792587, -1.824423, -0.534459, -0.802783, -2.398403, -0.576551, 0.458008, 1.340859 ],
		"SV_11" : [ 1.869880, -2.312190, -1.153852, 1.292078, -1.061729, 2.042926, 1.284271, -1.335399, -1.648043, 2.109906 ],
		"SV_12" : [ -1.598324, 1.482463, 1.664691, -0.791131, -0.326916, -0.073560, -3.352625, -1.347481, 1.816532, 0.637000 ],
		"SV_13" : [ 0.476411, 0.555172, 2.004011, -1.439637, -0.087655, 0.899499, -1.289876, 0.803645, 0.821823, 0.485550 ],
		"SV_14" : [ -1.979466, 2.354344, -0.380747, -1.758169, -0.097531, 0.358732, -4.851546, -1.103278, 2.837784, 0.027100 ],
		"SV_15" : [ 1.184632, -1.691100, -0.781676, 1.327282, 0.194338, 2.642873, 1.366181, -0.742383, -1.114233, 0.622367 ]
	},
	"SupportVectorsCoefs" : {
		"SV_coef_0" : [ 1.947584, 0.461902, 3.212648, -0.295838, -2.405972, -1.831475, -1.088849, -1.810855, -1.036186, -1.904173, -1.702331, -0.500937, -0.477754, -2.559849, -0.276118, -1.540790 ],
		"SV_coef_1" : [ 1.885992, 0.879813, 3.687740, 1.341100, 4.009970, 1.174240, 1.494630, -2.051185, -0.258959, -3.069384, -2.640412, -0.297875, -0.814729, -2.232523, -0.783933, -0.894116 ],
		"SV_coef_2" : [ 2.564953, 0.364410, 2.426085, 0.847609, 1.964160, 1.330915, 0.880492, 1.338157, 1.363707, 0.799005, 2.280835, -0.398030, -1.456429, -2.569646, -0.462662, -0.894937 ]
	},
	"rho" : [ 0.311243, 0.661550, 0.486796, 0.325668, 0.247792, 0.134768 ],
	"nSV" : [ 3, 4, 4, 5 ],
	"probA" : [ -0.595936, 0.816213, 0.000000, 0.982765, -1.037363, 0.108480 ],
	"probB" : [ 0.197316, 0.350168, 0.405465, 0.046737, 0.093304, 0.231677 ],
	"n_iter" : [ 13, 11, 19, 17, 21, 21 ]
}
}