{
   "Contributions" : {
      "X_0" : [ 0.001013, 0.005139, 0.009560, -0.015712 ],
      "X_1" : [ 0.005188, 0.009509, 0.005951, -0.020649 ],
      "X_2" : [ 0.004796, -0.014688, -0.002963, 0.012856 ],
      "X_3" : [ 0.005158, -0.004053, 0.004362, -0.005467 ],
      "X_4" : [ 0.002774, 0.001624, 0.001054, -0.005451 ],
      "X_5" : [ 0.000465, -0.009830, 0.010593, -0.001228 ],
      "X_6" : [ 0.013650, -0.004521, -0.002626, -0.006503 ],
      "X_7" : [ 0.000898, -0.003629, 0.007796, -0.005065 ],
      "X_8" : [ 0.010726, 0.025668, -0.013392, -0.023003 ],
      "X_9" : [ 0.002758, -0.004316, 0.006360, -0.004802 ]   
   },
   "Most_Contributive_Features_By_Class" : {
      "class_0" : [ 6, 8, 1, 3, 2, 4, 9, 0, 7, 5 ],
      "class_1" : [ 8, 2, 5, 1, 0, 6, 9, 3, 7, 4 ],
      "class_2" : [ 8, 5, 0, 7, 9, 1, 3, 2, 6, 4 ],
      "class_3" : [ 8, 1, 0, 2, 6, 3, 4, 7, 9, 5 ]
   }
}