{
	"metadata" : { "model" : "Tikhonov_Ridge", "version" : "2024-W14", "signature" : "ff4_ff4"},
	"options" : { "alpha" : 1.000000, "random_state" : 1789 },
	"dataset" : { "dataset_rows" : 128, "dataset_features" : 10 },
	"equations" : {
			"intercept" : -0.045020,
			"coeffs" : [ 88.453705, 48.225945, 72.300728, 7.039061, 4.412752, 27.044991, 76.683701, 34.901405, 26.094496, 17.424915 ]
		}
}