{
	"metadata" : { "model" : "Tikhonov_Ridge", "version" : "2024-W14", "signature" : "ff4_ff4"},
	"options" : { "alpha" : 0.000000, "random_state" : 1789 },
	"dataset" : { "dataset_rows" : 128, "dataset_features" : 10 },
	"equations" : {
			"intercept" : -0.000043,
			"coeffs" : [ 89.170052, 48.855202, 73.117928, 7.017606, 4.636961, 27.396570, 77.384583, 35.203041, 26.482065, 17.607967 ]
		}
}