{
   "Contributions" : {
      "X_0" : [ 1.683151 ],
      "X_1" : [ 17.539709 ],
      "X_2" : [ -6.567058 ],
      "X_3" : [ -1.128037 ]   
   },
   "Most_Contributive_Features" : {
      "y" : [ 1, 2, 0, 3 ]
   }
}