{
   "Contributions" : {
      "X_0" : [ 5.198495 ],
      "X_1" : [ 17.815107 ],
      "X_2" : [ 0.511856 ],
      "X_3" : [ -0.461323 ],
      "X_4" : [ -0.896711 ],
      "X_5" : [ -2.621722 ],
      "X_6" : [ -0.068697 ],
      "X_7" : [ -0.703310 ],
      "X_8" : [ -5.280700 ],
      "X_9" : [ 1.727971 ]   
   },
   "Most_Contributive_Features" : {
      "y" : [ 1, 8, 0, 5, 9, 4, 7, 2, 3, 6 ]
   }
}