{
   "Contributions" : {
      "X_0" : [ -0.009069, 0.009069 ],
      "X_1" : [ 0.000000, 0.000000 ],
      "X_2" : [ -0.000379, 0.000379 ],
      "X_3" : [ 0.000000, 0.000000 ],
      "X_4" : [ -0.008539, 0.008539 ],
      "X_5" : [ 0.000000, 0.000000 ],
      "X_6" : [ 0.000000, 0.000000 ],
      "X_7" : [ 0.000000, 0.000000 ],
      "X_8" : [ 0.000000, 0.000000 ],
      "X_9" : [ 0.000000, 0.000000 ],
      "X_10" : [ 0.015278, -0.015278 ],
      "X_11" : [ 0.000000, 0.000000 ],
      "X_12" : [ -0.002739, 0.002739 ],
      "X_13" : [ 0.000000, 0.000000 ]   
   },
   "Most_Contributive_Features_By_Class" : {
      "class_0" : [ 10, 0, 4, 12, 2 ],
      "class_1" : [ 10, 0, 4, 12, 2 ]
   }
}