{
   "Contributions" : {
      "X_0" : [ -0.006175, 0.006175 ],
      "X_1" : [ 0.000000, 0.000000 ],
      "X_2" : [ -0.000838, 0.000838 ],
      "X_3" : [ 0.000000, 0.000000 ],
      "X_4" : [ -0.012100, 0.012100 ],
      "X_5" : [ 0.000000, 0.000000 ],
      "X_6" : [ 0.000000, 0.000000 ],
      "X_7" : [ 0.000000, 0.000000 ],
      "X_8" : [ 0.000000, 0.000000 ],
      "X_9" : [ 0.000000, 0.000000 ],
      "X_10" : [ 0.001749, -0.001749 ],
      "X_11" : [ -0.001926, 0.001926 ],
      "X_12" : [ 0.001600, -0.001600 ],
      "X_13" : [ 0.000000, 0.000000 ]   
   },
   "Most_Contributive_Features_By_Class" : {
      "class_0" : [ 4, 0, 11, 10, 12, 2 ],
      "class_1" : [ 4, 0, 11, 10, 12, 2 ]
   }
}