{
	"metadata" : { "model" : "Tikhonov_Ridge", "version" : "2024-W12", "signature" : "ff4_OO8"},
	"options" : { "alpha" : 0.000000, "random_state" : 1789 },
	"dataset" : { "dataset_rows" : 16, "dataset_features" : 14 },
	"classes" : [ "<=50K", ">50K" ],
	"equations" : {
		"class_1" : {
			"intercept" : 107900.054688,
			"coeffs" : [ -13397.858398, 0.000000, -0.152188, 0.000000, -1822.007446, 0.000000, 0.000000, 0.000000, 0.000000, 0.000000, -9383.578125, -13249.955078, -13538.763672, 0.000000 ]
		}
	}
}