{
	"metadata" : { "model" : "Tikhonov_Ridge", "version" : "2024-W14", "signature" : "ff4_OO8"},
	"options" : { "alpha" : 1.000000, "random_state" : 1789 },
	"dataset" : { "dataset_rows" : 16, "dataset_features" : 14 },
	"classes" : [ "<=50K", ">50K" ],
	"equations" : {
		"class_1" : {
			"intercept" : 88155.812500,
			"coeffs" : [ -10939.744141, 0.000000, -0.138066, 0.000000, -1410.266724, 0.000000, 0.000000, 0.000000, 0.000000, 0.000000, -7229.371582, -10429.995117, -10360.013672, 0.000000 ]
		}
	}
}