{
   "Contributions" : {
      "X_0" : [ -0.005778, 0.005778 ],
      "X_1" : [ 0.000000, 0.000000 ],
      "X_2" : [ 0.021728, -0.021728 ],
      "X_3" : [ 0.000000, 0.000000 ],
      "X_4" : [ -0.005697, 0.005697 ],
      "X_5" : [ 0.000000, 0.000000 ],
      "X_6" : [ 0.000000, 0.000000 ],
      "X_7" : [ 0.000000, 0.000000 ],
      "X_8" : [ 0.000000, 0.000000 ],
      "X_9" : [ 0.000000, 0.000000 ],
      "X_10" : [ -0.032797, 0.032797 ],
      "X_11" : [ 0.033203, -0.033203 ],
      "X_12" : [ -0.001547, 0.001547 ],
      "X_13" : [ 0.000000, 0.000000 ]   
   },
   "Most_Contributive_Features_By_Class" : {
      "class_0" : [ 11, 10, 2, 0, 4, 12 ],
      "class_1" : [ 11, 10, 2, 0, 4, 12 ]
   }
}