{
   "Contributions" : {
      "X_0" : [ 0.005859, -0.005859 ],
      "X_1" : [ 0.000000, 0.000000 ],
      "X_2" : [ 0.019531, -0.019531 ],
      "X_3" : [ 0.000000, 0.000000 ],
      "X_4" : [ -0.001953, 0.001953 ],
      "X_5" : [ 0.000000, 0.000000 ],
      "X_6" : [ 0.000000, 0.000000 ],
      "X_7" : [ 0.000000, 0.000000 ],
      "X_8" : [ 0.000000, 0.000000 ],
      "X_9" : [ 0.000000, 0.000000 ],
      "X_10" : [ -0.033203, 0.033203 ],
      "X_11" : [ 0.029297, -0.029297 ],
      "X_12" : [ 0.001953, -0.001953 ],
      "X_13" : [ 0.000000, 0.000000 ]   
   },
   "Most_Contributive_Features_By_Class" : {
      "class_0" : [ 10, 11, 2, 0, 4, 12 ],
      "class_1" : [ 10, 11, 2, 0, 4, 12 ]
   }
}