{
   "Contributions" : {
      "X_0" : [ -0.006969 ],
      "X_1" : [ 0.003010 ],
      "X_2" : [ 0.009468 ],
      "X_3" : [ 0.000032 ]   
   },
   "Most_Contributive_Features" : {
      "y" : [ 2, 0, 1, 3 ]
   }
}