{
	"metadata" : { "model" : "Vapnik_NuSVR_RBF", "version" : "2024-W13", "signature" : "ff4_ff4"},
	"options" : {"svm_type" : "nu_svr", "kernel" : "rbf", "degree" : 3, "gamma" : 0.030193, "coef0" : 0.000000, "cache_size" : 300, "tol" : 0.001000, "nu" : 0.500000, "epsilon" : 0.000000, "shrinking" : 0, "probability" : 0, "C" : 1.000000, "max_iter" : 128, "random_state" : 1789 },
	"dataset" : { "dataset_rows" : 100, "dataset_features" : 4 },
	"svm_model" : {
	"classes" : 2,
	"L" : 51,
	"SupportVectors" : {
		"SV_00" : [ 9.000000, 9.000000, 10.000000, 3.000000 ],
		"SV_01" : [ 3.000000, 4.000000, 1.000000, 1.000000 ],
		"SV_02" : [ 8.000000, 8.000000, 8.000000, 2.000000 ],
		"SV_03" : [ 6.000000, 6.000000, 0.000000, 7.000000 ],
		"SV_04" : [ 7.000000, 8.000000, 0.000000, 5.000000 ],
		"SV_05" : [ 7.000000, 8.000000, 5.000000, 4.000000 ],
		"SV_06" : [ 7.000000, 1.000000, 1.000000, 6.000000 ],
		"SV_07" : [ 0.000000, 4.000000, 1.000000, 0.000000 ],
		"SV_08" : [ 4.000000, 10.000000, 0.000000, 7.000000 ],
		"SV_09" : [ 0.000000, 6.000000, 7.000000, 5.000000 ],
		"SV_10" : [ 9.000000, 6.000000, 0.000000, 2.000000 ],
		"SV_11" : [ 5.000000, 6.000000, 7.000000, 4.000000 ],
		"SV_12" : [ 3.000000, 7.000000, 0.000000, 9.000000 ],
		"SV_13" : [ 4.000000, 7.000000, 5.000000, 1.000000 ],
		"SV_14" : [ 9.000000, 6.000000, 6.000000, 3.000000 ],
		"SV_15" : [ 7.000000, 5.000000, 8.000000, 8.000000 ],
		"SV_16" : [ 0.000000, 5.000000, 7.000000, 1.000000 ],
		"SV_17" : [ 7.000000, 9.000000, 6.000000, 2.000000 ],
		"SV_18" : [ 3.000000, 0.000000, 7.000000, 8.000000 ],
		"SV_19" : [ 0.000000, 1.000000, 2.000000, 1.000000 ],
		"SV_20" : [ 1.000000, 8.000000, 9.000000, 7.000000 ],
		"SV_21" : [ 7.000000, 2.000000, 0.000000, 0.000000 ],
		"SV_22" : [ 0.000000, 9.000000, 4.000000, 8.000000 ],
		"SV_23" : [ 1.000000, 1.000000, 0.000000, 9.000000 ],
		"SV_24" : [ 3.000000, 5.000000, 9.000000, 2.000000 ],
		"SV_25" : [ 8.000000, 2.000000, 2.000000, 0.000000 ],
		"SV_26" : [ 4.000000, 8.000000, 5.000000, 6.000000 ],
		"SV_27" : [ 3.000000, 9.000000, 5.000000, 5.000000 ],
		"SV_28" : [ 6.000000, 4.000000, 9.000000, 3.000000 ],
		"SV_29" : [ 0.000000, 2.000000, 1.000000, 7.000000 ],
		"SV_30" : [ 5.000000, 0.000000, 5.000000, 4.000000 ],
		"SV_31" : [ 6.000000, 5.000000, 9.000000, 5.000000 ],
		"SV_32" : [ 7.000000, 2.000000, 1.000000, 2.000000 ],
		"SV_33" : [ 6.000000, 0.000000, 5.000000, 2.000000 ],
		"SV_34" : [ 1.000000, 8.000000, 4.000000, 3.000000 ],
		"SV_35" : [ 3.000000, 1.000000, 1.000000, 1.000000 ],
		"SV_36" : [ 5.000000, 6.000000, 5.000000, 1.000000 ],
		"SV_37" : [ 2.000000, 9.000000, 7.000000, 8.000000 ],
		"SV_38" : [ 8.000000, 4.000000, 1.000000, 8.000000 ],
		"SV_39" : [ 4.000000, 8.000000, 9.000000, 2.000000 ],
		"SV_40" : [ 10.000000, 0.000000, 3.000000, 5.000000 ],
		"SV_41" : [ 1.000000, 2.000000, 0.000000, 1.000000 ],
		"SV_42" : [ 4.000000, 0.000000, 3.000000, 2.000000 ],
		"SV_43" : [ 9.000000, 5.000000, 0.000000, 0.000000 ],
		"SV_44" : [ 2.000000, 2.000000, 1.000000, 6.000000 ],
		"SV_45" : [ 0.000000, 4.000000, 9.000000, 0.000000 ],
		"SV_46" : [ 2.000000, 6.000000, 6.000000, 4.000000 ],
		"SV_47" : [ 5.000000, 8.000000, 7.000000, 4.000000 ],
		"SV_48" : [ 7.000000, 9.000000, 3.000000, 0.000000 ],
		"SV_49" : [ 5.000000, 3.000000, 1.000000, 7.000000 ],
		"SV_50" : [ 0.000000, 0.000000, 9.000000, 9.000000 ]
	},
	"SupportVectorsCoefs" : {
		"SV_coef_0" : [ 1.000000, -1.000000, 1.000000, -1.000000, -1.000000, 1.000000, -1.000000, -1.000000, -1.000000, 1.000000, -1.000000, 1.000000, -1.000000, 1.000000, 1.000000, 1.000000, 1.000000, 1.000000, -1.000000, -1.000000, 1.000000, -1.000000, 1.000000, -1.000000, 1.000000, -0.507358, 1.000000, 1.000000, 1.000000, -1.000000, -1.000000, 1.000000, -1.000000, -1.000000, 1.000000, -1.000000, 1.000000, 1.000000, -0.930820, 1.000000, -1.000000, -1.000000, -1.000000, -1.000000, -1.000000, 1.000000, 1.000000, 1.000000, 1.000000, -1.000000, -0.561823 ]
	},
	"rho" : [ -393.842926 ],
	"nSV" : [ 51 ],
	"probA" : [ ],
	"probB" : [ ],
	"n_iter" : [ 51 ]
}
}