{
   "Contributions" : {
      "X_0" : [ -0.107792 ],
      "X_1" : [ 0.263255 ],
      "X_2" : [ -0.060706 ],
      "X_3" : [ -0.121242 ]   
   },
   "Most_Contributive_Features" : {
      "y" : [ 1, 3, 0, 2 ]
   }
}