{
   "Contributions" : {
      "X_0" : [ 0.095424 ],
      "X_1" : [ 0.009254 ],
      "X_2" : [ -0.030642 ],
      "X_3" : [ 0.176137 ]   
   },
   "Most_Contributive_Features" : {
      "y" : [ 3, 0, 2, 1 ]
   }
}