{
   "Contributions" : {
      "X_0" : [ 0.017305 ],
      "X_1" : [ -0.005979 ],
      "X_2" : [ 0.017021 ],
      "X_3" : [ 0.004018 ]   
   },
   "Most_Contributive_Features" : {
      "y" : [ 0, 2, 1, 3 ]
   }
}