{
   "Contributions" : {
      "X_0" : [ 0.242739 ],
      "X_1" : [ 0.140791 ],
      "X_2" : [ -0.379922 ],
      "X_3" : [ -0.373185 ],
      "X_4" : [ 0.068763 ],
      "X_5" : [ 0.034579 ],
      "X_6" : [ -0.054758 ],
      "X_7" : [ 0.267535 ],
      "X_8" : [ 0.301210 ],
      "X_9" : [ 0.282909 ]   
   },
   "Most_Contributive_Features" : {
      "y" : [ 2, 3, 8, 9, 7, 0, 1, 4, 6, 5 ]
   }
}