{
   "Contributions" : {
      "X_0" : [ 0.122264 ],
      "X_1" : [ 0.067220 ],
      "X_2" : [ -0.197101 ],
      "X_3" : [ -0.191731 ],
      "X_4" : [ 0.039013 ],
      "X_5" : [ 0.016357 ],
      "X_6" : [ -0.030044 ],
      "X_7" : [ 0.141731 ],
      "X_8" : [ 0.159753 ],
      "X_9" : [ 0.159354 ]   
   },
   "Most_Contributive_Features" : {
      "y" : [ 2, 3, 8, 9, 7, 0, 1, 4, 6, 5 ]
   }
}