{
	"metadata" : { "model" : "Vapnik_SVR_RBF", "version" : "2024-W13", "signature" : "ff4_ff4"},
	"options" : {"svm_type" : "epsilon_svr", "kernel" : "rbf", "degree" : 3, "gamma" : 45.754257, "coef0" : 0.000000, "cache_size" : 300, "tol" : 0.001000, "nu" : 0.500000, "epsilon" : 0.100000, "shrinking" : 0, "probability" : 0, "C" : 1.000000, "max_iter" : 128, "random_state" : 1789 },
	"dataset" : { "dataset_rows" : 64, "dataset_features" : 10 },
	"svm_model" : {
	"classes" : 2,
	"L" : 62,
	"SupportVectors" : {
		"SV_00" : [ 0.038076, 0.050680, -0.009439, 0.002351, 0.001183, 0.037517, -0.054446, 0.050176, -0.025953, 0.106617 ],
		"SV_01" : [ 0.081666, 0.050680, 0.001339, 0.035644, 0.126395, 0.091065, 0.019187, 0.034309, 0.084492, -0.030072 ],
		"SV_02" : [ 0.041708, -0.044642, -0.008362, -0.026328, 0.024574, 0.016222, 0.070730, -0.039493, -0.048359, -0.030072 ],
		"SV_03" : [ -0.041840, -0.044642, 0.128521, 0.063187, -0.033216, -0.032629, 0.011824, -0.039493, -0.015999, -0.050783 ],
		"SV_04" : [ 0.023546, 0.050680, -0.030996, -0.005670, -0.016704, 0.017788, -0.032356, -0.002592, -0.074093, -0.034215 ],
		"SV_05" : [ 0.016281, 0.050680, 0.014272, 0.001215, 0.001183, -0.021355, -0.032356, 0.034309, 0.074966, 0.040343 ],
		"SV_06" : [ -0.009147, 0.050680, -0.039618, -0.040099, -0.008449, 0.016222, -0.065491, 0.071210, 0.017765, -0.067351 ],
		"SV_07" : [ -0.085430, -0.044642, -0.004050, -0.009113, -0.002945, 0.007767, 0.022869, -0.039493, -0.061176, -0.013504 ],
		"SV_08" : [ -0.001882, -0.044642, 0.033673, 0.125158, 0.024574, 0.026243, -0.010266, -0.002592, 0.026717, 0.061054 ],
		"SV_09" : [ -0.070900, 0.050680, -0.089197, -0.074527, -0.042848, -0.025739, -0.032356, -0.002592, -0.012909, -0.054925 ],
		"SV_10" : [ -0.052738, -0.044642, 0.071397, -0.074527, -0.015328, -0.001314, 0.004460, -0.021412, -0.046883, 0.003064 ],
		"SV_11" : [ -0.060003, 0.050680, 0.015350, -0.019442, 0.036958, 0.048164, 0.019187, -0.002592, -0.030748, -0.001078 ],
		"SV_12" : [ 0.009016, 0.050680, 0.069241, 0.059744, 0.017694, -0.023234, -0.047082, 0.034309, 0.103297, 0.073480 ],
		"SV_13" : [ -0.096328, -0.044642, -0.076264, -0.043542, -0.045599, -0.034821, 0.008142, -0.039493, -0.059471, -0.083920 ],
		"SV_14" : [ -0.060003, 0.050680, -0.047163, -0.022885, -0.071743, -0.057681, -0.006584, -0.039493, -0.062917, -0.054925 ],
		"SV_15" : [ 0.045341, -0.044642, 0.071397, 0.001215, -0.009825, -0.001001, 0.015505, -0.039493, -0.041176, -0.071494 ],
		"SV_16" : [ 0.027178, -0.044642, -0.007284, -0.050427, 0.075484, 0.056619, 0.033914, -0.002592, 0.043444, 0.015491 ],
		"SV_17" : [ 0.067136, -0.044642, -0.061174, -0.040099, -0.026336, -0.024487, 0.033914, -0.039493, -0.056153, -0.059067 ],
		"SV_18" : [ 0.030811, -0.044642, -0.033151, -0.022885, -0.046975, -0.081167, 0.103865, -0.076395, -0.039809, -0.054925 ],
		"SV_19" : [ 0.074401, -0.044642, 0.114509, 0.028758, 0.024574, 0.024991, 0.019187, -0.002592, -0.000612, -0.005220 ],
		"SV_20" : [ 0.016281, 0.050680, -0.021295, -0.009113, 0.034206, 0.047850, 0.000779, -0.002592, -0.012909, 0.023775 ],
		"SV_21" : [ 0.001751, 0.050680, -0.005128, -0.012556, -0.015328, -0.013840, 0.008142, -0.039493, -0.006081, -0.067351 ],
		"SV_22" : [ -0.103593, 0.050680, -0.023451, -0.022885, -0.086878, -0.067701, -0.017629, -0.039493, -0.078140, -0.071494 ],
		"SV_23" : [ 0.023546, 0.050680, -0.020218, -0.036656, -0.013953, -0.015092, 0.059685, -0.039493, -0.096435, -0.017646 ],
		"SV_24" : [ 0.056239, 0.050680, 0.009961, 0.049415, -0.004321, -0.012274, -0.043401, 0.034309, 0.060791, 0.032059 ],
		"SV_25" : [ 0.067136, -0.044642, 0.036907, -0.050427, -0.023584, -0.034508, 0.048640, -0.039493, -0.025953, -0.038357 ],
		"SV_26" : [ -0.052738, 0.050680, 0.039062, -0.040099, -0.005697, -0.012900, 0.011824, -0.039493, 0.016307, 0.003064 ],
		"SV_27" : [ 0.067136, 0.050680, -0.014828, 0.058608, -0.059359, -0.034508, -0.061809, 0.012906, -0.005142, 0.048628 ],
		"SV_28" : [ 0.038076, 0.050680, -0.029918, -0.074527, -0.012577, -0.012587, 0.004460, -0.002592, 0.003709, -0.030072 ],
		"SV_29" : [ -0.070900, -0.044642, -0.004050, -0.040099, -0.066239, -0.078662, 0.052322, -0.076395, -0.051404, -0.034215 ],
		"SV_30" : [ 0.019913, 0.050680, 0.104809, 0.070072, -0.035968, -0.026679, -0.024993, -0.002592, 0.003709, 0.040343 ],
		"SV_31" : [ -0.016412, -0.044642, -0.052552, -0.033213, -0.044223, -0.036387, 0.019187, -0.039493, -0.068332, -0.030072 ],
		"SV_32" : [ -0.005515, 0.050680, 0.001339, -0.084856, -0.011201, -0.016658, 0.048640, -0.039493, -0.041176, -0.088062 ],
		"SV_33" : [ 0.045341, 0.050680, -0.008362, -0.033213, -0.007073, 0.001191, -0.039719, 0.034309, 0.029935, 0.027917 ],
		"SV_34" : [ -0.001882, 0.050680, 0.030440, 0.052858, 0.039710, 0.056619, -0.039719, 0.071210, 0.025395, 0.027917 ],
		"SV_35" : [ 0.012648, 0.050680, -0.020218, -0.002228, 0.038334, 0.053174, -0.006584, 0.034309, -0.005142, -0.009362 ],
		"SV_36" : [ 0.009016, -0.044642, -0.032073, -0.026328, 0.042462, -0.010395, 0.159089, -0.076395, -0.011897, -0.038357 ],
		"SV_37" : [ 0.016281, -0.044642, 0.020739, 0.021872, -0.013953, -0.013214, -0.006584, -0.002592, 0.013317, 0.040343 ],
		"SV_38" : [ 0.041708, 0.050680, 0.071397, 0.008101, 0.038334, 0.015909, -0.017629, 0.034309, 0.073407, 0.085907 ],
		"SV_39" : [ 0.048974, 0.050680, 0.074630, 0.066629, -0.009825, -0.002253, -0.043401, 0.034309, 0.033654, 0.019633 ],
		"SV_40" : [ 0.067136, 0.050680, -0.029918, 0.057437, -0.000193, -0.015719, 0.074412, -0.050564, -0.038460, 0.007207 ],
		"SV_41" : [ -0.027310, 0.050680, -0.055785, 0.025315, -0.007073, -0.023547, 0.052322, -0.039493, -0.005142, -0.050783 ],
		"SV_42" : [ -0.052738, -0.044642, 0.054152, -0.026328, -0.055231, -0.033881, -0.013948, -0.039493, -0.074093, -0.059067 ],
		"SV_43" : [ -0.041840, -0.044642, -0.066563, -0.046985, -0.037344, -0.043276, 0.048640, -0.039493, -0.056153, -0.013504 ],
		"SV_44" : [ 0.009016, -0.044642, -0.012673, 0.028758, -0.018080, -0.005072, -0.047082, 0.034309, 0.023371, -0.005220 ],
		"SV_45" : [ 0.045341, -0.044642, -0.006206, -0.015999, 0.125019, 0.125198, 0.019187, 0.034309, 0.032432, -0.005220 ],
		"SV_46" : [ -0.023677, -0.044642, 0.030440, -0.005670, 0.082364, 0.092004, -0.017629, 0.071210, 0.033043, 0.003064 ],
		"SV_47" : [ 0.023546, 0.050680, -0.019140, 0.049415, -0.063487, -0.061125, 0.004460, -0.039493, -0.025953, -0.013504 ],
		"SV_48" : [ 0.009016, -0.044642, -0.020218, -0.053870, 0.031454, 0.020607, 0.056003, -0.039493, -0.010903, -0.001078 ],
		"SV_49" : [ 0.034443, -0.044642, -0.038540, -0.012556, 0.009439, 0.005262, -0.006584, -0.002592, 0.031193, 0.098333 ],
		"SV_50" : [ -0.099961, -0.044642, -0.067641, -0.108956, -0.074494, -0.072712, 0.015505, -0.039493, -0.049872, -0.009362 ],
		"SV_51" : [ 0.005383, -0.044642, 0.058463, -0.043542, -0.073119, -0.072399, 0.019187, -0.076395, -0.051404, -0.025930 ],
		"SV_52" : [ -0.049105, -0.044642, 0.160855, -0.046985, -0.029088, -0.019790, -0.047082, 0.034309, 0.028020, 0.011349 ],
		"SV_53" : [ -0.005515, 0.050680, -0.015906, -0.067642, 0.049341, 0.079165, -0.028674, 0.034309, -0.018114, 0.044485 ],
		"SV_54" : [ -0.034575, 0.050680, -0.055785, -0.015999, -0.009825, -0.007890, 0.037595, -0.039493, -0.052963, 0.027917 ],
		"SV_55" : [ 0.019913, -0.044642, 0.004572, 0.045972, -0.018080, -0.054549, 0.063367, -0.039493, 0.028658, 0.061054 ],
		"SV_56" : [ 0.016281, 0.050680, -0.046085, 0.011544, -0.033216, -0.016032, -0.010266, -0.002592, -0.043984, -0.042499 ],
		"SV_57" : [ 0.045341, 0.050680, 0.068163, 0.008101, -0.016704, 0.004636, -0.076536, 0.071210, 0.032432, -0.017646 ],
		"SV_58" : [ -0.027310, 0.050680, 0.060618, 0.107944, 0.012191, -0.017598, -0.002903, -0.002592, 0.070207, 0.135612 ],
		"SV_59" : [ -0.001882, -0.044642, 0.054152, -0.066506, 0.072732, 0.056619, -0.043401, 0.084863, 0.084492, 0.048628 ],
		"SV_60" : [ 0.045341, -0.044642, -0.006206, 0.011544, 0.063101, 0.016222, 0.096501, -0.039493, 0.042897, -0.038357 ],