{
   "Contributions" : {
      "X_0" : [ 0.000724, -0.000724 ],
      "X_1" : [ -0.002073, 0.002073 ],
      "X_2" : [ -0.000942, 0.000942 ],
      "X_3" : [ 0.000470, -0.000470 ],
      "X_4" : [ -0.000189, 0.000189 ],
      "X_5" : [ 0.006396, -0.006396 ],
      "X_6" : [ -0.000266, 0.000266 ],
      "X_7" : [ 0.003527, -0.003527 ],
      "X_8" : [ 0.001577, -0.001577 ],
      "X_9" : [ -0.005742, 0.005742 ]   
   },
   "Most_Contributive_Features_By_Class" : {
      "class_0" : [ 5, 9, 7, 1, 8, 2, 0, 3, 6, 4 ],
      "class_1" : [ 5, 9, 7, 1, 8, 2, 0, 3, 6, 4 ]
   }
}