{
   "Contributions" : {
      "X_0" : [ -0.017911 ],
      "X_1" : [ 0.001854 ],
      "X_2" : [ -0.004316 ],
      "X_3" : [ 0.004455 ]   
   },
   "Most_Contributive_Features" : {
      "y" : [ 0, 3, 2, 1 ]
   }
}