{
   "Contributions" : {
      "X_0" : [ -0.017724 ],
      "X_1" : [ 0.001831 ],
      "X_2" : [ -0.004268 ],
      "X_3" : [ 0.004468 ]   
   },
   "Most_Contributive_Features" : {
      "y" : [ 0, 3, 2, 1 ]
   }
}