{
   "Contributions" : {
      "X_0" : [ 0.000000 ],
      "X_1" : [ -0.000001 ],
      "X_2" : [ 0.000003 ],
      "X_3" : [ -0.110284 ],
      "X_4" : [ 0.013247 ],
      "X_5" : [ 0.033598 ],
      "X_6" : [ 0.006447 ],
      "X_7" : [ 0.000000 ],
      "X_8" : [ 0.000000 ]   
   },
   "Most_Contributive_Features" : {
      "y" : [ 3, 5, 4, 6, 2, 1, 7, 0 ]
   }
}