{
   "Contributions" : {
      "X_0" : [ -0.003937, 0.003937 ],
      "X_1" : [ 0.005585, -0.005585 ],
      "X_2" : [ -0.002472, 0.002472 ],
      "X_3" : [ -0.009232, 0.009232 ],
      "X_4" : [ -0.001312, 0.001312 ],
      "X_5" : [ -0.027588, 0.027588 ],
      "X_6" : [ -0.001266, 0.001266 ],
      "X_7" : [ -0.004166, 0.004166 ],
      "X_8" : [ -0.001389, 0.001389 ],
      "X_9" : [ -0.019806, 0.019806 ]   
   },
   "Most_Contributive_Features_By_Class" : {
      "class_0" : [ 5, 9, 3, 1, 7, 0, 2, 8, 4, 6 ],
      "class_1" : [ 5, 9, 3, 1, 7, 0, 2, 8, 4, 6 ]
   }
}