{
   "Contributions" : {
      "X_0" : [ 0.007479, -0.007479 ],
      "X_1" : [ -0.000814, 0.000814 ],
      "X_2" : [ 0.000000, 0.000000 ],
      "X_3" : [ 0.010068, -0.010068 ],
      "X_4" : [ 0.001221, -0.001221 ],
      "X_5" : [ 0.000641, -0.000641 ],
      "X_6" : [ 0.000000, 0.000000 ],
      "X_7" : [ 0.000000, 0.000000 ],
      "X_8" : [ 0.005664, -0.005664 ],
      "X_9" : [ 0.000000, 0.000000 ],
      "X_10" : [ 0.000000, 0.000000 ],
      "X_11" : [ 0.007446, -0.007446 ],
      "X_12" : [ -0.003027, 0.003027 ],
      "X_13" : [ -0.000366, 0.000366 ],
      "X_14" : [ 0.000000, 0.000000 ],
      "X_15" : [ 0.007293, -0.007293 ],
      "X_16" : [ -0.001211, 0.001211 ],
      "X_17" : [ 0.000000, 0.000000 ],
      "X_18" : [ -0.003730, 0.003730 ],
      "X_19" : [ 0.000000, 0.000000 ],
      "X_20" : [ 0.001659, -0.001659 ],
      "X_21" : [ 0.000000, 0.000000 ],
      "X_22" : [ 0.000000, 0.000000 ],
      "X_23" : [ 0.000000, 0.000000 ],
      "X_24" : [ 0.000000, 0.000000 ],
      "X_25" : [ 0.000000, 0.000000 ],
      "X_26" : [ -0.004440, 0.004440 ],
      "X_27" : [ -0.000628, 0.000628 ],
      "X_28" : [ -0.014415, 0.014415 ],
      "X_29" : [ 0.000000, 0.000000 ],
      "X_30" : [ 0.000000, 0.000000 ],
      "X_31" : [ 0.000000, 0.000000 ],
      "X_32" : [ 0.000000, 0.000000 ],
      "X_33" : [ 0.000000, 0.000000 ],
      "X_34" : [ 0.001202, -0.001202 ],
      "X_35" : [ -0.007817, 0.007817 ],
      "X_36" : [ -0.001053, 0.001053 ],
      "X_37" : [ 0.001967, -0.001967 ],
      "X_38" : [ 0.000000, 0.000000 ],
      "X_39" : [ 0.004388, -0.004388 ],
      "X_40" : [ 0.000000, 0.000000 ],
      "X_41" : [ 0.003093, -0.003093 ],
      "X_42" : [ 0.000000, 0.000000 ],
      "X_43" : [ 0.000000, 0.000000 ],
      "X_44" : [ 0.014439, -0.014439 ],
      "X_45" : [ 0.000244, -0.000244 ],
      "X_46" : [ 0.000000, 0.000000 ],
      "X_47" : [ 0.000000, 0.000000 ],
      "X_48" : [ 0.000000, 0.000000 ],
      "X_49" : [ 0.000000, 0.000000 ],
      "X_50" : [ 0.002846, -0.002846 ],
      "X_51" : [ 0.000000, 0.000000 ],
      "X_52" : [ 0.000000, 0.000000 ]   
   },
   "Most_Contributive_Features_By_Class" : {
      "class_0" : [ 44, 28, 3, 35, 0, 11, 15, 8, 26, 39 ],
      "class_1" : [ 44, 28, 3, 35, 0, 11, 15, 8, 26, 39 ]
   }
}