{
   "Contributions" : {
      "X_0" : [ -0.002147, -0.002722, 0.001457, 0.003411 ],
      "X_1" : [ -0.008730, 0.002547, -0.004509, 0.010693 ],
      "X_2" : [ 0.001677, 0.002458, 0.003213, -0.007347 ],
      "X_3" : [ 0.005387, 0.013972, 0.005136, -0.024495 ],
      "X_4" : [ 0.000668, 0.000650, 0.001301, -0.002619 ],
      "X_5" : [ -0.000135, -0.001830, 0.001209, 0.000756 ],
      "X_6" : [ -0.001057, -0.001924, -0.001587, 0.004569 ],
      "X_7" : [ 0.003701, -0.005431, 0.004492, -0.002762 ],
      "X_8" : [ 0.002708, 0.011140, 0.002737, -0.016585 ],
      "X_9" : [ -0.000441, -0.000383, 0.004658, -0.003833 ]   
   },
   "Most_Contributive_Features_By_Class" : {
      "class_0" : [ 1, 3, 7, 8, 0, 2, 6, 4, 9, 5 ],
      "class_1" : [ 3, 8, 7, 0, 1, 2, 6, 5, 4, 9 ],
      "class_2" : [ 3, 9, 1, 7, 2, 8, 6, 0, 4, 5 ],
      "class_3" : [ 3, 8, 1, 2, 6, 9, 0, 7, 4, 5 ]
   }
}