{
   "Contributions" : {
      "X_0" : [ -0.700633 ],
      "X_1" : [ 1.744298 ],
      "X_2" : [ 0.077408 ],
      "X_3" : [ 0.857664 ],
      "X_4" : [ -0.223879 ],
      "X_5" : [ -1.055895 ],
      "X_6" : [ -1.097174 ],
      "X_7" : [ -0.952264 ],
      "X_8" : [ -2.928449 ],
      "X_9" : [ 3.191787 ]   
   },
   "Most_Contributive_Features" : {
      "y" : [ 9, 8, 1, 6, 5, 7, 3, 0, 4, 2 ]
   }
}