{
   "Contributions" : {
      "X_0" : [ -0.614298 ],
      "X_1" : [ 0.409470 ],
      "X_2" : [ 0.183124 ],
      "X_3" : [ 1.420463 ],
      "X_4" : [ 0.160033 ],
      "X_5" : [ -0.898050 ],
      "X_6" : [ -0.947737 ],
      "X_7" : [ -0.844345 ],
      "X_8" : [ -4.107245 ],
      "X_9" : [ 2.774688 ]   
   },
   "Most_Contributive_Features" : {
      "y" : [ 8, 9, 3, 6, 5, 7, 0, 1, 2, 4 ]
   }
}