{
   "Contributions" : {
      "X_0" : [ -0.013058, 0.013058 ],
      "X_1" : [ -0.003124, 0.003124 ],
      "X_2" : [ -0.011924, 0.011924 ],
      "X_3" : [ -0.016815, 0.016815 ],
      "X_4" : [ -0.004562, 0.004562 ],
      "X_5" : [ -0.007431, 0.007431 ],
      "X_6" : [ -0.009475, 0.009475 ],
      "X_7" : [ -0.009734, 0.009734 ],
      "X_8" : [ -0.002376, 0.002376 ],
      "X_9" : [ -0.001026, 0.001026 ],
      "X_10" : [ -0.007346, 0.007346 ],
      "X_11" : [ -0.000233, 0.000233 ],
      "X_12" : [ -0.007021, 0.007021 ],
      "X_13" : [ -0.006938, 0.006938 ],
      "X_14" : [ -0.000441, 0.000441 ],
      "X_15" : [ -0.001220, 0.001220 ],
      "X_16" : [ -0.002884, 0.002884 ],
      "X_17" : [ -0.001304, 0.001304 ],
      "X_18" : [ -0.002398, 0.002398 ],
      "X_19" : [ -0.001024, 0.001024 ],
      "X_20" : [ -0.007169, 0.007169 ],
      "X_21" : [ -0.002521, 0.002521 ],
      "X_22" : [ -0.013276, 0.013276 ],
      "X_23" : [ -0.011696, 0.011696 ],
      "X_24" : [ -0.008214, 0.008214 ],
      "X_25" : [ -0.008892, 0.008892 ],
      "X_26" : [ -0.008488, 0.008488 ],
      "X_27" : [ -0.009554, 0.009554 ],
      "X_28" : [ -0.006130, 0.006130 ],
      "X_29" : [ -0.002150, 0.002150 ]   
   },
   "Most_Contributive_Features_By_Class" : {
      "class_0" : [ 3, 22, 0, 2, 23, 7, 27, 6, 25, 26 ],
      "class_1" : [ 3, 22, 0, 2, 23, 7, 27, 6, 25, 26 ]
   }
}