{
   "Contributions" : {
      "X_0" : [ 0.044523 ],
      "X_1" : [ -0.716485 ],
      "X_2" : [ -0.019934 ],
      "X_3" : [ -0.738160 ],
      "X_4" : [ -0.130278 ],
      "X_5" : [ -0.015737 ],
      "X_6" : [ 0.023012 ],
      "X_7" : [ 0.000000 ],
      "X_8" : [ -0.007462 ],
      "X_9" : [ 0.073702 ]   
   },
   "Most_Contributive_Features" : {
      "y" : [ 3, 1, 4, 9, 0, 6, 2, 5, 8 ]
   }
}