{
   "Contributions" : {
      "X_0" : [ -0.051666 ],
      "X_1" : [ -0.879293 ],
      "X_2" : [ -0.096161 ],
      "X_3" : [ -0.819014 ],
      "X_4" : [ -0.231689 ],
      "X_5" : [ 0.024257 ],
      "X_6" : [ -0.054609 ],
      "X_7" : [ -0.005707 ],
      "X_8" : [ -0.002910 ],
      "X_9" : [ 0.084509 ]   
   },
   "Most_Contributive_Features" : {
      "y" : [ 1, 3, 4, 2, 9, 6, 0, 5, 7, 8 ]
   }
}