{
   "Contributions" : {
      "X_0" : [ -0.000447, 0.001003, -0.007718, 0.007163 ],
      "X_1" : [ 0.005526, -0.008932, 0.005200, -0.001794 ],
      "X_2" : [ -0.005644, 0.007079, 0.000340, -0.001775 ],
      "X_3" : [ 0.003447, -0.002981, -0.003978, 0.003513 ],
      "X_4" : [ 0.002440, -0.002226, -0.000769, 0.000555 ],
      "X_5" : [ -0.000389, 0.000562, 0.003275, -0.003448 ],
      "X_6" : [ -0.005237, -0.005486, -0.002378, 0.013101 ],
      "X_7" : [ 0.004729, -0.010691, -0.005122, 0.011085 ],
      "X_8" : [ -0.003940, -0.004928, 0.000324, 0.008545 ],
      "X_9" : [ 0.006411, 0.002534, -0.007766, -0.001179 ]   
   },
   "Most_Contributive_Features_By_Class" : {
      "class_0" : [ 9, 2, 1, 6, 7, 8, 3, 4, 0, 5 ],
      "class_1" : [ 7, 1, 2, 6, 8, 3, 9, 4, 0, 5 ],
      "class_2" : [ 9, 0, 1, 7, 3, 5, 6, 4, 2, 8 ],
      "class_3" : [ 6, 7, 8, 0, 3, 5, 1, 2, 9, 4 ]
   }
}