{
   "Contributions" : {
      "X_0" : [ 0.001652, -0.001582, -0.000046, -0.000024 ],
      "X_1" : [ 0.002701, -0.003617, 0.000259, 0.000658 ],
      "X_2" : [ 0.002106, -0.004452, 0.000991, 0.001355 ],
      "X_3" : [ 0.000779, -0.002887, 0.000781, 0.001327 ],
      "X_4" : [ 0.001654, -0.003753, 0.000702, 0.001397 ],
      "X_5" : [ 0.002345, -0.003364, 0.000327, 0.000693 ],
      "X_6" : [ 0.002375, -0.002646, -0.000081, 0.000352 ],
      "X_7" : [ 0.000820, 0.000427, -0.000429, -0.000818 ],
      "X_8" : [ 0.002356, -0.003862, 0.000378, 0.001129 ],
      "X_9" : [ -0.006960, 0.009845, -0.000901, -0.001983 ]   
   },
   "Most_Contributive_Features_By_Class" : {
      "class_0" : [ 9, 1, 6, 8, 5, 2, 4, 0, 7, 3 ],
      "class_1" : [ 9, 2, 8, 4, 1, 5, 3, 6, 0, 7 ],
      "class_2" : [ 2, 9, 3, 4, 7, 8, 5, 1, 6, 0 ],
      "class_3" : [ 9, 4, 2, 3, 8, 7, 5, 1, 6, 0 ]
   }
}