{
   "Contributions" : {
      "X_0" : [ 0.046840, -0.046840 ],
      "X_1" : [ 0.005994, -0.005994 ],
      "X_2" : [ -0.021977, 0.021977 ],
      "X_3" : [ -0.000071, 0.000071 ],
      "X_4" : [ 0.002261, -0.002261 ],
      "X_5" : [ 0.006972, -0.006972 ],
      "X_6" : [ -0.006715, 0.006715 ],
      "X_7" : [ -0.014816, 0.014816 ],
      "X_8" : [ -0.001963, 0.001963 ],
      "X_9" : [ -0.006852, 0.006852 ],
      "X_10" : [ 0.000229, -0.000229 ],
      "X_11" : [ -0.004138, 0.004138 ],
      "X_12" : [ -0.001048, 0.001048 ],
      "X_13" : [ -0.004365, 0.004365 ],
      "X_14" : [ 0.001405, -0.001405 ],
      "X_15" : [ -0.001081, 0.001081 ],
      "X_16" : [ -0.005334, 0.005334 ],
      "X_17" : [ 0.001342, -0.001342 ],
      "X_18" : [ 0.010343, -0.010343 ],
      "X_19" : [ 0.001657, -0.001657 ],
      "X_20" : [ -0.027333, 0.027333 ],
      "X_21" : [ -0.002497, 0.002497 ],
      "X_22" : [ -0.027269, 0.027269 ],
      "X_23" : [ 0.035197, -0.035197 ],
      "X_24" : [ 0.000000, -0.000000 ],
      "X_25" : [ -0.000204, 0.000204 ],
      "X_26" : [ 0.011801, -0.011801 ],
      "X_27" : [ -0.022781, 0.022781 ],
      "X_28" : [ -0.000397, 0.000397 ],
      "X_29" : [ 0.001610, -0.001610 ]   
   },
   "Most_Contributive_Features_By_Class" : {
      "class_0" : [ 0, 23, 20, 22, 27, 2, 7, 26, 18, 5 ],
      "class_1" : [ 0, 23, 20, 22, 27, 2, 7, 26, 18, 5 ]
   }
}