{
   "Contributions" : {
      "X_0" : [ 0.001206, -0.001206 ],
      "X_1" : [ 0.000135, -0.000135 ],
      "X_2" : [ -0.001320, 0.001320 ],
      "X_3" : [ 0.005793, -0.005793 ],
      "X_4" : [ 0.005097, -0.005097 ],
      "X_5" : [ -0.000605, 0.000605 ],
      "X_6" : [ -0.011207, 0.011207 ],
      "X_7" : [ -0.006949, 0.006949 ],
      "X_8" : [ 0.001642, -0.001642 ],
      "X_9" : [ 0.004602, -0.004602 ],
      "X_10" : [ -0.000169, 0.000169 ],
      "X_11" : [ -0.002026, 0.002026 ],
      "X_12" : [ 0.004389, -0.004389 ],
      "X_13" : [ 0.000601, -0.000601 ],
      "X_14" : [ -0.001790, 0.001790 ],
      "X_15" : [ 0.002401, -0.002401 ],
      "X_16" : [ 0.001138, -0.001138 ],
      "X_17" : [ 0.001228, -0.001228 ],
      "X_18" : [ 0.003728, -0.003728 ],
      "X_19" : [ -0.009416, 0.009416 ],
      "X_20" : [ -0.002158, 0.002158 ],
      "X_21" : [ 0.011332, -0.011332 ],
      "X_22" : [ -0.005785, 0.005785 ],
      "X_23" : [ 0.001341, -0.001341 ],
      "X_24" : [ -0.002573, 0.002573 ],
      "X_25" : [ -0.000229, 0.000229 ],
      "X_26" : [ 0.001300, -0.001300 ],
      "X_27" : [ -0.003787, 0.003787 ],
      "X_28" : [ -0.001031, 0.001031 ],
      "X_29" : [ 0.000389, -0.000389 ]   
   },
   "Most_Contributive_Features_By_Class" : {
      "class_0" : [ 21, 6, 19, 7, 3, 22, 4, 9, 12, 27 ],
      "class_1" : [ 21, 6, 19, 7, 3, 22, 4, 9, 12, 27 ]
   }
}