{
	"metadata" : { "model" : "Tikhonov_Ridge", "version" : "2024-W13", "signature" : "ff4_il8"},
	"options" : { "alpha" : 0.000000, "random_state" : 1789 },
	"dataset" : { "dataset_rows" : 64, "dataset_features" : 30 },
	"classes" : [ 0, 1 ],
	"equations" : {
		"class_1" : {
			"intercept" : -0.744298,
			"coeffs" : [ 1.445963, 0.081023, -0.186176, -0.000005, 13.795772, 6.679577, -2.134247, -11.401679, -2.470644, 67.537880, 0.619181, 0.376389, 0.078625, -0.008305, -55.900127, 12.770731, -12.502692, 86.786156, -65.226631, -136.020126, -0.266943, -0.114739, -0.029814, 0.003038, 0.096320, -0.153701, 1.948603, -14.142337, 4.565646, -9.158762 ]
		}
	}
}