{
	"metadata" : { "model" : "Tikhonov_Ridge", "version" : "2024-W14", "signature" : "ff4_il8"},
	"options" : { "alpha" : 1.000000, "random_state" : 1789 },
	"dataset" : { "dataset_rows" : 64, "dataset_features" : 30 },
	"classes" : [ 0, 1 ],
	"equations" : {
		"class_1" : {
			"intercept" : 0.666003,
			"coeffs" : [ 0.012787, 0.039315, -0.002059, 0.000611, 10.736835, -0.338003, -3.828273, -5.412663, 2.053481, 40.240379, 0.051434, 0.208954, -0.109343, 0.006940, -8.345314, 7.892314, 1.376035, 14.065242, -27.807629, -89.529884, -0.034483, -0.071056, -0.012344, 0.000381, -4.015500, 0.219368, 0.521799, -6.221741, 0.464487, -4.306025 ]
		}
	}
}