{
   "Contributions" : {
      "X_0" : [ -0.587157 ],
      "X_1" : [ 29.463364 ],
      "X_2" : [ 9.882340 ],
      "X_3" : [ -0.384436 ]   
   },
   "Most_Contributive_Features" : {
      "y" : [ 1, 2, 0, 3 ]
   }
}