{
	"metadata" : { "model" : "Tikhonov_Ridge", "version" : "2024-W13", "signature" : "ff4_il8"},
	"options" : { "alpha" : 0.000000, "random_state" : 1789 },
	"dataset" : { "dataset_rows" : 16, "dataset_features" : 100 },
	"classes" : [ 0, 1 ],
	"equations" : {
		"class_1" : {
			"intercept" : 0.154670,
			"coeffs" : [ -0.005868, 0.089192, 0.055874, -0.030014, 0.090535, -0.024405, -0.038394, -0.025705, -0.126667, 0.033712, 0.000490, 0.004745, 0.006084, -0.001013, -0.014745, 0.076705, 0.039677, -0.025757, 0.013003, -0.002729, -0.007545, 0.033040, 0.002493, -0.051446, 0.025780, -0.025676, 0.024332, -0.002847, 0.012015, 0.082876, 0.061209, -0.031776, -0.009069, 0.009377, -0.063330, 0.038593, 0.031629, -0.035344, -0.020288, 0.027825, -0.022924, -0.005091, -0.032601, 0.023441, -0.041191, -0.003616, -0.032761, -0.045570, 0.046724, 0.051940, -0.038970, -0.025184, -0.027044, 0.047335, -0.046364, -0.064127, -0.024134, -0.017188, -0.001111, 0.013717, 0.011953, 0.067809, -0.023080, 0.006583, 0.025411, 0.003853, 0.018548, -0.004572, 0.015767, -0.047142, -0.001089, -0.028192, 0.016798, -0.050675, 0.025715, 0.056234, 0.040206, -0.014641, -0.004126, -0.013184, 0.014198, -0.068698, 0.048243, 0.014566, 0.064057, 0.036290, 0.040827, 0.081842, -0.022126, -0.021120, 0.006527, -0.044892, -0.020741, 0.040063, 0.041776, 0.056669, -0.018728, -0.021117, -0.037148, 0.054435 ]
		}
	}
}