{
   "Contributions" : {
      "X_0" : [ -0.000140, 0.000140 ],
      "X_1" : [ -0.002403, 0.002403 ],
      "X_2" : [ 0.000459, -0.000459 ],
      "X_3" : [ -0.000454, 0.000454 ],
      "X_4" : [ 0.000091, -0.000091 ],
      "X_5" : [ -0.002118, 0.002118 ],
      "X_6" : [ 0.000050, -0.000050 ],
      "X_7" : [ -0.000500, 0.000500 ],
      "X_8" : [ 0.001533, -0.001533 ],
      "X_9" : [ -0.000481, 0.000481 ],
      "X_10" : [ 0.000003, -0.000003 ],
      "X_11" : [ -0.000114, 0.000114 ],
      "X_12" : [ -0.000239, 0.000239 ],
      "X_13" : [ -0.000026, 0.000026 ],
      "X_14" : [ 0.000017, -0.000017 ],
      "X_15" : [ -0.000155, 0.000155 ],
      "X_16" : [ -0.000466, 0.000466 ],
      "X_17" : [ 0.000033, -0.000033 ],
      "X_18" : [ 0.000094, -0.000094 ],
      "X_19" : [ 0.000029, -0.000029 ],
      "X_20" : [ 0.000039, -0.000039 ],
      "X_21" : [ 0.000012, -0.000012 ],
      "X_22" : [ 0.000042, -0.000042 ],
      "X_23" : [ -0.001680, 0.001680 ],
      "X_24" : [ -0.000504, 0.000504 ],
      "X_25" : [ -0.000396, 0.000396 ],
      "X_26" : [ 0.000022, -0.000022 ],
      "X_27" : [ -0.000086, 0.000086 ],
      "X_28" : [ 0.000188, -0.000188 ],
      "X_29" : [ 0.002994, -0.002994 ],
      "X_30" : [ -0.001245, 0.001245 ],
      "X_31" : [ -0.000555, 0.000555 ],
      "X_32" : [ -0.000335, 0.000335 ],
      "X_33" : [ -0.000320, 0.000320 ],
      "X_34" : [ -0.001696, 0.001696 ],
      "X_35" : [ -0.000201, 0.000201 ],
      "X_36" : [ -0.000975, 0.000975 ],
      "X_37" : [ -0.001181, 0.001181 ],
      "X_38" : [ -0.000223, 0.000223 ],
      "X_39" : [ 0.000111, -0.000111 ],
      "X_40" : [ 0.001097, -0.001097 ],
      "X_41" : [ -0.000083, 0.000083 ],
      "X_42" : [ 0.000590, -0.000590 ],
      "X_43" : [ -0.000148, 0.000148 ],
      "X_44" : [ -0.001101, 0.001101 ],
      "X_45" : [ 0.000012, -0.000012 ],
      "X_46" : [ 0.000405, -0.000405 ],
      "X_47" : [ -0.001777, 0.001777 ],
      "X_48" : [ -0.000029, 0.000029 ],
      "X_49" : [ -0.003074, 0.003074 ],
      "X_50" : [ 0.000170, -0.000170 ],
      "X_51" : [ 0.000783, -0.000783 ],
      "X_52" : [ -0.001810, 0.001810 ],
      "X_53" : [ -0.000817, 0.000817 ],
      "X_54" : [ -0.003011, 0.003011 ],
      "X_55" : [ -0.000538, 0.000538 ],
      "X_56" : [ -0.000612, 0.000612 ],
      "X_57" : [ -0.000631, 0.000631 ],
      "X_58" : [ 0.000038, -0.000038 ],
      "X_59" : [ -0.000101, 0.000101 ],
      "X_60" : [ 0.000467, -0.000467 ],
      "X_61" : [ -0.006458, 0.006458 ],
      "X_62" : [ -0.000863, 0.000863 ],
      "X_63" : [ -0.000019, 0.000019 ],
      "X_64" : [ 0.000216, -0.000216 ],
      "X_65" : [ 0.000093, -0.000093 ],
      "X_66" : [ 0.000269, -0.000269 ],
      "X_67" : [ -0.000343, 0.000343 ],
      "X_68" : [ -0.000678, 0.000678 ],
      "X_69" : [ -0.001421, 0.001421 ],
      "X_70" : [ 0.000043, -0.000043 ],
      "X_71" : [ -0.000036, 0.000036 ],
      "X_72" : [ 0.000455, -0.000455 ],
      "X_73" : [ 0.000133, -0.000133 ],
      "X_74" : [ -0.000738, 0.000738 ],
      "X_75" : [ -0.001703, 0.001703 ],
      "X_76" : [ 0.000504, -0.000504 ],
      "X_77" : [ 0.000134, -0.000134 ],
      "X_78" : [ -0.000082, 0.000082 ],
      "X_79" : [ -0.000099, 0.000099 ],
      "X_80" : [ -0.000509, 0.000509 ],
      "X_81" : [ -0.001054, 0.001054 ],
      "X_82" : [ 0.000001, -0.000001 ],
      "X_83" : [ -0.000129, 0.000129 ],
      "X_84" : [ -0.002918, 0.002918 ],
      "X_85" : [ -0.003191, 0.003191 ],
      "X_86" : [ -0.000187, 0.000187 ],
      "X_87" : [ -0.003083, 0.003083 ],
      "X_88" : [ 0.000331, -0.000331 ],
      "X_89" : [ 0.000008, -0.000008 ],
      "X_90" : [ -0.000297, 0.000297 ],
      "X_91" : [ -0.000090, 0.000090 ],
      "X_92" : [ -0.000435, 0.000435 ],
      "X_93" : [ -0.000232, 0.000232 ],
      "X_94" : [ -0.000248, 0.000248 ],
      "X_95" : [ -0.000439, 0.000439 ],
      "X_96" : [ -0.000442, 0.000442 ],
      "X_97" : [ 0.000946, -0.000946 ],
      "X_98" : [ -0.000363, 0.000363 ],
      "X_99" : [ -0.001130, 0.001130 ]   
   },
   "Most_Contributive_Features_By_Class" : {
      "class_0" : [ 61, 85, 87, 49, 54, 29, 84, 1, 5, 52 ],
      "class_1" : [ 61, 85, 87, 49, 54, 29, 84, 1, 5, 52 ]
   }
}