{
	"metadata" : { "model" : "Tikhonov_Ridge", "version" : "2024-W14", "signature" : "ff4_il8"},
	"options" : { "alpha" : 1.000000, "random_state" : 1789 },
	"dataset" : { "dataset_rows" : 16, "dataset_features" : 100 },
	"classes" : [ 0, 1 ],
	"equations" : {
		"class_1" : {
			"intercept" : 0.188443,
			"coeffs" : [ -0.005586, 0.087009, 0.073667, -0.051584, 0.086265, -0.020285, -0.018387, -0.019364, -0.077458, 0.020582, 0.007118, 0.015207, 0.003141, 0.008533, -0.016218, 0.083436, 0.047621, -0.015293, 0.018017, -0.008640, -0.011091, 0.026478, 0.019187, -0.046303, 0.019592, -0.022293, 0.031064, -0.004324, 0.008639, 0.082091, 0.054931, -0.026976, -0.017006, -0.004224, -0.065574, 0.043673, 0.032017, -0.034840, -0.019277, 0.033895, -0.026660, -0.010982, -0.017611, 0.015831, -0.038547, -0.006258, -0.028018, -0.042507, 0.039721, 0.056977, -0.033450, -0.029277, -0.027682, 0.045776, -0.047395, -0.066668, -0.017177, -0.017177, -0.002169, 0.014227, 0.007423, 0.065532, -0.030732, -0.014750, 0.016291, -0.001131, 0.019548, -0.004120, 0.014727, -0.040047, -0.002326, -0.028467, 0.016147, -0.048645, 0.030550, 0.041056, 0.041397, -0.017052, -0.004362, -0.005080, 0.011562, -0.065743, 0.055173, 0.016986, 0.071654, 0.046735, 0.037049, 0.073287, -0.029249, -0.028685, 0.004303, -0.041263, -0.024425, 0.045525, 0.039003, 0.058271, -0.013201, -0.018723, -0.035849, 0.054915 ]
		}
	}
}