{
   "Contributions" : {
      "X_0" : [ 0.018535, -0.000838, -0.010187, -0.007510 ],
      "X_1" : [ 0.018107, -0.001650, -0.023554, 0.007097 ],
      "X_2" : [ 0.001404, 0.000000, -0.001404, 0.000000 ],
      "X_3" : [ 0.030500, -0.007946, 0.013573, -0.036126 ],
      "X_4" : [ 0.000000, 0.000000, 0.000000, 0.000000 ],
      "X_5" : [ -0.001298, 0.001654, -0.000938, 0.000583 ],
      "X_6" : [ -0.001231, 0.001288, -0.000076, 0.000019 ],
      "X_7" : [ -0.023725, 0.040320, -0.027411, 0.010815 ],
      "X_8" : [ 0.011369, 0.021912, -0.037429, 0.004148 ],
      "X_9" : [ 0.001709, 0.000760, -0.002658, 0.000190 ]   
   },
   "Most_Contributive_Features_By_Class" : {
      "class_0" : [ 3, 7, 0, 1, 8, 9, 2, 5, 6 ],
      "class_1" : [ 7, 8, 3, 5, 1, 6, 0, 9 ],
      "class_2" : [ 8, 7, 1, 3, 0, 9, 2, 5, 6 ],
      "class_3" : [ 3, 7, 0, 1, 8, 5, 9, 6 ]
   }
}