{
   "Contributions" : {
      "X_0" : [ 0.012855, 0.011322, -0.013132, -0.011045 ],
      "X_1" : [ 0.005637, 0.008466, -0.023918, 0.009815 ],
      "X_2" : [ 0.001648, 0.000946, -0.002808, 0.000214 ],
      "X_3" : [ 0.032612, -0.009950, 0.014751, -0.037412 ],
      "X_4" : [ 0.000996, -0.002960, 0.002747, -0.000782 ],
      "X_5" : [ -0.001778, 0.000763, 0.001282, -0.000267 ],
      "X_6" : [ -0.003387, 0.001404, 0.002045, -0.000061 ],
      "X_7" : [ -0.025550, 0.029065, -0.018844, 0.015329 ],
      "X_8" : [ 0.013003, 0.016367, -0.033915, 0.004545 ],
      "X_9" : [ -0.000336, 0.003235, -0.002716, -0.000183 ]   
   },
   "Most_Contributive_Features_By_Class" : {
      "class_0" : [ 3, 7, 8, 0, 1, 6, 5, 2, 4, 9 ],
      "class_1" : [ 7, 8, 0, 3, 1, 9, 4, 6, 2, 5 ],
      "class_2" : [ 8, 1, 7, 3, 0, 2, 4, 9, 6, 5 ],
      "class_3" : [ 3, 7, 0, 1, 8, 4, 5, 2, 9, 6 ]
   }
}