{
   "Contributions" : {
      "X_0" : [ -1.033371 ],
      "X_1" : [ 30.394882 ],
      "X_2" : [ -13.319005 ],
      "X_3" : [ 2.912236 ]   
   },
   "Most_Contributive_Features" : {
      "y" : [ 1, 2, 3, 0 ]
   }
}