{
	"metadata" : { "model" : "Breiman_CART", "version" : "2024-W12", "signature" : "ff4_ff4"},
	"options" : { "ccp_alpha" : 0.000000, "criterion" : "", "max_depth" : 6, "max_features" : null, "max_leaf_nodes" : 32, "min_impurity_decrease" : 0.000000, "min_samples_leaf" : 1, "min_samples_split" : 2, "min_weight_fraction_leaf" : 0.000000, "random_state" : 1789, "splitter" : "best" },
	"dataset" : { "dataset_rows" : 100, "dataset_features" : 4 },
	"tree" : {
	"features" : 4,
	"outputs" : 1,
	"max_depth" : 5,
	"node_count" : 63,
	"nodes" : {
		"node_00" : {"left" : 1, "right" : 2, "feature" : 1, "threshold" : 4.500000, "impurity" : 118968.359375, "n_samples" : 100, "w_samples" : 100.000000, "value" : [441.435455]},
		"node_01" : {"left" : 15, "right" : 16, "feature" : 2, "threshold" : 3.500000, "impurity" : 27025.265625, "n_samples" : 50, "w_samples" : 50.000000, "value" : [249.000427]},
		"node_02" : {"left" : 3, "right" : 4, "feature" : 2, "threshold" : 4.500000, "impurity" : 136849.031250, "n_samples" : 50, "w_samples" : 50.000000, "value" : [633.870178]},
		"node_03" : {"left" : 9, "right" : 10, "feature" : 2, "threshold" : 1.500000, "impurity" : 31779.656250, "n_samples" : 27, "w_samples" : 27.000000, "value" : [371.088440]},
		"node_04" : {"left" : 5, "right" : 6, "feature" : 1, "threshold" : 7.500000, "impurity" : 83966.875000, "n_samples" : 23, "w_samples" : 23.000000, "value" : [942.353088]},
		"node_05" : {"left" : 23, "right" : 24, "feature" : 3, "threshold" : 6.000000, "impurity" : 7976.937500, "n_samples" : 13, "w_samples" : 13.000000, "value" : [740.801819]},
		"node_06" : {"left" : 7, "right" : 8, "feature" : 2, "threshold" : 8.500000, "impurity" : 61291.625000, "n_samples" : 10, "w_samples" : 10.000000, "value" : [1204.369873]},
		"node_07" : {"left" : 11, "right" : 12, "feature" : 2, "threshold" : 6.500000, "impurity" : 19376.500000, "n_samples" : 7, "w_samples" : 7.000000, "value" : [1066.676392]},
		"node_08" : {"left" : 13, "right" : 14, "feature" : 3, "threshold" : 2.500000, "impurity" : 11629.000000, "n_samples" : 3, "w_samples" : 3.000000, "value" : [1525.654663]},
		"node_09" : {"left" : 37, "right" : 38, "feature" : 2, "threshold" : 0.500000, "impurity" : 3718.535156, "n_samples" : 8, "w_samples" : 8.000000, "value" : [134.555862]},
		"node_10" : {"left" : 27, "right" : 28, "feature" : 1, "threshold" : 7.500000, "impurity" : 10119.343750, "n_samples" : 19, "w_samples" : 19.000000, "value" : [470.681122]},
		"node_11" : {"left" : 25, "right" : 26, "feature" : 1, "threshold" : 8.500000, "impurity" : 6409.375000, "n_samples" : 4, "w_samples" : 4.000000, "value" : [960.343445]},
		"node_12" : {"left" : 59, "right" : 60, "feature" : 2, "threshold" : 7.500000, "impurity" : 1489.750000, "n_samples" : 3, "w_samples" : 3.000000, "value" : [1208.453491]},
		"node_13" : {"left" : null, "right" : null, "feature" : null, "threshold" : null, "impurity" : 0.000000, "n_samples" : 1, "w_samples" : 1.000000, "value" : [1374.632690]},
		"node_14" : {"left" : null, "right" : null, "feature" : null, "threshold" : null, "impurity" : 338.500000, "n_samples" : 2, "w_samples" : 2.000000, "value" : [1601.165527]},
		"node_15" : {"left" : 61, "right" : 62, "feature" : 1, "threshold" : 2.500000, "impurity" : 1669.811523, "n_samples" : 19, "w_samples" : 19.000000, "value" : [114.036491]},
		"node_16" : {"left" : 17, "right" : 18, "feature" : 1, "threshold" : 2.500000, "impurity" : 24558.953125, "n_samples" : 31, "w_samples" : 31.000000, "value" : [331.720276]},
		"node_17" : {"left" : 39, "right" : 40, "feature" : 1, "threshold" : 1.500000, "impurity" : 8009.000000, "n_samples" : 19, "w_samples" : 19.000000, "value" : [242.206589]},
		"node_18" : {"left" : 19, "right" : 20, "feature" : 2, "threshold" : 7.500000, "impurity" : 17988.937500, "n_samples" : 12, "w_samples" : 12.000000, "value" : [473.450287]},
		"node_19" : {"left" : null, "right" : null, "feature" : null, "threshold" : null, "impurity" : 1165.234375, "n_samples" : 7, "w_samples" : 7.000000, "value" : [373.291565]},
		"node_20" : {"left" : 21, "right" : 22, "feature" : 0, "threshold" : 8.000000, "impurity" : 7835.250000, "n_samples" : 5, "w_samples" : 5.000000, "value" : [613.672485]},
		"node_21" : {"left" : 57, "right" : 58, "feature" : 3, "threshold" : 6.000000, "impurity" : 3337.562500, "n_samples" : 3, "w_samples" : 3.000000, "value" : [671.331360]},
		"node_22" : {"left" : 47, "right" : 48, "feature" : 3, "threshold" : 5.500000, "impurity" : 2114.812500, "n_samples" : 2, "w_samples" : 2.000000, "value" : [527.184021]},
		"node_23" : {"left" : 35, "right" : 36, "feature" : 2, "threshold" : 8.000000, "impurity" : 4353.562500, "n_samples" : 9, "w_samples" : 9.000000, "value" : [784.215942]},
		"node_24" : {"left" : 45, "right" : 46, "feature" : 0, "threshold" : 6.500000, "impurity" : 2346.750000, "n_samples" : 4, "w_samples" : 4.000000, "value" : [643.120239]},
		"node_25" : {"left" : null, "right" : null, "feature" : null, "threshold" : null, "impurity" : 5552.812500, "n_samples" : 2, "w_samples" : 2.000000, "value" : [900.404846]},
		"node_26" : {"left" : null, "right" : null, "feature" : null, "threshold" : null, "impurity" : 80.750000, "n_samples" : 2, "w_samples" : 2.000000, "value" : [1020.282043]},
		"node_27" : {"left" : 31, "right" : 32, "feature" : 2, "threshold" : 3.500000, "impurity" : 5503.031250, "n_samples" : 10, "w_samples" : 10.000000, "value" : [414.266602]},
		"node_28" : {"left" : 29, "right" : 30, "feature" : 2, "threshold" : 3.500000, "impurity" : 7783.031250, "n_samples" : 9, "w_samples" : 9.000000, "value" : [533.363892]},
		"node_29" : {"left" : 49, "right" : 50, "feature" : 3, "threshold" : 0.500000, "impurity" : 3912.609375, "n_samples" : 7, "w_samples" : 7.000000, "value" : [496.724945]},
		"node_30" : {"left" : null, "right" : null, "feature" : null, "threshold" : null, "impurity" : 186.812500, "n_samples" : 2, "w_samples" : 2.000000, "value" : [661.600220]},
		"node_31" : {"left" : null, "right" : null, "feature" : null, "threshold" : null, "impurity" : 540.062500, "n_samples" : 6, "w_samples" : 6.000000, "value" : [364.415863]},
		"node_32" : {"left" : 33, "right" : 34, "feature" : 1, "threshold" : 6.500000, "impurity" : 3628.296875, "n_samples" : 4, "w_samples" : 4.000000, "value" : [489.042633]},
		"node_33" : {"left" : null, "right" : null, "feature" : null, "threshold" : null, "impurity" : 285.671875, "n_samples" : 3, "w_samples" : 3.000000, "value" : [455.307587]},
		"node_34" : {"left" : null, "right" : null, "feature" : null, "threshold" : null, "impurity" : 0.031250, "n_samples" : 1, "w_samples" : 1.000000, "value" : [590.247803]},
		"node_35" : {"left" : null, "right" : null, "feature" : null, "threshold" : null, "impurity" : 1301.687500, "n_samples" : 7, "w_samples" : 7.000000, "value" : [753.330627]},
		"node_36" : {"left" : null, "right" : null, "feature" : null, "threshold" : null, "impurity" : 11.062500, "n_samples" : 2, "w_samples" : 2.000000, "value" : [892.314575]},
		"node_37" : {"left" : null, "right" : null, "feature" : null, "threshold" : null, "impurity" : 368.351562, "n_samples" : 6, "w_samples" : 6.000000, "value" : [101.316460]},
		"node_38" : {"left" : null, "right" : null, "feature" : null, "threshold" : null, "impurity" : 510.781250, "n_samples" : 2, "w_samples" : 2.000000, "value" : [234.274078]},
		"node_39" : {"left" : 53, "right" : 54, "feature" : 1, "threshold" : 0.500000, "impurity" : 3664.910156, "n_samples" : 13, "w_samples" : 13.000000, "value" : [205.840546]},
		"node_40" : {"left" : 41, "right" : 42, "feature" : 3, "threshold" : 2.500000, "impurity" : 8347.429688, "n_samples" : 6, "w_samples" : 6.000000, "value" : [320.999756]},
		"node_41" : {"left" : 51, "right" : 52, "feature" : 2, "threshold" : 5.500000, "impurity" : 1567.312500, "n_samples" : 4, "w_samples" : 4.000000, "value" : [264.085358]},
		"node_42" : {"left" : 43, "right" : 44, "feature" : 3, "threshold" : 4.500000, "impurity" : 2472.031250, "n_samples" : 2,