{
   "Contributions" : {
      "X_0" : [ 0.000000 ],
      "X_1" : [ -0.121527 ],
      "X_2" : [ 0.000000 ],
      "X_3" : [ 0.146666 ],
      "X_4" : [ 0.000000 ],
      "X_5" : [ 0.000000 ],
      "X_6" : [ 0.000000 ],
      "X_7" : [ 0.000000 ],
      "X_8" : [ -0.148240 ],
      "X_9" : [ 0.000000 ]   
   },
   "Most_Contributive_Features" : {
      "y" : [ 8, 3, 1 ]
   }
}