{
   "Contributions" : {
      "X_0" : [ -0.011433, 0.011433 ],
      "X_1" : [ 0.000000, 0.000000 ],
      "X_2" : [ 0.074317, -0.074317 ],
      "X_3" : [ 0.000000, 0.000000 ],
      "X_4" : [ 0.009300, -0.009300 ],
      "X_5" : [ 0.000000, 0.000000 ],
      "X_6" : [ 0.000000, 0.000000 ],
      "X_7" : [ 0.000000, 0.000000 ],
      "X_8" : [ 0.000000, 0.000000 ],
      "X_9" : [ 0.000000, 0.000000 ],
      "X_10" : [ 0.001551, -0.001551 ],
      "X_11" : [ -0.000817, 0.000817 ],
      "X_12" : [ 0.001380, -0.001380 ],
      "X_13" : [ 0.000000, 0.000000 ]   
   },
   "Most_Contributive_Features_By_Class" : {
      "class_0" : [ 2, 0, 4, 10, 12, 11 ],
      "class_1" : [ 2, 0, 4, 10, 12, 11 ]
   }
}