{
	"metadata" : { "model" : "Vapnik_SVC_RBF", "version" : "2024-W12", "signature" : "ff4_il8"},
	"options" : {"svm_type" : "c_svc", "kernel" : "rbf", "degree" : 3, "gamma" : 0.006068, "coef0" : 0.000000, "cache_size" : 300, "tol" : 0.001000, "nu" : 0.500000, "epsilon" : 0.000000, "shrinking" : 0, "probability" : 1, "C" : 1.000000, "max_iter" : 128, "random_state" : 1789 },
	"dataset" : { "dataset_rows" : 16, "dataset_features" : 100 },
	"classes" : [ 0, 1, 2, 3 ],
	"svm_model" : {
	"classes" : 4,
	"L" : 16,
	"SupportVectors" : {
		"SV_00" : [ 0.596661, 1.589408, -0.810968, -0.473920, -0.917869, -1.616176, -0.678639, 0.103319, -0.500028, 1.780579, -1.345538, -5.282485, 0.720736, 0.179547, -1.758095, -0.859388, -0.022726, -1.870258, 1.670222, -0.289479, 0.837068, 0.659623, 0.042969, -0.946970, 0.430729, -0.775743, 0.341510, -2.020115, -1.027789, -1.696678, -0.171013, 0.423167, -1.791827, -0.575773, -1.712462, 0.568344, -0.681340, 0.323087, -1.447405, -1.383657, 0.377986, -0.637483, 0.776763, 0.555374, 1.112854, -1.270887, 2.942078, 0.438418, 0.777928, 0.814675, -0.388955, -1.278542, 0.387139, -0.547252, 0.768055, 1.481584, -0.530029, 0.871521, 0.220103, -1.802678, 1.627076, 0.293988, 4.040365, -1.380345, -0.825688, 0.704826, 8.153955, 1.225011, 1.667886, 2.721471, 0.649031, -0.960101, -1.055953, -0.049077, -1.564899, 0.393039, 0.880326, 1.468467, 0.243021, -1.330814, 2.294137, 0.748560, 0.110301, 1.115302, -0.307022, -0.343551, 0.795006, 0.263236, 0.799355, -0.057373, 0.756435, -0.364445, 1.299078, -0.038201, 0.776138, -0.831592, 1.534428, -1.275388, 0.026429, -0.565740 ],
		"SV_01" : [ -0.566579, 0.216205, 0.537669, 0.371285, 1.329841, -0.414725, 1.815420, 1.137457, 0.652926, -0.091289, 0.080014, 0.349031, -0.286257, -0.839074, 0.168124, 0.935056, -1.335562, -0.410951, 1.332242, -1.001772, -1.173071, -0.447525, -1.494787, 1.584423, 1.152077, -1.795830, 0.663867, -1.592576, 1.683157, 1.933681, 1.425821, 0.280041, 0.171797, -1.082713, -1.664520, 1.880818, 1.236904, -1.028451, 0.683933, -0.412657, -0.470151, 0.919698, 0.258952, 0.883624, 0.195592, -0.821956, 1.723859, 0.217660, -0.247360, -1.836210, -1.816284, -0.393131, -0.086848, -0.067549, -1.667988, -0.548992, -0.402794, 0.979388, -1.323941, 0.500902, -0.905455, 1.808816, -0.782586, -0.234994, -0.172693, 0.209332, 5.082252, -0.417415, -0.689044, -0.611643, 0.293094, 1.197280, -0.262918, 0.227226, -0.026987, 1.241932, 0.568339, 0.734147, -0.137837, 3.534813, 0.513637, -2.111391, -0.065138, 0.912285, -0.434891, -0.433916, -1.493237, -1.686212, 1.644367, -0.146778, 0.050027, 0.930473, -0.586294, 0.244455, 1.568542, -0.046167, -0.754223, -0.327327, 0.253076, -0.257734 ],
		"SV_02" : [ -1.035038, 0.028587, 2.388027, -0.213290, -0.491753, 0.533990, -0.091762, 0.806087, 0.151687, -0.645960, 0.756218, 3.158590, -0.100097, -0.870002, 1.021059, -0.905691, -0.964218, -2.061862, -1.228821, -0.092615, 0.749257, 0.863246, 1.072357, 0.640052, 0.128563, 0.655087, -0.564965, 2.181375, 0.919003, -0.780065, 0.058656, 1.944000, -0.994533, -0.414049, -1.140179, 0.881006, 0.041109, 0.680273, 0.396604, -2.003292, -1.898334, 0.865762, -0.062161, -0.794905, 1.258282, 0.797186, 1.729918, -0.442333, -1.400726, -4.826232, 0.648407, 0.406856, -0.620512, -0.494995, -0.069512, 1.606689, -1.002909, -0.104506, 1.242895, -1.084269, -1.364647, -0.002749, 0.894434, 0.026663, -0.606600, -2.720311, 2.605181, -0.981741, 1.667308, -0.475451, -0.642914, 0.904440, 0.665998, -0.280490, -0.451867, -1.516248, -1.757635, -1.228179, -0.782634, 1.895574, 0.078328, 0.506608, 0.948124, -0.675907, -1.463734, 0.227451, -1.604011, 0.826359, 1.811594, -0.415324, -1.182648, 0.779717, -0.436057, -0.392205, -1.745709, 0.435880, 0.710608, 0.137861, -0.100060, 0.578063 ],
		"SV_03" : [ 0.104933, 1.209696, 0.297718, 0.680433, -0.809348, 0.030410, 0.479161, -0.928328, 0.573322, 0.156223, 1.182968, -2.535207, -0.377767, 1.390661, 0.340767, -0.629903, -0.912629, -1.135082, -0.277823, 0.836115, 1.471972, 0.642251, 0.875901, 1.581113, 0.891153, -1.302272, 0.106094, -1.727774, -1.802275, -0.040346, 1.426655, 0.901840, -0.181274, 0.013792, 0.339896, 1.703139, 0.486727, 0.930572, 0.971650, -0.573844, -1.266918, 1.528027, 1.093941, -1.580303, 0.348747, 0.096475, -0.355786, 1.597877, 0.208611, -0.397533, 0.417084, -0.230337, -1.753619, -0.630522, 1.378005, 1.283194, 0.855014, -1.073799, 1.909834, -0.382241, 1.018427, -0.151575, 2.932307, 0.208728, -0.830692, 1.717951, 5.419224, -1.330368, -0.353601, 1.296132, 0.157955, 0.889257, -1.519489, 0.009622, 0.468000, -1.755556, 0.320798, 0.573668, -0.381127, -0.490587, 2.454354, 0.990727, 1.418665, 0.199213, -1.793429, 0.818447, 0.750481, 0.726301, 0.232469, 0.629894, 0.885501, -0.628301, 0.098510, 1.441891, 1.094458, 0.195035, -0.699828, -0.028398, 0.305889, 1.176062 ],
		"SV_04" : [ 0.833314, 0.023464, -1.279124, -1.066078, -0.192583, 0.412034, -0.459538, -0.631508, 0.476303, 0.372421, -0.199670, 0.524594, 0.330653, -1.420437, 0.922489, 0.312726, 1.468574, 0.086996, -1.837555, -0.474636, 0.558018, -0.583155, -1.121919, -0.651755, -0.075883, -1.741206, -0.649317, 0.176151, -0.881231, 0.388473, -1.425129, -2.765493, -1.221202, -0.994146, -0.271464, 2.343177, 1.332705, -1.394188, -0.162216, -0.381393, 0.434553, -1.606096, 0.803705, -0.007121, -0.538337, 0.958776, 1.472130, -1.837992, -1.442488, -2.560280, 0.210935, 0.600681, 0.453700, -2.182597, 0.520062, -0.277847, -1.690963, 0.441917, 0.673304, 0.391637, -3.149032, -1.680185, -3.923177, -0.054965, 1.957180, 3.814790, 4.163351, -0.635292, 1.402165, -0.426587, 0.619720, 0.148662, -0.433505, -0.022074, -0.967232, -0.516467, -0.343009, -1.423354, -0.113187, -2.451632, 0.038315, -1.984446, -1.138428, -0.403418, 0.325825, 0.544179, 1.705864, -1.032581, -0.011133, 0.321766, 0.775843, 1.314384, -0.303159, 2.338021, -0.502609, 0.374363, -0.157021, 0.708903, -0.350409, -0.664509 ],
		"SV_05" : [ 1.456436, -2.080544, 0.694122, -0.521966, -0.232918, 1.529936, -0.181003, -0.900279, -0.317071, 0.405129, -0.913354, 1.522385, 1.750474, -0.730362, 1.550859, 0.142706, 0.045920, 0.407628, -0.326506, -0.481859, 0.093920, -0.245961, -1.964915, 0.507483, 1.156832, -0.367392, -0.973287, -3.104798, -0.273890, 1.665046, -1.514010, -0.955534, 0.207411, 1.529237, -1.698651, 1.744174, -1.266102, -0.580420, -0.855364, 0.104408, 0.593954, -1.416219, 0.108123, -0.484068, 1.695815, 1.387225, -3.996199, 1.273015, 0.638230, 2.153546, -0.088663, 0.906282, 1.316463, 1.801319, 0.543840, -1.203081, 1.039969, 0.047494, -0.278282, -1.011000, 1.636053, -0.630009, 2.869581, 1.296968, 0.189161, 2.857475, -4.187274, -0.744389, 0.298898, 1.361169, 1.384167, -0.211131, 1.188498, 0.196934, -1.470646, -0.363176, 0.784732, -0.132636, 0.100253, 2.386881, -0.233117, 0.448122, 2.280704, -1.269934, -0.367891, -0.816320, -0.908942, -0.701004, 1.058568, -0.364899, -2.010568, -1.067693, 1.606984, -0.291991, 2.264734, -0.449903, 0.462933, 0.753116, 1.059889, 0.328791 ],
		"SV_06" : [ 0.236087, 1.340066, -0.531894, 0.378599, 1.636443, -0.451022, 1.389416, -1.189252, -0.095460, -0.980590, 0.399748, 1.092914, -0.439079, 0.498282, -0.658157, 1.011585, -0.441144, -2.963158, -0.656651, -1.181313, -0.490645, 0.942491, -1.489098, 1.235798, -0.459810, -0.715092, 0.720429, -1.203713, 0.592981, 0.270580, -2.985342, -0.224418, 1.731065, -0.168038, -0.169717, 0.980873, -0.373651, 1.281672, 1.335167, 0.728423, 0.436699, 0.319789, 0.629772, -0.928043, 2.604417, -0.741402, -1.743345, -0.481413, -0.866235, 3.984405, 0.138963, -1.694215, 1.085348, 2.036262, -1.459596, -0.830533, 0.759065, -0.150306, -0.338694, -1.073556, -0.789428, 0.177401, 0.675807, -1.046087, -0.036922, 1.878343, -5.103667, 3.940336, 0.157641, -1.449877, -0.269815, 0.450701, 0.149591, 0.759280, -1.450596, -1.039145, 1.336271, 0.261726, 0.683709, 2.504624, 0.658197, 0.708049, 0.672007, -0.329617, 0.095917, -0.423836, 1.352312, 1.139587, -0.417047, -1.897272, -0.019460, -0.641111, -0.580962, -0.512896, -0.679581, -2.131067, 2.036765, 1.625548, 0.078043, -0.185077 ],