{
   "Contributions" : {
      "X_0" : [ 0.001384, -0.000753, -0.001908, 0.001277 ],
      "X_1" : [ -0.000101, -0.001432, -0.000986, 0.002519 ],
      "X_2" : [ -0.000131, -0.000436, 0.002717, -0.002149 ],
      "X_3" : [ -0.002847, -0.000835, 0.003588, 0.000094 ],
      "X_4" : [ -0.001128, -0.001336, 0.002718, -0.000254 ],
      "X_5" : [ -0.000265, -0.001619, 0.001244, 0.000640 ],
      "X_6" : [ -0.001086, -0.000381, 0.002297, -0.000829 ],
      "X_7" : [ -0.001599, -0.000527, 0.001592, 0.000534 ],
      "X_8" : [ -0.000005, -0.001064, 0.000846, 0.000223 ],
      "X_9" : [ 0.000991, -0.001781, 0.001767, -0.000977 ],
      "X_10" : [ -0.003719, -0.000551, 0.000974, 0.003297 ],
      "X_11" : [ -0.004055, -0.005206, 0.000200, 0.009061 ],
      "X_12" : [ -0.001390, -0.000869, 0.003218, -0.000959 ],
      "X_13" : [ -0.000967, -0.003122, 0.005704, -0.001614 ],
      "X_14" : [ -0.003340, -0.002292, 0.003656, 0.001976 ],
      "X_15" : [ -0.001060, -0.001172, -0.003066, 0.005297 ],
      "X_16" : [ 0.001286, -0.001966, 0.005438, -0.004758 ],
      "X_17" : [ -0.000224, 0.000430, -0.000859, 0.000653 ],
      "X_18" : [ -0.005890, -0.004713, 0.002280, 0.008323 ],
      "X_19" : [ 0.000362, -0.003081, 0.000923, 0.001796 ],
      "X_20" : [ 0.004468, 0.000284, -0.002442, -0.002310 ],
      "X_21" : [ -0.001979, -0.002909, 0.000202, 0.004686 ],
      "X_22" : [ -0.001054, -0.002870, 0.001885, 0.002039 ],
      "X_23" : [ -0.005242, -0.002545, 0.004553, 0.003235 ],
      "X_24" : [ -0.000751, -0.002464, -0.001576, 0.004790 ],
      "X_25" : [ -0.009160, -0.004729, 0.010446, 0.003444 ],
      "X_26" : [ -0.003117, -0.001054, -0.007800, 0.011972 ],
      "X_27" : [ -0.000535, -0.002827, 0.002251, 0.001111 ],
      "X_28" : [ -0.001175, -0.001008, 0.004647, -0.002464 ],
      "X_29" : [ -0.000935, -0.002515, 0.000323, 0.003127 ],
      "X_30" : [ 0.000618, -0.006143, 0.001476, 0.004049 ],
      "X_31" : [ -0.003233, -0.003888, -0.000416, 0.007536 ],
      "X_32" : [ -0.004693, -0.005997, -0.008490, 0.019181 ],
      "X_33" : [ 0.002906, -0.000263, 0.000061, -0.002704 ],
      "X_34" : [ -0.002127, -0.002593, -0.004093, 0.008814 ],
      "X_35" : [ -0.001958, -0.001299, -0.008030, 0.011287 ],
      "X_36" : [ -0.000178, -0.002928, -0.001607, 0.004713 ],
      "X_37" : [ -0.001069, -0.001413, 0.002632, -0.000150 ],
      "X_38" : [ -0.000317, 0.000499, -0.000763, 0.000581 ],
      "X_39" : [ -0.001328, -0.000536, 0.000203, 0.001661 ],
      "X_40" : [ 0.001777, 0.001273, 0.001952, -0.005003 ],
      "X_41" : [ -0.000456, -0.000265, -0.000176, 0.000897 ],
      "X_42" : [ -0.000458, -0.000905, 0.002711, -0.001349 ],
      "X_43" : [ 0.001289, -0.000051, -0.000213, -0.001026 ],
      "X_44" : [ 0.001094, -0.002025, 0.004506, -0.003574 ],
      "X_45" : [ -0.003915, -0.001818, 0.003338, 0.002395 ],
      "X_46" : [ 0.000966, -0.010307, -0.006127, 0.015468 ],
      "X_47" : [ -0.002353, 0.000191, -0.001613, 0.003775 ],
      "X_48" : [ -0.004650, -0.002568, 0.006441, 0.000777 ],
      "X_49" : [ -0.007004, -0.006397, 0.003739, 0.009663 ],
      "X_50" : [ 0.001337, -0.001513, -0.001011, 0.001187 ],
      "X_51" : [ -0.004630, -0.002908, -0.000908, 0.008446 ],
      "X_52" : [ -0.000678, -0.003906, 0.001936, 0.002647 ],
      "X_53" : [ 0.000659, -0.004271, -0.002721, 0.006333 ],
      "X_54" : [ -0.000350, -0.000191, 0.000760, -0.000219 ],
      "X_55" : [ -0.000266, -0.000961, -0.001047, 0.002273 ],
      "X_56" : [ -0.002452, -0.003013, 0.002282, 0.003184 ],
      "X_57" : [ -0.003358, -0.000981, 0.002783, 0.001556 ],
      "X_58" : [ -0.000245, -0.000474, -0.002526, 0.003245 ],
      "X_59" : [ 0.000777, -0.000827, 0.000610, -0.000560 ],
      "X_60" : [ -0.007707, -0.004674, -0.001301, 0.013682 ],
      "X_61" : [ -0.002175, -0.001270, -0.000116, 0.003560 ],
      "X_62" : [ -0.013597, -0.012913, -0.005524, 0.032034 ],
      "X_63" : [ -0.001463, 0.000377, -0.000107, 0.001193 ],
      "X_64" : [ -0.001301, -0.002197, 0.002040, 0.001458 ],
      "X_65" : [ -0.006883, -0.008295, 0.003779, 0.011398 ],
      "X_66" : [ -0.044333, -0.024814, 0.031055, 0.038093 ],
      "X_67" : [ 0.000860, 0.002646, -0.000128, -0.003377 ],
      "X_68" : [ 0.001862, -0.001687, -0.002113, 0.001938 ],
      "X_69" : [ -0.002553, -0.002840, 0.003653, 0.001740 ],
      "X_70" : [ -0.000981, 0.000141, -0.000565, 0.001405 ],
      "X_71" : [ 0.002217, -0.000964, -0.000992, -0.000262 ],
      "X_72" : [ -0.000007, -0.000505, -0.002861, 0.003372 ],
      "X_73" : [ -0.000557, -0.000629, 0.001351, -0.000165 ],
      "X_74" : [ -0.004513, 0.000335, 0.000144, 0.004034 ],
      "X_75" : [ -0.003432, -0.002322, 0.000838, 0.004916 ],
      "X_76" : [ 0.000701, -0.000268, 0.000576, -0.001008 ],
      "X_77" : [ -0.001324, -0.000366, -0.000053, 0.001742 ],
      "X_78" : [ -0.000613, -0.000846, 0.001879, -0.000420 ],
      "X_79" : [ -0.009044, -0.013335, 0.025040, -0.002661 ],
      "X_80" : [ -0.002597, -0.002634, 0.001965, 0.003267 ],
      "X_81" : [ 0.002205, -0.000790, -0.000653, -0.000761 ],
      "X_82" : [ -0.001551, -0.002428, -0.002655, 0.006633 ],
      "X_83" : [ 0.000080, -0.001136, 0.000902, 0.000154 ],
      "X_84" : [ -0.004759, 0.001023, -0.002328, 0.006064 ],
      "X_85" : [ -0.006322, -0.004314, 0.002068, 0.008568 ],
      "X_86" : [ -0.001312, 0.000403, 0.000785, 0.000123 ],
      "X_87" : [ -0.001739, -0.002515, 0.001773, 0.002481 ],
      "X_88" : [ -0.002084, -0.003884, -0.000199, 0.006167 ],
      "X_89" : [ -0.007023, -0.005652, 0.007544, 0.005132 ],
      "X_90" : [ -0.008024, -0.001564, 0.001112, 0.008476 ],
      "X_91" : [ -0.003926, 0.000721, 0.001112, 0.002093 ],
      "X_92" : [ -0.000121, -0.000943, 0.000049, 0.001015 ],
      "X_93" : [ 0.000719, 0.000086, -0.000568, -0.000236 ],
      "X_94" : [ 0.001055, -0.003826, -0.001801, 0.004573 ],
      "X_95" : [ -0.001544, -0.003158, 0.003138, 0.001564 ],
      "X_96" : [ -0.002486, -0.000155, 0.000981, 0.001661 ],
      "X_97" : [ 0.000091, 0.000394, -0.001041, 0.000555 ],
      "X_98" : [ -0.000105, -0.001800, 0.003160, -0.001255 ],
      "X_99" : [ -0.000460, -0.000256, 0.002405, -0.001689 ]   
   },
   "Most_Contributive_Features_By_Class" : {
      "class_0" : [ 66, 62, 25, 79, 90, 60, 89, 49, 65, 85 ],
      "class_1" : [ 66, 79, 62, 46, 65, 49, 30, 32, 89, 11 ],
      "class_2" : [ 66, 79, 25, 32, 35, 26, 89, 48, 46, 13 ],
      "class_3" : [ 66, 62, 32, 46, 60, 26, 65, 35, 49, 11 ]
   }
}