{
   "Contributions" : {
      "X_0" : [ -0.066180 ],
      "X_1" : [ 0.022760 ],
      "X_2" : [ 0.003741 ],
      "X_3" : [ -0.344617 ],
      "X_4" : [ 0.049790 ],
      "X_5" : [ -0.101304 ],
      "X_6" : [ -0.003821 ],
      "X_7" : [ 0.009952 ],
      "X_8" : [ 0.004708 ],
      "X_9" : [ 0.009109 ]   
   },
   "Most_Contributive_Features" : {
      "y" : [ 3, 5, 0, 4, 1, 7, 9, 8, 6, 2 ]
   }
}