{
	"metadata" : { "model" : "Tikhonov_Ridge", "version" : "2024-W13", "signature" : "ff4_ff4"},
	"options" : { "alpha" : 1.000000, "random_state" : 1789 },
	"dataset" : { "dataset_rows" : 1024, "dataset_features" : 100 },
	"equations" : {
			"intercept" : 0.003385,
			"coeffs" : [ -0.004268, -0.002401, 0.004895, -0.010160, -0.001994, -0.000614, 0.007756, 0.007554, -0.007485, 0.011765, -0.002960, 0.000836, 0.001419, 0.002981, -0.004318, 0.006760, -0.000328, -0.005009, -0.000821, 0.001342, 0.001918, 0.005374, 32.314823, -0.002367, -0.003210, 0.000062, 0.011554, 0.005825, -0.002277, -0.001942, 66.167648, -0.003947, 44.633995, 4.634820, 0.004050, 0.000004, 46.903149, -0.000910, -0.000066, 0.004933, 0.001002, 0.002021, 0.000501, -0.001462, 0.001258, -0.001397, 73.782089, 0.007405, -0.001834, 0.000955, 0.006627, -0.010598, -0.003361, 0.007298, 0.006160, -0.000487, 0.000022, 0.002209, 0.001303, 45.212391, -0.001793, -0.007265, -0.001861, -0.012587, -0.003728, -0.003566, -0.009670, 0.000103, 0.001627, -0.001363, -0.001236, -0.010168, -0.000667, 0.004213, 0.002563, 0.007245, -0.000311, 66.505180, -0.004227, 0.001769, -0.011557, -0.007293, -0.001301, 0.006476, -0.008308, -0.002285, 0.002263, -0.007058, -0.013437, -0.001810, 18.788683, -0.004920, -0.005315, -0.012250, 0.004997, 30.977409, -0.000124, -0.004283, 0.001309, -0.001624 ]
		}
}