{
   "Contributions" : {
      "X_0" : [ 0.000728 ],
      "X_1" : [ 0.000343 ],
      "X_2" : [ 0.000038 ],
      "X_3" : [ -0.000170 ],
      "X_4" : [ 0.000525 ],
      "X_5" : [ -0.000093 ],
      "X_6" : [ 0.001661 ],
      "X_7" : [ -0.000449 ],
      "X_8" : [ 0.000566 ],
      "X_9" : [ -0.002283 ],
      "X_10" : [ 0.000113 ],
      "X_11" : [ 0.000048 ],
      "X_12" : [ -0.000141 ],
      "X_13" : [ 0.000392 ],
      "X_14" : [ 0.001158 ],
      "X_15" : [ -0.000917 ],
      "X_16" : [ 0.000171 ],
      "X_17" : [ -0.000785 ],
      "X_18" : [ -0.000228 ],
      "X_19" : [ -0.000319 ],
      "X_20" : [ -0.000261 ],
      "X_21" : [ -0.000265 ],
      "X_22" : [ 0.681925 ],
      "X_23" : [ 0.000468 ],
      "X_24" : [ 0.001008 ],
      "X_25" : [ -0.000005 ],
      "X_26" : [ -0.001580 ],
      "X_27" : [ -0.000319 ],
      "X_28" : [ 0.000806 ],
      "X_29" : [ 0.000368 ],
      "X_30" : [ -28.698540 ],
      "X_31" : [ -0.000459 ],
      "X_32" : [ -1.552872 ],
      "X_33" : [ 0.374467 ],
      "X_34" : [ -0.000830 ],
      "X_35" : [ -0.000001 ],
      "X_36" : [ 6.490306 ],
      "X_37" : [ -0.000280 ],
      "X_38" : [ -0.000013 ],
      "X_39" : [ -0.000050 ],
      "X_40" : [ 0.000080 ],
      "X_41" : [ -0.000107 ],
      "X_42" : [ 0.000022 ],
      "X_43" : [ -0.000102 ],
      "X_44" : [ 0.000119 ],
      "X_45" : [ -0.000062 ],
      "X_46" : [ 0.247710 ],
      "X_47" : [ -0.000543 ],
      "X_48" : [ 0.000167 ],
      "X_49" : [ 0.000130 ],
      "X_50" : [ -0.001021 ],
      "X_51" : [ -0.000306 ],
      "X_52" : [ 0.000427 ],
      "X_53" : [ 0.002087 ],
      "X_54" : [ 0.000931 ],
      "X_55" : [ 0.000004 ],
      "X_56" : [ -0.000002 ],
      "X_57" : [ 0.000026 ],
      "X_58" : [ 0.000410 ],
      "X_59" : [ -9.048750 ],
      "X_60" : [ -0.000200 ],
      "X_61" : [ 0.000461 ],
      "X_62" : [ 0.000011 ],
      "X_63" : [ 0.003703 ],
      "X_64" : [ 0.000891 ],
      "X_65" : [ 0.000841 ],
      "X_66" : [ 0.000229 ],
      "X_67" : [ 0.000010 ],
      "X_68" : [ 0.000259 ],
      "X_69" : [ -0.000080 ],
      "X_70" : [ 0.000211 ],
      "X_71" : [ -0.000633 ],
      "X_72" : [ -0.000026 ],
      "X_73" : [ 0.000630 ],
      "X_74" : [ 0.000195 ],
      "X_75" : [ 0.000633 ],
      "X_76" : [ -0.000016 ],
      "X_77" : [ 6.063432 ],
      "X_78" : [ 0.000026 ],
      "X_79" : [ 0.000049 ],
      "X_80" : [ 0.002153 ],
      "X_81" : [ -0.000089 ],
      "X_82" : [ -0.000142 ],
      "X_83" : [ 0.000825 ],
      "X_84" : [ 0.001321 ],
      "X_85" : [ -0.000360 ],
      "X_86" : [ -0.000459 ],
      "X_87" : [ -0.000054 ],
      "X_88" : [ -0.001873 ],
      "X_89" : [ -0.000580 ],
      "X_90" : [ -1.554185 ],
      "X_91" : [ 0.001559 ],
      "X_92" : [ 0.000175 ],
      "X_93" : [ -0.000899 ],
      "X_94" : [ -0.000309 ],
      "X_95" : [ 6.766081 ],
      "X_96" : [ 0.000031 ],
      "X_97" : [ -0.000206 ],
      "X_98" : [ 0.000026 ],
      "X_99" : [ 0.000205 ]   
   },
   "Most_Contributive_Features" : {
      "y" : [ 30, 59, 95, 36, 77, 90, 32, 22, 33, 46 ]
   }
}