{
	"metadata" : { "model" : "Tikhonov_Ridge", "version" : "2024-W14", "signature" : "ff4_ff4"},
	"options" : { "alpha" : 0.000000, "random_state" : 1789 },
	"dataset" : { "dataset_rows" : 1024, "dataset_features" : 100 },
	"equations" : {
			"intercept" : 0.000008,
			"coeffs" : [ -0.000003, -0.000002, 0.000006, -0.000015, -0.000009, 0.000007, 0.000008, 0.000015, -0.000012, 0.000000, 0.000003, 0.000003, -0.000007, 0.000005, 0.000002, 0.000017, 0.000000, -0.000007, -0.000002, 0.000004, -0.000000, -0.000003, 32.341976, 0.000006, -0.000004, -0.000002, 0.000017, 0.000010, 0.000002, -0.000007, 66.239349, -0.000003, 44.683525, 4.638641, 0.000008, -0.000005, 46.952187, -0.000000, 0.000005, -0.000008, 0.000004, 0.000001, -0.000000, -0.000002, 0.000003, -0.000004, 73.852585, 0.000002, -0.000002, 0.000005, 0.000017, -0.000007, -0.000011, -0.000002, 0.000010, 0.000000, 0.000001, 0.000000, 0.000004, 45.262714, 0.000002, -0.000018, -0.000001, -0.000008, -0.000003, 0.000001, 0.000011, -0.000003, -0.000001, -0.000005, -0.000005, -0.000009, -0.000003, 0.000003, 0.000005, 0.000007, -0.000001, 66.569817, -0.000011, -0.000004, 0.000007, -0.000003, 0.000005, 0.000017, -0.000005, -0.000003, 0.000003, -0.000015, -0.000006, 0.000013, 18.802328, -0.000001, -0.000009, -0.000008, -0.000001, 31.015581, 0.000004, -0.000011, -0.000000, -0.000002 ]
		}
}