{
   "Contributions" : {
      "X_0" : [ 0.000000 ],
      "X_1" : [ 0.000000 ],
      "X_2" : [ 0.000000 ],
      "X_3" : [ -0.007910 ],
      "X_4" : [ 0.000000 ],
      "X_5" : [ -0.092659 ],
      "X_6" : [ 0.000000 ],
      "X_7" : [ 0.000000 ],
      "X_8" : [ 0.000000 ],
      "X_9" : [ 0.000000 ],
      "X_10" : [ 0.000000 ],
      "X_11" : [ 0.266528 ],
      "X_12" : [ 0.000000 ],
      "X_13" : [ 0.220187 ],
      "X_14" : [ 0.000000 ],
      "X_15" : [ -0.170941 ],
      "X_16" : [ 0.000000 ],
      "X_17" : [ 0.000000 ],
      "X_18" : [ 0.000000 ],
      "X_19" : [ 0.000000 ],
      "X_20" : [ 0.000000 ],
      "X_21" : [ -0.030429 ],
      "X_22" : [ -0.635223 ],
      "X_23" : [ 0.130946 ],
      "X_24" : [ 0.000000 ],
      "X_25" : [ -0.051944 ],
      "X_26" : [ 0.000000 ],
      "X_27" : [ 0.000000 ],
      "X_28" : [ 0.380143 ],
      "X_29" : [ 0.000000 ],
      "X_30" : [ -23.113354 ],
      "X_31" : [ 0.000000 ],
      "X_32" : [ 0.584920 ],
      "X_33" : [ 0.000000 ],
      "X_34" : [ 0.000000 ],
      "X_35" : [ 0.000000 ],
      "X_36" : [ 1.405469 ],
      "X_37" : [ 0.000000 ],
      "X_38" : [ 0.000000 ],
      "X_39" : [ 0.336518 ],
      "X_40" : [ 0.000000 ],
      "X_41" : [ -0.008701 ],
      "X_42" : [ 0.000000 ],
      "X_43" : [ 0.000000 ],
      "X_44" : [ -0.083304 ],
      "X_45" : [ 0.000000 ],
      "X_46" : [ -15.004857 ],
      "X_47" : [ 0.174148 ],
      "X_48" : [ 0.000000 ],
      "X_49" : [ -0.038562 ],
      "X_50" : [ 0.000000 ],
      "X_51" : [ 0.000000 ],
      "X_52" : [ 0.000000 ],
      "X_53" : [ 0.051909 ],
      "X_54" : [ 0.000000 ],
      "X_55" : [ 0.000000 ],
      "X_56" : [ 0.054729 ],
      "X_57" : [ 0.164157 ],
      "X_58" : [ 0.000000 ],
      "X_59" : [ -1.326151 ],
      "X_60" : [ 0.185940 ],
      "X_61" : [ 0.000000 ],
      "X_62" : [ -0.039830 ],
      "X_63" : [ 0.000000 ],
      "X_64" : [ 0.000000 ],
      "X_65" : [ 0.000000 ],
      "X_66" : [ 0.088431 ],
      "X_67" : [ -0.138901 ],
      "X_68" : [ 0.061942 ],
      "X_69" : [ 0.000000 ],
      "X_70" : [ 0.000000 ],
      "X_71" : [ 0.058122 ],
      "X_72" : [ 0.000000 ],
      "X_73" : [ 0.000000 ],
      "X_74" : [ 0.000000 ],
      "X_75" : [ 0.000000 ],
      "X_76" : [ 0.000000 ],
      "X_77" : [ 0.741365 ],
      "X_78" : [ 0.000000 ],
      "X_79" : [ 0.000000 ],
      "X_80" : [ -0.420875 ],
      "X_81" : [ 0.000000 ],
      "X_82" : [ 0.000000 ],
      "X_83" : [ 0.000000 ],
      "X_84" : [ 0.000000 ],
      "X_85" : [ 0.000000 ],
      "X_86" : [ 0.085412 ],
      "X_87" : [ 0.000000 ],
      "X_88" : [ 0.000000 ],
      "X_89" : [ 0.000000 ],
      "X_90" : [ 0.057576 ],
      "X_91" : [ -0.117066 ],
      "X_92" : [ 0.000000 ],
      "X_93" : [ 0.000000 ],
      "X_94" : [ 0.000000 ],
      "X_95" : [ -0.243136 ],
      "X_96" : [ 0.000000 ],
      "X_97" : [ 0.161631 ],
      "X_98" : [ 0.000000 ],
      "X_99" : [ 0.000000 ]   
   },
   "Most_Contributive_Features" : {
      "y" : [ 30, 46, 36, 59, 77, 22, 32, 80, 28, 39 ]
   }
}