{
   "Contributions" : {
      "X_0" : [ 0.000000, 0.000000, 0.000000, 0.000000, 0.000000, 0.000000, 0.000000, 0.000000, 0.000000, 0.000000 ],
      "X_1" : [ -0.000065, 0.000001, -0.000256, 0.000209, -0.000218, 0.000275, 0.000024, -0.000047, 0.000409, -0.000332 ],
      "X_2" : [ 0.000125, -0.001533, -0.000751, -0.000196, -0.000838, 0.003376, 0.001690, -0.000783, -0.001630, 0.000540 ],
      "X_3" : [ -0.001065, 0.000793, 0.001451, 0.004084, 0.001777, -0.002238, -0.002986, -0.000673, -0.000226, -0.000917 ],
      "X_4" : [ -0.000980, -0.000615, 0.003050, 0.002402, -0.001584, 0.000255, -0.000910, 0.001257, -0.002966, 0.000091 ],
      "X_5" : [ 0.002812, -0.005362, 0.007945, -0.003016, -0.004435, 0.012292, 0.000924, -0.004904, -0.002555, -0.003699 ],
      "X_6" : [ 0.001806, -0.001349, -0.002503, -0.003969, 0.003091, -0.001262, 0.003036, -0.000501, -0.001800, 0.003452 ],
      "X_7" : [ -0.000812, 0.000331, -0.000526, -0.000182, 0.000643, -0.000368, 0.000262, -0.000010, 0.000290, 0.000373 ],
      "X_8" : [ 0.000013, -0.000018, -0.000267, -0.000095, -0.000029, -0.000038, -0.000027, -0.000043, 0.000507, -0.000004 ],
      "X_9" : [ 0.000812, -0.005000, 0.005633, -0.000357, -0.000177, -0.001170, -0.001011, 0.001159, 0.000946, -0.000835 ],
      "X_10" : [ 0.000304, 0.002700, 0.005648, 0.001661, 0.001335, 0.002337, -0.000690, -0.005945, -0.006054, -0.001296 ],
      "X_11" : [ 0.000395, -0.002381, -0.000410, 0.003245, -0.000858, -0.003205, 0.000958, 0.000469, -0.000463, 0.002252 ],
      "X_12" : [ -0.001811, 0.003132, 0.004686, -0.004314, -0.001068, 0.003736, -0.002454, -0.000781, -0.002768, 0.001640 ],
      "X_13" : [ 0.003154, 0.004053, -0.002272, -0.001825, -0.004140, -0.005118, -0.010587, -0.004626, 0.010100, 0.011262 ],
      "X_14" : [ -0.004322, 0.002056, -0.001951, -0.000555, -0.001681, -0.001862, 0.002674, 0.002633, 0.000778, 0.002230 ],
      "X_15" : [ 0.001027, -0.000439, 0.000770, -0.000007, -0.000056, 0.000814, -0.000425, -0.000529, -0.000008, -0.001148 ],
      "X_16" : [ 0.000011, 0.000041, -0.000082, 0.000001, -0.000013, -0.000024, -0.000015, -0.000002, 0.000087, -0.000003 ],
      "X_17" : [ 0.001165, -0.001300, -0.002695, -0.000592, 0.000060, 0.002414, -0.001731, 0.000092, -0.001422, 0.004009 ],
      "X_18" : [ 0.003870, 0.004551, 0.000052, 0.002318, -0.006093, -0.002846, -0.001144, 0.006617, -0.003720, -0.003605 ],
      "X_19" : [ -0.000341, 0.000230, -0.007672, -0.001830, -0.001588, 0.004740, 0.002386, 0.004756, 0.004944, -0.005627 ],
      "X_20" : [ 0.002842, 0.000339, -0.003937, 0.002496, -0.000550, 0.006042, 0.000269, -0.004213, -0.004367, 0.001080 ],
      "X_21" : [ -0.000818, -0.004700, -0.011964, -0.001799, 0.000249, -0.006085, -0.000092, 0.001897, 0.012168, 0.011144 ],
      "X_22" : [ 0.000018, 0.000088, -0.000351, 0.000463, -0.000306, -0.000612, -0.000431, 0.001923, -0.000681, -0.000113 ],
      "X_23" : [ 0.000000, -0.000137, 0.000134, -0.000039, 0.000503, 0.000017, -0.000065, -0.000347, -0.000125, 0.000059 ],
      "X_24" : [ 0.000000, 0.000000, 0.000000, 0.000000, 0.000000, 0.000000, 0.000000, 0.000000, 0.000000, 0.000000 ],
      "X_25" : [ 0.002277, -0.000993, 0.001454, -0.002979, 0.003267, -0.005637, -0.001542, 0.003102, -0.001254, 0.002305 ],
      "X_26" : [ 0.000464, -0.004322, 0.000230, -0.000562, 0.003881, 0.003695, -0.001430, -0.000807, 0.001463, -0.002612 ],
      "X_27" : [ -0.000909, 0.008885, -0.014084, 0.004040, -0.005593, 0.003706, -0.007671, -0.002249, 0.013983, -0.000108 ],
      "X_28" : [ 0.006690, 0.005754, -0.009297, 0.000005, -0.003728, -0.001313, -0.001688, 0.002303, -0.000055, 0.001329 ],
      "X_29" : [ -0.001349, 0.002655, 0.000658, 0.000020, 0.002039, -0.000117, -0.000386, 0.002800, -0.002421, -0.003899 ],
      "X_30" : [ 0.001843, 0.000023, -0.000277, 0.002704, -0.000562, -0.002496, -0.003509, 0.000640, 0.005098, -0.003465 ],
      "X_31" : [ -0.000033, 0.000006, 0.000008, -0.000005, 0.000010, 0.000003, 0.000015, -0.000002, -0.000003, -0.000000 ],
      "X_32" : [ 0.000000, 0.000000, 0.000000, 0.000000, 0.000000, 0.000000, 0.000000, 0.000000, 0.000000, 0.000000 ],
      "X_33" : [ -0.001674, 0.002968, -0.001117, -0.001890, -0.003389, 0.000962, 0.000783, -0.000179, 0.002821, 0.000715 ],
      "X_34" : [ 0.002456, -0.003134, -0.007247, -0.000134, 0.002998, 0.000913, 0.001469, -0.001050, 0.000055, 0.003673 ],
      "X_35" : [ 0.005712, -0.004668, 0.000384, 0.000711, 0.000602, -0.002363, 0.002833, -0.000338, -0.002605, -0.000269 ],
      "X_36" : [ 0.018121, -0.001333, 0.003820, -0.002594, -0.000723, 0.000006, -0.003935, -0.000290, -0.010347, -0.002726 ],
      "X_37" : [ -0.001040, 0.000697, -0.001656, -0.001195, -0.000464, -0.006432, -0.000728, 0.001562, 0.012098, -0.002843 ],
      "X_38" : [ 0.000509, 0.000087, 0.000729, 0.000529, 0.001129, 0.001750, -0.000639, 0.000743, -0.005710, 0.000872 ],
      "X_39" : [ 0.000000, 0.000000, 0.000000, 0.000000, 0.000000, 0.000000, 0.000000, 0.000000, 0.000000, 0.000000 ],
      "X_40" : [ -0.000064, -0.000047, 0.000002, -0.000007, -0.000070, 0.000062, 0.000141, -0.000007, 0.000001, -0.000011 ],
      "X_41" : [ 0.003437, 0.002617, -0.001081, -0.001730, -0.001494, -0.000354, -0.000393, -0.001571, 0.000444, 0.000124 ],
      "X_42" : [ -0.005464, -0.016916, -0.006510, 0.001903, 0.003346, 0.002428, 0.015199, 0.003550, 0.002398, 0.000066 ],
      "X_43" : [ 0.002796, 0.000834, -0.009683, 0.006466, 0.000102, 0.002100, -0.004282, 0.002440, -0.007411, 0.006637 ],
      "X_44" : [ -0.000301, -0.000162, 0.011182, 0.002278, -0.003885, -0.016959, -0.009594, -0.000077, 0.006375, 0.011142 ],
      "X_45" : [ 0.000854, -0.004558, 0.000982, 0.000410, 0.002277, -0.001597, 0.001148, 0.000973, 0.000395, -0.000882 ],
      "X_46" : [ 0.001005, -0.005119, 0.009291, 0.002224, -0.003939, -0.003317, 0.008143, -0.000878, -0.001405, -0.006005 ],
      "X_47" : [ -0.000609, -0.000529, 0.000014, 0.000199, -0.000103, -0.000266, 0.000020, 0.000608, 0.000100, 0.000567 ],
      "X_48" : [ -0.000309, 0.000461, 0.000071, -0.000019, 0.000220, 0.000065, -0.000240, -0.000014, -0.000212, -0.000022 ],
      "X_49" : [ -0.000166, 0.000054, 0.000168, -0.000073, -0.001087, -0.001099, -0.000219, 0.000754, 0.000754, 0.000912 ],
      "X_50" : [ 0.005739, 0.008599, -0.001044, 0.002135, -0.004241, -0.005464, -0.002657, -0.000181, 0.004624, -0.007510 ],
      "X_51" : [ -0.000330, -0.000420, -0.003837, 0.002934, -0.001266, 0.004653, 0.000362, 0.000505, -0.004867, 0.002267 ],
      "X_52" : [ -0.000138, -0.001640, -0.004974, 0.000109, 0.000357, 0.000627, -0.000644, 0.003022, 0.001875, 0.001406 ],
      "X_53" : [ 0.001073, -0.001077, 0.001919, 0.001749, -0.002657, 0.000838, -0.007395, 0.007718, -0.003011, 0.000842 ],
      "X_54" : [ -0.000893, -0.008093, -0.001018, 0.003387, 0.000756, 0.000546, 0.003449, -0.002079, 0.001835, 0.002110 ],
      "X_55" : [ 0.000090, 0.000321, -0.001038, 0.000132, 0.000060, 0.000213, -0.000127, -0.000404, 0.000067, 0.000686 ],
      "X_56" : [ -0.000005, 0.000014, 0.000047, -0.000001, -0.000005, -0.000021, -0.000003, -0.000006, -0.000015, -0.000005 ],
      "X_57" : [ -0.000352, -0.000248, -0.000048, -0.000414, 0.000386, 0.001269, 0.000324, -0.000424, 0.000187, -0.000681 ],
      "X_58" : [ 0.001992, -0.001586, 0.001128, 0.001225, 0.000879, -0.003875, -0.000534, 0.000496, 0.000631, -0.000354 ],
      "X_59" : [ 0.000811, 0.000070, -0.002230, -0.001232, 0.001068, -0.005110, 0.002294, 0.000609, -0.000219, 0.003939 ],
      "X_60" : [ 0.000615, -0.000627, 0.002509, -0.001196, 0.000175, -0.002284, -0.001367, 0.007976, -0.003131, -0.002671 ],
      "X_61" : [ -0.000640, -0.003004, -0.005123, 0.000206, 0.001153, -0.000655, -0.000270, 0.002742, 0.003962, 0.001630 ],
      "X_62" : [ 0.003346, -0.003663, -0.015272, 0.001468, 0.003449, -0.000095, 0.001111, 0.003613, 0.002748, 0.003296 ],
      "X_63" : [ 0.002453, -0.005757, -0.010682, 0.002002, 0.002754, 0.005660, -0.001635, 0.003547, 0.002329, -0.000670 ]   
   },