{
   "Contributions" : {
      "X_0" : [ 0.000000, 0.000000, 0.000000, 0.000000, 0.000000, 0.000000, 0.000000, 0.000000, 0.000000, 0.000000 ],
      "X_1" : [ -0.000030, 0.000059, -0.000038, 0.000054, -0.000048, 0.000041, -0.000019, -0.000053, 0.000070, -0.000036 ],
      "X_2" : [ -0.000034, -0.000128, -0.000126, 0.000208, 0.000250, -0.000126, 0.000339, -0.000019, -0.000391, 0.000027 ],
      "X_3" : [ 0.000127, -0.000289, 0.000216, -0.000177, 0.000092, -0.000197, 0.000323, 0.000161, -0.000432, 0.000175 ],
      "X_4" : [ 0.000766, 0.000534, 0.000522, -0.000977, 0.000634, 0.000109, -0.001390, -0.000472, 0.000675, -0.000401 ],
      "X_5" : [ -0.000305, -0.000438, -0.000377, 0.001967, -0.000705, 0.000520, 0.000013, 0.000191, -0.000846, -0.000020 ],
      "X_6" : [ -0.000490, -0.000239, -0.000604, 0.001987, -0.000634, 0.000404, 0.000114, 0.000030, -0.000454, -0.000114 ],
      "X_7" : [ -0.000016, -0.000073, -0.000007, 0.000107, -0.000062, -0.000023, 0.000084, 0.000046, -0.000093, 0.000037 ],
      "X_8" : [ -0.000005, 0.000042, -0.000009, -0.000015, -0.000008, 0.000022, -0.000044, -0.000023, 0.000060, -0.000020 ],
      "X_9" : [ 0.000074, 0.001005, -0.000132, -0.000338, 0.000300, 0.000884, -0.001635, -0.000659, 0.001181, -0.000679 ],
      "X_10" : [ 0.000451, 0.000962, -0.000087, -0.000845, 0.001174, 0.000264, -0.001353, -0.000913, 0.001090, -0.000744 ],
      "X_11" : [ -0.000160, -0.000073, -0.000085, 0.000282, -0.000355, -0.000073, 0.000244, 0.000094, 0.000032, 0.000094 ],
      "X_12" : [ -0.000181, -0.000608, -0.000331, 0.001849, -0.000600, -0.000160, 0.000531, 0.000198, -0.000827, 0.000129 ],
      "X_13" : [ -0.000654, 0.000639, -0.000480, 0.000544, -0.000903, 0.000843, -0.000785, -0.000115, 0.001215, -0.000305 ],
      "X_14" : [ -0.000061, 0.000171, -0.000050, -0.000229, 0.000112, 0.000057, -0.000195, -0.000080, 0.000363, -0.000089 ],
      "X_15" : [ 0.000006, -0.000075, -0.000009, 0.000129, 0.000046, 0.000055, -0.000012, 0.000014, -0.000147, -0.000007 ],
      "X_16" : [ 0.000000, 0.000001, -0.000001, 0.000000, 0.000006, 0.000004, -0.000006, -0.000002, -0.000001, -0.000003 ],
      "X_17" : [ -0.000377, 0.000398, -0.000624, 0.001825, -0.000639, 0.001047, -0.001049, -0.000346, 0.000289, -0.000524 ],
      "X_18" : [ -0.000356, 0.001033, -0.000433, 0.000215, -0.000415, 0.000918, -0.001172, -0.000607, 0.001413, -0.000596 ],
      "X_19" : [ 0.000334, -0.000641, 0.000174, 0.000709, 0.000532, -0.000146, 0.000037, 0.000104, -0.001136, 0.000033 ],
      "X_20" : [ -0.000484, -0.000877, -0.000488, 0.002054, -0.000968, -0.000492, 0.001470, 0.000537, -0.001213, 0.000461 ],
      "X_21" : [ 0.000735, 0.000506, 0.000321, -0.001194, 0.001506, -0.000089, -0.000967, -0.000654, 0.000303, -0.000466 ],
      "X_22" : [ -0.000062, 0.000049, 0.000013, -0.000434, 0.000147, -0.000101, 0.000169, 0.000102, 0.000024, 0.000093 ],
      "X_23" : [ 0.000024, 0.000038, 0.000011, -0.000041, 0.000033, 0.000014, -0.000067, -0.000029, 0.000043, -0.000025 ],
      "X_24" : [ 0.000000, 0.000000, 0.000000, 0.000000, 0.000000, 0.000000, 0.000000, 0.000000, 0.000000, 0.000000 ],
      "X_25" : [ 0.000111, -0.000032, 0.000215, -0.000690, 0.000123, -0.000264, 0.000120, 0.000106, 0.000181, 0.000129 ],
      "X_26" : [ -0.000637, 0.001485, -0.000684, -0.000024, -0.000715, 0.001471, -0.001698, -0.000689, 0.002253, -0.000763 ],
      "X_27" : [ -0.000132, 0.000507, -0.000212, -0.000200, -0.000256, 0.000166, -0.000329, -0.000250, 0.000907, -0.000201 ],
      "X_28" : [ -0.000234, -0.000254, -0.000127, 0.000674, -0.000749, -0.000033, 0.000441, 0.000282, -0.000223, 0.000224 ],
      "X_29" : [ -0.000460, -0.000558, -0.000101, 0.000103, -0.000289, -0.000338, 0.001339, 0.000672, -0.000949, 0.000580 ],
      "X_30" : [ 0.000146, -0.000310, 0.000190, -0.000050, 0.000166, -0.000084, 0.000243, 0.000121, -0.000553, 0.000132 ],
      "X_31" : [ 0.000001, -0.000000, 0.000000, -0.000001, 0.000002, -0.000001, 0.000000, -0.000000, -0.000001, 0.000000 ],
      "X_32" : [ 0.000000, 0.000000, 0.000000, 0.000000, 0.000000, 0.000000, 0.000000, 0.000000, 0.000000, 0.000000 ],
      "X_33" : [ 0.000501, -0.000180, 0.000363, -0.000853, 0.000651, -0.000602, 0.000213, -0.000045, -0.000145, 0.000096 ],
      "X_34" : [ 0.000834, -0.000627, 0.000336, -0.000379, 0.001019, -0.001090, 0.000638, -0.000072, -0.000812, 0.000153 ],
      "X_35" : [ 0.000203, 0.000104, -0.000120, 0.000457, 0.000348, -0.000130, -0.000487, -0.000375, 0.000305, -0.000307 ],
      "X_36" : [ -0.000207, 0.001329, -0.000763, 0.001583, -0.000014, 0.001585, -0.002586, -0.001163, 0.001514, -0.001276 ],
      "X_37" : [ 0.000059, -0.000830, 0.000095, 0.000375, -0.000122, -0.000935, 0.001567, 0.000422, -0.001181, 0.000552 ],
      "X_38" : [ -0.000568, -0.000505, -0.000438, 0.001190, -0.001082, -0.000246, 0.001348, 0.000474, -0.000617, 0.000444 ],
      "X_39" : [ 0.000000, 0.000000, 0.000000, 0.000000, 0.000000, 0.000000, 0.000000, 0.000000, 0.000000, 0.000000 ],
      "X_40" : [ -0.000002, -0.000016, 0.000006, -0.000002, -0.000014, -0.000013, 0.000028, 0.000014, -0.000015, 0.000014 ],
      "X_41" : [ -0.000026, 0.000363, -0.000104, 0.000009, 0.000208, 0.000426, -0.000683, -0.000243, 0.000339, -0.000290 ],
      "X_42" : [ -0.000108, 0.000589, -0.000368, 0.000361, 0.000279, 0.000512, -0.000989, -0.000441, 0.000646, -0.000481 ],
      "X_43" : [ 0.000349, 0.000260, 0.000409, -0.001379, 0.000743, 0.000003, -0.000524, -0.000043, 0.000239, -0.000058 ],
      "X_44" : [ 0.001813, -0.000417, 0.001935, -0.004726, 0.001799, -0.002672, 0.001116, 0.000155, 0.000218, 0.000779 ],
      "X_45" : [ -0.000274, 0.001153, -0.000497, 0.000293, -0.000398, 0.001004, -0.001810, -0.000696, 0.002013, -0.000788 ],
      "X_46" : [ 0.000092, 0.000356, -0.000046, 0.000085, 0.000528, 0.000852, -0.001229, -0.000341, 0.000181, -0.000476 ],
      "X_47" : [ -0.000013, -0.000039, -0.000001, 0.000023, -0.000014, -0.000015, 0.000064, 0.000026, -0.000056, 0.000025 ],
      "X_48" : [ -0.000009, -0.000009, 0.000007, -0.000009, -0.000030, -0.000012, 0.000028, 0.000015, 0.000003, 0.000016 ],
      "X_49" : [ -0.000049, 0.000169, -0.000019, -0.000024, -0.000095, 0.000165, -0.000263, -0.000062, 0.000265, -0.000087 ],
      "X_50" : [ 0.000180, 0.000530, 0.000065, -0.000737, 0.000223, -0.000189, -0.000342, -0.000354, 0.000817, -0.000192 ],
      "X_51" : [ 0.000552, -0.000235, 0.000595, -0.001461, 0.001175, -0.000630, 0.000328, 0.000091, -0.000624, 0.000210 ],
      "X_52" : [ -0.000063, 0.000917, -0.000229, -0.000102, -0.000173, 0.000641, -0.001235, -0.000569, 0.001360, -0.000547 ],
      "X_53" : [ 0.000373, -0.000917, 0.000605, -0.001322, 0.000519, -0.001587, 0.001767, 0.000640, -0.000885, 0.000807 ],
      "X_54" : [ 0.000580, 0.000520, 0.000637, -0.002347, 0.000515, -0.000908, -0.000110, -0.000231, 0.001268, 0.000074 ],
      "X_55" : [ 0.000037, 0.000090, 0.000042, -0.000214, 0.000143, 0.000044, -0.000187, -0.000029, 0.000121, -0.000048 ],
      "X_56" : [ -0.000000, 0.000001, -0.000000, 0.000000, -0.000001, 0.000001, -0.000001, -0.000000, 0.000001, -0.000000 ],
      "X_57" : [ 0.000165, 0.000239, 0.000128, -0.000480, 0.000264, 0.000088, -0.000389, -0.000140, 0.000252, -0.000127 ],
      "X_58" : [ -0.000124, 0.000480, -0.000393, 0.000248, 0.000156, 0.000144, -0.000443, -0.000341, 0.000602, -0.000328 ],
      "X_59" : [ 0.000447, -0.000386, 0.000516, -0.000766, 0.000345, -0.000536, 0.000244, 0.000202, -0.000309, 0.000243 ],
      "X_60" : [ 0.000311, 0.000940, 0.000252, -0.001491, 0.000192, -0.000161, -0.001078, -0.000429, 0.001774, -0.000311 ],
      "X_61" : [ -0.000627, -0.000300, -0.000425, 0.000612, -0.000664, -0.000040, 0.001015, 0.000340, -0.000220, 0.000308 ],
      "X_62" : [ 0.000047, -0.000678, 0.000171, 0.000115, -0.000144, -0.000331, 0.000884, 0.000428, -0.000900, 0.000409 ],
      "X_63" : [ -0.000209, 0.000198, -0.000253, 0.000332, -0.000055, 0.000340, -0.000288, -0.000080, 0.000171, -0.000156 ]   
   },