{
   "Contributions" : {
      "X_0" : [ -3.939842 ],
      "X_1" : [ 6.199590 ],
      "X_2" : [ -3.955797 ],
      "X_3" : [ 0.248757 ],
      "X_4" : [ -0.486167 ],
      "X_5" : [ 1.035811 ],
      "X_6" : [ 0.863439 ],
      "X_7" : [ 4.736223 ],
      "X_8" : [ 0.196403 ],
      "X_9" : [ 0.347857 ]   
   },
   "Most_Contributive_Features" : {
      "y" : [ 1, 7, 2, 0, 5, 6, 4, 9, 3, 8 ]
   }
}