{
   "Contributions" : {
      "X_0" : [ -4.029234 ],
      "X_1" : [ 0.996743 ],
      "X_2" : [ 2.372727 ],
      "X_3" : [ 0.000000 ],
      "X_4" : [ -2.197024 ],
      "X_5" : [ 0.000000 ],
      "X_6" : [ 0.000000 ],
      "X_7" : [ 0.000000 ],
      "X_8" : [ 0.000000 ],
      "X_9" : [ -2.033489 ]   
   },
   "Most_Contributive_Features" : {
      "y" : [ 0, 2, 4, 9, 1 ]
   }
}