{
   "Contributions" : {
      "X_0" : [ -0.000001, 0.000001 ],
      "X_1" : [ 0.000002, -0.000002 ],
      "X_2" : [ -0.000458, 0.000458 ],
      "X_3" : [ -0.014020, 0.014020 ],
      "X_4" : [ -0.000000, 0.000000 ],
      "X_5" : [ -0.000000, 0.000000 ],
      "X_6" : [ -0.000000, 0.000000 ],
      "X_7" : [ -0.000000, 0.000000 ],
      "X_8" : [ -0.000000, 0.000000 ],
      "X_9" : [ 0.000000, -0.000000 ],
      "X_10" : [ -0.000000, 0.000000 ],
      "X_11" : [ 0.000000, -0.000000 ],
      "X_12" : [ -0.000000, 0.000000 ],
      "X_13" : [ -0.000492, 0.000492 ],
      "X_14" : [ 0.000000, -0.000000 ],
      "X_15" : [ -0.000000, 0.000000 ],
      "X_16" : [ -0.000000, 0.000000 ],
      "X_17" : [ -0.000000, 0.000000 ],
      "X_18" : [ -0.000000, 0.000000 ],
      "X_19" : [ 0.000000, 0.000000 ],
      "X_20" : [ -0.000002, 0.000002 ],
      "X_21" : [ 0.000003, -0.000003 ],
      "X_22" : [ -0.001439, 0.001439 ],
      "X_23" : [ -0.012268, 0.012268 ],
      "X_24" : [ 0.000000, -0.000000 ],
      "X_25" : [ 0.000000, -0.000000 ],
      "X_26" : [ -0.000000, 0.000000 ],
      "X_27" : [ 0.000000, -0.000000 ],
      "X_28" : [ -0.000000, 0.000000 ],
      "X_29" : [ 0.000000, -0.000000 ]   
   },
   "Most_Contributive_Features_By_Class" : {
      "class_0" : [ 3, 23, 22, 13, 2, 21, 20, 1, 0, 12 ],
      "class_1" : [ 3, 23, 22, 13, 2, 21, 20, 1, 0, 12 ]
   }
}