{
   "Contributions" : {
      "X_0" : [ -0.356572 ],
      "X_1" : [ -0.578734 ],
      "X_2" : [ -0.006225 ],
      "X_3" : [ 0.057312 ]   
   },
   "Most_Contributive_Features" : {
      "y" : [ 1, 0, 3, 2 ]
   }
}