{
   "Contributions" : {
      "X_0" : [ -0.316727 ],
      "X_1" : [ 0.037507 ],
      "X_2" : [ 0.001302 ],
      "X_3" : [ -0.015329 ]   
   },
   "Most_Contributive_Features" : {
      "y" : [ 0, 1, 3, 2 ]
   }
}