{
   "Contributions" : {
      "X_0" : [ 0.000000, 0.000000, 0.000000, 0.000000, 0.000000, 0.000000, 0.000000, 0.000000, 0.000000, 0.000000 ],
      "X_1" : [ 0.000000, 0.000000, 0.000000, 0.000000, 0.000000, 0.000000, 0.000000, 0.000000, 0.000000, 0.000000 ],
      "X_2" : [ 0.000000, 0.000000, 0.000000, 0.000000, 0.000000, 0.000000, 0.000000, 0.000000, 0.000000, 0.000000 ],
      "X_3" : [ 0.000000, 0.000000, 0.000000, 0.000000, 0.000000, 0.000000, 0.000000, 0.000000, 0.000000, 0.000000 ],
      "X_4" : [ -0.000053, 0.000008, 0.000005, 0.000005, 0.000060, 0.000038, -0.000020, 0.000006, -0.000026, -0.000024 ],
      "X_5" : [ -0.000214, -0.001814, -0.000395, -0.001786, 0.000153, 0.006377, -0.000630, 0.000086, -0.000858, -0.000918 ],
      "X_6" : [ 0.000000, 0.000000, 0.000000, 0.000000, 0.000000, 0.000000, 0.000000, 0.000000, 0.000000, 0.000000 ],
      "X_7" : [ 0.000000, 0.000000, 0.000000, 0.000000, 0.000000, 0.000000, 0.000000, 0.000000, 0.000000, 0.000000 ],
      "X_8" : [ 0.000000, 0.000000, 0.000000, 0.000000, 0.000000, 0.000000, 0.000000, 0.000000, 0.000000, 0.000000 ],
      "X_9" : [ -0.000001, -0.000038, -0.000042, -0.000024, -0.000056, 0.000358, -0.000116, -0.000033, -0.000028, -0.000019 ],
      "X_10" : [ 0.000000, 0.000000, 0.000000, 0.000000, 0.000000, 0.000000, 0.000000, 0.000000, 0.000000, 0.000000 ],
      "X_11" : [ 0.000001, 0.000004, 0.000007, -0.000106, -0.000017, 0.000131, -0.000001, -0.000020, 0.000000, 0.000000 ],
      "X_12" : [ -0.000232, 0.004339, -0.000025, -0.000152, 0.000145, -0.000404, -0.000352, -0.000367, -0.002563, -0.000389 ],
      "X_13" : [ -0.000038, -0.000303, -0.000035, -0.000033, 0.000936, 0.000011, -0.000079, -0.000067, -0.000324, -0.000069 ],
      "X_14" : [ 0.000000, 0.000000, 0.000000, 0.000000, 0.000000, 0.000000, 0.000000, 0.000000, 0.000000, 0.000000 ],
      "X_15" : [ 0.000000, 0.000000, 0.000000, 0.000000, 0.000000, 0.000000, 0.000000, 0.000000, 0.000000, 0.000000 ],
      "X_16" : [ 0.000000, 0.000000, 0.000000, 0.000000, 0.000000, 0.000000, 0.000000, 0.000000, 0.000000, 0.000000 ],
      "X_17" : [ 0.000021, -0.000033, -0.000056, 0.000122, 0.000058, -0.000099, -0.000031, -0.000924, -0.000007, 0.000950 ],
      "X_18" : [ 0.000711, 0.000046, -0.000030, 0.000006, 0.000162, 0.000223, -0.000069, -0.001215, 0.000005, 0.000161 ],
      "X_19" : [ -0.000340, 0.001768, -0.003336, 0.003649, -0.000998, 0.001755, -0.001426, -0.001249, -0.000619, 0.000796 ],
      "X_20" : [ 0.001276, 0.000483, -0.001414, -0.000368, -0.001407, -0.000488, 0.002278, 0.000665, -0.000596, -0.000429 ],
      "X_21" : [ 0.005949, -0.000371, -0.000496, -0.004096, -0.000273, 0.007901, 0.002206, -0.003467, -0.005677, -0.001674 ],
      "X_22" : [ 0.000000, 0.000000, 0.000000, 0.000000, 0.000000, 0.000000, 0.000000, 0.000000, 0.000000, 0.000000 ],
      "X_23" : [ 0.000000, 0.000000, 0.000000, 0.000000, 0.000000, 0.000000, 0.000000, 0.000000, 0.000000, 0.000000 ],
      "X_24" : [ 0.000000, 0.000000, 0.000000, 0.000000, 0.000000, 0.000000, 0.000000, 0.000000, 0.000000, 0.000000 ],
      "X_25" : [ 0.000744, -0.000014, -0.000082, -0.000070, 0.000119, 0.000028, 0.000057, -0.000322, -0.000273, -0.000188 ],
      "X_26" : [ 0.001025, 0.000145, -0.003629, -0.010381, 0.001559, 0.007993, 0.004118, -0.004563, -0.001518, 0.005251 ],
      "X_27" : [ -0.000022, -0.001598, 0.003175, -0.000250, -0.000291, -0.000089, -0.000078, 0.000506, -0.000939, -0.000415 ],
      "X_28" : [ 0.014882, -0.000498, -0.000873, 0.001560, -0.001166, -0.003267, -0.000510, -0.001100, -0.001189, -0.007840 ],
      "X_29" : [ -0.000087, 0.000197, -0.000232, 0.001119, -0.000072, -0.000106, -0.000165, 0.000241, -0.001096, 0.000200 ],
      "X_30" : [ 0.000000, 0.000000, 0.000000, 0.000000, 0.000000, 0.000000, 0.000000, 0.000000, 0.000000, 0.000000 ],
      "X_31" : [ 0.000000, 0.000000, 0.000000, 0.000000, 0.000000, 0.000000, 0.000000, 0.000000, 0.000000, 0.000000 ],
      "X_32" : [ 0.000000, 0.000000, 0.000000, 0.000000, 0.000000, 0.000000, 0.000000, 0.000000, 0.000000, 0.000000 ],
      "X_33" : [ 0.001918, -0.002455, -0.005006, -0.001822, 0.019269, -0.000024, 0.001302, -0.000364, -0.008586, -0.004233 ],
      "X_34" : [ -0.000033, -0.000419, 0.000123, 0.000054, 0.000510, -0.000619, -0.000113, -0.000082, -0.000378, 0.000957 ],
      "X_35" : [ 0.000417, -0.000043, -0.000034, 0.000012, 0.000029, -0.000121, -0.000238, 0.000007, -0.000052, 0.000021 ],
      "X_36" : [ 0.012111, 0.000281, -0.000862, -0.001551, 0.002541, -0.007186, 0.001253, -0.003964, -0.001814, -0.000808 ],
      "X_37" : [ -0.000025, -0.000054, 0.001051, -0.000541, -0.000073, -0.000288, -0.000036, 0.000024, -0.000032, -0.000026 ],
      "X_38" : [ -0.000002, -0.000166, -0.000034, -0.000199, -0.000493, -0.000229, -0.000085, -0.000142, -0.001350, 0.002700 ],
      "X_39" : [ 0.000000, 0.000000, 0.000000, 0.000000, 0.000000, 0.000000, 0.000000, 0.000000, 0.000000, 0.000000 ],
      "X_40" : [ 0.000000, 0.000000, 0.000000, 0.000000, 0.000000, 0.000000, 0.000000, 0.000000, 0.000000, 0.000000 ],
      "X_41" : [ 0.000000, 0.000000, 0.000000, 0.000000, 0.000000, 0.000000, 0.000000, 0.000000, 0.000000, 0.000000 ],
      "X_42" : [ 0.000282, -0.000734, 0.000744, -0.002932, -0.000714, -0.002058, 0.007425, -0.001852, 0.001143, -0.001304 ],
      "X_43" : [ -0.000268, 0.000393, -0.000593, -0.004948, 0.001636, -0.000412, -0.000307, -0.000262, 0.004247, 0.000513 ],
      "X_44" : [ 0.000836, 0.000066, -0.000124, -0.000183, -0.000121, -0.000092, -0.000099, -0.000019, -0.000161, -0.000102 ],
      "X_45" : [ -0.000159, 0.000148, 0.000178, -0.001388, -0.000157, -0.000026, 0.000290, 0.000241, 0.001016, -0.000144 ],
      "X_46" : [ 0.000158, -0.003661, -0.002250, 0.000452, -0.000330, -0.000197, 0.006229, -0.000036, -0.000789, 0.000425 ],
      "X_47" : [ 0.000000, 0.000000, 0.000000, 0.000000, 0.000000, 0.000000, 0.000000, 0.000000, 0.000000, 0.000000 ],
      "X_48" : [ 0.000000, 0.000000, 0.000000, 0.000000, 0.000000, 0.000000, 0.000000, 0.000000, 0.000000, 0.000000 ],
      "X_49" : [ 0.000000, 0.000000, 0.000000, 0.000000, 0.000000, 0.000000, 0.000000, 0.000000, 0.000000, 0.000000 ],
      "X_50" : [ -0.000028, 0.000012, -0.000087, 0.000096, 0.000045, -0.000028, 0.000007, 0.000256, -0.000266, -0.000007 ],
      "X_51" : [ 0.000168, 0.000704, -0.008793, 0.000784, 0.001373, 0.001983, 0.000623, 0.000768, 0.000763, 0.001625 ],
      "X_52" : [ -0.000020, -0.000041, 0.000105, -0.000049, -0.000323, -0.000069, 0.000180, -0.000042, 0.000023, 0.000237 ],
      "X_53" : [ -0.000710, 0.000327, -0.001254, -0.002867, 0.003072, 0.000845, -0.000470, 0.002733, -0.001476, -0.000199 ],
      "X_54" : [ -0.000094, 0.000129, -0.000605, 0.000037, -0.000254, -0.000008, 0.000962, -0.000191, 0.000170, -0.000144 ],
      "X_55" : [ 0.000000, 0.000000, 0.000000, 0.000000, 0.000000, 0.000000, 0.000000, 0.000000, 0.000000, 0.000000 ],
      "X_56" : [ 0.000000, 0.000000, 0.000000, 0.000000, 0.000000, 0.000000, 0.000000, 0.000000, 0.000000, 0.000000 ],
      "X_57" : [ 0.000000, 0.000000, 0.000000, 0.000000, 0.000000, 0.000000, 0.000000, 0.000000, 0.000000, 0.000000 ],
      "X_58" : [ -0.001747, 0.003315, -0.001117, -0.002350, 0.012039, -0.003114, -0.002466, -0.000870, -0.002917, -0.000772 ],
      "X_59" : [ -0.000076, 0.001555, 0.000012, -0.000119, 0.000037, -0.000510, 0.000034, 0.000041, -0.000593, -0.000381 ],
      "X_60" : [ 0.000200, -0.000029, 0.009918, -0.004098, -0.001321, -0.005116, 0.003205, -0.003914, 0.004299, -0.003145 ],
      "X_61" : [ -0.000013, 0.000267, -0.000084, -0.000369, -0.000374, 0.000594, 0.000281, -0.000072, -0.000175, -0.000056 ],
      "X_62" : [ 0.000213, -0.000117, -0.002712, -0.001648, 0.000026, 0.003313, 0.000482, -0.000087, 0.000655, -0.000125 ],
      "X_63" : [ 0.000000, 0.000000, 0.000000, 0.000000, 0.000000, 0.000000, 0.000000, 0.000000, 0.000000, 0.000000 ]   
   },
   "Most_Contributive_Features_By_Class" : {
      "class_0" : [ 28, 36, 21, 33, 58, 20, 26, 44, 25, 18 ],