{
   "Contributions" : {
      "X_0" : [ 0.000000, 0.000000, 0.000000, 0.000000, 0.000000, 0.000000, 0.000000, 0.000000, 0.000000, 0.000000 ],
      "X_1" : [ -0.000031, -0.000123, -0.000113, -0.000281, -0.000082, 0.001052, -0.000045, -0.000054, -0.000135, -0.000190 ],
      "X_2" : [ -0.000260, 0.001865, -0.001934, -0.002305, 0.005549, -0.005310, 0.003651, -0.001304, 0.000420, -0.000372 ],
      "X_3" : [ -0.000933, 0.000749, 0.000094, -0.000492, 0.002872, -0.000447, -0.000131, -0.000883, -0.000397, -0.000432 ],
      "X_4" : [ -0.000297, -0.000688, -0.000415, 0.000044, 0.000403, 0.000325, 0.000537, -0.000923, -0.000699, 0.001712 ],
      "X_5" : [ -0.000118, -0.001840, -0.002561, -0.001854, 0.005430, 0.005331, -0.000110, 0.000564, -0.003298, -0.001545 ],
      "X_6" : [ 0.000039, -0.000005, 0.000042, -0.000014, 0.000000, 0.000111, -0.000046, -0.000016, -0.000100, -0.000011 ],
      "X_7" : [ 0.000000, 0.000000, 0.000000, 0.000000, 0.000000, 0.000000, 0.000000, 0.000000, 0.000000, 0.000000 ],
      "X_8" : [ 0.000000, 0.000000, 0.000000, 0.000000, 0.000000, 0.000000, 0.000000, 0.000000, 0.000000, 0.000000 ],
      "X_9" : [ -0.000156, -0.000060, -0.001193, -0.000200, 0.000223, 0.000011, 0.001710, -0.000081, -0.000162, -0.000092 ],
      "X_10" : [ -0.000005, 0.002758, -0.001009, -0.000930, 0.004302, -0.000282, -0.000108, -0.000491, -0.003194, -0.001040 ],
      "X_11" : [ 0.000091, -0.000175, -0.000250, -0.000613, -0.000169, -0.000284, 0.000443, 0.000597, 0.000279, 0.000082 ],
      "X_12" : [ -0.000210, 0.008709, 0.000038, 0.000758, 0.002445, -0.001200, -0.000478, -0.002599, -0.006874, -0.000589 ],
      "X_13" : [ -0.000268, 0.000323, -0.000046, -0.000141, 0.002119, -0.001499, 0.001077, -0.000968, 0.000507, -0.001104 ],
      "X_14" : [ -0.000004, -0.000027, -0.000019, -0.000024, -0.000011, -0.000052, -0.000002, 0.000207, -0.000049, -0.000020 ],
      "X_15" : [ 0.000000, 0.000000, 0.000000, 0.000000, 0.000000, 0.000000, 0.000000, 0.000000, 0.000000, 0.000000 ],
      "X_16" : [ 0.000000, 0.000000, 0.000000, 0.000000, 0.000000, 0.000000, 0.000000, 0.000000, 0.000000, 0.000000 ],
      "X_17" : [ 0.000406, -0.000070, -0.000197, -0.000017, 0.000292, -0.000001, -0.000035, -0.001688, 0.000015, 0.001294 ],
      "X_18" : [ 0.001290, -0.000661, -0.001404, -0.005525, 0.003339, 0.003894, 0.001192, -0.007620, 0.001739, 0.003756 ],
      "X_19" : [ -0.000382, 0.003900, -0.001862, 0.003499, 0.001863, 0.001211, 0.000596, -0.004267, -0.002470, -0.002088 ],
      "X_20" : [ -0.000207, 0.003620, -0.000153, -0.002434, -0.001803, 0.004042, 0.001223, 0.000581, -0.002290, -0.002580 ],
      "X_21" : [ 0.001259, 0.001010, -0.004480, -0.004136, 0.000274, 0.011136, 0.010020, -0.003452, -0.012977, 0.001346 ],
      "X_22" : [ 0.000074, 0.000038, -0.000105, -0.000043, -0.000000, -0.000187, -0.000054, 0.000046, 0.000056, 0.000175 ],
      "X_23" : [ 0.000000, 0.000000, 0.000000, 0.000000, 0.000000, 0.000000, 0.000000, 0.000000, 0.000000, 0.000000 ],
      "X_24" : [ 0.000000, 0.000000, 0.000000, 0.000000, 0.000000, 0.000000, 0.000000, 0.000000, 0.000000, 0.000000 ],
      "X_25" : [ 0.001021, -0.000131, -0.000307, -0.000251, 0.000446, 0.000883, 0.000064, -0.000585, -0.000540, -0.000600 ],
      "X_26" : [ 0.004112, -0.002489, -0.002853, -0.022188, 0.003820, 0.016587, 0.010314, -0.008635, -0.002026, 0.003358 ],
      "X_27" : [ 0.000314, -0.001143, 0.001837, -0.000724, 0.000521, -0.000334, 0.000152, 0.001770, -0.001491, -0.000903 ],
      "X_28" : [ 0.025139, -0.001675, -0.006300, 0.001510, 0.001627, -0.005964, 0.004106, -0.001941, -0.011012, -0.005490 ],
      "X_29" : [ 0.002044, 0.000418, -0.000085, -0.002282, 0.001513, -0.001859, -0.001594, 0.002098, -0.000723, 0.000469 ],
      "X_30" : [ 0.003268, -0.000330, -0.001073, 0.003878, 0.000117, -0.000854, -0.001524, -0.000778, -0.001016, -0.001687 ],
      "X_31" : [ 0.000000, 0.000000, 0.000000, 0.000000, 0.000000, 0.000000, 0.000000, 0.000000, 0.000000, 0.000000 ],
      "X_32" : [ 0.000000, 0.000000, 0.000000, 0.000000, 0.000000, 0.000000, 0.000000, 0.000000, 0.000000, 0.000000 ],
      "X_33" : [ 0.005777, -0.004808, -0.004689, -0.004276, 0.026873, 0.000212, 0.003818, -0.001103, -0.015500, -0.006306 ],
      "X_34" : [ 0.000162, -0.000747, -0.000229, -0.002034, 0.000426, -0.000098, 0.001658, -0.000176, 0.001777, -0.000738 ],
      "X_35" : [ 0.000470, -0.000141, -0.000033, -0.001153, -0.000049, 0.000125, -0.000013, -0.000032, 0.000483, 0.000344 ],
      "X_36" : [ 0.012523, 0.003214, 0.001221, -0.004743, 0.003268, -0.002751, -0.002931, -0.005358, -0.002742, -0.001700 ],
      "X_37" : [ 0.001012, -0.000828, -0.000854, 0.000308, 0.003535, 0.001483, -0.000143, 0.002718, -0.007960, 0.000729 ],
      "X_38" : [ 0.001614, -0.002390, -0.010092, 0.001828, 0.002796, 0.000798, 0.004227, 0.006483, -0.008613, 0.003348 ],
      "X_39" : [ 0.000000, 0.000000, 0.000000, 0.000000, 0.000000, 0.000000, 0.000000, 0.000000, 0.000000, 0.000000 ],
      "X_40" : [ 0.000000, 0.000000, 0.000000, 0.000000, 0.000000, 0.000000, 0.000000, 0.000000, 0.000000, 0.000000 ],
      "X_41" : [ -0.000130, -0.000433, -0.000031, -0.000006, 0.001304, -0.000014, -0.000486, -0.000199, -0.000006, -0.000001 ],
      "X_42" : [ 0.003647, -0.001606, -0.000041, -0.008254, 0.000769, -0.008782, 0.021937, -0.001313, -0.002225, -0.004132 ],
      "X_43" : [ -0.000812, 0.003236, 0.002538, -0.006430, 0.005169, -0.001846, 0.000722, -0.003133, 0.000141, 0.000414 ],
      "X_44" : [ -0.000309, -0.000801, -0.001767, 0.000792, 0.004989, -0.000335, -0.001348, 0.000282, -0.002475, 0.000972 ],
      "X_45" : [ -0.000429, 0.001345, 0.004000, -0.005544, 0.000726, 0.001432, 0.000158, -0.000976, 0.000549, -0.001262 ],
      "X_46" : [ 0.000106, -0.003510, -0.001946, 0.000505, 0.000148, -0.000527, 0.004848, -0.001070, 0.001422, 0.000024 ],
      "X_47" : [ 0.000000, 0.000000, 0.000000, 0.000000, 0.000000, 0.000000, 0.000000, 0.000000, 0.000000, 0.000000 ],
      "X_48" : [ 0.000000, 0.000000, 0.000000, 0.000000, 0.000000, 0.000000, 0.000000, 0.000000, 0.000000, 0.000000 ],
      "X_49" : [ 0.000000, 0.000000, 0.000000, 0.000000, 0.000000, 0.000000, 0.000000, 0.000000, 0.000000, 0.000000 ],
      "X_50" : [ -0.000863, 0.002342, -0.001254, -0.000020, 0.003825, 0.000204, -0.000360, 0.003700, -0.008121, 0.000547 ],
      "X_51" : [ -0.000107, 0.000738, 0.002032, -0.001930, 0.001076, 0.000849, -0.000979, -0.000282, -0.002300, 0.000903 ],
      "X_52" : [ -0.000263, -0.000673, -0.001795, -0.000127, 0.000629, -0.000161, 0.000833, -0.003143, 0.004179, 0.000522 ],
      "X_53" : [ -0.000124, 0.000617, -0.003567, -0.007285, 0.004438, -0.000203, -0.000746, 0.006342, 0.001713, -0.001186 ],
      "X_54" : [ -0.000296, -0.000912, -0.000922, -0.000838, 0.002148, 0.000853, -0.000640, -0.001294, 0.002447, -0.000548 ],
      "X_55" : [ 0.000000, 0.000000, 0.000000, 0.000000, 0.000000, 0.000000, 0.000000, 0.000000, 0.000000, 0.000000 ],
      "X_56" : [ 0.000000, 0.000000, 0.000000, 0.000000, 0.000000, 0.000000, 0.000000, 0.000000, 0.000000, 0.000000 ],
      "X_57" : [ -0.000006, -0.000007, -0.000033, -0.000103, -0.000015, 0.000002, -0.000008, 0.000261, -0.000125, 0.000034 ],
      "X_58" : [ -0.001462, 0.006333, -0.002699, -0.005514, 0.015864, -0.005032, 0.001116, -0.000358, -0.005062, -0.003184 ],
      "X_59" : [ -0.000225, 0.000598, -0.000964, -0.000497, 0.002362, -0.001914, 0.001435, 0.000162, -0.001356, 0.000399 ],
      "X_60" : [ -0.001316, 0.001403, 0.004194, -0.002582, 0.002094, 0.000102, 0.001045, -0.005093, 0.001771, -0.001618 ],
      "X_61" : [ -0.000757, -0.002711, -0.003310, -0.003795, 0.005386, 0.004056, 0.001672, 0.001530, -0.000315, -0.001757 ],
      "X_62" : [ -0.000086, 0.000323, -0.007371, 0.000475, 0.001259, 0.002442, 0.000072, 0.000752, 0.001426, 0.000707 ],
      "X_63" : [ 0.000000, 0.000000, 0.000000, 0.000000, 0.000000, 0.000000, 0.000000, 0.000000, 0.000000, 0.000000 ]   
   },