{
   "Contributions" : {
      "X_0" : [ -122.646805 ],
      "X_1" : [ 271.308533 ],
      "X_2" : [ 238.327682 ],
      "X_3" : [ -1059.739380 ],
      "X_4" : [ -980.085083 ],
      "X_5" : [ -859.169312 ],
      "X_6" : [ -1113.748901 ],
      "X_7" : [ -56.550224 ],
      "X_8" : [ 0.000000 ]   
   },
   "Most_Contributive_Features" : {
      "y" : [ 6, 3, 4, 5, 1, 2, 0, 7 ]
   }
}