{
	"metadata" : { "model" : "Vapnik_SVC_RBF", "version" : "2024-W13", "signature" : "ff4_il8"},
	"options" : {"svm_type" : "c_svc", "kernel" : "rbf", "degree" : 3, "gamma" : 0.067935, "coef0" : 0.000000, "cache_size" : 300, "tol" : 0.001000, "nu" : 0.500000, "epsilon" : 0.000000, "shrinking" : 0, "probability" : 1, "C" : 1.000000, "max_iter" : 128, "random_state" : 1789 },
	"dataset" : { "dataset_rows" : 16, "dataset_features" : 4 },
	"classes" : [ 0, 1, 2 ],
	"svm_model" : {
	"classes" : 3,
	"L" : 14,
	"SupportVectors" : {
		"SV_00" : [ 5.400000, 3.700000, 1.500000, 0.200000 ],
		"SV_01" : [ 4.800000, 3.400000, 1.600000, 0.200000 ],
		"SV_02" : [ 5.400000, 3.400000, 1.500000, 0.400000 ],
		"SV_03" : [ 6.300000, 3.300000, 4.700000, 1.600000 ],
		"SV_04" : [ 5.800000, 2.700000, 4.100000, 1.000000 ],
		"SV_05" : [ 6.100000, 2.800000, 4.000000, 1.300000 ],
		"SV_06" : [ 6.000000, 3.400000, 4.500000, 1.600000 ],
		"SV_07" : [ 5.900000, 3.000000, 4.200000, 1.500000 ],
		"SV_08" : [ 5.100000, 2.500000, 3.000000, 1.100000 ],
		"SV_09" : [ 6.400000, 3.200000, 5.300000, 2.300000 ],
		"SV_10" : [ 7.100000, 3.000000, 5.900000, 2.100000 ],
		"SV_11" : [ 6.100000, 2.600000, 5.600000, 1.400000 ],
		"SV_12" : [ 6.800000, 3.200000, 5.900000, 2.300000 ],
		"SV_13" : [ 6.700000, 3.300000, 5.700000, 2.100000 ]
	},
	"SupportVectorsCoefs" : {
		"SV_coef_0" : [ 0.674538, 1.000000, 1.000000, -0.000000, -1.000000, -0.674538, -0.000000, -0.000000, -1.000000, -0.653587, -0.000000, -0.760185, -0.000000, -0.000000 ],
		"SV_coef_1" : [ 0.000000, 0.413772, 1.000000, 1.000000, 0.645214, 1.000000, 1.000000, 1.000000, 0.000000, -1.000000, -0.645214, -1.000000, -1.000000, -1.000000 ]
	},
	"rho" : [ -0.028186, 0.027673, 0.038830 ],
	"nSV" : [ 3, 6, 5 ],
	"probA" : [ -2.131067, -1.723719, -2.614622 ],
	"probB" : [ 0.020694, 0.104714, 0.105507 ],
	"n_iter" : [ 7, 10, 9 ]
}
}