{
   "Contributions" : {
      "X_0" : [ -0.002204, -0.027259, 0.029463 ],
      "X_1" : [ -0.001207, 0.007990, -0.006783 ],
      "X_2" : [ 0.002716, -0.011545, 0.008829 ],
      "X_3" : [ 0.013690, 0.004693, -0.018383 ]   
   },
   "Most_Contributive_Features_By_Class" : {
      "class_0" : [ 3, 2, 0, 1 ],
      "class_1" : [ 0, 2, 1, 3 ],
      "class_2" : [ 0, 3, 2, 1 ]
   }
}