{
   "Contributions" : {
      "X_0" : [ -0.000865, -0.037446, 0.038311 ],
      "X_1" : [ -0.003277, 0.001454, 0.001823 ],
      "X_2" : [ 0.002159, 0.008322, -0.010481 ],
      "X_3" : [ 0.011850, -0.003207, -0.008642 ]   
   },
   "Most_Contributive_Features_By_Class" : {
      "class_0" : [ 3, 1, 2, 0 ],
      "class_1" : [ 0, 2, 3, 1 ],
      "class_2" : [ 0, 2, 3, 1 ]
   }
}