{
	"metadata" : { "model" : "Breiman_CART", "version" : "2024-W13", "signature" : "ff4_il8"},
	"options" : { "ccp_alpha" : 0.000000, "criterion" : "", "max_depth" : null, "max_features" : null, "max_leaf_nodes" : 64, "min_impurity_decrease" : 0.000000, "min_samples_leaf" : 1, "min_samples_split" : 2, "min_weight_fraction_leaf" : 0.000000, "random_state" : 1789, "splitter" : "best" },
	"dataset" : { "dataset_rows" : 64, "dataset_features" : 64 },
	"classes" : [ 0, 1, 2, 3, 4, 5, 6, 7, 8, 9 ],
	"tree" : {
	"features" : 64,
	"outputs" : 10,
	"max_depth" : 9,
	"node_count" : 45,
	"nodes" : {
		"node_00" : {"left" : 1, "right" : 2, "feature" : 36, "threshold" : 6.000000, "impurity" : 0.891113, "n_samples" : 64, "w_samples" : 64.000000, "value" : [0.093750, 0.078125, 0.062500, 0.046875, 0.109375, 0.140625, 0.109375, 0.093750, 0.140625, 0.125000]},
		"node_01" : {"left" : 3, "right" : 4, "feature" : 27, "threshold" : 6.000000, "impurity" : 0.672840, "n_samples" : 18, "w_samples" : 18.000000, "value" : [0.333333, 0.000000, 0.000000, 0.000000, 0.055556, 0.111111, 0.000000, 0.000000, 0.055556, 0.444444]},
		"node_02" : {"left" : 11, "right" : 12, "feature" : 41, "threshold" : 6.500000, "impurity" : 0.865785, "n_samples" : 46, "w_samples" : 46.000000, "value" : [0.000000, 0.108696, 0.086957, 0.065217, 0.130435, 0.152174, 0.152174, 0.130435, 0.173913, 0.000000]},
		"node_03" : {"left" : null, "right" : null, "feature" : null, "threshold" : null, "impurity" : 0.000000, "n_samples" : 6, "w_samples" : 6.000000, "value" : [1.000000, 0.000000, 0.000000, 0.000000, 0.000000, 0.000000, 0.000000, 0.000000, 0.000000, 0.000000]},
		"node_04" : {"left" : 5, "right" : 6, "feature" : 29, "threshold" : 9.500000, "impurity" : 0.513889, "n_samples" : 12, "w_samples" : 12.000000, "value" : [0.000000, 0.000000, 0.000000, 0.000000, 0.083333, 0.166667, 0.000000, 0.000000, 0.083333, 0.666667]},
		"node_05" : {"left" : 7, "right" : 8, "feature" : 46, "threshold" : 4.000000, "impurity" : 0.625000, "n_samples" : 4, "w_samples" : 4.000000, "value" : [0.000000, 0.000000, 0.000000, 0.000000, 0.250000, 0.500000, 0.000000, 0.000000, 0.250000, 0.000000]},
		"node_06" : {"left" : null, "right" : null, "feature" : null, "threshold" : null, "impurity" : 0.000000, "n_samples" : 8, "w_samples" : 8.000000, "value" : [0.000000, 0.000000, 0.000000, 0.000000, 0.000000, 0.000000, 0.000000, 0.000000, 0.000000, 1.000000]},
		"node_07" : {"left" : 9, "right" : 10, "feature" : 45, "threshold" : 8.000000, "impurity" : 0.500000, "n_samples" : 2, "w_samples" : 2.000000, "value" : [0.000000, 0.000000, 0.000000, 0.000000, 0.500000, 0.000000, 0.000000, 0.000000, 0.500000, 0.000000]},
		"node_08" : {"left" : null, "right" : null, "feature" : null, "threshold" : null, "impurity" : 0.000000, "n_samples" : 2, "w_samples" : 2.000000, "value" : [0.000000, 0.000000, 0.000000, 0.000000, 0.000000, 1.000000, 0.000000, 0.000000, 0.000000, 0.000000]},
		"node_09" : {"left" : null, "right" : null, "feature" : null, "threshold" : null, "impurity" : 0.000000, "n_samples" : 1, "w_samples" : 1.000000, "value" : [0.000000, 0.000000, 0.000000, 0.000000, 0.000000, 0.000000, 0.000000, 0.000000, 1.000000, 0.000000]},
		"node_10" : {"left" : null, "right" : null, "feature" : null, "threshold" : null, "impurity" : 0.000000, "n_samples" : 1, "w_samples" : 1.000000, "value" : [0.000000, 0.000000, 0.000000, 0.000000, 1.000000, 0.000000, 0.000000, 0.000000, 0.000000, 0.000000]},
		"node_11" : {"left" : 13, "right" : 14, "feature" : 53, "threshold" : 0.500000, "impurity" : 0.857143, "n_samples" : 42, "w_samples" : 42.000000, "value" : [0.000000, 0.119048, 0.095238, 0.071429, 0.047619, 0.166667, 0.166667, 0.142857, 0.190476, 0.000000]},
		"node_12" : {"left" : null, "right" : null, "feature" : null, "threshold" : null, "impurity" : 0.000000, "n_samples" : 4, "w_samples" : 4.000000, "value" : [0.000000, 0.000000, 0.000000, 0.000000, 1.000000, 0.000000, 0.000000, 0.000000, 0.000000, 0.000000]},
		"node_13" : {"left" : 15, "right" : 16, "feature" : 29, "threshold" : 6.500000, "impurity" : 0.518519, "n_samples" : 9, "w_samples" : 9.000000, "value" : [0.000000, 0.111111, 0.000000, 0.000000, 0.000000, 0.111111, 0.000000, 0.666667, 0.111111, 0.000000]},
		"node_14" : {"left" : 21, "right" : 22, "feature" : 28, "threshold" : 5.500000, "impurity" : 0.835629, "n_samples" : 33, "w_samples" : 33.000000, "value" : [0.000000, 0.121212, 0.121212, 0.090909, 0.060606, 0.181818, 0.212121, 0.000000, 0.212121, 0.000000]},
		"node_15" : {"left" : 17, "right" : 18, "feature" : 18, "threshold" : 11.000000, "impurity" : 0.666667, "n_samples" : 3, "w_samples" : 3.000000, "value" : [0.000000, 0.333333, 0.000000, 0.000000, 0.000000, 0.333333, 0.000000, 0.000000, 0.333333, 0.000000]},
		"node_16" : {"left" : null, "right" : null, "feature" : null, "threshold" : null, "impurity" : 0.000000, "n_samples" : 6, "w_samples" : 6.000000, "value" : [0.000000, 0.000000, 0.000000, 0.000000, 0.000000, 0.000000, 0.000000, 1.000000, 0.000000, 0.000000]},
		"node_17" : {"left" : null, "right" : null, "feature" : null, "threshold" : null, "impurity" : 0.000000, "n_samples" : 1, "w_samples" : 1.000000, "value" : [0.000000, 1.000000, 0.000000, 0.000000, 0.000000, 0.000000, 0.000000, 0.000000, 0.000000, 0.000000]},
		"node_18" : {"left" : 19, "right" : 20, "feature" : 2, "threshold" : 8.000000, "impurity" : 0.500000, "n_samples" : 2, "w_samples" : 2.000000, "value" : [0.000000, 0.000000, 0.000000, 0.000000, 0.000000, 0.500000, 0.000000, 0.000000, 0.500000, 0.000000]},
		"node_19" : {"left" : null, "right" : null, "feature" : null, "threshold" : null, "impurity" : 0.000000, "n_samples" : 1, "w_samples" : 1.000000, "value" : [0.000000, 0.000000, 0.000000, 0.000000, 0.000000, 1.000000, 0.000000, 0.000000, 0.000000, 0.000000]},
		"node_20" : {"left" : null, "right" : null, "feature" : null, "threshold" : null, "impurity" : 0.000000, "n_samples" : 1, "w_samples" : 1.000000, "value" : [0.000000, 0.000000, 0.000000, 0.000000, 0.000000, 0.000000, 0.000000, 0.000000, 1.000000, 0.000000]},
		"node_21" : {"left" : 23, "right" : 24, "feature" : 35, "threshold" : 10.000000, "impurity" : 0.518519, "n_samples" : 9, "w_samples" : 9.000000, "value" : [0.000000, 0.000000, 0.111111, 0.000000, 0.111111, 0.111111, 0.666667, 0.000000, 0.000000, 0.000000]},
		"node_22" : {"left" : 29, "right" : 30, "feature" : 26, "threshold" : 15.500000, "impurity" : 0.809028, "n_samples" : 24, "w_samples" : 24.000000, "value" : [0.000000, 0.166667, 0.125000, 0.125000, 0.041667, 0.208333, 0.041667, 0.000000, 0.291667, 0.000000]},
		"node_23" : {"left" : 25, "right" : 26, "feature" : 5, "threshold" : 8.000000, "impurity" : 0.500000, "n_samples" : 2, "w_samples" : 2.000000, "value" : [0.000000, 0.000000, 0.500000, 0.000000, 0.500000, 0.000000, 0.000000, 0.000000, 0.000000, 0.000000]},
		"node_24" : {"left" : 27, "right" : 28, "feature" : 60, "threshold" : 11.000000, "impurity" : 0.244898, "n_samples" : 7, "w_samples" : 7.000000, "value" : [0.000000, 0.000000, 0.000000, 0.000000, 0.000000, 0.142857, 0.857143, 0.000000, 0.000000, 0.000000]},
		"node_25" : {"left" : null, "right" : null, "feature" : null, "threshold" : null, "impurity" : 0.000000, "n_samples" : 1, "w_samples" : 1.000000, "value" : [0.000000, 0.000000, 0.000000, 0.000000, 1.000000, 0.000000, 0.000000, 0.000000, 0.000000, 0.000000]},
		"node_26" : {"left" : null, "right" : null, "feature" : null, "threshold" : null, "impurity" : 0.000000, "n_samples" : 1, "w_samples" : 1.000000, "value" : [0.000000, 0.000000, 1.000000, 0.000000, 0.000000, 0.000000, 0.000000, 0.000000, 0.000000, 0.000000]},
		"node_27" : {"left" : null, "right" : null, "feature" : null, "threshold" : null, "impurity" : 0.000000, "n_samples" : 1, "w_samples" : 1.000000, "value" : [0.000000, 0.000000, 0.000000, 0.000000, 0.000000, 1.000000, 0.000000, 0.000000, 0.000000, 0.000000]},
		"node_28" : {"left" : null, "right" : null, "feature" : null, "threshold" : null, "impurity" : 0.000000,