{
   "Contributions" : {
      "X_0" : [ -0.000094, 0.000094 ],
      "X_1" : [ 0.000116, -0.000116 ],
      "X_2" : [ -0.000294, 0.000294 ],
      "X_3" : [ -0.001365, 0.001365 ],
      "X_4" : [ 0.000834, -0.000834 ],
      "X_5" : [ -0.002698, 0.002698 ],
      "X_6" : [ 0.000797, -0.000797 ],
      "X_7" : [ 0.000199, -0.000199 ],
      "X_8" : [ -0.000311, 0.000311 ],
      "X_9" : [ -0.001070, 0.001070 ],
      "X_10" : [ -0.001952, 0.001952 ],
      "X_11" : [ 0.000023, -0.000023 ],
      "X_12" : [ 0.001547, -0.001547 ],
      "X_13" : [ -0.000055, 0.000055 ],
      "X_14" : [ 0.000066, -0.000066 ],
      "X_15" : [ -0.000681, 0.000681 ],
      "X_16" : [ -0.001699, 0.001699 ],
      "X_17" : [ -0.001803, 0.001803 ],
      "X_18" : [ 0.000187, -0.000187 ],
      "X_19" : [ -0.000331, 0.000331 ],
      "X_20" : [ -0.000244, 0.000244 ],
      "X_21" : [ 0.000057, -0.000057 ],
      "X_22" : [ -0.000705, 0.000705 ],
      "X_23" : [ -0.000554, 0.000554 ],
      "X_24" : [ 0.000095, -0.000095 ],
      "X_25" : [ -0.000762, 0.000762 ],
      "X_26" : [ 0.000642, -0.000642 ],
      "X_27" : [ 0.000177, -0.000177 ],
      "X_28" : [ -0.000376, 0.000376 ],
      "X_29" : [ -0.000059, 0.000059 ],
      "X_30" : [ 0.000818, -0.000818 ],
      "X_31" : [ 0.000935, -0.000935 ],
      "X_32" : [ -0.001090, 0.001090 ],
      "X_33" : [ -0.000721, 0.000721 ],
      "X_34" : [ 0.000406, -0.000406 ],
      "X_35" : [ -0.001594, 0.001594 ],
      "X_36" : [ 0.000755, -0.000755 ],
      "X_37" : [ -0.000049, 0.000049 ],
      "X_38" : [ 0.000677, -0.000677 ],
      "X_39" : [ 0.000480, -0.000480 ],
      "X_40" : [ 0.001125, -0.001125 ],
      "X_41" : [ 0.000345, -0.000345 ],
      "X_42" : [ 0.001183, -0.001183 ],
      "X_43" : [ 0.000090, -0.000090 ],
      "X_44" : [ -0.000803, 0.000803 ],
      "X_45" : [ 0.000841, -0.000841 ],
      "X_46" : [ -0.000137, 0.000137 ],
      "X_47" : [ -0.001785, 0.001785 ],
      "X_48" : [ -0.000976, 0.000976 ],
      "X_49" : [ -0.001797, 0.001797 ],
      "X_50" : [ -0.000034, 0.000034 ],
      "X_51" : [ 0.001953, -0.001953 ],
      "X_52" : [ -0.000671, 0.000671 ],
      "X_53" : [ 0.001064, -0.001064 ],
      "X_54" : [ 0.001127, -0.001127 ],
      "X_55" : [ 0.000402, -0.000402 ],
      "X_56" : [ 0.000095, -0.000095 ],
      "X_57" : [ 0.000441, -0.000441 ],
      "X_58" : [ 0.000620, -0.000620 ],
      "X_59" : [ 0.000560, -0.000560 ],
      "X_60" : [ 0.000262, -0.000262 ],
      "X_61" : [ 0.000903, -0.000903 ],
      "X_62" : [ -0.001348, 0.001348 ],
      "X_63" : [ 0.000505, -0.000505 ],
      "X_64" : [ -0.000087, 0.000087 ],
      "X_65" : [ -0.000423, 0.000423 ],
      "X_66" : [ -0.001379, 0.001379 ],
      "X_67" : [ -0.002407, 0.002407 ],
      "X_68" : [ 0.001713, -0.001713 ],
      "X_69" : [ 0.000097, -0.000097 ],
      "X_70" : [ -0.000250, 0.000250 ],
      "X_71" : [ -0.000831, 0.000831 ],
      "X_72" : [ -0.001008, 0.001008 ],
      "X_73" : [ 0.000078, -0.000078 ],
      "X_74" : [ -0.003193, 0.003193 ],
      "X_75" : [ 0.001888, -0.001888 ],
      "X_76" : [ -0.000114, 0.000114 ],
      "X_77" : [ -0.000306, 0.000306 ],
      "X_78" : [ 0.000463, -0.000463 ],
      "X_79" : [ -0.000199, 0.000199 ],
      "X_80" : [ -0.001142, 0.001142 ],
      "X_81" : [ -0.000386, 0.000386 ],
      "X_82" : [ -0.000586, 0.000586 ],
      "X_83" : [ -0.000023, 0.000023 ],
      "X_84" : [ 0.002151, -0.002151 ],
      "X_85" : [ -0.000364, 0.000364 ],
      "X_86" : [ -0.000248, 0.000248 ],
      "X_87" : [ -0.000569, 0.000569 ],
      "X_88" : [ -0.000759, 0.000759 ],
      "X_89" : [ 0.000159, -0.000159 ],
      "X_90" : [ -0.001653, 0.001653 ],
      "X_91" : [ 0.001789, -0.001789 ],
      "X_92" : [ -0.000981, 0.000981 ],
      "X_93" : [ -0.003584, 0.003584 ],
      "X_94" : [ 0.000286, -0.000286 ],
      "X_95" : [ -0.000557, 0.000557 ],
      "X_96" : [ -0.000602, 0.000602 ],
      "X_97" : [ 0.000221, -0.000221 ],
      "X_98" : [ 0.000658, -0.000658 ],
      "X_99" : [ -0.001196, 0.001196 ]   
   },
   "Most_Contributive_Features_By_Class" : {
      "class_0" : [ 93, 74, 5, 67, 84, 51, 10, 75, 17, 49 ],
      "class_1" : [ 93, 74, 5, 67, 84, 51, 10, 75, 17, 49 ]
   }
}