{
   "Contributions" : {
      "X_0" : [ -0.081101 ],
      "X_1" : [ -0.023632 ],
      "X_2" : [ 0.071587 ],
      "X_3" : [ -0.896845 ],
      "X_4" : [ 0.288297 ],
      "X_5" : [ -0.087585 ],
      "X_6" : [ 0.016214 ],
      "X_7" : [ -0.139141 ],
      "X_8" : [ -0.166893 ],
      "X_9" : [ -0.062749 ]   
   },
   "Most_Contributive_Features" : {
      "y" : [ 3, 4, 8, 7, 5, 0, 2, 9, 1, 6 ]
   }
}