{
   "Contributions" : {
      "X_0" : [ -0.058749 ],
      "X_1" : [ -0.068352 ],
      "X_2" : [ 0.040017 ],
      "X_3" : [ -1.012803 ],
      "X_4" : [ 0.260846 ],
      "X_5" : [ -0.034569 ],
      "X_6" : [ -0.005202 ],
      "X_7" : [ -0.115806 ],
      "X_8" : [ -0.172400 ],
      "X_9" : [ -0.072993 ]   
   },
   "Most_Contributive_Features" : {
      "y" : [ 3, 4, 8, 7, 9, 1, 0, 2, 5, 6 ]
   }
}