{
   "Contributions" : {
      "X_0" : [ -0.003723, 0.004533, -0.000167, -0.000642 ],
      "X_1" : [ -0.001557, 0.001094, -0.000433, 0.000896 ],
      "X_2" : [ 0.000485, -0.005593, -0.001071, 0.006179 ],
      "X_3" : [ 0.002750, -0.007866, 0.000471, 0.004645 ],
      "X_4" : [ -0.000035, 0.000717, 0.000112, -0.000794 ],
      "X_5" : [ 0.003622, -0.002420, -0.000026, -0.001176 ],
      "X_6" : [ -0.000556, 0.008594, 0.001593, -0.009631 ],
      "X_7" : [ -0.006028, 0.012674, 0.000838, -0.007484 ],
      "X_8" : [ -0.002708, 0.004874, -0.000352, -0.001814 ],
      "X_9" : [ 0.000617, -0.003185, 0.000220, 0.002348 ]   
   },
   "Most_Contributive_Features_By_Class" : {
      "class_0" : [ 7, 0, 5, 3, 8, 1, 9, 6, 2, 4 ],
      "class_1" : [ 7, 6, 3, 2, 8, 0, 9, 5, 1, 4 ],
      "class_2" : [ 6, 2, 7, 3, 1, 8, 9, 0, 4, 5 ],
      "class_3" : [ 6, 7, 2, 3, 9, 8, 5, 1, 4, 0 ]
   }
}