{
   "Contributions" : {
      "X_0" : [ 0.009974, 0.010070, -0.014655, -0.005389 ],
      "X_1" : [ 0.011637, -0.012157, 0.001647, -0.001127 ],
      "X_2" : [ -0.000770, -0.003793, 0.005702, -0.001138 ],
      "X_3" : [ 0.014152, 0.001033, -0.017768, 0.002583 ],
      "X_4" : [ 0.001051, -0.000444, 0.000032, -0.000639 ],
      "X_5" : [ -0.005648, -0.000125, 0.000949, 0.004824 ],
      "X_6" : [ 0.003815, -0.004056, 0.005712, -0.005471 ],
      "X_7" : [ -0.021868, 0.038799, 0.003942, -0.020873 ],
      "X_8" : [ -0.002538, 0.015976, -0.018202, 0.004764 ],
      "X_9" : [ 0.002588, 0.000590, 0.001231, -0.004409 ]   
   },
   "Most_Contributive_Features_By_Class" : {
      "class_0" : [ 7, 3, 1, 0, 5, 6, 9, 8, 4, 2 ],
      "class_1" : [ 7, 8, 1, 0, 6, 2, 3, 9, 4, 5 ],
      "class_2" : [ 8, 3, 0, 6, 2, 7, 1, 9, 5, 4 ],
      "class_3" : [ 7, 6, 0, 5, 8, 9, 3, 2, 1, 4 ]
   }
}