{
   "Contributions" : {
      "X_0" : [ 0.000000, 0.000000, 0.000000, 0.000000, 0.000000, 0.000000, 0.000000, 0.000000, 0.000000, 0.000000 ],
      "X_1" : [ 0.000000, 0.000000, 0.000000, 0.000000, 0.000000, 0.000000, 0.000000, 0.000000, 0.000000, 0.000000 ],
      "X_2" : [ 0.000021, 0.003394, -0.005083, -0.004920, 0.005031, -0.006585, 0.005978, -0.002483, 0.004741, -0.000095 ],
      "X_3" : [ -0.000089, 0.000527, 0.000001, -0.001043, 0.002059, 0.000095, -0.000173, -0.001037, -0.000600, 0.000259 ],
      "X_4" : [ -0.000554, -0.001261, -0.002486, 0.001636, 0.001100, 0.003426, -0.000217, -0.002211, -0.000602, 0.001169 ],
      "X_5" : [ 0.000261, -0.006376, -0.004393, -0.003194, 0.002882, 0.017663, -0.001486, 0.000974, -0.003820, -0.002511 ],
      "X_6" : [ 0.002471, -0.000018, 0.000009, -0.000176, 0.000525, -0.004085, 0.000455, -0.000080, 0.000367, 0.000534 ],
      "X_7" : [ 0.000000, 0.000000, 0.000000, 0.000000, 0.000000, 0.000000, 0.000000, 0.000000, 0.000000, 0.000000 ],
      "X_8" : [ 0.000000, 0.000000, 0.000000, 0.000000, 0.000000, 0.000000, 0.000000, 0.000000, 0.000000, 0.000000 ],
      "X_9" : [ -0.000011, 0.000498, -0.000258, 0.000191, -0.000069, -0.000751, 0.000138, 0.000047, 0.000211, 0.000003 ],
      "X_10" : [ -0.000629, 0.007093, -0.004122, -0.000965, 0.004664, -0.001122, 0.000301, -0.000663, -0.003340, -0.001217 ],
      "X_11" : [ -0.000037, 0.000109, -0.000060, -0.000052, 0.000014, -0.000137, 0.000038, 0.000009, 0.000037, 0.000077 ],
      "X_12" : [ 0.000277, 0.001987, -0.000438, 0.001013, 0.004677, -0.000273, 0.000852, -0.004082, -0.003368, -0.000644 ],
      "X_13" : [ -0.000770, -0.000236, -0.000917, -0.000248, 0.003705, -0.000467, -0.000290, -0.000136, -0.000391, -0.000250 ],
      "X_14" : [ -0.000004, 0.000001, -0.000021, 0.000123, -0.000001, -0.000014, 0.000001, -0.000271, 0.000117, 0.000069 ],
      "X_15" : [ 0.000000, 0.000000, 0.000000, 0.000000, 0.000000, 0.000000, 0.000000, 0.000000, 0.000000, 0.000000 ],
      "X_16" : [ 0.000000, 0.000000, 0.000000, 0.000000, 0.000000, 0.000000, 0.000000, 0.000000, 0.000000, 0.000000 ],
      "X_17" : [ -0.000063, -0.000015, -0.000020, 0.000069, -0.000061, 0.000424, 0.000010, -0.000663, -0.000076, 0.000395 ],
      "X_18" : [ 0.003752, -0.001180, -0.001387, -0.010315, 0.003552, 0.006455, 0.001129, -0.010185, 0.003478, 0.004700 ],
      "X_19" : [ -0.000688, 0.001609, 0.001342, 0.006135, 0.001800, -0.003133, -0.001224, -0.006106, -0.000697, 0.000963 ],
      "X_20" : [ 0.000179, 0.003583, -0.000502, -0.002010, -0.000838, 0.001777, 0.000540, -0.000015, -0.000421, -0.002293 ],
      "X_21" : [ 0.002649, 0.000472, -0.003618, -0.005671, -0.000119, 0.000706, 0.008155, -0.001568, -0.003489, 0.002484 ],
      "X_22" : [ 0.000000, 0.000000, 0.000000, 0.000000, 0.000000, 0.000000, 0.000000, 0.000000, 0.000000, 0.000000 ],
      "X_23" : [ 0.000000, 0.000000, 0.000000, 0.000000, 0.000000, 0.000000, 0.000000, 0.000000, 0.000000, 0.000000 ],
      "X_24" : [ 0.000000, 0.000000, 0.000000, 0.000000, 0.000000, 0.000000, 0.000000, 0.000000, 0.000000, 0.000000 ],
      "X_25" : [ 0.000699, -0.000006, -0.000115, 0.000002, 0.001321, -0.000082, -0.000387, -0.001184, -0.000328, 0.000080 ],
      "X_26" : [ 0.004087, 0.000503, -0.009094, -0.025763, 0.006185, 0.016751, 0.008698, -0.011807, 0.001258, 0.009183 ],
      "X_27" : [ 0.000476, 0.002458, -0.000174, -0.001070, -0.000112, -0.000428, -0.000742, 0.002582, -0.000697, -0.002293 ],
      "X_28" : [ 0.023838, -0.002939, -0.006886, -0.001160, -0.000181, -0.004352, 0.001909, -0.002163, -0.002099, -0.005968 ],
      "X_29" : [ 0.000306, 0.002149, -0.001539, -0.002443, 0.000042, 0.000067, -0.000733, 0.000676, 0.000322, 0.001153 ],
      "X_30" : [ 0.005383, -0.000178, -0.001406, 0.002514, 0.001433, -0.001977, -0.002818, -0.001535, -0.000553, -0.000864 ],
      "X_31" : [ 0.000000, 0.000000, 0.000000, 0.000000, 0.000000, 0.000000, 0.000000, 0.000000, 0.000000, 0.000000 ],
      "X_32" : [ 0.000000, 0.000000, 0.000000, 0.000000, 0.000000, 0.000000, 0.000000, 0.000000, 0.000000, 0.000000 ],
      "X_33" : [ 0.006105, -0.004586, -0.004041, -0.005617, 0.026273, 0.001584, 0.002583, -0.002015, -0.009167, -0.011118 ],
      "X_34" : [ 0.001602, -0.000513, -0.002813, -0.001438, 0.001777, -0.001642, 0.001465, -0.000008, -0.002296, 0.003866 ],
      "X_35" : [ 0.000652, 0.000129, 0.000084, 0.000278, -0.000344, 0.000008, 0.000315, 0.000061, -0.000820, -0.000363 ],
      "X_36" : [ 0.018327, -0.001347, -0.001797, -0.005820, 0.002444, -0.003110, -0.004930, -0.005698, 0.000960, 0.000970 ],
      "X_37" : [ 0.000945, -0.002388, -0.000448, -0.000570, 0.004484, -0.000166, 0.001088, 0.001056, -0.004030, 0.000028 ],
      "X_38" : [ 0.001138, -0.000958, -0.008396, 0.001506, 0.002333, -0.000184, 0.002300, 0.007357, -0.007047, 0.001949 ],
      "X_39" : [ 0.000000, 0.000000, 0.000000, 0.000000, 0.000000, 0.000000, 0.000000, 0.000000, 0.000000, 0.000000 ],
      "X_40" : [ 0.000000, 0.000000, 0.000000, 0.000000, 0.000000, 0.000000, 0.000000, 0.000000, 0.000000, 0.000000 ],
      "X_41" : [ -0.000355, -0.000330, 0.000081, -0.000108, 0.001450, -0.000048, -0.000486, -0.000219, 0.000035, -0.000019 ],
      "X_42" : [ 0.005885, -0.003264, -0.004382, -0.008515, -0.000359, -0.000939, 0.020223, -0.003032, -0.002628, -0.002990 ],
      "X_43" : [ 0.000230, 0.002331, 0.003812, -0.009503, 0.003067, -0.002318, -0.000168, -0.002901, 0.004626, 0.000824 ],
      "X_44" : [ 0.000533, 0.000111, -0.002060, 0.000234, 0.003384, -0.001058, -0.000335, -0.000620, -0.001596, 0.001405 ],
      "X_45" : [ 0.000065, 0.000165, 0.001578, -0.003904, 0.000804, -0.000096, -0.000821, -0.000976, 0.003335, -0.000150 ],
      "X_46" : [ -0.000011, -0.005760, -0.004015, 0.001701, 0.001300, -0.000284, 0.006745, -0.000657, -0.000176, 0.001157 ],
      "X_47" : [ 0.000000, 0.000000, 0.000000, 0.000000, 0.000000, 0.000000, 0.000000, 0.000000, 0.000000, 0.000000 ],
      "X_48" : [ 0.000000, 0.000000, 0.000000, 0.000000, 0.000000, 0.000000, 0.000000, 0.000000, 0.000000, 0.000000 ],
      "X_49" : [ 0.000000, 0.000000, 0.000000, 0.000000, 0.000000, 0.000000, 0.000000, 0.000000, 0.000000, 0.000000 ],
      "X_50" : [ -0.000838, 0.003032, -0.001596, -0.000938, 0.003036, -0.000689, -0.000953, 0.004890, -0.006820, 0.000877 ],
      "X_51" : [ 0.000090, 0.000021, 0.011837, -0.006703, 0.000542, 0.000094, -0.000274, -0.000108, -0.004396, -0.001102 ],
      "X_52" : [ -0.000069, 0.000337, -0.000828, -0.000080, 0.000562, 0.000613, 0.000190, -0.003135, 0.002418, -0.000008 ],
      "X_53" : [ 0.000419, -0.001138, -0.002559, -0.006076, 0.005389, 0.000649, -0.000871, 0.000524, 0.004413, -0.000750 ],
      "X_54" : [ -0.000220, 0.000567, -0.000019, -0.000580, 0.001130, 0.000012, -0.000476, -0.001002, 0.001020, -0.000433 ],
      "X_55" : [ 0.000000, 0.000000, 0.000000, 0.000000, 0.000000, 0.000000, 0.000000, 0.000000, 0.000000, 0.000000 ],
      "X_56" : [ 0.000000, 0.000000, 0.000000, 0.000000, 0.000000, 0.000000, 0.000000, 0.000000, 0.000000, 0.000000 ],
      "X_57" : [ -0.000115, -0.000026, -0.002843, -0.000167, 0.000229, -0.000127, 0.003345, -0.000019, -0.000182, -0.000094 ],
      "X_58" : [ -0.001108, 0.006088, -0.006294, -0.004686, 0.017634, -0.003959, 0.001237, -0.004028, -0.001410, -0.003474 ],
      "X_59" : [ -0.000129, 0.001890, -0.001554, -0.001231, 0.002700, -0.002089, 0.000566, -0.000269, -0.000490, 0.000606 ],
      "X_60" : [ -0.000523, -0.001027, 0.003150, -0.004202, 0.001045, 0.001399, 0.000559, -0.000714, -0.000380, 0.000693 ],
      "X_61" : [ -0.001313, 0.000344, -0.005783, -0.005843, 0.005144, 0.006424, 0.000014, 0.004739, -0.000946, -0.002779 ],
      "X_62" : [ -0.000069, 0.000631, -0.002015, -0.000584, 0.000686, 0.001935, 0.000597, -0.000103, -0.001124, 0.000046 ],
      "X_63" : [ 0.000000, 0.000000, 0.000000, 0.000000, 0.000000, 0.000000, 0.000000, 0.000000, 0.000000, 0.000000 ]   
   },
   "Most_Contributive_Features_By_Class" : {
      "class_0" : [ 28, 36, 33, 42, 30, 26, 18, 21, 6, 34 ],