{
   "Contributions" : {
      "X_0" : [ 0.000310, -0.000310 ],
      "X_1" : [ -0.002520, 0.002520 ],
      "X_2" : [ 0.003873, -0.003873 ],
      "X_3" : [ -0.004196, 0.004196 ],
      "X_4" : [ -0.006965, 0.006965 ],
      "X_5" : [ -0.001080, 0.001080 ],
      "X_6" : [ 0.005266, -0.005266 ],
      "X_7" : [ 0.000145, -0.000145 ],
      "X_8" : [ -0.001894, 0.001894 ],
      "X_9" : [ -0.000737, 0.000737 ]   
   },
   "Most_Contributive_Features_By_Class" : {
      "class_0" : [ 4, 6, 3, 2, 1, 8, 5, 9, 0, 7 ],
      "class_1" : [ 4, 6, 3, 2, 1, 8, 5, 9, 0, 7 ]
   }
}