{
	"metadata" : { "model" : "Tikhonov_Ridge", "version" : "2024-W12", "signature" : "ff4_il8"},
	"options" : { "alpha" : 0.000000, "random_state" : 1789 },
	"dataset" : { "dataset_rows" : 64, "dataset_features" : 10 },
	"classes" : [ 0, 1 ],
	"equations" : {
		"class_1" : {
			"intercept" : 0.008188,
			"coeffs" : [ 0.045327, 0.040248, 0.139798, -0.093510, -0.208380, 0.294959, 0.232158, -0.013181, -0.045770, -0.023052 ]
		}
	}
}