{
   "Contributions" : {
      "X_0" : [ 0.000317, -0.000317 ],
      "X_1" : [ -0.002629, 0.002629 ],
      "X_2" : [ 0.003894, -0.003894 ],
      "X_3" : [ -0.004192, 0.004192 ],
      "X_4" : [ -0.007073, 0.007073 ],
      "X_5" : [ -0.001151, 0.001151 ],
      "X_6" : [ 0.005338, -0.005338 ],
      "X_7" : [ 0.000141, -0.000141 ],
      "X_8" : [ -0.002092, 0.002092 ],
      "X_9" : [ -0.000808, 0.000808 ]   
   },
   "Most_Contributive_Features_By_Class" : {
      "class_0" : [ 4, 6, 3, 2, 1, 8, 5, 9, 0, 7 ],
      "class_1" : [ 4, 6, 3, 2, 1, 8, 5, 9, 0, 7 ]
   }
}