{
   "Contributions" : {
      "X_0" : [ 0.610306 ],
      "X_1" : [ 0.275942 ],
      "X_2" : [ -0.028693 ],
      "X_3" : [ 0.043597 ],
      "X_4" : [ 0.154928 ],
      "X_5" : [ 0.360763 ],
      "X_6" : [ 0.831511 ],
      "X_7" : [ -0.307324 ],
      "X_8" : [ 0.325530 ],
      "X_9" : [ 0.082118 ]   
   },
   "Most_Contributive_Features" : {
      "y" : [ 6, 0, 5, 8, 7, 1, 4, 9, 3, 2 ]
   }
}