{
   "Contributions" : {
      "X_0" : [ 0.305153 ],
      "X_1" : [ 0.137971 ],
      "X_2" : [ -0.014346 ],
      "X_3" : [ 0.021798 ],
      "X_4" : [ 0.077464 ],
      "X_5" : [ 0.180382 ],
      "X_6" : [ 0.415756 ],
      "X_7" : [ -0.153662 ],
      "X_8" : [ 0.162765 ],
      "X_9" : [ 0.041059 ]   
   },
   "Most_Contributive_Features" : {
      "y" : [ 6, 0, 5, 8, 7, 1, 4, 9, 3, 2 ]
   }
}