{
   "Contributions" : {
      "X_0" : [ -0.000176, 0.000176 ],
      "X_1" : [ 0.000209, -0.000209 ],
      "X_2" : [ 0.004862, -0.004862 ],
      "X_3" : [ 0.000127, -0.000127 ],
      "X_4" : [ -0.002444, 0.002444 ],
      "X_5" : [ 0.002852, -0.002852 ],
      "X_6" : [ 0.004445, -0.004445 ],
      "X_7" : [ -0.000616, 0.000616 ],
      "X_8" : [ -0.000288, 0.000288 ],
      "X_9" : [ -0.000382, 0.000382 ]   
   },
   "Most_Contributive_Features_By_Class" : {
      "class_0" : [ 2, 6, 5, 4, 7, 9, 8, 1, 0, 3 ],
      "class_1" : [ 2, 6, 5, 4, 7, 9, 8, 1, 0, 3 ]
   }
}