{
   "Contributions" : {
      "X_0" : [ -0.000137, 0.000137 ],
      "X_1" : [ 0.000242, -0.000242 ],
      "X_2" : [ 0.002245, -0.002245 ],
      "X_3" : [ 0.000097, -0.000097 ],
      "X_4" : [ -0.001348, 0.001348 ],
      "X_5" : [ 0.004725, -0.004725 ],
      "X_6" : [ 0.003574, -0.003574 ],
      "X_7" : [ -0.000605, 0.000605 ],
      "X_8" : [ -0.000249, 0.000249 ],
      "X_9" : [ -0.000394, 0.000394 ]   
   },
   "Most_Contributive_Features_By_Class" : {
      "class_0" : [ 5, 6, 2, 4, 7, 9, 8, 1, 0, 3 ],
      "class_1" : [ 5, 6, 2, 4, 7, 9, 8, 1, 0, 3 ]
   }
}