{
   "Contributions" : {
      "X_0" : [ 0.000000 ],
      "X_1" : [ -0.046104 ],
      "X_2" : [ 0.043262 ],
      "X_3" : [ -0.042146 ],
      "X_4" : [ 0.006154 ],
      "X_5" : [ 0.000000 ],
      "X_6" : [ 0.000000 ],
      "X_7" : [ 0.000000 ],
      "X_8" : [ 0.000000 ],
      "X_9" : [ 0.000000 ]   
   },
   "Most_Contributive_Features" : {
      "y" : [ 1, 2, 3, 4 ]
   }
}