{
   "Contributions" : {
      "X_0" : [ -0.000059 ],
      "X_1" : [ 0.000886 ],
      "X_2" : [ 0.004454 ],
      "X_3" : [ 0.004263 ],
      "X_4" : [ 0.001209 ],
      "X_5" : [ -0.001480 ],
      "X_6" : [ 0.000327 ],
      "X_7" : [ -0.000122 ],
      "X_8" : [ 0.001889 ],
      "X_9" : [ 0.001052 ]   
   },
   "Most_Contributive_Features" : {
      "y" : [ 2, 3, 8, 5, 4, 9, 1, 6, 7, 0 ]
   }
}