{
   "Contributions" : {
      "X_0" : [ 0.004025 ],
      "X_1" : [ -0.076394 ],
      "X_2" : [ -0.033408 ],
      "X_3" : [ 0.022956 ],
      "X_4" : [ -0.011526 ],
      "X_5" : [ -0.001249 ],
      "X_6" : [ 0.013915 ],
      "X_7" : [ -0.003980 ],
      "X_8" : [ 0.008685 ],
      "X_9" : [ 0.036976 ]   
   },
   "Most_Contributive_Features" : {
      "y" : [ 1, 9, 2, 3, 6, 4, 8, 0, 7, 5 ]
   }
}