{
   "Contributions" : {
      "X_0" : [ 1684.946289 ],
      "X_1" : [ -5219.673828 ],
      "X_2" : [ 149.086914 ],
      "X_3" : [ 33.173630 ],
      "X_4" : [ -236.297134 ],
      "X_5" : [ 0.000000 ],
      "X_6" : [ 0.000000 ],
      "X_7" : [ -1350.818604 ],
      "X_8" : [ 0.000000 ]   
   },
   "Most_Contributive_Features" : {
      "y" : [ 1, 0, 7, 4, 2, 3 ]
   }
}