{
   "Contributions" : {
      "X_0" : [ 98.805832 ],
      "X_1" : [ 564.989441 ],
      "X_2" : [ 3462.511963 ],
      "X_3" : [ 25.585789 ],
      "X_4" : [ -105.447678 ],
      "X_5" : [ 5.927566 ],
      "X_6" : [ -127.404846 ],
      "X_7" : [ -325.501465 ],
      "X_8" : [ 0.000000 ]   
   },
   "Most_Contributive_Features" : {
      "y" : [ 2, 1, 7, 6, 4, 0, 3, 5 ]
   }
}