{
   "Contributions" : {
      "X_0" : [ 0.000093, -0.000745, 0.000652 ],
      "X_1" : [ -0.001122, 0.001208, -0.000087 ],
      "X_2" : [ -0.016650, 0.007145, 0.009505 ],
      "X_3" : [ -0.005021, 0.012558, -0.007537 ]   
   },
   "Most_Contributive_Features_By_Class" : {
      "class_0" : [ 2, 3, 1, 0 ],
      "class_1" : [ 3, 2, 1, 0 ],
      "class_2" : [ 2, 3, 0, 1 ]
   }
}