{
   "Contributions" : {
      "X_0" : [ -0.000822, -0.000542, 0.001364 ],
      "X_1" : [ 0.019499, -0.024152, 0.004653 ],
      "X_2" : [ -0.035772, 0.010531, 0.025241 ],
      "X_3" : [ -0.000106, 0.012769, -0.012663 ]   
   },
   "Most_Contributive_Features_By_Class" : {
      "class_0" : [ 2, 1, 0, 3 ],
      "class_1" : [ 1, 3, 2, 0 ],
      "class_2" : [ 2, 3, 1, 0 ]
   }
}