{
   "Contributions" : {
      "X_0" : [ -0.000739, 0.000739 ],
      "X_1" : [ 0.000019, -0.000019 ],
      "X_2" : [ -0.000068, 0.000068 ],
      "X_3" : [ -0.000013, 0.000013 ],
      "X_4" : [ -0.000026, 0.000026 ],
      "X_5" : [ -0.000002, 0.000002 ],
      "X_6" : [ -0.000001, 0.000001 ],
      "X_7" : [ 0.000000, 0.000000 ],
      "X_8" : [ -0.000362, 0.000362 ],
      "X_9" : [ 0.000000, 0.000000 ],
      "X_10" : [ 0.000000, 0.000000 ],
      "X_11" : [ 0.000000, 0.000000 ],
      "X_12" : [ 0.000017, -0.000017 ],
      "X_13" : [ 0.000000, 0.000000 ],
      "X_14" : [ -0.000060, 0.000060 ],
      "X_15" : [ -0.000624, 0.000624 ],
      "X_16" : [ 0.005909, -0.005909 ],
      "X_17" : [ 0.000000, 0.000000 ],
      "X_18" : [ -0.029102, 0.029102 ],
      "X_19" : [ 0.000000, 0.000000 ],
      "X_20" : [ 0.000000, 0.000000 ],
      "X_21" : [ 0.000000, 0.000000 ],
      "X_22" : [ 0.000000, 0.000000 ],
      "X_23" : [ 0.000000, 0.000000 ],
      "X_24" : [ -0.000127, 0.000127 ],
      "X_25" : [ 0.000029, -0.000029 ],
      "X_26" : [ 0.000000, 0.000000 ],
      "X_27" : [ 0.000000, 0.000000 ],
      "X_28" : [ 0.000186, -0.000186 ],
      "X_29" : [ -0.000172, 0.000172 ],
      "X_30" : [ -0.000067, 0.000067 ],
      "X_31" : [ 0.000000, 0.000000 ],
      "X_32" : [ 0.000000, 0.000000 ],
      "X_33" : [ 0.000000, 0.000000 ],
      "X_34" : [ 0.000000, 0.000000 ],
      "X_35" : [ 0.000000, 0.000000 ],
      "X_36" : [ -0.000492, 0.000492 ],
      "X_37" : [ 0.000000, 0.000000 ],
      "X_38" : [ -0.000002, 0.000002 ],
      "X_39" : [ 0.000000, 0.000000 ],
      "X_40" : [ 0.000000, 0.000000 ],
      "X_41" : [ -0.000010, 0.000010 ],
      "X_42" : [ -0.000204, 0.000204 ],
      "X_43" : [ -0.005646, 0.005646 ],
      "X_44" : [ -0.001009, 0.001009 ],
      "X_45" : [ -0.014937, 0.014937 ],
      "X_46" : [ 0.000000, 0.000000 ],
      "X_47" : [ 0.000000, 0.000000 ],
      "X_48" : [ 0.000000, 0.000000 ],
      "X_49" : [ 0.000000, 0.000000 ],
      "X_50" : [ 0.000000, 0.000000 ],
      "X_51" : [ 0.000000, 0.000000 ],
      "X_52" : [ 0.000008, -0.000008 ]   
   },
   "Most_Contributive_Features_By_Class" : {
      "class_0" : [ 18, 45, 16, 43, 44, 0, 15, 36, 8, 42 ],
      "class_1" : [ 18, 45, 16, 43, 44, 0, 15, 36, 8, 42 ]
   }
}