{
	"metadata" : { "model" : "Breiman_CART", "version" : "2024-W13", "signature" : "ff4_OO8"},
	"options" : { "ccp_alpha" : 0.000000, "criterion" : "", "max_depth" : 6, "max_features" : null, "max_leaf_nodes" : 32, "min_impurity_decrease" : 0.000000, "min_samples_leaf" : 1, "min_samples_split" : 2, "min_weight_fraction_leaf" : 0.000000, "random_state" : 1789, "splitter" : "best" },
	"dataset" : { "dataset_rows" : 48842, "dataset_features" : 53 },
	"classes" : [ "<=50K", ">50K" ],
	"tree" : {
	"features" : 53,
	"outputs" : 2,
	"max_depth" : 5,
	"node_count" : 63,
	"nodes" : {
		"node_00" : {"left" : 1, "right" : 2, "feature" : 18, "threshold" : 0.500000, "impurity" : 0.364052, "n_samples" : 48842, "w_samples" : 48842.000000, "value" : [0.760718, 0.239282]},
		"node_01" : {"left" : 5, "right" : 6, "feature" : 43, "threshold" : 2.500000, "impurity" : 0.120425, "n_samples" : 26463, "w_samples" : 26463.000000, "value" : [0.935646, 0.064354]},
		"node_02" : {"left" : 3, "right" : 4, "feature" : 16, "threshold" : 12.500000, "impurity" : 0.494197, "n_samples" : 22379, "w_samples" : 22379.000000, "value" : [0.553867, 0.446133]},
		"node_03" : {"left" : 7, "right" : 8, "feature" : 43, "threshold" : 1.500000, "impurity" : 0.442778, "n_samples" : 15717, "w_samples" : 15717.000000, "value" : [0.669148, 0.330852]},
		"node_04" : {"left" : 11, "right" : 12, "feature" : 43, "threshold" : 2.500000, "impurity" : 0.404862, "n_samples" : 6662, "w_samples" : 6662.000000, "value" : [0.281897, 0.718103]},
		"node_05" : {"left" : 39, "right" : 40, "feature" : 16, "threshold" : 13.500000, "impurity" : 0.093047, "n_samples" : 26024, "w_samples" : 26024.000000, "value" : [0.951084, 0.048916]},
		"node_06" : {"left" : 57, "right" : 58, "feature" : 45, "threshold" : 1.500000, "impurity" : 0.040162, "n_samples" : 439, "w_samples" : 439.000000, "value" : [0.020501, 0.979499]},
		"node_07" : {"left" : 13, "right" : 14, "feature" : 16, "threshold" : 8.500000, "impurity" : 0.419211, "n_samples" : 14638, "w_samples" : 14638.000000, "value" : [0.700984, 0.299016]},
		"node_08" : {"left" : 9, "right" : 10, "feature" : 43, "threshold" : 2.500000, "impurity" : 0.361932, "n_samples" : 1079, "w_samples" : 1079.000000, "value" : [0.237257, 0.762743]},
		"node_09" : {"left" : 15, "right" : 16, "feature" : 45, "threshold" : 1.500000, "impurity" : 0.469321, "n_samples" : 654, "w_samples" : 654.000000, "value" : [0.376147, 0.623853]},
		"node_10" : {"left" : 55, "right" : 56, "feature" : 16, "threshold" : 1.500000, "impurity" : 0.045952, "n_samples" : 425, "w_samples" : 425.000000, "value" : [0.023529, 0.976471]},
		"node_11" : {"left" : 19, "right" : 20, "feature" : 44, "threshold" : 1.500000, "impurity" : 0.435377, "n_samples" : 5858, "w_samples" : 5858.000000, "value" : [0.320246, 0.679754]},
		"node_12" : {"left" : null, "right" : null, "feature" : null, "threshold" : null, "impurity" : 0.004963, "n_samples" : 804, "w_samples" : 804.000000, "value" : [0.002488, 0.997512]},
		"node_13" : {"left" : null, "right" : null, "feature" : null, "threshold" : null, "impurity" : 0.185449, "n_samples" : 2485, "w_samples" : 2485.000000, "value" : [0.896580, 0.103421]},
		"node_14" : {"left" : 21, "right" : 22, "feature" : 0, "threshold" : 1.500000, "impurity" : 0.448165, "n_samples" : 12153, "w_samples" : 12153.000000, "value" : [0.660989, 0.339011]},
		"node_15" : {"left" : 17, "right" : 18, "feature" : 16, "threshold" : 10.500000, "impurity" : 0.458489, "n_samples" : 59, "w_samples" : 59.000000, "value" : [0.644068, 0.355932]},
		"node_16" : {"left" : 29, "right" : 30, "feature" : 16, "threshold" : 6.500000, "impurity" : 0.454748, "n_samples" : 595, "w_samples" : 595.000000, "value" : [0.349580, 0.650420]},
		"node_17" : {"left" : null, "right" : null, "feature" : null, "threshold" : null, "impurity" : 0.421502, "n_samples" : 53, "w_samples" : 53.000000, "value" : [0.698113, 0.301887]},
		"node_18" : {"left" : null, "right" : null, "feature" : null, "threshold" : null, "impurity" : 0.277778, "n_samples" : 6, "w_samples" : 6.000000, "value" : [0.166667, 0.833333]},
		"node_19" : {"left" : 23, "right" : 24, "feature" : 45, "threshold" : 1.500000, "impurity" : 0.454174, "n_samples" : 5252, "w_samples" : 5252.000000, "value" : [0.348629, 0.651371]},
		"node_20" : {"left" : 35, "right" : 36, "feature" : 44, "threshold" : 2.500000, "impurity" : 0.137487, "n_samples" : 606, "w_samples" : 606.000000, "value" : [0.074257, 0.925743]},
		"node_21" : {"left" : 33, "right" : 34, "feature" : 0, "threshold" : 0.500000, "impurity" : 0.349052, "n_samples" : 4004, "w_samples" : 4004.000000, "value" : [0.774725, 0.225275]},
		"node_22" : {"left" : 27, "right" : 28, "feature" : 45, "threshold" : 1.500000, "impurity" : 0.477906, "n_samples" : 8149, "w_samples" : 8149.000000, "value" : [0.605105, 0.394895]},
		"node_23" : {"left" : 25, "right" : 26, "feature" : 36, "threshold" : 0.500000, "impurity" : 0.493865, "n_samples" : 650, "w_samples" : 650.000000, "value" : [0.555385, 0.444615]},
		"node_24" : {"left" : 31, "right" : 32, "feature" : 0, "threshold" : 0.500000, "impurity" : 0.434786, "n_samples" : 4602, "w_samples" : 4602.000000, "value" : [0.319426, 0.680574]},
		"node_25" : {"left" : null, "right" : null, "feature" : null, "threshold" : null, "impurity" : 0.470799, "n_samples" : 480, "w_samples" : 480.000000, "value" : [0.620833, 0.379167]},
		"node_26" : {"left" : null, "right" : null, "feature" : null, "threshold" : null, "impurity" : 0.466505, "n_samples" : 170, "w_samples" : 170.000000, "value" : [0.370588, 0.629412]},
		"node_27" : {"left" : null, "right" : null, "feature" : null, "threshold" : null, "impurity" : 0.324820, "n_samples" : 1088, "w_samples" : 1088.000000, "value" : [0.795956, 0.204044]},
		"node_28" : {"left" : null, "right" : null, "feature" : null, "threshold" : null, "impurity" : 0.488540, "n_samples" : 7061, "w_samples" : 7061.000000, "value" : [0.575697, 0.424303]},
		"node_29" : {"left" : null, "right" : null, "feature" : null, "threshold" : null, "impurity" : 0.478096, "n_samples" : 43, "w_samples" : 43.000000, "value" : [0.604651, 0.395349]},
		"node_30" : {"left" : null, "right" : null, "feature" : null, "threshold" : null, "impurity" : 0.442003, "n_samples" : 552, "w_samples" : 552.000000, "value" : [0.329710, 0.670290]},
		"node_31" : {"left" : null, "right" : null, "feature" : null, "threshold" : null, "impurity" : 0.352316, "n_samples" : 92, "w_samples" : 92.000000, "value" : [0.771739, 0.228261]},
		"node_32" : {"left" : null, "right" : null, "feature" : null, "threshold" : null, "impurity" : 0.427952, "n_samples" : 4510, "w_samples" : 4510.000000, "value" : [0.310200, 0.689800]},
		"node_33" : {"left" : null, "right" : null, "feature" : null, "threshold" : null, "impurity" : 0.162456, "n_samples" : 684, "w_samples" : 684.000000, "value" : [0.910819, 0.089181]},
		"node_34" : {"left" : null, "right" : null, "feature" : null, "threshold" : null, "impurity" : 0.378291, "n_samples" : 3320, "w_samples" : 3320.000000, "value" : [0.746687, 0.253313]},
		"node_35" : {"left" : 37, "right" : 38, "feature" : 45, "threshold" : 0.500000, "impurity" : 0.288523, "n_samples" : 143, "w_samples" : 143.000000, "value" : [0.174825, 0.825175]},
		"node_36" : {"left" : null, "right" : null, "feature" : null, "threshold" : null, "impurity" : 0.082661, "n_samples" : 463, "w_samples" : 463.000000, "value" : [0.043197, 0.956803]},
		"node_37" : {"left" : null, "right" : null, "feature" : null, "threshold" : null, "impurity" : 0.480000, "n_samples" : 5, "w_samples" : 5.000000, "value" : [0.600000, 0.400000]},
		"node_38" : {"left" : null, "right" : null, "feature" : null, "threshold" : null, "impurity" : 0.268011, "n_samples" : 138, "w_samples" : 138.000000, "value" : [0.159420, 0.840580]},
		"node_39" : {"left" : null, "right" : null, "feature" : null, "threshold" : null, "impurity" : 0.070940, "n_samples" : 24602, "w_samples" : 24602.000000, "value" : [0.963174, 0.036826]},
		"node_40" : {"left" : 41,