{
   "Contributions" : {
      "X_0" : [ 1121.012573 ],
      "X_1" : [ -5069.104980 ],
      "X_2" : [ 2833.525391 ],
      "X_3" : [ -343.519470 ],
      "X_4" : [ -727.931030 ],
      "X_5" : [ -17.787727 ],
      "X_6" : [ -380.103882 ],
      "X_7" : [ -540.389526 ],
      "X_8" : [ 0.000000 ]   
   },
   "Most_Contributive_Features" : {
      "y" : [ 1, 2, 0, 4, 7, 6, 3, 5 ]
   }
}