{
   "Contributions" : {
      "X_0" : [ -109.201004 ],
      "X_1" : [ 661.626282 ],
      "X_2" : [ 2218.830322 ],
      "X_3" : [ -203.438995 ],
      "X_4" : [ 33.134815 ],
      "X_5" : [ 312.902557 ],
      "X_6" : [ -16.710640 ],
      "X_7" : [ 3136.425781 ],
      "X_8" : [ 0.000000 ]   
   },
   "Most_Contributive_Features" : {
      "y" : [ 7, 2, 1, 5, 3, 0, 4, 6 ]
   }
}