{
   "Contributions" : {
      "X_0" : [ 0.000000, 0.000000, 0.000000, 0.000000, 0.000000, 0.000000, 0.000000, 0.000000, 0.000000, 0.000000 ],
      "X_1" : [ 0.002087, -0.001676, -0.001355, -0.001068, -0.000417, -0.001719, -0.003481, 0.000778, 0.002391, 0.004460 ],
      "X_2" : [ -0.002386, -0.004019, -0.008611, 0.025813, -0.010921, 0.024072, -0.015562, -0.006677, -0.004208, 0.002500 ],
      "X_3" : [ 0.004614, -0.006179, 0.023212, 0.007467, -0.012433, 0.004206, -0.003073, -0.001170, -0.003714, -0.012930 ],
      "X_4" : [ -0.000077, -0.000652, 0.000648, 0.000470, 0.000164, -0.001419, -0.000335, 0.000991, 0.000225, -0.000016 ],
      "X_5" : [ 0.000131, 0.000614, 0.002197, -0.005396, -0.000209, 0.000817, 0.002444, -0.000034, 0.000179, -0.000743 ],
      "X_6" : [ -0.002243, -0.000828, -0.000898, 0.002484, -0.000611, 0.000889, -0.000095, 0.001410, 0.000330, -0.000436 ],
      "X_7" : [ -0.001329, 0.001572, -0.000100, -0.000142, -0.002276, 0.000185, 0.000201, 0.001482, 0.000021, 0.000386 ],
      "X_8" : [ -0.000398, 0.000219, -0.000105, -0.000151, 0.000212, -0.000119, 0.000138, 0.000206, -0.000021, 0.000019 ],
      "X_9" : [ -0.010026, -0.004301, 0.003735, -0.000364, 0.001632, 0.004151, 0.003597, 0.001621, -0.000538, 0.000494 ],
      "X_10" : [ 0.003378, 0.001514, -0.006207, 0.009995, -0.003079, 0.000340, -0.004937, -0.001681, -0.000012, 0.000689 ],
      "X_11" : [ 0.001844, 0.001617, -0.007995, 0.005274, -0.004686, 0.000790, 0.000527, 0.000588, -0.000164, 0.002206 ],
      "X_12" : [ 0.005072, -0.001258, -0.002451, 0.004157, -0.004844, 0.002015, -0.002875, 0.000272, 0.000470, -0.000556 ],
      "X_13" : [ -0.002081, 0.000263, -0.000939, 0.000010, 0.003175, -0.000878, 0.000751, -0.001013, -0.000124, 0.000837 ],
      "X_14" : [ 0.000372, 0.000529, -0.000020, 0.000260, -0.000350, 0.000214, -0.000373, -0.000626, 0.000247, -0.000254 ],
      "X_15" : [ 0.000000, 0.000117, -0.000245, -0.000142, -0.000237, 0.000356, -0.000020, 0.000052, 0.000014, 0.000104 ],
      "X_16" : [ 0.000170, -0.000134, -0.000085, 0.000119, 0.000010, -0.000074, 0.000083, -0.000062, 0.000015, -0.000043 ],
      "X_17" : [ 0.007623, 0.001269, 0.007630, -0.005020, -0.021284, 0.004620, -0.000089, -0.001193, 0.002201, 0.004243 ],
      "X_18" : [ -0.010203, 0.001168, -0.003701, 0.007737, 0.000816, 0.002786, 0.003519, -0.000016, -0.000145, -0.001962 ],
      "X_19" : [ -0.000501, -0.000820, 0.000284, 0.000628, 0.003168, -0.002945, -0.002826, 0.000810, 0.000424, 0.001779 ],
      "X_20" : [ -0.000601, -0.001923, 0.005342, -0.004018, -0.000363, 0.003328, -0.000321, -0.000380, -0.000588, -0.000475 ],
      "X_21" : [ -0.001408, -0.000100, -0.001188, 0.005932, 0.000488, -0.000263, -0.000859, -0.002943, 0.000330, 0.000012 ],
      "X_22" : [ -0.000907, -0.000678, 0.000128, 0.002042, -0.000885, 0.000356, -0.000199, -0.000871, 0.000150, 0.000865 ],
      "X_23" : [ -0.000173, 0.000155, 0.001835, -0.001142, 0.000066, -0.000612, 0.000483, 0.000308, 0.000072, -0.000992 ],
      "X_24" : [ -0.000075, 0.000066, 0.000046, 0.000034, 0.000068, -0.000251, 0.000039, 0.000086, -0.000008, -0.000006 ],
      "X_25" : [ 0.035706, 0.014608, -0.018554, -0.081043, 0.031567, 0.044217, -0.001745, -0.032609, -0.007478, 0.015332 ],
      "X_26" : [ -0.019718, 0.006581, 0.001998, 0.040480, 0.005315, -0.028734, -0.002026, -0.006064, -0.000636, 0.002805 ],
      "X_27" : [ 0.004688, 0.000918, -0.001644, -0.000994, -0.005743, -0.003100, 0.001042, 0.002201, -0.000011, 0.002645 ],
      "X_28" : [ 0.002883, 0.001316, 0.000188, -0.004756, -0.002427, -0.001674, 0.001845, 0.001160, 0.000887, 0.000576 ],
      "X_29" : [ 0.003620, -0.000318, 0.000038, -0.000443, -0.003480, 0.003265, -0.000936, -0.000173, -0.000093, -0.001479 ],
      "X_30" : [ 0.001016, 0.000815, 0.001290, 0.000187, 0.000958, -0.000279, -0.004238, -0.000225, -0.000808, 0.001284 ],
      "X_31" : [ -0.000106, 0.000034, -0.000111, 0.000052, 0.000121, -0.000071, -0.000016, 0.000002, 0.000027, 0.000069 ],
      "X_32" : [ 0.000000, 0.000000, 0.000000, 0.000000, 0.000000, 0.000000, 0.000000, 0.000000, 0.000000, 0.000000 ],
      "X_33" : [ 0.051210, -0.012666, -0.010801, -0.005067, 0.040655, -0.038261, 0.008001, 0.018223, -0.008271, -0.043023 ],
      "X_34" : [ -0.020160, -0.005571, 0.003714, -0.006771, 0.020521, 0.004302, -0.001853, -0.005097, 0.002748, 0.008167 ],
      "X_35" : [ -0.006587, 0.000559, -0.003540, 0.002475, 0.004696, 0.000905, 0.000286, 0.002838, -0.001441, -0.000191 ],
      "X_36" : [ -0.000298, 0.000268, 0.001017, -0.000840, 0.000615, 0.000997, -0.000564, -0.000084, -0.001825, 0.000715 ],
      "X_37" : [ 0.004442, -0.000998, 0.002066, -0.004456, -0.001939, 0.000763, 0.001832, 0.000651, -0.001215, -0.001145 ],
      "X_38" : [ -0.004504, 0.002146, 0.002720, 0.001674, -0.003581, -0.002722, 0.000631, -0.000016, 0.001163, 0.002489 ],
      "X_39" : [ 0.000000, 0.000000, 0.000000, 0.000000, 0.000000, 0.000000, 0.000000, 0.000000, 0.000000, 0.000000 ],
      "X_40" : [ 0.000173, -0.000032, -0.000239, 0.000596, -0.000616, 0.000056, -0.000025, -0.000074, 0.000002, 0.000160 ],
      "X_41" : [ -0.020755, 0.007483, 0.013869, -0.000646, -0.007103, 0.010110, -0.007762, -0.002014, -0.004875, 0.011692 ],
      "X_42" : [ -0.002767, -0.006556, -0.000124, 0.005615, 0.002554, -0.006523, 0.000885, 0.006877, 0.002470, -0.002431 ],
      "X_43" : [ -0.023839, 0.005552, 0.013492, -0.012311, 0.011563, 0.010308, -0.001524, -0.000850, 0.002094, -0.004485 ],
      "X_44" : [ -0.010112, 0.001487, -0.000108, 0.000206, 0.005015, 0.003746, 0.001197, -0.000198, 0.000433, -0.001666 ],
      "X_45" : [ -0.001117, -0.000426, 0.004459, -0.001417, -0.000316, 0.002364, -0.001987, -0.000866, -0.001739, 0.001045 ],
      "X_46" : [ 0.003065, -0.000791, -0.009837, 0.002745, 0.004242, 0.003239, -0.000168, -0.001529, -0.000808, -0.000157 ],
      "X_47" : [ 0.000856, 0.000009, -0.000241, -0.000048, 0.000069, 0.000148, -0.000435, -0.000196, -0.000179, 0.000016 ],
      "X_48" : [ -0.000033, -0.000004, -0.000456, 0.000040, 0.000231, 0.000054, 0.000028, 0.000064, 0.000014, 0.000061 ],
      "X_49" : [ 0.001877, -0.000899, -0.000416, 0.010530, -0.005557, -0.002061, -0.001733, -0.002759, 0.000385, 0.000633 ],
      "X_50" : [ -0.001395, 0.004004, 0.000726, -0.002561, 0.006432, -0.009322, 0.004417, -0.000077, -0.002115, -0.000108 ],
      "X_51" : [ 0.002275, 0.005692, 0.001356, -0.010367, -0.001134, 0.001221, 0.003459, 0.001872, 0.000258, -0.004633 ],
      "X_52" : [ 0.002431, -0.001495, 0.000723, 0.000949, -0.003641, -0.000093, 0.001417, -0.000430, -0.000577, 0.000717 ],
      "X_53" : [ 0.002009, -0.001284, -0.000818, 0.001267, -0.000332, 0.000078, -0.001020, -0.000576, -0.000383, 0.001059 ],
      "X_54" : [ -0.000063, -0.001952, 0.000492, 0.000607, 0.005033, -0.002117, 0.001145, -0.001035, -0.000176, -0.001934 ],
      "X_55" : [ -0.003616, 0.001603, -0.004709, 0.006799, 0.000418, -0.002398, 0.000925, -0.000128, -0.000137, 0.001244 ],
      "X_56" : [ 0.000134, -0.000060, -0.000002, -0.000020, -0.000077, 0.000033, 0.000016, -0.000031, 0.000004, 0.000001 ],
      "X_57" : [ -0.003263, 0.000190, 0.007562, -0.000354, -0.000330, -0.000388, -0.001159, -0.000284, -0.001509, -0.000466 ],
      "X_58" : [ -0.001402, -0.001691, 0.010456, 0.031583, -0.010090, -0.001658, -0.005688, -0.011439, 0.002524, -0.012594 ],
      "X_59" : [ -0.008645, 0.019525, -0.031348, -0.043476, 0.010832, -0.027554, 0.029134, 0.017786, 0.010032, 0.023712 ],
      "X_60" : [ 0.003379, -0.000101, -0.001384, 0.004098, 0.009528, -0.009640, -0.004109, -0.002339, 0.000612, -0.000045 ],
      "X_61" : [ -0.000348, 0.001163, -0.006260, 0.001248, -0.006504, 0.003775, 0.000170, 0.001775, 0.002259, 0.002723 ],
      "X_62" : [ 0.000058, -0.000982, 0.003294, -0.000735, 0.001636, -0.000552, 0.000575, -0.001503, -0.000323, -0.001468 ],
      "X_63" : [ -0.001537, 0.001257, 0.007653, 0.002583, -0.004759, 0.001178, -0.001293, -0.001036, -0.003794, -0.000251 ]   
   },