{
	"metadata" : { "model" : "Tikhonov_Ridge", "version" : "2024-W14", "signature" : "ff4_il8"},
	"options" : { "alpha" : 1.000000, "random_state" : 1789 },
	"dataset" : { "dataset_rows" : 1797, "dataset_features" : 64 },
	"classes" : [ 0, 1, 2, 3, 4, 5, 6, 7, 8, 9 ],
	"equations" : {
		"class_0" : {
			"intercept" : -6.273510,
			"coeffs" : [ 0.000000, -0.057785, 0.090087, -0.067862, 0.050541, 0.026900, -0.116669, 0.279571, -0.341361, -0.252566, 0.002046, -0.096598, 0.097784, -0.009324, 0.049506, 0.045296, 0.308809, 0.193731, -0.308194, 0.195600, 0.067223, 0.042412, 0.028579, -0.035580, -0.492982, 1.114894, -0.832874, 0.452755, -0.169050, 0.142446, -0.061193, -0.252706, 0.000000, 1.112521, -0.817352, 0.421971, -0.119360, 0.224468, -0.202804, 0.000000, 0.105411, -0.833490, 1.166204, -1.086975, 0.541425, -0.172368, 0.162993, 0.306228, 0.083282, 0.012575, 0.008648, 0.449556, -0.246143, -0.091642, 0.142187, 0.125808, 0.934484, 0.201965, 0.103257, 0.102771, 0.015378, -0.197394, 0.022880, 0.036300 ]
		},
		"class_1" : {
			"intercept" : 0.542683,
			"coeffs" : [ 0.000000, 0.102547, 0.318061, 0.132583, -0.053985, 0.061474, 0.001709, -0.037934, 0.397151, -0.523843, 0.499432, -0.031632, -0.113404, 0.122542, -0.092619, 0.026279, -0.197820, -0.297283, 0.052170, -0.129113, 0.105493, 0.040126, 0.057200, 0.088313, 0.518358, 0.048633, 0.114955, 0.030059, -0.107903, -0.117542, -0.067653, 0.113019, 0.000000, -0.333484, 0.122015, -0.117639, 0.016826, -0.025808, 0.044629, 0.000000, -0.112557, 0.199971, -0.308642, 0.340423, -0.248482, 0.011868, -0.019988, -0.050101, 0.009911, 0.086303, -0.345024, 0.167459, 0.166573, 0.110700, -0.033784, -0.076095, -0.491881, -0.006409, 0.077315, -0.758829, 0.297349, -0.124575, 0.051497, 0.004015 ]
		},
		"class_2" : {
			"intercept" : -2.314496,
			"coeffs" : [ 0.000000, 0.030894, -0.174808, -0.376459, -0.083934, 0.030267, 0.049738, -0.122490, -0.217406, 0.524901, -0.603301, -0.245874, 0.023056, -0.168192, -0.001043, -0.101684, -0.081165, 0.553161, -0.067258, 0.190755, -0.149007, -0.027386, -0.053966, 0.228343, 0.155902, -1.037708, 0.797985, -0.457414, 0.215050, 0.089891, 0.118699, -0.133333, 0.000000, -0.447546, 0.068243, -0.037332, 0.009164, -0.033390, 0.137793, 0.000000, 0.050358, 0.533156, -0.482335, 0.278212, -0.184007, 0.308279, -0.218724, -0.063696, -0.633540, -0.139971, 0.377710, 0.650475, -0.077228, -0.031186, -0.201504, 0.081973, -0.066325, -0.149569, -0.339839, 1.044039, -0.238245, 0.407108, -0.165549, -0.171966 ]
		},
		"class_3" : {
			"intercept" : 5.066629,
			"coeffs" : [ 0.000000, 0.009129, -0.439504, -0.223486, 0.074727, -0.171565, 0.111840, -0.226910, -0.254489, 0.606977, -0.555788, 0.038390, 0.156603, -0.157851, 0.027359, -0.098681, 0.096225, 0.152583, 0.140936, 0.009640, 0.056364, -0.193692, -0.072058, -0.164139, 0.142781, -1.434766, 1.131381, -0.751678, 0.292585, -0.021581, 0.169799, -0.001110, 0.000000, -0.400661, -0.053995, 0.241401, -0.058562, -0.161840, 0.107269, 0.000000, 0.419100, 0.513555, -0.340790, -0.516756, 0.214736, -0.004629, -0.077950, -0.025532, -0.240138, -0.238440, 0.475462, -0.274181, -0.100726, -0.063823, -0.138279, -0.090252, 0.148176, -0.082612, -0.485331, 1.211737, -0.416961, 0.330745, -0.090281, -0.140249 ]
		},
		"class_4" : {
			"intercept" : -3.324754,
			"coeffs" : [ 0.000000, 0.054934, 0.343192, 0.386086, -0.030299, 0.098981, -0.124723, 0.158215, 0.329633, -0.323383, 0.676803, 0.224476, -0.134251, 0.220590, 0.032789, 0.077577, 0.017982, -0.874490, 0.208176, -0.302857, 0.052492, 0.160163, 0.054366, 0.018501, -0.083373, 1.231909, -1.098418, 0.770356, -0.290731, -0.045694, -0.154326, 0.136497, 0.000000, 1.372121, -0.571136, -0.088783, -0.008866, 0.094462, -0.180002, 0.000000, -0.609480, -0.776472, 0.334255, 0.871490, -0.324151, -0.052463, 0.142308, 0.051524, 0.638809, 0.301612, -0.606212, -0.567259, 0.235398, 0.078912, 0.222344, -0.006213, -0.293071, 0.051938, 0.348734, -1.253176, 0.351483, -0.373723, 0.187827, 0.239611 ]
		},
		"class_5" : {
			"intercept" : -3.963940,
			"coeffs" : [ 0.000000, 0.049120, -0.546561, -0.133592, 0.043853, -0.080303, -0.047527, 0.168704, -0.307338, 0.396193, -0.544234, -0.027239, 0.126515, -0.119043, 0.086432, -0.007037, -0.078508, 0.084894, -0.082013, 0.315093, -0.243532, -0.018843, -0.133816, -0.147956, -0.942969, 1.268213, -0.907271, 0.153044, 0.116980, 0.206500, 0.032511, -0.144628, 0.000000, -0.497735, 0.639799, 0.052159, 0.014256, 0.016555, -0.106942, 0.000000, 0.099890, 0.297794, -0.551496, 0.019841, 0.042051, 0.050998, 0.113739, 0.090307, -0.014939, -0.057994, 0.478199, -0.055523, -0.143496, -0.084781, -0.137221, 0.098050, 0.410100, -0.044300, -0.090773, 1.195951, -0.424720, 0.287592, 0.005315, -0.103030 ]
		},
		"class_6" : {
			"intercept" : -3.072625,
			"coeffs" : [ 0.000000, 0.099536, 0.467289, 0.116602, -0.043155, 0.148410, -0.025629, 0.044914, 0.231670, -0.482978, 0.593840, -0.059330, -0.124805, 0.138571, -0.055323, 0.107545, 0.143610, -0.329515, 0.065363, -0.173220, 0.118082, 0.022722, 0.099294, 0.177178, 0.299182, 0.218606, -0.299471, 0.331104, -0.199585, -0.042832, -0.204987, -0.030556, 0.000000, 0.589836, -0.096817, -0.166307, 0.010422, 0.120481, -0.033680, 0.000000, -0.184488, -0.643902, 0.642510, -0.081276, 0.026694, -0.097381, 0.035075, -0.085110, 0.152684, 0.129695, -0.415852, 0.325955, 0.041359, 0.068395, 0.210436, -0.026309, 0.043247, 0.052872, 0.230068, -1.077276, 0.440970, -0.320714, 0.036171, 0.094415 ]
		},
		"class_7" : {
			"intercept" : 1.303190,
			"coeffs" : [ 0.000000, -0.005608, 0.126245, -0.034598, -0.046373, 0.030228, 0.073670, -0.168257, 0.346799, -0.130005, 0.245037, -0.029584, -0.047584, 0.048538, -0.039098, -0.017407, -0.111925, -0.084531, 0.167140, -0.186675, 0.027324, 0.047912, 0.045988, 0.115132, 0.604045, -0.963623, 0.522962, -0.184664, 0.032845, -0.149357, 0.034355, 0.005923, 0.000000, 0.155712, 0.110539, -0.175739, 0.013287, -0.097446, 0.085116, 0.000000, -0.053319, 0.067564, -0.269724, 0.416652, -0.311526, 0.124563, -0.095486, -0.093728, -0.073288, 0.128356, -0.449879, 0.197714, 0.068382, 0.040773, -0.048921, -0.072698, -0.423453, -0.059757, 0.167370, -0.331550, 0.125621, 0.050599, -0.025579, 0.024164 ]
		},
		"class_8" : {
			"intercept" : 0.377045,
			"coeffs" : [ 0.000000, -0.117776, 0.058737, 0.012617, 0.034887, -0.020168, 0.062525, -0.107518, -0.080450, 0.034249, -0.096151, 0.056276, -0.007020, -0.002665, -0.004657, -0.017348, 0.015125, 0.326727, -0.045937, -0.030627, -0.012032, -0.046105, 0.001963, 0.027816, 0.045051, -0.502075, 0.377634, -0.118831, 0.057132, -0.010805, 0.018245, 0.162162, 0.000000, -0.563138, 0.306794, -0.250652, 0.121067, -0.083262, 0.088047, 0.000000, 0.011739, 0.122195, 0.088761, 0.241468, -0.031407, -0.002458, -0.087858, -0.133042, -0.002309, -0.134260, 0.273992, -0.467006, 0.057170, 0.024984, -0.009209, 0.001171, -0.194544, 0.020451, -0.136015, 0.020305, -0.079895, -0.003742, -0.048570, 0.068246 ]
		},
		"class_9" : {
			"intercept" : 3.659794,
			"coeffs" : [ 0.000000, -0.164992, -0.242745, 0.188106, 0.053736, -0.124220, 0.015063, 0.011706, -0.104213, 0.150463, -0.217697, 0.171113, 0.023105, -0.073172, -0.003350, -0.014539, -0.112334, 0.274731, -0.130385, 0.111406, -0.022408, -0.027309, -0.027545, -0.307609, -0.246001, 0.055914, 0.193120, -0.224735, 0.052677, -0.051020, 0.114542, 0.144734, 0.000000, -0.987654, 0.291935, 0.120909, 0.001773, -0.054221, 0.060579, 0.000000, 0.273348, 0.519635, -0.278743, -0.483081, 0.274668, -0.166413, 0.045890, 0.003147, 0.079523, -0.087877, 0.202960, -0.427189, -0.001290, -0.052331, -0.006055, -0.035437, -0.066726, 0.015420, 0.125213, -0.153952, -0.070985, -0.055892, 0.026287, -0.051504 ]
		}
	}
}