{
   "Contributions" : {
      "X_0" : [ 0.000000, 0.000000, 0.000000, 0.000000, 0.000000, 0.000000, 0.000000, 0.000000, 0.000000, 0.000000 ],
      "X_1" : [ 0.002094, -0.001686, -0.001344, -0.001047, -0.000419, -0.001725, -0.003483, 0.000772, 0.002386, 0.004453 ],
      "X_2" : [ -0.002429, -0.003995, -0.008754, 0.025698, -0.010874, 0.024223, -0.015577, -0.006635, -0.004231, 0.002575 ],
      "X_3" : [ 0.004653, -0.006168, 0.023201, 0.007441, -0.012426, 0.004186, -0.003074, -0.001172, -0.003724, -0.012918 ],
      "X_4" : [ -0.000071, -0.000650, 0.000650, 0.000468, 0.000165, -0.001423, -0.000338, 0.000996, 0.000225, -0.000021 ],
      "X_5" : [ 0.000131, 0.000613, 0.002197, -0.005413, -0.000206, 0.000820, 0.002447, -0.000035, 0.000179, -0.000733 ],
      "X_6" : [ -0.002255, -0.000827, -0.000904, 0.002495, -0.000610, 0.000892, -0.000093, 0.001407, 0.000329, -0.000434 ],
      "X_7" : [ -0.001337, 0.001564, -0.000100, -0.000136, -0.002268, 0.000178, 0.000209, 0.001483, 0.000020, 0.000387 ],
      "X_8" : [ -0.000399, 0.000219, -0.000104, -0.000151, 0.000212, -0.000118, 0.000137, 0.000206, -0.000021, 0.000019 ],
      "X_9" : [ -0.010004, -0.004308, 0.003757, -0.000355, 0.001645, 0.004118, 0.003589, 0.001600, -0.000536, 0.000495 ],
      "X_10" : [ 0.003368, 0.001508, -0.006247, 0.010001, -0.003099, 0.000377, -0.004930, -0.001661, -0.000015, 0.000699 ],
      "X_11" : [ 0.001841, 0.001610, -0.007985, 0.005276, -0.004681, 0.000792, 0.000522, 0.000586, -0.000167, 0.002205 ],
      "X_12" : [ 0.005099, -0.001263, -0.002450, 0.004146, -0.004866, 0.002025, -0.002879, 0.000273, 0.000474, -0.000558 ],
      "X_13" : [ -0.002093, 0.000260, -0.000934, 0.000015, 0.003185, -0.000885, 0.000754, -0.001015, -0.000126, 0.000841 ],
      "X_14" : [ 0.000374, 0.000535, -0.000018, 0.000259, -0.000352, 0.000211, -0.000372, -0.000629, 0.000247, -0.000255 ],
      "X_15" : [ 0.000001, 0.000118, -0.000247, -0.000142, -0.000237, 0.000356, -0.000019, 0.000052, 0.000014, 0.000106 ],
      "X_16" : [ 0.000170, -0.000134, -0.000085, 0.000119, 0.000010, -0.000073, 0.000083, -0.000062, 0.000015, -0.000043 ],
      "X_17" : [ 0.007604, 0.001277, 0.007578, -0.004983, -0.021272, 0.004638, -0.000085, -0.001175, 0.002188, 0.004230 ],
      "X_18" : [ -0.010172, 0.001165, -0.003700, 0.007720, 0.000791, 0.002818, 0.003517, -0.000018, -0.000150, -0.001971 ],
      "X_19" : [ -0.000512, -0.000817, 0.000280, 0.000626, 0.003168, -0.002931, -0.002828, 0.000813, 0.000430, 0.001771 ],
      "X_20" : [ -0.000604, -0.001929, 0.005358, -0.004014, -0.000358, 0.003341, -0.000333, -0.000385, -0.000602, -0.000473 ],
      "X_21" : [ -0.001414, -0.000102, -0.001194, 0.005953, 0.000499, -0.000271, -0.000854, -0.002959, 0.000331, 0.000011 ],
      "X_22" : [ -0.000908, -0.000681, 0.000138, 0.002044, -0.000879, 0.000352, -0.000207, -0.000875, 0.000151, 0.000866 ],
      "X_23" : [ -0.000174, 0.000155, 0.001836, -0.001145, 0.000068, -0.000612, 0.000482, 0.000308, 0.000072, -0.000992 ],
      "X_24" : [ -0.000074, 0.000066, 0.000047, 0.000034, 0.000068, -0.000252, 0.000039, 0.000086, -0.000008, -0.000006 ],
      "X_25" : [ 0.035750, 0.014616, -0.018539, -0.081104, 0.031561, 0.044264, -0.001760, -0.032630, -0.007479, 0.015321 ],
      "X_26" : [ -0.019689, 0.006657, 0.002019, 0.040583, 0.005234, -0.028918, -0.002016, -0.006067, -0.000637, 0.002835 ],
      "X_27" : [ 0.004727, 0.000909, -0.001630, -0.001028, -0.005751, -0.003105, 0.001042, 0.002208, -0.000017, 0.002646 ],
      "X_28" : [ 0.002909, 0.001322, 0.000184, -0.004773, -0.002453, -0.001675, 0.001861, 0.001164, 0.000899, 0.000564 ],
      "X_29" : [ 0.003621, -0.000316, 0.000020, -0.000439, -0.003486, 0.003279, -0.000938, -0.000164, -0.000094, -0.001483 ],
      "X_30" : [ 0.001022, 0.000819, 0.001287, 0.000181, 0.000942, -0.000272, -0.004233, -0.000220, -0.000810, 0.001285 ],
      "X_31" : [ -0.000106, 0.000034, -0.000112, 0.000052, 0.000121, -0.000072, -0.000016, 0.000002, 0.000027, 0.000069 ],
      "X_32" : [ 0.000000, 0.000000, 0.000000, 0.000000, 0.000000, 0.000000, 0.000000, 0.000000, 0.000000, 0.000000 ],
      "X_33" : [ 0.051256, -0.012606, -0.010772, -0.005027, 0.040668, -0.038450, 0.007996, 0.018209, -0.008273, -0.043002 ],
      "X_34" : [ -0.020239, -0.005608, 0.003776, -0.006818, 0.020554, 0.004233, -0.001815, -0.005044, 0.002757, 0.008203 ],
      "X_35" : [ -0.006616, 0.000561, -0.003537, 0.002488, 0.004725, 0.000908, 0.000283, 0.002840, -0.001454, -0.000198 ],
      "X_36" : [ -0.000307, 0.000271, 0.001029, -0.000850, 0.000628, 0.001004, -0.000571, -0.000088, -0.001835, 0.000721 ],
      "X_37" : [ 0.004452, -0.000997, 0.002054, -0.004446, -0.001948, 0.000762, 0.001820, 0.000661, -0.001221, -0.001137 ],
      "X_38" : [ -0.004533, 0.002147, 0.002733, 0.001683, -0.003576, -0.002732, 0.000642, -0.000020, 0.001174, 0.002482 ],
      "X_39" : [ 0.000000, 0.000000, 0.000000, 0.000000, 0.000000, 0.000000, 0.000000, 0.000000, 0.000000, 0.000000 ],
      "X_40" : [ 0.000174, -0.000033, -0.000238, 0.000595, -0.000617, 0.000056, -0.000025, -0.000074, 0.000002, 0.000159 ],
      "X_41" : [ -0.020817, 0.007486, 0.013898, -0.000663, -0.007093, 0.010154, -0.007777, -0.002013, -0.004886, 0.011712 ],
      "X_42" : [ -0.002802, -0.006567, -0.000148, 0.005659, 0.002600, -0.006553, 0.000909, 0.006875, 0.002477, -0.002451 ],
      "X_43" : [ -0.023950, 0.005582, 0.013478, -0.012322, 0.011592, 0.010349, -0.001533, -0.000841, 0.002091, -0.004447 ],
      "X_44" : [ -0.010164, 0.001491, -0.000123, 0.000222, 0.005043, 0.003763, 0.001199, -0.000208, 0.000444, -0.001667 ],
      "X_45" : [ -0.001104, -0.000424, 0.004462, -0.001425, -0.000310, 0.002368, -0.001988, -0.000868, -0.001743, 0.001032 ],
      "X_46" : [ 0.003073, -0.000786, -0.009860, 0.002755, 0.004243, 0.003267, -0.000187, -0.001541, -0.000812, -0.000153 ],
      "X_47" : [ 0.000858, 0.000009, -0.000240, -0.000046, 0.000068, 0.000144, -0.000434, -0.000195, -0.000179, 0.000015 ],
      "X_48" : [ -0.000032, -0.000004, -0.000456, 0.000040, 0.000231, 0.000054, 0.000028, 0.000064, 0.000015, 0.000061 ],
      "X_49" : [ 0.001855, -0.000899, -0.000414, 0.010529, -0.005558, -0.002041, -0.001754, -0.002750, 0.000386, 0.000647 ],
      "X_50" : [ -0.001347, 0.003999, 0.000735, -0.002556, 0.006432, -0.009398, 0.004437, -0.000093, -0.002104, -0.000106 ],
      "X_51" : [ 0.002303, 0.005679, 0.001393, -0.010364, -0.001165, 0.001208, 0.003464, 0.001867, 0.000245, -0.004631 ],
      "X_52" : [ 0.002444, -0.001494, 0.000721, 0.000951, -0.003661, -0.000098, 0.001423, -0.000428, -0.000577, 0.000718 ],
      "X_53" : [ 0.002005, -0.001288, -0.000795, 0.001272, -0.000329, 0.000072, -0.001024, -0.000570, -0.000377, 0.001034 ],
      "X_54" : [ -0.000059, -0.001952, 0.000490, 0.000602, 0.005031, -0.002135, 0.001147, -0.001029, -0.000172, -0.001924 ],
      "X_55" : [ -0.003609, 0.001598, -0.004716, 0.006794, 0.000422, -0.002394, 0.000930, -0.000131, -0.000137, 0.001245 ],
      "X_56" : [ 0.000135, -0.000060, -0.000001, -0.000020, -0.000077, 0.000033, 0.000016, -0.000031, 0.000004, 0.000001 ],
      "X_57" : [ -0.003271, 0.000193, 0.007555, -0.000365, -0.000325, -0.000393, -0.001137, -0.000279, -0.001510, -0.000468 ],
      "X_58" : [ -0.001445, -0.001678, 0.010530, 0.031622, -0.010096, -0.001704, -0.005666, -0.011452, 0.002545, -0.012655 ],
      "X_59" : [ -0.008616, 0.019457, -0.031274, -0.043410, 0.010813, -0.027511, 0.029107, 0.017745, 0.010010, 0.023680 ],
      "X_60" : [ 0.003384, -0.000092, -0.001369, 0.004095, 0.009547, -0.009678, -0.004125, -0.002336, 0.000616, -0.000042 ],
      "X_61" : [ -0.000340, 0.001166, -0.006290, 0.001253, -0.006538, 0.003814, 0.000179, 0.001778, 0.002263, 0.002715 ],
      "X_62" : [ 0.000063, -0.000984, 0.003293, -0.000733, 0.001642, -0.000545, 0.000574, -0.001509, -0.000330, -0.001470 ],
      "X_63" : [ -0.001546, 0.001257, 0.007676, 0.002570, -0.004762, 0.001175, -0.001293, -0.001031, -0.003794, -0.000252 ]   
   },