{
   "Contributions" : {
      "X_0" : [ 0.016303 ],
      "X_1" : [ -0.771622 ],
      "X_2" : [ 0.001019 ],
      "X_3" : [ -0.721395 ],
      "X_4" : [ -0.163062 ],
      "X_5" : [ -0.012314 ],
      "X_6" : [ -0.023045 ],
      "X_7" : [ -0.004662 ],
      "X_8" : [ -0.005487 ],
      "X_9" : [ -0.015686 ]   
   },
   "Most_Contributive_Features" : {
      "y" : [ 1, 3, 4, 6, 0, 9, 5, 8, 7, 2 ]
   }
}