{
   "Contributions" : {
      "X_0" : [ 0.062095 ],
      "X_1" : [ -0.788815 ],
      "X_2" : [ -0.042919 ],
      "X_3" : [ -0.786988 ],
      "X_4" : [ -0.099239 ],
      "X_5" : [ -0.031841 ],
      "X_6" : [ -0.055634 ],
      "X_7" : [ 0.018100 ],
      "X_8" : [ 0.010859 ],
      "X_9" : [ -0.032188 ]   
   },
   "Most_Contributive_Features" : {
      "y" : [ 1, 3, 4, 0, 6, 2, 9, 5, 7, 8 ]
   }
}