{
   "Contributions" : {
      "X_0" : [ 0.643019 ],
      "X_1" : [ 0.000000 ],
      "X_2" : [ 0.155120 ],
      "X_3" : [ 2.702314 ],
      "X_4" : [ 2.740876 ],
      "X_5" : [ -1.665987 ],
      "X_6" : [ 2.643323 ],
      "X_7" : [ 0.025445 ],
      "X_8" : [ -2.261944 ],
      "X_9" : [ 1.859929 ]   
   },
   "Most_Contributive_Features" : {
      "y" : [ 4, 3, 6, 8, 9, 5, 0, 2, 7 ]
   }
}