{
   "Contributions" : {
      "X_0" : [ 0.617121 ],
      "X_1" : [ 0.000000 ],
      "X_2" : [ 1.618574 ],
      "X_3" : [ 3.464674 ],
      "X_4" : [ 2.522777 ],
      "X_5" : [ -1.577610 ],
      "X_6" : [ 0.332070 ],
      "X_7" : [ 0.057438 ],
      "X_8" : [ -0.661721 ],
      "X_9" : [ 1.030690 ]   
   },
   "Most_Contributive_Features" : {
      "y" : [ 3, 4, 2, 5, 9, 8, 0, 6, 7 ]
   }
}