{
	"metadata" : { "model" : "Tikhonov_Ridge", "version" : "2024-W13", "signature" : "ff4_il8"},
	"options" : { "alpha" : 0.000000, "random_state" : 1789 },
	"dataset" : { "dataset_rows" : 16, "dataset_features" : 64 },
	"classes" : [ 0, 1, 2, 3, 4, 7, 8, 9 ],
	"equations" : {
		"class_0" : {
			"intercept" : -40253.796875,
			"coeffs" : [ 0.000000, 19683.875000, -1647.265747, 1225.496826, 988.603699, 1006.010986, -383.621002, 61.354042, 0.000000, 3118.747559, 95.935593, -424.743866, -117.846367, -698.725830, -800.310486, 1129.293335, 0.000000, -3943.364014, 4328.140625, -469.984467, -69.189400, -1076.982178, -503.085266, 0.000000, 0.000000, -2112.563965, -593.884583, 779.098206, -3977.593018, 377.303314, -4586.909668, 0.000000, 0.000000, -652.238342, -272.895203, 2354.678223, 273.443207, -1560.732422, 826.850830, 0.000000, 0.000000, 251.650589, -1231.217407, 1807.259644, 870.811890, -168.866867, -433.812958, 0.000000, 0.000000, -5841.065918, 3249.945801, 842.438782, -621.339111, -252.550690, 808.264954, -793.390259, 0.000000, 20984.123047, 562.500732, -2086.145020, 1728.324219, -143.609772, 504.040497, -436.092590 ]
		},
		"class_1" : {
			"intercept" : -29925.437500,
			"coeffs" : [ 0.000000, -14701.732422, 7774.279785, -212.867950, 341.969574, 1116.889404, 888.231628, 1007.760010, 0.000000, -1513.895508, -907.973816, 214.559647, -215.266388, 133.959412, 249.424377, 3629.335449, 0.000000, 1740.750732, -1341.782471, 4188.003906, -152.929413, 960.770874, 414.951385, 0.000000, 0.000000, 3383.196777, -1110.561890, -777.211487, 1979.572754, -3146.848389, 2932.113770, 0.000000, 0.000000, 53.799931, -583.590149, -483.448883, -526.335083, 672.262207, -147.966873, 0.000000, 0.000000, 258.313843, -173.030014, -926.054443, -560.212952, 195.596817, 1388.704712, 0.000000, 0.000000, -39.270603, -1436.332397, 1260.712280, -671.307983, 647.168884, -373.948914, -14126.086914, 0.000000, -14037.071289, -575.431946, 1178.026489, -743.699341, 1183.755371, -1375.624512, -2430.598145 ]
		},
		"class_2" : {
			"intercept" : 37163.000000,
			"coeffs" : [ 0.000000, -10203.621094, -4332.174805, 1792.921021, -814.590332, -952.391113, 438.642273, -1980.280273, 0.000000, 903.727295, -306.581329, -251.528503, 638.005737, 798.274719, 2290.522217, -5606.143555, 0.000000, 2642.596191, -3309.871582, 899.325439, 279.064667, -285.005920, -708.696716, 0.000000, 0.000000, 903.727905, 975.227478, -76.860992, -1673.809692, 26.195042, -1270.877563, 0.000000, 0.000000, -807.617798, 159.803375, -676.332336, -127.822632, 740.126160, 4.115818, 0.000000, 0.000000, -1407.504272, -342.669983, -1049.742676, 98.973572, 1074.978271, 232.753769, 0.000000, 0.000000, 4519.818848, 142.326126, -106.945923, -158.702789, -53.976261, -9.841842, 5910.976074, 0.000000, -9731.886719, 1803.872437, 191.214951, -1113.807129, 628.235535, -896.714844, 1400.517090 ]
		},
		"class_3" : {
			"intercept" : 52035.457031,
			"coeffs" : [ 0.000000, -9052.252930, 2467.692627, -821.236450, 64.632103, -49.078522, 86.218552, -720.706055, 0.000000, -2432.872559, 1392.755615, -59.137115, -501.091339, 467.051941, 26.495905, -1842.855591, 0.000000, 1944.281982, -3043.020264, -697.357300, 31.708441, 45.805801, -123.819992, 0.000000, 0.000000, 2107.486816, 637.177856, -354.980957, 1021.640808, -903.378540, 1923.368530, 0.000000, 0.000000, 293.247375, 97.138107, -654.974487, -5.418335, 417.869171, -583.029053, 0.000000, 0.000000, -461.739899, 611.542236, -229.722549, -484.513367, -756.286133, -25.747761, 0.000000, 0.000000, 3717.816162, -808.455811, -1030.300415, 61.705521, -845.223022, -513.286438, -34.855335, 0.000000, -8638.495117, -1285.312256, 499.621185, -163.577850, -312.572144, 64.586594, -87.397888 ]
		},
		"class_4" : {
			"intercept" : 43883.226562,
			"coeffs" : [ 0.000000, 6183.941406, -6113.265137, 2582.040283, -833.886902, -615.521484, 37.627193, -193.014847, 0.000000, -412.553955, -1176.313599, -187.390045, -366.496338, 821.200867, 300.394135, -257.587158, 0.000000, 2481.689453, -324.403931, 1159.189331, 10.918359, 1189.535400, 319.511841, 0.000000, 0.000000, -3.309302, 88.318398, 254.072464, -1355.510498, -1717.575806, -1511.506470, 0.000000, 0.000000, -2672.489746, -254.228394, 277.410370, -44.007687, -551.276123, 163.593842, 0.000000, 0.000000, 1432.044922, -88.444649, -718.446960, -202.023621, 140.109650, 257.812408, 0.000000, 0.000000, -3573.107666, -807.213562, -1161.282593, -181.136627, -169.026901, 733.237671, 1722.571167, 0.000000, 6677.423828, 1895.530640, -517.860107, 872.453369, -140.699219, -44.707848, 351.585419 ]
		},
		"class_5" : {
			"intercept" : 137235.250000,
			"coeffs" : [ 0.000000, -9187.819336, -11338.010742, -1783.378784, -669.686951, -1741.682495, -898.355591, -1089.115356, 0.000000, 1270.743042, 356.018799, -193.649445, 423.301727, -286.995697, -595.933411, -7354.994629, 0.000000, 2980.948730, -2881.329590, -2377.052002, 376.589203, -173.029831, 8.833610, 0.000000, 0.000000, -667.738403, -192.185776, 1173.886230, -1414.871826, 1901.403687, 221.587814, 0.000000, 0.000000, -1010.673096, 227.292587, -839.054993, -342.140045, -489.237274, 981.348877, 0.000000, 0.000000, -1520.817871, 300.311981, -1895.840576, -831.493591, 255.894424, 809.251648, 0.000000, 0.000000, 12518.868164, -3313.745117, -545.396240, 1511.704956, 3235.078857, 3019.854004, 9654.937500, 0.000000, -8189.823730, 1831.879150, 1507.270386, -2699.121094, -3722.702148, 2656.966797, 2178.615479 ]
		},
		"class_6" : {
			"intercept" : -7467.562012,
			"coeffs" : [ 0.000000, 18471.867188, -2123.979248, -763.306091, 215.605179, 751.760681, 246.096741, 1113.065308, 0.000000, 1667.207520, 406.088470, -316.973633, -454.235931, -50.247849, -787.948730, 3949.926514, 0.000000, -2023.649292, 3300.280518, -861.378479, -115.127846, 23.880745, -396.901459, 0.000000, 0.000000, -1820.868408, -743.229004, -462.463287, 2279.643555, -1502.640137, 1691.349854, 0.000000, 0.000000, 1518.547607, -589.736633, -298.717102, 26.672478, 376.446289, -1376.475342, 0.000000, 0.000000, 1968.494995, 221.352127, 164.366852, 87.972412, -1280.175171, -183.429001, 0.000000, 0.000000, -6346.088379, 171.150131, 164.122101, 330.628052, 15.842085, 233.907669, 176.803925, 0.000000, 19320.908203, -7.110055, -676.081909, 1000.847168, -355.755249, 542.912903, -113.862999 ]
		},
		"class_7" : {
			"intercept" : -192676.218750,
			"coeffs" : [ 0.000000, -1194.268066, 15312.724609, -2019.669067, 707.353455, 484.012299, -414.839691, 1800.937744, 0.000000, -2601.102539, 140.070145, 1218.863770, 593.629211, -1184.517822, -682.645081, 6353.024902, 0.000000, -5823.254395, 3271.986816, -1840.747437, -361.034149, -684.974915, 989.206299, 0.000000, 0.000000, -1789.930664, 939.137695, -535.539856, 3140.926758, 4965.541504, 600.873108, 0.000000, 0.000000, 3277.424072, 1216.215698, 320.438202, 745.608398, 394.542542, 131.561676, 0.000000, 0.000000, -520.441162, 702.155884, 2848.180664, 1020.486267, 538.748596, -2045.532471, 0.000000, 0.000000, -4956.969727, 2802.324951, 576.652405, -271.552216, -2577.312744, -3898.187012, -2510.957031, 0.000000, -6385.175781, -4225.927246, -96.046013, 1118.582153, 2863.345947, -1451.458374, -862.766235 ]
		}
	}
}