{
	"metadata" : { "model" : "Tikhonov_Ridge", "version" : "2024-W14", "signature" : "ff4_il8"},
	"options" : { "alpha" : 1.000000, "random_state" : 1789 },
	"dataset" : { "dataset_rows" : 16, "dataset_features" : 64 },
	"classes" : [ 0, 1, 2, 3, 4, 7, 8, 9 ],
	"equations" : {
		"class_0" : {
			"intercept" : -43.158489,
			"coeffs" : [ 0.000000, 19.632570, -1.497880, 1.003589, 0.923052, 0.860025, -0.345810, -0.128569, 0.000000, 3.068665, 0.163576, -0.370190, 0.125932, -0.629184, -0.580049, 0.539003, 0.000000, -3.637224, 4.728627, -0.479570, -0.086604, -0.982034, -0.487607, 0.000000, 0.000000, -2.106989, -0.559134, 0.711718, -4.148492, 0.254058, -4.447741, 0.000000, 0.000000, -0.783379, -0.344632, 2.226249, 0.314687, -1.526011, 0.872741, 0.000000, 0.000000, 0.186223, -1.136976, 1.783186, 0.874379, -0.283081, -0.547848, 0.000000, 0.000000, -5.322760, 3.229949, 0.858756, -0.578543, -0.267856, 0.789972, -0.407654, 0.000000, 20.876719, 0.412305, -2.054986, 1.666284, -0.209945, 0.550333, -0.337834 ]
		},
		"class_1" : {
			"intercept" : -28.158890,
			"coeffs" : [ 0.000000, -13.867838, 7.810869, -0.262935, 0.304572, 1.077815, 0.863464, 1.023539, 0.000000, -1.539509, -0.911787, 0.182737, -0.236336, 0.125823, 0.304622, 3.687079, 0.000000, 1.702952, -1.317002, 4.234421, -0.144494, 0.917906, 0.491232, 0.000000, 0.000000, 3.239829, -1.029766, -0.747394, 1.967162, -3.182262, 2.841766, 0.000000, 0.000000, 0.047894, -0.570636, -0.545492, -0.523701, 0.631097, -0.316824, 0.000000, 0.000000, 0.157579, -0.171311, -0.866722, -0.568119, 0.233044, 1.458899, 0.000000, 0.000000, -0.045284, -1.492940, 1.318399, -0.651791, 0.600391, -0.339866, -14.202880, 0.000000, -13.038352, -0.595456, 1.184803, -0.753825, 1.135951, -1.387271, -2.449749 ]
		},
		"class_2" : {
			"intercept" : 34.747604,
			"coeffs" : [ 0.000000, -8.919848, -4.586308, 2.012600, -0.754928, -0.836670, 0.409335, -1.379739, 0.000000, 0.647079, -0.366694, -0.152832, 0.431037, 0.627368, 1.861337, -3.830960, 0.000000, 2.533419, -3.854491, 0.874815, 0.228456, -0.246836, -0.744458, 0.000000, 0.000000, 0.867679, 0.863951, -0.054376, -1.524467, 0.154151, -1.271524, 0.000000, 0.000000, -0.682177, 0.221160, -0.538860, -0.165292, 0.693949, -0.146965, 0.000000, 0.000000, -1.244849, -0.328832, -1.071534, 0.106222, 1.258921, 0.436118, 0.000000, 0.000000, 4.540814, 0.333357, 0.157692, -0.219837, -0.089720, -0.019389, 5.754574, 0.000000, -8.505154, 1.959763, 0.199088, -1.017744, 0.696026, -0.931326, 1.360002 ]
		},
		"class_3" : {
			"intercept" : 51.005718,
			"coeffs" : [ 0.000000, -8.939165, 2.449948, -0.726363, 0.074482, -0.006229, 0.066524, -0.640546, 0.000000, -2.294885, 1.409464, -0.004478, -0.527920, 0.434871, -0.030244, -1.613408, 0.000000, 1.775068, -3.217394, -0.732023, 0.029790, 0.033243, -0.114384, 0.000000, 0.000000, 2.056089, 0.597105, -0.356004, 1.057473, -0.886606, 1.898637, 0.000000, 0.000000, 0.359551, 0.129470, -0.628720, -0.033115, 0.374511, -0.597790, 0.000000, 0.000000, -0.439899, 0.578630, -0.225112, -0.474393, -0.698230, 0.024491, 0.000000, 0.000000, 3.306078, -0.825879, -1.066698, 0.046715, -0.805926, -0.510395, -0.143496, 0.000000, -8.524449, -1.213671, 0.500393, -0.099980, -0.274701, 0.028244, -0.114515 ]
		},
		"class_4" : {
			"intercept" : 44.265545,
			"coeffs" : [ 0.000000, 5.903325, -6.123075, 2.581363, -0.782294, -0.573270, 0.017516, -0.322995, 0.000000, -0.319155, -1.222328, -0.192419, -0.373400, 0.810729, 0.289448, -0.660734, 0.000000, 2.423113, -0.364018, 1.183649, 0.015559, 1.137209, 0.295846, 0.000000, 0.000000, -0.015388, 0.080360, 0.260006, -1.341312, -1.691519, -1.468088, 0.000000, 0.000000, -2.619165, -0.229035, 0.303698, -0.055896, -0.516568, 0.289330, 0.000000, 0.000000, 1.495674, -0.102928, -0.721968, -0.205725, 0.110031, 0.219050, 0.000000, 0.000000, -3.707443, -0.830721, -1.274960, -0.193607, -0.144070, 0.718021, 1.790203, 0.000000, 6.317941, 1.884587, -0.576269, 0.881253, -0.106226, -0.026524, 0.368911 ]
		},
		"class_5" : {
			"intercept" : 138.517166,
			"coeffs" : [ 0.000000, -7.581316, -11.311668, -1.711746, -0.653131, -1.693564, -0.943669, -1.261563, 0.000000, 1.275109, 0.318981, -0.198807, 0.386508, -0.277252, -0.636071, -7.791733, 0.000000, 2.930969, -2.879639, -2.387623, 0.321762, -0.162699, -0.030661, 0.000000, 0.000000, -0.727057, -0.182197, 1.104478, -1.438622, 1.888850, 0.194536, 0.000000, 0.000000, -0.963977, 0.225004, -0.833723, -0.343251, -0.446250, 1.065260, 0.000000, 0.000000, -1.530908, 0.279945, -1.856295, -0.802241, 0.290558, 0.819057, 0.000000, 0.000000, 12.202333, -3.387255, -0.527496, 1.459877, 3.153577, 2.979064, 9.865434, 0.000000, -6.337293, 1.837969, 1.564008, -2.785338, -3.810443, 2.635870, 2.230439 ]
		},
		"class_6" : {
			"intercept" : -10.779532,
			"coeffs" : [ 0.000000, 18.209957, -2.110596, -0.914124, 0.225634, 0.675203, 0.256769, 1.155926, 0.000000, 1.494827, 0.495336, -0.328071, -0.352368, -0.052976, -0.680209, 4.084245, 0.000000, -1.892001, 3.484683, -0.867150, -0.108588, 0.050611, -0.320324, 0.000000, 0.000000, -1.864759, -0.691067, -0.439267, 2.229364, -1.579019, 1.596220, 0.000000, 0.000000, 1.402406, -0.613978, -0.375822, 0.052947, 0.386410, -1.570449, 0.000000, 0.000000, 1.880685, 0.255342, 0.208323, 0.091794, -1.204298, -0.094026, 0.000000, 0.000000, -5.895102, 0.132221, 0.263336, 0.326088, -0.020342, 0.267636, 0.166686, 0.000000, 19.039223, -0.094112, -0.651545, 1.043190, -0.390612, 0.535501, -0.115609 ]
		},
		"class_7" : {
			"intercept" : -192.439148,
			"coeffs" : [ 0.000000, -4.437694, 15.368718, -1.982383, 0.662612, 0.496689, -0.324129, 1.553946, 0.000000, -2.332130, 0.113450, 1.064060, 0.546547, -1.039379, -0.528834, 5.586504, 0.000000, -5.836297, 3.419236, -1.826518, -0.255881, -0.747401, 0.910356, 0.000000, 0.000000, -1.449404, 0.920748, -0.479161, 3.198895, 5.042346, 0.656192, 0.000000, 0.000000, 3.238847, 1.182647, 0.392672, 0.753621, 0.402864, 0.404699, 0.000000, 0.000000, -0.504504, 0.626129, 2.750122, 0.978084, 0.293054, -2.315740, 0.000000, 0.000000, -5.078635, 2.841266, 0.270971, -0.188901, -2.426054, -3.885043, -2.822866, 0.000000, -9.828636, -4.191386, -0.165493, 1.066162, 2.959950, -1.404826, -0.941644 ]
		}
	}
}