{
   "Contributions" : {
      "X_0" : [ 0.000000, 0.000000, 0.000000, 0.000000, 0.000000, 0.000000, 0.000000, 0.000000 ],
      "X_1" : [ -0.009766, -0.001953, 0.001953, 0.000000, 0.000000, 0.001953, 0.005859, 0.001953 ],
      "X_2" : [ 0.019531, -0.017578, 0.000000, 0.001953, -0.015625, 0.013672, 0.023438, -0.025391 ],
      "X_3" : [ -0.007812, 0.009766, 0.003906, -0.003906, 0.000000, 0.000000, 0.003906, -0.005859 ],
      "X_4" : [ -0.003906, 0.001955, 0.001953, 0.001953, -0.009766, 0.003906, 0.005857, -0.001953 ],
      "X_5" : [ 0.003906, -0.001953, 0.009766, 0.007812, 0.007812, -0.015625, -0.001953, -0.009766 ],
      "X_6" : [ 0.000000, 0.001953, 0.001953, 0.001953, 0.003906, -0.001953, -0.003906, -0.003906 ],
      "X_7" : [ 0.001953, -0.003906, 0.003906, 0.001953, -0.001953, 0.001953, 0.000000, -0.003906 ],
      "X_8" : [ 0.000000, 0.000000, 0.000000, 0.000000, 0.000000, 0.000000, 0.000000, 0.000000 ],
      "X_9" : [ -0.023438, 0.000000, 0.003906, -0.005859, 0.005859, -0.005859, -0.001953, 0.027344 ],
      "X_10" : [ 0.003906, 0.000000, -0.005859, 0.017578, -0.013672, -0.005859, -0.001953, 0.005859 ],
      "X_11" : [ 0.001953, 0.001953, 0.000000, 0.000000, -0.001953, 0.000000, 0.003906, -0.005859 ],
      "X_12" : [ 0.001953, 0.001953, 0.009766, -0.007812, -0.009766, 0.009766, 0.000000, -0.005859 ],
      "X_13" : [ 0.007812, -0.003906, -0.001953, 0.001953, 0.003906, -0.001953, -0.003906, -0.001953 ],
      "X_14" : [ 0.007812, -0.005859, -0.011719, 0.000000, 0.009766, -0.005859, 0.000000, 0.005859 ],
      "X_15" : [ -0.001953, -0.001953, 0.000000, 0.001953, 0.000000, 0.003906, 0.001953, -0.003906 ],
      "X_16" : [ 0.000000, 0.000000, 0.000000, 0.000000, 0.000000, 0.000000, 0.000000, 0.000000 ],
      "X_17" : [ 0.003906, 0.005859, -0.005859, 0.003906, 0.009766, 0.000000, -0.009766, -0.007812 ],
      "X_18" : [ -0.003906, -0.003906, -0.007809, -0.021484, 0.005859, 0.009762, 0.009766, 0.011719 ],
      "X_19" : [ -0.015625, 0.033203, -0.001953, -0.005859, 0.015625, 0.009766, -0.017578, -0.017579 ],
      "X_20" : [ 0.000000, 0.001953, -0.003906, 0.000000, 0.001953, 0.005859, -0.001953, -0.003906 ],
      "X_21" : [ -0.013672, 0.005859, 0.003906, -0.005859, 0.027344, 0.000000, -0.001953, -0.015625 ],
      "X_22" : [ 0.003906, 0.005859, -0.007812, 0.000000, 0.001953, 0.005859, 0.001953, -0.011719 ],
      "X_23" : [ 0.000000, 0.000000, 0.000000, 0.000000, 0.000000, 0.000000, 0.000000, 0.000000 ],
      "X_24" : [ 0.000000, 0.000000, 0.000000, 0.000000, 0.000000, 0.000000, 0.000000, 0.000000 ],
      "X_25" : [ 0.011719, -0.027344, -0.009766, -0.003906, -0.011719, 0.015625, 0.007812, 0.017578 ],
      "X_26" : [ -0.001953, 0.001953, -0.017578, 0.009766, 0.001953, 0.017578, -0.003906, -0.007812 ],
      "X_27" : [ 0.000000, 0.009766, 0.005859, 0.003906, 0.000000, -0.017578, 0.000000, -0.001953 ],
      "X_28" : [ -0.005859, -0.011719, 0.019531, 0.023438, 0.009766, 0.005859, -0.011719, -0.029297 ],
      "X_29" : [ 0.009766, 0.042969, 0.009766, 0.001953, -0.031250, 0.009766, -0.029297, -0.013672 ],
      "X_30" : [ 0.009766, -0.025391, -0.001953, 0.003906, 0.003906, 0.001957, 0.007812, -0.000002 ],
      "X_31" : [ 0.000000, 0.000000, 0.000000, 0.000000, 0.000000, 0.000000, 0.000000, 0.000000 ],
      "X_32" : [ 0.000000, 0.000000, 0.000000, 0.000000, 0.000000, 0.000000, 0.000000, 0.000000 ],
      "X_33" : [ 0.007812, 0.003906, -0.007812, 0.007812, 0.000000, 0.001953, -0.005859, -0.007812 ],
      "X_34" : [ 0.009766, 0.007812, -0.003906, 0.000000, -0.005859, 0.000000, 0.001953, -0.009766 ],
      "X_35" : [ -0.025391, 0.007812, 0.013672, 0.000000, -0.005369, -0.002443, 0.005859, 0.005859 ],
      "X_36" : [ 0.007812, -0.001953, -0.001953, -0.003906, 0.000000, -0.001953, 0.005859, -0.003906 ],
      "X_37" : [ -0.007812, 0.001953, 0.017578, -0.001953, -0.007812, -0.009766, 0.005859, 0.001953 ],
      "X_38" : [ 0.001953, 0.000000, 0.007812, -0.003906, -0.001953, -0.001953, -0.003906, 0.001953 ],
      "X_39" : [ 0.000000, 0.000000, 0.000000, 0.000000, 0.000000, 0.000000, 0.000000, 0.000000 ],
      "X_40" : [ 0.000000, 0.000000, 0.000000, 0.000000, 0.000000, 0.000000, 0.000000, 0.000000 ],
      "X_41" : [ 0.011719, 0.005859, -0.009766, 0.003906, -0.011719, 0.003906, -0.005859, 0.001953 ],
      "X_42" : [ -0.015625, 0.011719, -0.009766, -0.005859, 0.002435, 0.003425, 0.000000, 0.013671 ],
      "X_43" : [ 0.009766, -0.005859, -0.007812, -0.005859, 0.015625, -0.011719, 0.001953, 0.003906 ],
      "X_44" : [ -0.001953, 0.000000, 0.005859, 0.005859, 0.001953, -0.009766, 0.003906, -0.005859 ],
      "X_45" : [ -0.001953, 0.007812, 0.003906, -0.005859, -0.005859, -0.001953, 0.019531, -0.015625 ],
      "X_46" : [ -0.003906, 0.001953, 0.005859, -0.007812, -0.007812, -0.001953, 0.001953, 0.011719 ],
      "X_47" : [ 0.000000, 0.000000, 0.000000, 0.000000, 0.000000, 0.000000, 0.000000, 0.000000 ],
      "X_48" : [ 0.000000, 0.000000, 0.000000, 0.000000, 0.000000, 0.000000, 0.000000, 0.000000 ],
      "X_49" : [ 0.013672, 0.000000, 0.001953, 0.000000, -0.017578, -0.011719, -0.005859, 0.019531 ],
      "X_50" : [ -0.050781, 0.031250, 0.025391, -0.019531, -0.005859, 0.027344, 0.013672, -0.021484 ],
      "X_51" : [ 0.007812, 0.005859, 0.005859, -0.005859, -0.025391, -0.003906, 0.005859, 0.009766 ],
      "X_52" : [ 0.011718, -0.001953, -0.003906, 0.000579, -0.000577, -0.003906, -0.003906, 0.001953 ],
      "X_53" : [ -0.023438, 0.007812, 0.005859, -0.009766, 0.000000, -0.025391, 0.000000, 0.044922 ],
      "X_54" : [ -0.009766, 0.001953, 0.011719, 0.000000, 0.001953, -0.021484, 0.001953, 0.013672 ],
      "X_55" : [ 0.001953, -0.001953, -0.003906, 0.000000, 0.005859, -0.003906, 0.003906, -0.001953 ],
      "X_56" : [ 0.000000, 0.000000, 0.000000, 0.000000, 0.000000, 0.000000, 0.000000, 0.000000 ],
      "X_57" : [ -0.007812, 0.000000, 0.003906, 0.000000, 0.000000, 0.000000, 0.005859, -0.001953 ],
      "X_58" : [ -0.013672, 0.003942, -0.001991, -0.007812, -0.001953, 0.005859, -0.001953, 0.017578 ],
      "X_59" : [ 0.017578, -0.001946, -0.009766, -0.007820, 0.000000, 0.001953, -0.001953, 0.001953 ],
      "X_60" : [ -0.017578, 0.000000, 0.005859, 0.000000, -0.003906, 0.033203, -0.015625, -0.001953 ],
      "X_61" : [ -0.005859, -0.011705, -0.007812, -0.005859, -0.015636, 0.064453, -0.007812, -0.009766 ],
      "X_62" : [ 0.005859, -0.001953, 0.021484, 0.005859, 0.011719, -0.035156, 0.007812, -0.015625 ],
      "X_63" : [ 0.003906, -0.001953, 0.000000, 0.000000, 0.005859, -0.005859, 0.003906, -0.005859 ]   
   },
   "Most_Contributive_Features_By_Class" : {
      "class_0" : [ 50, 35, 9, 53, 2, 60, 59, 19, 42, 49 ],
      "class_1" : [ 29, 19, 50, 25, 30, 2, 42, 28, 61, 3 ],
      "class_2" : [ 50, 62, 28, 26, 37, 35, 14, 54, 59, 41 ],
      "class_3" : [ 28, 18, 50, 10, 26, 53, 59, 12, 46, 58 ],
      "class_4" : [ 29, 21, 51, 49, 61, 2, 19, 43, 10, 25 ],
      "class_5" : [ 61, 62, 60, 50, 53, 54, 27, 26, 5, 25 ],
      "class_6" : [ 29, 2, 45, 19, 60, 50, 28, 18, 17, 25 ],
      "class_7" : [ 53, 28, 9, 2, 50, 49, 19, 25, 58, 45 ]
   }
}