{
   "Contributions" : {
      "X_0" : [ -0.002607 ],
      "X_1" : [ 0.009750 ],
      "X_2" : [ 0.008088 ],
      "X_3" : [ 0.000934 ]   
   },
   "Most_Contributive_Features" : {
      "y" : [ 1, 2, 0, 3 ]
   }
}