{
   "Contributions" : {
      "X_0" : [ -0.002474 ],
      "X_1" : [ 0.009286 ],
      "X_2" : [ 0.007602 ],
      "X_3" : [ 0.000940 ]   
   },
   "Most_Contributive_Features" : {
      "y" : [ 1, 2, 0, 3 ]
   }
}