{
   "Contributions" : {
      "X_0" : [ -0.000312, 0.000203, 0.000108 ],
      "X_1" : [ -0.000217, -0.000019, 0.000236 ],
      "X_2" : [ -0.001422, -0.000186, 0.001608 ],
      "X_3" : [ -0.001734, 0.000533, 0.001202 ]   
   },
   "Most_Contributive_Features_By_Class" : {
      "class_0" : [ 3, 2, 0, 1 ],
      "class_1" : [ 3, 0, 2, 1 ],
      "class_2" : [ 2, 3, 1, 0 ]
   }
}