{
	"metadata" : { "model" : "Vapnik_NuSVR_RBF", "version" : "2024-W14", "signature" : "ff4_ff4"},
	"options" : {"svm_type" : "nu_svr", "kernel" : "rbf", "degree" : 3, "gamma" : 1.117303, "coef0" : 0.000000, "cache_size" : 300, "tol" : 0.001000, "nu" : 0.500000, "epsilon" : 0.000000, "shrinking" : 0, "probability" : 0, "C" : 1.000000, "max_iter" : 128, "random_state" : 1789 },
	"dataset" : { "dataset_rows" : 16, "dataset_features" : 10 },
	"svm_model" : {
	"classes" : 2,
	"L" : 9,
	"SupportVectors" : {
		"SV_0" : [ 0.652811, 0.757719, 0.306902, 0.828286, 0.763064, 0.859003, 0.873377, 0.146070, 0.894295, 0.086598 ],
		"SV_1" : [ 0.226051, 0.939732, 0.731124, 0.837456, 0.782448, 0.352927, 0.183212, 0.843453, 0.185038, 0.248943 ],
		"SV_2" : [ 0.764610, 0.378970, 0.823855, 0.913603, 0.553400, 0.055048, 0.588332, 0.361050, 0.814980, 0.123688 ],
		"SV_3" : [ 0.368356, 0.189593, 0.403483, 0.670145, 0.411066, 0.464093, 0.307388, 0.840440, 0.462841, 0.813023 ],
		"SV_4" : [ 0.888102, 0.149216, 0.426902, 0.180039, 0.792176, 0.085835, 0.603319, 0.653572, 0.865909, 0.986362 ],
		"SV_5" : [ 0.235384, 0.117604, 0.514017, 0.633968, 0.618557, 0.121827, 0.576931, 0.091568, 0.527227, 0.211281 ],
		"SV_6" : [ 0.830477, 0.389094, 0.475292, 0.147457, 0.363702, 0.741192, 0.291713, 0.634453, 0.479506, 0.035941 ],
		"SV_7" : [ 0.399336, 0.628863, 0.606025, 0.837489, 0.772643, 0.257624, 0.166252, 0.040244, 0.521303, 0.455322 ],
		"SV_8" : [ 0.634220, 0.486969, 0.969793, 0.441636, 0.814121, 0.690923, 0.194226, 0.716476, 0.697923, 0.212891 ]
	},
	"SupportVectorsCoefs" : {
		"SV_coef_0" : [ 1.000000, 0.393959, 1.000000, -1.000000, -1.000000, -1.000000, -1.000000, 0.606041, 1.000000 ]
	},
	"rho" : [ -15.660941 ],
	"nSV" : [ 9 ],
	"probA" : [ ],
	"probB" : [ ],
	"n_iter" : [ 7 ]
}
}