{
   "Contributions" : {
      "X_0" : [ -0.004349 ],
      "X_1" : [ -0.014402 ],
      "X_2" : [ 0.002910 ],
      "X_3" : [ -0.041165 ],
      "X_4" : [ -0.004577 ],
      "X_5" : [ -0.007138 ],
      "X_6" : [ 0.004703 ],
      "X_7" : [ 0.016665 ],
      "X_8" : [ 0.000825 ],
      "X_9" : [ -0.021230 ]   
   },
   "Most_Contributive_Features" : {
      "y" : [ 3, 9, 7, 1, 5, 6, 4, 0, 2, 8 ]
   }
}