{
   "Contributions" : {
      "X_0" : [ 0.000000, -0.000000 ],
      "X_1" : [ 0.000104, -0.000104 ],
      "X_2" : [ -0.000039, 0.000039 ],
      "X_3" : [ 0.004909, -0.004909 ],
      "X_4" : [ 0.000000, -0.000000 ],
      "X_5" : [ 0.000000, -0.000000 ],
      "X_6" : [ 0.000000, -0.000000 ],
      "X_7" : [ 0.000000, -0.000000 ],
      "X_8" : [ 0.000000, -0.000000 ],
      "X_9" : [ -0.000000, 0.000000 ],
      "X_10" : [ 0.000000, -0.000000 ],
      "X_11" : [ -0.000000, 0.000000 ],
      "X_12" : [ 0.000001, -0.000001 ],
      "X_13" : [ 0.000151, -0.000151 ],
      "X_14" : [ 0.000000, 0.000000 ],
      "X_15" : [ 0.000000, -0.000000 ],
      "X_16" : [ 0.000000, -0.000000 ],
      "X_17" : [ 0.000000, -0.000000 ],
      "X_18" : [ -0.000000, 0.000000 ],
      "X_19" : [ 0.000000, 0.000000 ],
      "X_20" : [ -0.000026, 0.000026 ],
      "X_21" : [ -0.000019, 0.000019 ],
      "X_22" : [ 0.000290, -0.000290 ],
      "X_23" : [ -0.019524, 0.019524 ],
      "X_24" : [ 0.000000, 0.000000 ],
      "X_25" : [ 0.000000, -0.000000 ],
      "X_26" : [ 0.000000, -0.000000 ],
      "X_27" : [ 0.000000, -0.000000 ],
      "X_28" : [ 0.000000, -0.000000 ],
      "X_29" : [ 0.000000, -0.000000 ]   
   },
   "Most_Contributive_Features_By_Class" : {
      "class_0" : [ 23, 3, 22, 13, 1, 2, 20, 21, 12, 10 ],
      "class_1" : [ 23, 3, 22, 13, 1, 2, 20, 21, 12, 10 ]
   }
}