{
   "Contributions" : {
      "X_0" : [ -0.004176, 0.004176 ],
      "X_1" : [ -0.024929, 0.024929 ],
      "X_2" : [ -0.001300, 0.001300 ],
      "X_3" : [ -0.005309, 0.005309 ],
      "X_4" : [ -0.007502, 0.007502 ],
      "X_5" : [ -0.004783, 0.004783 ],
      "X_6" : [ -0.005503, 0.005503 ],
      "X_7" : [ -0.002737, 0.002737 ],
      "X_8" : [ -0.001585, 0.001585 ],
      "X_9" : [ -0.003691, 0.003691 ],
      "X_10" : [ 0.001015, -0.001015 ],
      "X_11" : [ -0.006187, 0.006187 ],
      "X_12" : [ -0.004126, 0.004126 ],
      "X_13" : [ -0.005952, 0.005952 ],
      "X_14" : [ -0.010347, 0.010347 ],
      "X_15" : [ -0.003562, 0.003562 ],
      "X_16" : [ -0.001817, 0.001817 ],
      "X_17" : [ -0.006121, 0.006121 ],
      "X_18" : [ -0.003191, 0.003191 ],
      "X_19" : [ -0.004911, 0.004911 ],
      "X_20" : [ -0.008579, 0.008579 ],
      "X_21" : [ -0.007285, 0.007285 ],
      "X_22" : [ -0.004482, 0.004482 ],
      "X_23" : [ -0.019734, 0.019734 ],
      "X_24" : [ -0.006236, 0.006236 ],
      "X_25" : [ 0.001932, -0.001932 ],
      "X_26" : [ -0.002230, 0.002230 ],
      "X_27" : [ 0.000494, -0.000494 ],
      "X_28" : [ -0.015642, 0.015642 ],
      "X_29" : [ -0.004447, 0.004447 ],
      "X_30" : [ -0.000863, 0.000863 ],
      "X_31" : [ -0.007157, 0.007157 ],
      "X_32" : [ -0.006654, 0.006654 ],
      "X_33" : [ -0.005589, 0.005589 ],
      "X_34" : [ -0.001386, 0.001386 ],
      "X_35" : [ -0.010511, 0.010511 ],
      "X_36" : [ -0.003473, 0.003473 ],
      "X_37" : [ -0.006193, 0.006193 ],
      "X_38" : [ -0.001327, 0.001327 ],
      "X_39" : [ -0.004101, 0.004101 ],
      "X_40" : [ -0.003080, 0.003080 ],
      "X_41" : [ -0.001968, 0.001968 ],
      "X_42" : [ 0.001446, -0.001446 ],
      "X_43" : [ -0.002759, 0.002759 ],
      "X_44" : [ -0.008874, 0.008874 ],
      "X_45" : [ -0.012557, 0.012557 ],
      "X_46" : [ -0.002830, 0.002830 ],
      "X_47" : [ -0.004442, 0.004442 ],
      "X_48" : [ -0.008423, 0.008423 ],
      "X_49" : [ -0.009666, 0.009666 ],
      "X_50" : [ -0.007150, 0.007150 ],
      "X_51" : [ -0.005430, 0.005430 ],
      "X_52" : [ -0.002797, 0.002797 ],
      "X_53" : [ -0.011225, 0.011225 ],
      "X_54" : [ -0.015617, 0.015617 ],
      "X_55" : [ -0.006041, 0.006041 ],
      "X_56" : [ -0.005314, 0.005314 ],
      "X_57" : [ -0.002228, 0.002228 ],
      "X_58" : [ -0.007404, 0.007404 ],
      "X_59" : [ -0.003974, 0.003974 ],
      "X_60" : [ -0.003118, 0.003118 ],
      "X_61" : [ -0.077378, 0.077378 ],
      "X_62" : [ -0.014573, 0.014573 ],
      "X_63" : [ -0.005099, 0.005099 ],
      "X_64" : [ -0.004389, 0.004389 ],
      "X_65" : [ -0.005453, 0.005453 ],
      "X_66" : [ -0.003440, 0.003440 ],
      "X_67" : [ -0.006164, 0.006164 ],
      "X_68" : [ -0.005797, 0.005797 ],
      "X_69" : [ -0.006416, 0.006416 ],
      "X_70" : [ -0.011378, 0.011378 ],
      "X_71" : [ -0.007852, 0.007852 ],
      "X_72" : [ -0.000884, 0.000884 ],
      "X_73" : [ -0.009046, 0.009046 ],
      "X_74" : [ -0.002026, 0.002026 ],
      "X_75" : [ -0.005002, 0.005002 ],
      "X_76" : [ -0.000887, 0.000887 ],
      "X_77" : [ -0.009007, 0.009007 ],
      "X_78" : [ -0.007523, 0.007523 ],
      "X_79" : [ -0.003013, 0.003013 ],
      "X_80" : [ -0.010610, 0.010610 ],
      "X_81" : [ -0.013335, 0.013335 ],
      "X_82" : [ -0.003196, 0.003196 ],
      "X_83" : [ -0.003526, 0.003526 ],
      "X_84" : [ -0.011766, 0.011766 ],
      "X_85" : [ -0.002659, 0.002659 ],
      "X_86" : [ -0.005346, 0.005346 ],
      "X_87" : [ -0.004495, 0.004495 ],
      "X_88" : [ -0.006581, 0.006581 ],
      "X_89" : [ -0.002094, 0.002094 ],
      "X_90" : [ -0.002176, 0.002176 ],
      "X_91" : [ -0.002291, 0.002291 ],
      "X_92" : [ -0.002656, 0.002656 ],
      "X_93" : [ -0.015618, 0.015618 ],
      "X_94" : [ -0.001670, 0.001670 ],
      "X_95" : [ -0.004524, 0.004524 ],
      "X_96" : [ -0.003164, 0.003164 ],
      "X_97" : [ -0.001135, 0.001135 ],
      "X_98" : [ -0.015777, 0.015777 ],
      "X_99" : [ -0.010778, 0.010778 ]   
   },
   "Most_Contributive_Features_By_Class" : {
      "class_0" : [ 61, 1, 23, 98, 28, 93, 54, 62, 81, 45 ],
      "class_1" : [ 61, 1, 23, 98, 28, 93, 54, 62, 81, 45 ]
   }
}