{
   "Contributions" : {
      "X_0" : [ 0.004076, -0.004076 ],
      "X_1" : [ 0.000740, -0.000740 ],
      "X_2" : [ 0.006469, -0.006469 ],
      "X_3" : [ 0.005372, -0.005372 ],
      "X_4" : [ 0.001104, -0.001104 ],
      "X_5" : [ 0.000505, -0.000505 ],
      "X_6" : [ -0.001859, 0.001859 ],
      "X_7" : [ -0.000091, 0.000091 ],
      "X_8" : [ 0.001459, -0.001459 ],
      "X_9" : [ -0.000247, 0.000247 ],
      "X_10" : [ 0.001409, -0.001409 ],
      "X_11" : [ 0.000002, -0.000002 ],
      "X_12" : [ 0.000448, -0.000448 ],
      "X_13" : [ 0.006304, -0.006304 ],
      "X_14" : [ -0.000448, 0.000448 ],
      "X_15" : [ -0.000439, 0.000439 ],
      "X_16" : [ 0.000916, -0.000916 ],
      "X_17" : [ -0.002341, 0.002341 ],
      "X_18" : [ -0.000019, 0.000019 ],
      "X_19" : [ -0.001411, 0.001411 ],
      "X_20" : [ 0.019948, -0.019948 ],
      "X_21" : [ 0.000941, -0.000941 ],
      "X_22" : [ 0.008992, -0.008992 ],
      "X_23" : [ 0.012029, -0.012029 ],
      "X_24" : [ 0.000172, -0.000172 ],
      "X_25" : [ -0.001526, 0.001526 ],
      "X_26" : [ -0.001260, 0.001260 ],
      "X_27" : [ -0.002327, 0.002327 ],
      "X_28" : [ -0.001071, 0.001071 ],
      "X_29" : [ -0.001261, 0.001261 ]   
   },
   "Most_Contributive_Features_By_Class" : {
      "class_0" : [ 20, 23, 22, 2, 13, 3, 0, 17, 27, 6 ],
      "class_1" : [ 20, 23, 22, 2, 13, 3, 0, 17, 27, 6 ]
   }
}