{
   "Contributions" : {
      "X_0" : [ 0.000000, 0.000000 ],
      "X_1" : [ 0.000000, 0.000000 ],
      "X_2" : [ 0.000000, 0.000000 ],
      "X_3" : [ 0.008494, -0.008494 ],
      "X_4" : [ 0.000000, 0.000000 ],
      "X_5" : [ -0.002513, 0.002513 ],
      "X_6" : [ -0.000697, 0.000697 ],
      "X_7" : [ 0.000000, 0.000000 ],
      "X_8" : [ 0.000096, -0.000096 ],
      "X_9" : [ 0.000000, 0.000000 ],
      "X_10" : [ 0.000000, 0.000000 ],
      "X_11" : [ 0.000000, 0.000000 ],
      "X_12" : [ 0.000000, 0.000000 ],
      "X_13" : [ -0.002048, 0.002048 ],
      "X_14" : [ -0.001210, 0.001210 ],
      "X_15" : [ 0.000000, 0.000000 ],
      "X_16" : [ -0.000462, 0.000462 ],
      "X_17" : [ 0.000000, 0.000000 ],
      "X_18" : [ 0.000000, 0.000000 ],
      "X_19" : [ 0.000000, 0.000000 ],
      "X_20" : [ 0.039772, -0.039772 ],
      "X_21" : [ 0.000000, 0.000000 ],
      "X_22" : [ 0.000000, 0.000000 ],
      "X_23" : [ 0.030606, -0.030606 ],
      "X_24" : [ -0.010672, 0.010672 ],
      "X_25" : [ 0.000096, -0.000096 ],
      "X_26" : [ -0.001969, 0.001969 ],
      "X_27" : [ -0.010046, 0.010046 ],
      "X_28" : [ -0.003761, 0.003761 ],
      "X_29" : [ 0.000959, -0.000959 ]   
   },
   "Most_Contributive_Features_By_Class" : {
      "class_0" : [ 20, 23, 24, 27, 3, 28, 5, 13, 26, 14 ],
      "class_1" : [ 20, 23, 24, 27, 3, 28, 5, 13, 26, 14 ]
   }
}