{
   "Contributions" : {
      "X_0" : [ -0.064933 ],
      "X_1" : [ -0.086360 ],
      "X_2" : [ 0.002855 ],
      "X_3" : [ -0.083491 ]   
   },
   "Most_Contributive_Features" : {
      "y" : [ 1, 3, 0, 2 ]
   }
}