{
   "Contributions" : {
      "X_0" : [ -0.000928, 0.000928 ],
      "X_1" : [ 0.000000, 0.000000 ],
      "X_2" : [ -0.003259, 0.003259 ],
      "X_3" : [ 0.024414, -0.024414 ],
      "X_4" : [ 0.007568, -0.007568 ],
      "X_5" : [ -0.015466, 0.015466 ],
      "X_6" : [ -0.059241, 0.059241 ],
      "X_7" : [ 0.000000, 0.000000 ],
      "X_8" : [ -0.003418, 0.003418 ],
      "X_9" : [ 0.000000, 0.000000 ]   
   },
   "Most_Contributive_Features_By_Class" : {
      "class_0" : [ 6, 3, 5, 4, 8, 2, 0 ],
      "class_1" : [ 6, 3, 5, 4, 8, 2, 0 ]
   }
}