{
   "Contributions" : {
      "X_0" : [ -0.005859, 0.005859 ],
      "X_1" : [ 0.000000, 0.000000 ],
      "X_2" : [ -0.014648, 0.014648 ],
      "X_3" : [ 0.033936, -0.033936 ],
      "X_4" : [ 0.009033, -0.009033 ],
      "X_5" : [ -0.030029, 0.030029 ],
      "X_6" : [ -0.055908, 0.055908 ],
      "X_7" : [ 0.000000, 0.000000 ],
      "X_8" : [ -0.003418, 0.003418 ],
      "X_9" : [ 0.000000, 0.000000 ]   
   },
   "Most_Contributive_Features_By_Class" : {
      "class_0" : [ 6, 3, 5, 2, 4, 0, 8 ],
      "class_1" : [ 6, 3, 5, 2, 4, 0, 8 ]
   }
}