{
   "Contributions" : {
      "X_0" : [ 1.109832 ],
      "X_1" : [ -38.778187 ],
      "X_2" : [ 0.005413 ],
      "X_3" : [ -0.025137 ]   
   },
   "Most_Contributive_Features" : {
      "y" : [ 1, 0, 3, 2 ]
   }
}