{
   "Contributions" : {
      "X_0" : [ -0.444338 ],
      "X_1" : [ -2.364676 ],
      "X_2" : [ -0.006375 ],
      "X_3" : [ 0.062715 ]   
   },
   "Most_Contributive_Features" : {
      "y" : [ 1, 0, 3, 2 ]
   }
}