{
   "Contributions" : {
      "X_0" : [ -0.315979 ],
      "X_1" : [ 0.387695 ],
      "X_2" : [ -3.298019 ],
      "X_3" : [ -3.973328 ],
      "X_4" : [ -0.356430 ],
      "X_5" : [ -0.115662 ],
      "X_6" : [ 0.390930 ],
      "X_7" : [ 0.654602 ],
      "X_8" : [ 7.103806 ],
      "X_9" : [ 0.517380 ]   
   },
   "Most_Contributive_Features" : {
      "y" : [ 8, 3, 2, 7, 9, 6, 1, 4, 0, 5 ]
   }
}