{
   "Contributions" : {
      "X_0" : [ -2.299894 ],
      "X_1" : [ 0.410254 ],
      "X_2" : [ -3.668839 ],
      "X_3" : [ -1.558337 ],
      "X_4" : [ -0.219978 ],
      "X_5" : [ -1.294657 ],
      "X_6" : [ -0.207902 ],
      "X_7" : [ 0.223278 ],
      "X_8" : [ 7.249655 ],
      "X_9" : [ -0.784452 ]   
   },
   "Most_Contributive_Features" : {
      "y" : [ 8, 2, 0, 3, 5, 9, 1, 7, 4, 6 ]
   }
}