{
   "Contributions" : {
      "X_0" : [ 0.000000, 0.000000, 0.000000 ],
      "X_1" : [ 0.000000, 0.000000, 0.000000 ],
      "X_2" : [ 0.000000, 0.000000, 0.000000 ],
      "X_3" : [ 0.000000, 0.000000, 0.000000 ]   
   },
   "Most_Contributive_Features_By_Class" : {
      "class_0" : [ ],
      "class_1" : [ ],
      "class_2" : [ ]
   }
}