{
   "Contributions" : {
      "X_0" : [ 3010.773682 ],
      "X_1" : [ -5353.113281 ],
      "X_2" : [ 337.065979 ],
      "X_3" : [ 1966.981934 ],
      "X_4" : [ -1689.726318 ],
      "X_5" : [ 4303.664551 ],
      "X_6" : [ -2871.986328 ],
      "X_7" : [ -1761.974609 ],
      "X_8" : [ 0.000000 ]   
   },
   "Most_Contributive_Features" : {
      "y" : [ 1, 5, 0, 6, 3, 7, 4, 2 ]
   }
}