{
	"metadata" : { "model" : "Tikhonov_Ridge", "version" : "2024-W12", "signature" : "ff4_ff4"},
	"options" : { "alpha" : 0.000000, "random_state" : 1789 },
	"dataset" : { "dataset_rows" : 20640, "dataset_features" : 9 },
	"equations" : {
			"intercept" : -3549317.000000,
			"coeffs" : [ -42433.921875, -42408.500000, 1139.694824, -5.245030, 57.172264, -40.820393, 100.251648, 39348.636719, 0.000000 ]
		}
}