{
	"metadata" : { "model" : "Tikhonov_Ridge", "version" : "2024-W14", "signature" : "ff4_ff4"},
	"options" : { "alpha" : 1.000000, "random_state" : 1789 },
	"dataset" : { "dataset_rows" : 20640, "dataset_features" : 9 },
	"equations" : {
			"intercept" : -3546731.250000,
			"coeffs" : [ -42403.480469, -42379.566406, 1140.212280, -5.243599, 57.167011, -40.801949, 100.203217, 39349.960938, 0.000000 ]
		}
}