{
   "Contributions" : {
      "X_0" : [ 3008.858398 ],
      "X_1" : [ -5349.799805 ],
      "X_2" : [ 337.194031 ],
      "X_3" : [ 1966.445557 ],
      "X_4" : [ -1689.582153 ],
      "X_5" : [ 4301.718750 ],
      "X_6" : [ -2870.616699 ],
      "X_7" : [ -1762.047729 ],
      "X_8" : [ 0.000000 ]   
   },
   "Most_Contributive_Features" : {
      "y" : [ 1, 5, 0, 6, 3, 7, 4, 2 ]
   }
}