{
   "Contributions" : {
      "X_0" : [ 1.892211 ],
      "X_1" : [ -0.075780 ],
      "X_2" : [ 0.849193 ],
      "X_3" : [ 0.733426 ],
      "X_4" : [ -1.834209 ],
      "X_5" : [ -1.727567 ],
      "X_6" : [ 1.427038 ],
      "X_7" : [ 0.167365 ],
      "X_8" : [ -4.706909 ],
      "X_9" : [ 1.810355 ]   
   },
   "Most_Contributive_Features" : {
      "y" : [ 8, 0, 4, 9, 5, 6, 2, 3, 7, 1 ]
   }
}