{
   "Contributions" : {
      "X_0" : [ 0.869846 ],
      "X_1" : [ 0.008250 ],
      "X_2" : [ -0.391735 ],
      "X_3" : [ 1.860481 ],
      "X_4" : [ -1.170632 ],
      "X_5" : [ -1.391425 ],
      "X_6" : [ 0.838104 ],
      "X_7" : [ 0.278637 ],
      "X_8" : [ -4.288369 ],
      "X_9" : [ 1.802329 ]   
   },
   "Most_Contributive_Features" : {
      "y" : [ 8, 3, 9, 5, 4, 0, 6, 2, 7, 1 ]
   }
}