{
   "Contributions" : {
      "X_0" : [ 0.005737 ],
      "X_1" : [ 0.008245 ],
      "X_2" : [ 0.016734 ],
      "X_3" : [ -0.000380 ],
      "X_4" : [ -0.002844 ],
      "X_5" : [ -0.000080 ],
      "X_6" : [ 0.003455 ],
      "X_7" : [ -0.004423 ],
      "X_8" : [ 0.003897 ],
      "X_9" : [ -0.000856 ],
      "X_10" : [ 0.003372 ],
      "X_11" : [ -0.006786 ],
      "X_12" : [ 0.009835 ],
      "X_13" : [ -0.006163 ],
      "X_14" : [ 0.002726 ],
      "X_15" : [ -0.004577 ],
      "X_16" : [ 0.001388 ],
      "X_17" : [ 0.000696 ],
      "X_18" : [ 0.008061 ],
      "X_19" : [ -0.007434 ],
      "X_20" : [ -0.017723 ],
      "X_21" : [ -0.006655 ],
      "X_22" : [ -0.005398 ],
      "X_23" : [ 0.001042 ],
      "X_24" : [ -0.003607 ],
      "X_25" : [ 0.005080 ],
      "X_26" : [ 0.004451 ],
      "X_27" : [ 0.000005 ],
      "X_28" : [ -0.002882 ],
      "X_29" : [ 0.003125 ],
      "X_30" : [ -0.002674 ],
      "X_31" : [ 0.000542 ],
      "X_32" : [ 0.040428 ],
      "X_33" : [ -0.003786 ],
      "X_34" : [ -0.001270 ],
      "X_35" : [ -0.006985 ],
      "X_36" : [ -0.032720 ],
      "X_37" : [ 0.001179 ],
      "X_38" : [ 0.001309 ],
      "X_39" : [ 0.001437 ],
      "X_40" : [ 0.010425 ],
      "X_41" : [ -0.009723 ],
      "X_42" : [ -0.006338 ],
      "X_43" : [ 0.004983 ],
      "X_44" : [ -0.007795 ],
      "X_45" : [ -0.011648 ],
      "X_46" : [ -0.014566 ],
      "X_47" : [ 0.020362 ],
      "X_48" : [ -0.000268 ],
      "X_49" : [ -0.003677 ],
      "X_50" : [ 0.003497 ],
      "X_51" : [ -0.004177 ],
      "X_52" : [ 0.002377 ],
      "X_53" : [ 0.001397 ],
      "X_54" : [ -0.001409 ],
      "X_55" : [ -0.000575 ],
      "X_56" : [ 0.000688 ],
      "X_57" : [ 0.000307 ],
      "X_58" : [ 0.000678 ],
      "X_59" : [ 0.029730 ],
      "X_60" : [ 0.000189 ],
      "X_61" : [ 0.009136 ],
      "X_62" : [ -0.000458 ],
      "X_63" : [ 0.001976 ],
      "X_64" : [ 0.002218 ],
      "X_65" : [ -0.005114 ],
      "X_66" : [ 0.002339 ],
      "X_67" : [ -0.002095 ],
      "X_68" : [ 0.014481 ],
      "X_69" : [ 0.005103 ],
      "X_70" : [ 0.034881 ],
      "X_71" : [ 0.003578 ],
      "X_72" : [ 0.001500 ],
      "X_73" : [ -0.011131 ],
      "X_74" : [ 0.002404 ],
      "X_75" : [ 0.001831 ],
      "X_76" : [ -0.007599 ],
      "X_77" : [ -0.010730 ],
      "X_78" : [ 0.025171 ],
      "X_79" : [ -0.000620 ],
      "X_80" : [ 0.001996 ],
      "X_81" : [ -0.001018 ],
      "X_82" : [ 0.000649 ],
      "X_83" : [ 0.002029 ],
      "X_84" : [ 0.010754 ],
      "X_85" : [ -0.000353 ],
      "X_86" : [ -0.002026 ],
      "X_87" : [ -0.020750 ],
      "X_88" : [ 0.002389 ],
      "X_89" : [ -0.004638 ],
      "X_90" : [ -0.034201 ],
      "X_91" : [ -0.006811 ],
      "X_92" : [ 0.012351 ],
      "X_93" : [ -0.004862 ],
      "X_94" : [ 0.001095 ],
      "X_95" : [ 0.007627 ],
      "X_96" : [ -0.008779 ],
      "X_97" : [ 0.015657 ],
      "X_98" : [ 0.000792 ],
      "X_99" : [ 0.009839 ]   
   },
   "Most_Contributive_Features" : {
      "y" : [ 32, 70, 90, 36, 59, 78, 87, 47, 20, 2 ]
   }
}