{
	"metadata" : { "model" : "Breiman_CART", "version" : "2024-W12", "signature" : "ff4_ff4"},
	"options" : { "ccp_alpha" : 0.000000, "criterion" : "", "max_depth" : 6, "max_features" : null, "max_leaf_nodes" : 32, "min_impurity_decrease" : 0.000000, "min_samples_leaf" : 1, "min_samples_split" : 2, "min_weight_fraction_leaf" : 0.000000, "random_state" : 1789, "splitter" : "best" },
	"dataset" : { "dataset_rows" : 64, "dataset_features" : 9 },
	"tree" : {
	"features" : 9,
	"outputs" : 1,
	"max_depth" : 5,
	"node_count" : 63,
	"nodes" : {
		"node_00" : {"left" : 1, "right" : 2, "feature" : 7, "threshold" : 3.867350, "impurity" : 11997843456.000000, "n_samples" : 64, "w_samples" : 64.000000, "value" : [203459.406250]},
		"node_01" : {"left" : 13, "right" : 14, "feature" : 5, "threshold" : 541.500000, "impurity" : 4557176832.000000, "n_samples" : 38, "w_samples" : 38.000000, "value" : [142026.312500]},
		"node_02" : {"left" : 3, "right" : 4, "feature" : 5, "threshold" : 657.000000, "impurity" : 9295134720.000000, "n_samples" : 26, "w_samples" : 26.000000, "value" : [293246.218750]},
		"node_03" : {"left" : 5, "right" : 6, "feature" : 6, "threshold" : 227.500000, "impurity" : 3757260800.000000, "n_samples" : 7, "w_samples" : 7.000000, "value" : [408743.156250]},
		"node_04" : {"left" : 9, "right" : 10, "feature" : 7, "threshold" : 6.621100, "impurity" : 4610191360.000000, "n_samples" : 19, "w_samples" : 19.000000, "value" : [250694.734375]},
		"node_05" : {"left" : 45, "right" : 46, "feature" : 2, "threshold" : 32.500000, "impurity" : 215040000.000000, "n_samples" : 3, "w_samples" : 3.000000, "value" : [355933.343750]},
		"node_06" : {"left" : 7, "right" : 8, "feature" : 5, "threshold" : 624.500000, "impurity" : 2753560576.000000, "n_samples" : 4, "w_samples" : 4.000000, "value" : [448350.500000]},
		"node_07" : {"left" : null, "right" : null, "feature" : null, "threshold" : null, "impurity" : 0.000000, "n_samples" : 2, "w_samples" : 2.000000, "value" : [500001.000000]},
		"node_08" : {"left" : 49, "right" : 50, "feature" : 4, "threshold" : 283.500000, "impurity" : 171589632.000000, "n_samples" : 2, "w_samples" : 2.000000, "value" : [396700.000000]},
		"node_09" : {"left" : 23, "right" : 24, "feature" : 7, "threshold" : 4.539200, "impurity" : 2032164864.000000, "n_samples" : 16, "w_samples" : 16.000000, "value" : [231218.750000]},
		"node_10" : {"left" : 11, "right" : 12, "feature" : 7, "threshold" : 7.126400, "impurity" : 5547270144.000000, "n_samples" : 3, "w_samples" : 3.000000, "value" : [354566.656250]},
		"node_11" : {"left" : null, "right" : null, "feature" : null, "threshold" : null, "impurity" : 0.000000, "n_samples" : 1, "w_samples" : 1.000000, "value" : [459600.000000]},
		"node_12" : {"left" : 53, "right" : 54, "feature" : 6, "threshold" : 407.000000, "impurity" : 46923776.000000, "n_samples" : 2, "w_samples" : 2.000000, "value" : [302050.000000]},
		"node_13" : {"left" : 15, "right" : 16, "feature" : 4, "threshold" : 502.000000, "impurity" : 4614299648.000000, "n_samples" : 3, "w_samples" : 3.000000, "value" : [268733.343750]},
		"node_14" : {"left" : 17, "right" : 18, "feature" : 4, "threshold" : 996.500000, "impurity" : 3058210816.000000, "n_samples" : 35, "w_samples" : 35.000000, "value" : [131165.718750]},
		"node_15" : {"left" : 21, "right" : 22, "feature" : 0, "threshold" : -122.175003, "impurity" : 1122246656.000000, "n_samples" : 2, "w_samples" : 2.000000, "value" : [312700.000000]},
		"node_16" : {"left" : null, "right" : null, "feature" : null, "threshold" : null, "impurity" : -4096.000000, "n_samples" : 1, "w_samples" : 1.000000, "value" : [180800.000000]},
		"node_17" : {"left" : 29, "right" : 30, "feature" : 7, "threshold" : 3.625750, "impurity" : 1771624448.000000, "n_samples" : 31, "w_samples" : 31.000000, "value" : [119077.421875]},
		"node_18" : {"left" : 19, "right" : 20, "feature" : 5, "threshold" : 2964.000000, "impurity" : 3120001024.000000, "n_samples" : 4, "w_samples" : 4.000000, "value" : [224850.000000]},
		"node_19" : {"left" : 51, "right" : 52, "feature" : 7, "threshold" : 2.947400, "impurity" : 84647936.000000, "n_samples" : 2, "w_samples" : 2.000000, "value" : [280200.000000]},
		"node_20" : {"left" : 57, "right" : 58, "feature" : 6, "threshold" : 1170.000000, "impurity" : 28094464.000000, "n_samples" : 2, "w_samples" : 2.000000, "value" : [169500.000000]},
		"node_21" : {"left" : null, "right" : null, "feature" : null, "threshold" : null, "impurity" : 0.000000, "n_samples" : 1, "w_samples" : 1.000000, "value" : [346200.000000]},
		"node_22" : {"left" : null, "right" : null, "feature" : null, "threshold" : null, "impurity" : 0.000000, "n_samples" : 1, "w_samples" : 1.000000, "value" : [279200.000000]},
		"node_23" : {"left" : 25, "right" : 26, "feature" : 7, "threshold" : 4.041300, "impurity" : 1224871936.000000, "n_samples" : 5, "w_samples" : 5.000000, "value" : [186140.000000]},
		"node_24" : {"left" : 27, "right" : 28, "feature" : 1, "threshold" : 38.014999, "impurity" : 1055571968.000000, "n_samples" : 11, "w_samples" : 11.000000, "value" : [251709.093750]},
		"node_25" : {"left" : 55, "right" : 56, "feature" : 0, "threshold" : -120.199997, "impurity" : 37212160.000000, "n_samples" : 2, "w_samples" : 2.000000, "value" : [224600.000000]},
		"node_26" : {"left" : 39, "right" : 40, "feature" : 2, "threshold" : 8.000000, "impurity" : 373125120.000000, "n_samples" : 3, "w_samples" : 3.000000, "value" : [160500.000000]},
		"node_27" : {"left" : 35, "right" : 36, "feature" : 2, "threshold" : 36.500000, "impurity" : 604004352.000000, "n_samples" : 9, "w_samples" : 9.000000, "value" : [262855.562500]},
		"node_28" : {"left" : 59, "right" : 60, "feature" : 7, "threshold" : 5.762000, "impurity" : 12603392.000000, "n_samples" : 2, "w_samples" : 2.000000, "value" : [201550.000000]},
		"node_29" : {"left" : 37, "right" : 38, "feature" : 3, "threshold" : 1123.000000, "impurity" : 1171160064.000000, "n_samples" : 26, "w_samples" : 26.000000, "value" : [110342.304688]},
		"node_30" : {"left" : 31, "right" : 32, "feature" : 4, "threshold" : 382.500000, "impurity" : 2434062336.000000, "n_samples" : 5, "w_samples" : 5.000000, "value" : [164500.000000]},
		"node_31" : {"left" : 47, "right" : 48, "feature" : 1, "threshold" : 33.415001, "impurity" : 184960000.000000, "n_samples" : 2, "w_samples" : 2.000000, "value" : [113100.000000]},
		"node_32" : {"left" : 33, "right" : 34, "feature" : 7, "threshold" : 3.703100, "impurity" : 997961728.000000, "n_samples" : 3, "w_samples" : 3.000000, "value" : [198766.671875]},
		"node_33" : {"left" : null, "right" : null, "feature" : null, "threshold" : null, "impurity" : 114489344.000000, "n_samples" : 2, "w_samples" : 2.000000, "value" : [177300.000000]},
		"node_34" : {"left" : null, "right" : null, "feature" : null, "threshold" : null, "impurity" : 0.000000, "n_samples" : 1, "w_samples" : 1.000000, "value" : [241700.000000]},
		"node_35" : {"left" : null, "right" : null, "feature" : null, "threshold" : null, "impurity" : 240959488.000000, "n_samples" : 8, "w_samples" : 8.000000, "value" : [255875.000000]},
		"node_36" : {"left" : null, "right" : null, "feature" : null, "threshold" : null, "impurity" : 0.000000, "n_samples" : 1, "w_samples" : 1.000000, "value" : [318700.000000]},
		"node_37" : {"left" : 43, "right" : 44, "feature" : 4, "threshold" : 218.000000, "impurity" : 270843904.000000, "n_samples" : 3, "w_samples" : 3.000000, "value" : [164233.328125]},
		"node_38" : {"left" : 41, "right" : 42, "feature" : 1, "threshold" : 38.595001, "impurity" : 860367872.000000, "n_samples" : 23, "w_samples" : 23.000000, "value" : [103313.046875]},
		"node_39" : {"left" : null, "right" : null, "feature" : null, "threshold" : null, "impurity" : 0.000000, "n_samples" : 1, "w_samples" : 1.000000, "value" : [133200.000000]},
		"node_40" : {"left" : null, "right" : null, "feature" : null, "threshold" : null, "impurity" : 720896.000000, "n_samples" : 2, "w_samples" : 2.000000, "value" : [174150.000000]},