{
   "Contributions" : {
      "X_0" : [ 38.671875 ],
      "X_1" : [ 3361.292236 ],
      "X_2" : [ 10.803223 ],
      "X_3" : [ 561.738525 ],
      "X_4" : [ -12131.791016 ],
      "X_5" : [ -7576.664062 ],
      "X_6" : [ -1606.948242 ],
      "X_7" : [ 9180.899414 ],
      "X_8" : [ 0.000000 ]   
   },
   "Most_Contributive_Features" : {
      "y" : [ 4, 7, 5, 1, 6, 3, 0, 2 ]
   }
}