{
   "Contributions" : {
      "X_0" : [ -0.002907 ],
      "X_1" : [ 0.008431 ],
      "X_2" : [ -0.000174 ],
      "X_3" : [ -0.011068 ],
      "X_4" : [ 0.012765 ],
      "X_5" : [ -0.034536 ],
      "X_6" : [ -0.006820 ],
      "X_7" : [ -0.000446 ],
      "X_8" : [ 0.027857 ],
      "X_9" : [ -0.000542 ]   
   },
   "Most_Contributive_Features" : {
      "y" : [ 5, 8, 4, 3, 1, 6, 0, 9, 7, 2 ]
   }
}