{
   "Contributions" : {
      "X_0" : [ 0.002363 ],
      "X_1" : [ 0.003649 ],
      "X_2" : [ 0.000322 ],
      "X_3" : [ -0.002487 ],
      "X_4" : [ 0.003286 ],
      "X_5" : [ 0.004932 ],
      "X_6" : [ -0.002089 ],
      "X_7" : [ 0.002876 ],
      "X_8" : [ 0.008473 ],
      "X_9" : [ 0.002486 ]   
   },
   "Most_Contributive_Features" : {
      "y" : [ 8, 5, 1, 4, 7, 3, 9, 0, 6, 2 ]
   }
}