{
	"metadata" : { "model" : "Vapnik_NuSVR_RBF", "version" : "2024-W12", "signature" : "ff4_ff4"},
	"options" : {"svm_type" : "nu_svr", "kernel" : "rbf", "degree" : 3, "gamma" : 0.088583, "coef0" : 0.000000, "cache_size" : 300, "tol" : 0.001000, "nu" : 0.100000, "epsilon" : 0.000000, "shrinking" : 0, "probability" : 0, "C" : 1.000000, "max_iter" : 128, "random_state" : 1789 },
	"dataset" : { "dataset_rows" : 16, "dataset_features" : 10 },
	"svm_model" : {
	"classes" : 2,
	"L" : 2,
	"SupportVectors" : {
		"SV_0" : [ -0.648732, -0.880620, 0.202193, 0.525953, 0.655148, -0.647661, 0.272122, -2.437228, -0.548644, -0.541692 ],
		"SV_1" : [ 0.375851, 2.459666, 2.331842, 1.801873, 0.883058, -1.030525, 2.246760, -1.930692, 0.035418, -1.673652 ]
	},
	"SupportVectorsCoefs" : {
		"SV_coef_0" : [ -0.800000, 0.800000 ]
	},
	"rho" : [ -102.074493 ],
	"nSV" : [ 2 ],
	"probA" : [ ],
	"probB" : [ ],
	"n_iter" : [ 2 ]
}
}