{
	"metadata" : { "model" : "Vapnik_NuSVR_RBF", "version" : "2024-W12", "signature" : "ff4_ff4"},
	"options" : {"svm_type" : "nu_svr", "kernel" : "rbf", "degree" : 3, "gamma" : 0.088583, "coef0" : 0.000000, "cache_size" : 300, "tol" : 0.001000, "nu" : 0.500000, "epsilon" : 0.000000, "shrinking" : 0, "probability" : 0, "C" : 1.000000, "max_iter" : 128, "random_state" : 1789 },
	"dataset" : { "dataset_rows" : 16, "dataset_features" : 10 },
	"svm_model" : {
	"classes" : 2,
	"L" : 8,
	"SupportVectors" : {
		"SV_0" : [ -0.648732, -0.880620, 0.202193, 0.525953, 0.655148, -0.647661, 0.272122, -2.437228, -0.548644, -0.541692 ],
		"SV_1" : [ -0.304252, -2.418750, 0.148738, -1.156809, 1.856268, 1.161673, 0.542158, -1.733213, -0.113479, -1.359821 ],
		"SV_2" : [ 2.688408, -0.118800, 0.359897, -0.489429, 0.996860, 0.599293, -1.045101, 2.004759, -0.462834, -0.129511 ],
		"SV_3" : [ 0.316403, 0.549981, -0.016203, -1.294070, 0.278531, -0.274334, -0.927009, -0.240115, -1.068699, 0.480429 ],
		"SV_4" : [ 0.375851, 2.459666, 2.331842, 1.801873, 0.883058, -1.030525, 2.246760, -1.930692, 0.035418, -1.673652 ],
		"SV_5" : [ 1.174554, -0.660511, 1.243189, -2.320833, -0.455125, -1.586949, 0.584329, -1.353951, 0.417907, -0.191627 ],
		"SV_6" : [ -0.406296, -1.114724, -0.690144, -0.042832, 0.738593, 0.753398, 1.110532, -0.872249, 1.572700, -0.719172 ],
		"SV_7" : [ -0.119582, -0.489682, 0.671135, 0.153117, 0.091115, -2.239584, 1.111452, -0.253174, 1.680182, -0.191141 ]
	},
	"SupportVectorsCoefs" : {
		"SV_coef_0" : [ -1.000000, -1.000000, 1.000000, -1.000000, 1.000000, 1.000000, -1.000000, 1.000000 ]
	},
	"rho" : [ -19.313898 ],
	"nSV" : [ 8 ],
	"probA" : [ ],
	"probB" : [ ],
	"n_iter" : [ 7 ]
}
}