{
   "Contributions" : {
      "X_0" : [ -0.009460, 0.009460 ],
      "X_1" : [ -0.002808, 0.002808 ],
      "X_2" : [ 0.080933, -0.080933 ],
      "X_3" : [ 0.013611, -0.013611 ],
      "X_4" : [ -0.017578, 0.017578 ],
      "X_5" : [ -0.027588, 0.027588 ],
      "X_6" : [ 0.000122, -0.000122 ],
      "X_7" : [ 0.001221, -0.001221 ],
      "X_8" : [ -0.003113, 0.003113 ],
      "X_9" : [ -0.009155, 0.009155 ]   
   },
   "Most_Contributive_Features_By_Class" : {
      "class_0" : [ 2, 5, 4, 3, 0, 9, 8, 1, 7, 6 ],
      "class_1" : [ 2, 5, 4, 3, 0, 9, 8, 1, 7, 6 ]
   }
}