{
   "Contributions" : {
      "X_0" : [ -0.004263, 0.004263 ],
      "X_1" : [ -0.000659, 0.000659 ],
      "X_2" : [ 0.051653, -0.051653 ],
      "X_3" : [ 0.003644, -0.003644 ],
      "X_4" : [ -0.018681, 0.018681 ],
      "X_5" : [ -0.058690, 0.058690 ],
      "X_6" : [ 0.000000, 0.000000 ],
      "X_7" : [ 0.001221, -0.001221 ],
      "X_8" : [ 0.001873, -0.001873 ],
      "X_9" : [ -0.001587, 0.001587 ]   
   },
   "Most_Contributive_Features_By_Class" : {
      "class_0" : [ 5, 2, 4, 0, 3, 8, 9, 7, 1 ],
      "class_1" : [ 5, 2, 4, 0, 3, 8, 9, 7, 1 ]
   }
}