{
   "Contributions" : {
      "X_0" : [ 10215.541992 ],
      "X_1" : [ 2800.762451 ],
      "X_2" : [ 553.297119 ],
      "X_3" : [ -2162.152588 ],
      "X_4" : [ -404.479401 ],
      "X_5" : [ 277.615021 ],
      "X_6" : [ -1431.881348 ],
      "X_7" : [ 9872.484375 ],
      "X_8" : [ 0.000000 ]   
   },
   "Most_Contributive_Features" : {
      "y" : [ 0, 7, 1, 3, 6, 2, 4, 5 ]
   }
}