{
   "Contributions" : {
      "X_0" : [ -0.000355, 0.000355 ],
      "X_1" : [ -0.014698, 0.014698 ],
      "X_2" : [ -0.000582, 0.000582 ],
      "X_3" : [ -0.000232, 0.000232 ],
      "X_4" : [ 0.001567, -0.001567 ],
      "X_5" : [ -0.000022, 0.000022 ],
      "X_6" : [ 0.000039, -0.000039 ],
      "X_7" : [ -0.000302, 0.000302 ],
      "X_8" : [ 0.000367, -0.000367 ],
      "X_9" : [ -0.000114, 0.000114 ],
      "X_10" : [ 0.001285, -0.001285 ],
      "X_11" : [ -0.000725, 0.000725 ],
      "X_12" : [ 0.000009, -0.000009 ],
      "X_13" : [ 0.000040, -0.000040 ],
      "X_14" : [ 0.000523, -0.000523 ],
      "X_15" : [ 0.000311, -0.000311 ],
      "X_16" : [ 0.001202, -0.001202 ],
      "X_17" : [ -0.000219, 0.000219 ],
      "X_18" : [ -0.000084, 0.000084 ],
      "X_19" : [ -0.001378, 0.001378 ],
      "X_20" : [ 0.000357, -0.000357 ],
      "X_21" : [ -0.000161, 0.000161 ],
      "X_22" : [ 0.000246, -0.000246 ],
      "X_23" : [ -0.004786, 0.004786 ],
      "X_24" : [ 0.000137, -0.000137 ],
      "X_25" : [ 0.001310, -0.001310 ],
      "X_26" : [ 0.000111, -0.000111 ],
      "X_27" : [ 0.001493, -0.001493 ],
      "X_28" : [ 0.000036, -0.000036 ],
      "X_29" : [ 0.000387, -0.000387 ],
      "X_30" : [ 0.000184, -0.000184 ],
      "X_31" : [ 0.000065, -0.000065 ],
      "X_32" : [ -0.000201, 0.000201 ],
      "X_33" : [ -0.000004, 0.000004 ],
      "X_34" : [ -0.000100, 0.000100 ],
      "X_35" : [ 0.000160, -0.000160 ],
      "X_36" : [ -0.000224, 0.000224 ],
      "X_37" : [ -0.000290, 0.000290 ],
      "X_38" : [ 0.002209, -0.002209 ],
      "X_39" : [ -0.001052, 0.001052 ],
      "X_40" : [ -0.000127, 0.000127 ],
      "X_41" : [ 0.000026, -0.000026 ],
      "X_42" : [ -0.000019, 0.000019 ],
      "X_43" : [ 0.000206, -0.000206 ],
      "X_44" : [ -0.000477, 0.000477 ],
      "X_45" : [ -0.000002, 0.000002 ],
      "X_46" : [ -0.000031, 0.000031 ],
      "X_47" : [ -0.000078, 0.000078 ],
      "X_48" : [ 0.000137, -0.000137 ],
      "X_49" : [ -0.001051, 0.001051 ],
      "X_50" : [ -0.000071, 0.000071 ],
      "X_51" : [ 0.001749, -0.001749 ],
      "X_52" : [ 0.000493, -0.000493 ],
      "X_53" : [ -0.001936, 0.001936 ],
      "X_54" : [ 0.000144, -0.000144 ],
      "X_55" : [ -0.000279, 0.000279 ],
      "X_56" : [ -0.000069, 0.000069 ],
      "X_57" : [ -0.001580, 0.001580 ],
      "X_58" : [ -0.000067, 0.000067 ],
      "X_59" : [ -0.000735, 0.000735 ],
      "X_60" : [ 0.000537, -0.000537 ],
      "X_61" : [ -0.012427, 0.012427 ],
      "X_62" : [ -0.000010, 0.000010 ],
      "X_63" : [ 0.000601, -0.000601 ],
      "X_64" : [ 0.000169, -0.000169 ],
      "X_65" : [ 0.000908, -0.000908 ],
      "X_66" : [ 0.000066, -0.000066 ],
      "X_67" : [ 0.002537, -0.002537 ],
      "X_68" : [ -0.000156, 0.000156 ],
      "X_69" : [ -0.001104, 0.001104 ],
      "X_70" : [ -0.000021, 0.000021 ],
      "X_71" : [ 0.000106, -0.000106 ],
      "X_72" : [ 0.000277, -0.000277 ],
      "X_73" : [ -0.000257, 0.000257 ],
      "X_74" : [ 0.000026, -0.000026 ],
      "X_75" : [ -0.000343, 0.000343 ],
      "X_76" : [ -0.000380, 0.000380 ],
      "X_77" : [ 0.000396, -0.000396 ],
      "X_78" : [ -0.001032, 0.001032 ],
      "X_79" : [ 0.000343, -0.000343 ],
      "X_80" : [ 0.000207, -0.000207 ],
      "X_81" : [ 0.000326, -0.000326 ],
      "X_82" : [ 0.000621, -0.000621 ],
      "X_83" : [ 0.000333, -0.000333 ],
      "X_84" : [ 0.000574, -0.000574 ],
      "X_85" : [ 0.000891, -0.000891 ],
      "X_86" : [ 0.000182, -0.000182 ],
      "X_87" : [ -0.000075, 0.000075 ],
      "X_88" : [ 0.000690, -0.000690 ],
      "X_89" : [ 0.000663, -0.000663 ],
      "X_90" : [ 0.000145, -0.000145 ],
      "X_91" : [ 0.000683, -0.000683 ],
      "X_92" : [ 0.001626, -0.001626 ],
      "X_93" : [ 0.000080, -0.000080 ],
      "X_94" : [ 0.000423, -0.000423 ],
      "X_95" : [ 0.000206, -0.000206 ],
      "X_96" : [ -0.000445, 0.000445 ],
      "X_97" : [ -0.000147, 0.000147 ],
      "X_98" : [ -0.000276, 0.000276 ],
      "X_99" : [ -0.001411, 0.001411 ]   
   },
   "Most_Contributive_Features_By_Class" : {
      "class_0" : [ 1, 61, 23, 67, 38, 53, 51, 92, 57, 4 ],
      "class_1" : [ 1, 61, 23, 67, 38, 53, 51, 92, 57, 4 ]
   }
}