{
   "Contributions" : {
      "X_0" : [ -0.000356, 0.000356 ],
      "X_1" : [ -0.014983, 0.014983 ],
      "X_2" : [ -0.000580, 0.000580 ],
      "X_3" : [ -0.000232, 0.000232 ],
      "X_4" : [ 0.001885, -0.001885 ],
      "X_5" : [ -0.000021, 0.000021 ],
      "X_6" : [ 0.000038, -0.000038 ],
      "X_7" : [ -0.000299, 0.000299 ],
      "X_8" : [ 0.000366, -0.000366 ],
      "X_9" : [ -0.000114, 0.000114 ],
      "X_10" : [ 0.001290, -0.001290 ],
      "X_11" : [ -0.000724, 0.000724 ],
      "X_12" : [ 0.000008, -0.000008 ],
      "X_13" : [ 0.000041, -0.000041 ],
      "X_14" : [ 0.000523, -0.000523 ],
      "X_15" : [ 0.000311, -0.000311 ],
      "X_16" : [ 0.001200, -0.001200 ],
      "X_17" : [ -0.000221, 0.000221 ],
      "X_18" : [ -0.000083, 0.000083 ],
      "X_19" : [ -0.001380, 0.001380 ],
      "X_20" : [ 0.000361, -0.000361 ],
      "X_21" : [ -0.000160, 0.000160 ],
      "X_22" : [ 0.000245, -0.000245 ],
      "X_23" : [ -0.004783, 0.004783 ],
      "X_24" : [ 0.000135, -0.000135 ],
      "X_25" : [ 0.001306, -0.001306 ],
      "X_26" : [ 0.000111, -0.000111 ],
      "X_27" : [ 0.001495, -0.001495 ],
      "X_28" : [ 0.000036, -0.000036 ],
      "X_29" : [ 0.000388, -0.000388 ],
      "X_30" : [ 0.000182, -0.000182 ],
      "X_31" : [ 0.000063, -0.000063 ],
      "X_32" : [ -0.000203, 0.000203 ],
      "X_33" : [ -0.000004, 0.000004 ],
      "X_34" : [ -0.000101, 0.000101 ],
      "X_35" : [ 0.000161, -0.000161 ],
      "X_36" : [ -0.000222, 0.000222 ],
      "X_37" : [ -0.000292, 0.000292 ],
      "X_38" : [ 0.002212, -0.002212 ],
      "X_39" : [ -0.001051, 0.001051 ],
      "X_40" : [ -0.000128, 0.000128 ],
      "X_41" : [ 0.000026, -0.000026 ],
      "X_42" : [ -0.000019, 0.000019 ],
      "X_43" : [ 0.000207, -0.000207 ],
      "X_44" : [ -0.000477, 0.000477 ],
      "X_45" : [ -0.000002, 0.000002 ],
      "X_46" : [ -0.000031, 0.000031 ],
      "X_47" : [ -0.000079, 0.000079 ],
      "X_48" : [ 0.000138, -0.000138 ],
      "X_49" : [ -0.001051, 0.001051 ],
      "X_50" : [ -0.000071, 0.000071 ],
      "X_51" : [ 0.001749, -0.001749 ],
      "X_52" : [ 0.000495, -0.000495 ],
      "X_53" : [ -0.001938, 0.001938 ],
      "X_54" : [ 0.000143, -0.000143 ],
      "X_55" : [ -0.000278, 0.000278 ],
      "X_56" : [ -0.000068, 0.000068 ],
      "X_57" : [ -0.001582, 0.001582 ],
      "X_58" : [ -0.000066, 0.000066 ],
      "X_59" : [ -0.000735, 0.000735 ],
      "X_60" : [ 0.000537, -0.000537 ],
      "X_61" : [ -0.012302, 0.012302 ],
      "X_62" : [ -0.000010, 0.000010 ],
      "X_63" : [ 0.000597, -0.000597 ],
      "X_64" : [ 0.000167, -0.000167 ],
      "X_65" : [ 0.000911, -0.000911 ],
      "X_66" : [ 0.000066, -0.000066 ],
      "X_67" : [ 0.002486, -0.002486 ],
      "X_68" : [ -0.000156, 0.000156 ],
      "X_69" : [ -0.001107, 0.001107 ],
      "X_70" : [ -0.000022, 0.000022 ],
      "X_71" : [ 0.000107, -0.000107 ],
      "X_72" : [ 0.000277, -0.000277 ],
      "X_73" : [ -0.000254, 0.000254 ],
      "X_74" : [ 0.000025, -0.000025 ],
      "X_75" : [ -0.000343, 0.000343 ],
      "X_76" : [ -0.000382, 0.000382 ],
      "X_77" : [ 0.000393, -0.000393 ],
      "X_78" : [ -0.001035, 0.001035 ],
      "X_79" : [ 0.000343, -0.000343 ],
      "X_80" : [ 0.000209, -0.000209 ],
      "X_81" : [ 0.000325, -0.000325 ],
      "X_82" : [ 0.000619, -0.000619 ],
      "X_83" : [ 0.000332, -0.000332 ],
      "X_84" : [ 0.000578, -0.000578 ],
      "X_85" : [ 0.000889, -0.000889 ],
      "X_86" : [ 0.000181, -0.000181 ],
      "X_87" : [ -0.000075, 0.000075 ],
      "X_88" : [ 0.000685, -0.000685 ],
      "X_89" : [ 0.000666, -0.000666 ],
      "X_90" : [ 0.000145, -0.000145 ],
      "X_91" : [ 0.000682, -0.000682 ],
      "X_92" : [ 0.001630, -0.001630 ],
      "X_93" : [ 0.000081, -0.000081 ],
      "X_94" : [ 0.000426, -0.000426 ],
      "X_95" : [ 0.000211, -0.000211 ],
      "X_96" : [ -0.000441, 0.000441 ],
      "X_97" : [ -0.000146, 0.000146 ],
      "X_98" : [ -0.000277, 0.000277 ],
      "X_99" : [ -0.001417, 0.001417 ]   
   },
   "Most_Contributive_Features_By_Class" : {
      "class_0" : [ 1, 61, 23, 67, 38, 53, 4, 51, 92, 57 ],
      "class_1" : [ 1, 61, 23, 67, 38, 53, 4, 51, 92, 57 ]
   }
}