{
	"metadata" : { "model" : "Tikhonov_Ridge", "version" : "2024-W14", "signature" : "ff4_il8"},
	"options" : { "alpha" : 1.000000, "random_state" : 1789 },
	"dataset" : { "dataset_rows" : 1024, "dataset_features" : 100 },
	"classes" : [ 0, 1 ],
	"equations" : {
		"class_1" : {
			"intercept" : -1.335951,
			"coeffs" : [ 0.004820, 0.133826, -0.003007, -0.014429, -0.013444, -0.001246, -0.003166, -0.004736, 0.003410, -0.002944, 0.009550, 0.009168, -0.000045, 0.002222, 0.005216, 0.002645, 0.015037, -0.004916, 0.005557, -0.011630, -0.005771, -0.001486, -0.002053, -0.018203, -0.001208, 0.009471, -0.004797, -0.008375, -0.005399, 0.005637, -0.008241, -0.000948, 0.019074, -0.001505, 0.000916, -0.003242, 0.001846, -0.001250, -0.011084, 0.008806, 0.006800, -0.004037, 0.001983, -0.002663, 0.010157, 0.000262, 0.001004, -0.001088, 0.013101, -0.006422, -0.003270, 0.015660, -0.004545, 0.014357, 0.002936, -0.014710, 0.000840, -0.008720, 0.005699, 0.004034, -0.004075, 0.156792, 0.001172, 0.010141, -0.001324, 0.007247, -0.005875, -0.036874, 0.003242, 0.013322, -0.005669, 0.003454, 0.002968, -0.002634, 0.001317, -0.004583, 0.003231, -0.003818, -0.009961, 0.006935, 0.003108, 0.003212, 0.002843, 0.003462, -0.003692, 0.005289, 0.002344, 0.000374, -0.003832, -0.008350, 0.003404, 0.011990, 0.014063, -0.010979, 0.012353, 0.001788, 0.005443, -0.002939, -0.004418, -0.009388 ]
		}
	}
}