{
	"metadata" : { "model" : "Tikhonov_Ridge", "version" : "2024-W13", "signature" : "ff4_il8"},
	"options" : { "alpha" : 0.000000, "random_state" : 1789 },
	"dataset" : { "dataset_rows" : 1024, "dataset_features" : 100 },
	"classes" : [ 0, 1 ],
	"equations" : {
		"class_1" : {
			"intercept" : -1.337417,
			"coeffs" : [ 0.004834, 0.136673, -0.003000, -0.014463, -0.016209, -0.001238, -0.003133, -0.004710, 0.003408, -0.002957, 0.009588, 0.009188, -0.000039, 0.002221, 0.005221, 0.002650, 0.015058, -0.004926, 0.005569, -0.011633, -0.005812, -0.001485, -0.002051, -0.018211, -0.001193, 0.009457, -0.004772, -0.008390, -0.005390, 0.005654, -0.008291, -0.000928, 0.019107, -0.001513, 0.000925, -0.003245, 0.001825, -0.001258, -0.011106, 0.008810, 0.006829, -0.004044, 0.001977, -0.002673, 0.010161, 0.000292, 0.000995, -0.001095, 0.013153, -0.006432, -0.003292, 0.015660, -0.004566, 0.014373, 0.002911, -0.014712, 0.000824, -0.008725, 0.005699, 0.004036, -0.004075, 0.156246, 0.001177, 0.010115, -0.001307, 0.007276, -0.005860, -0.036208, 0.003242, 0.013351, -0.005685, 0.003473, 0.002975, -0.002608, 0.001294, -0.004592, 0.003247, -0.003795, -0.009989, 0.006935, 0.003134, 0.003201, 0.002833, 0.003455, -0.003716, 0.005277, 0.002327, 0.000374, -0.003807, -0.008395, 0.003400, 0.011996, 0.014099, -0.011014, 0.012404, 0.001830, 0.005417, -0.002913, -0.004427, -0.009417 ]
		}
	}
}