{
	"metadata" : { "model" : "Vapnik_SVC_RBF", "version" : "2024-W12", "signature" : "ff4_il8"},
	"options" : {"svm_type" : "c_svc", "kernel" : "rbf", "degree" : 3, "gamma" : 0.000001, "coef0" : 0.000000, "cache_size" : 300, "tol" : 0.001000, "nu" : 0.500000, "epsilon" : 0.000000, "shrinking" : 0, "probability" : 1, "C" : 1.000000, "max_iter" : 128, "random_state" : 1789 },
	"dataset" : { "dataset_rows" : 16, "dataset_features" : 30 },
	"classes" : [ 0, 1 ],
	"svm_model" : {
	"classes" : 2,
	"L" : 8,
	"SupportVectors" : {
		"SV_0" : [ 19.400000, 23.500000, 129.100006, 1155.000000, 0.102700, 0.155800, 0.204900, 0.088860, 0.197800, 0.060000, 0.524300, 1.802000, 4.037000, 60.410000, 0.010610, 0.032520, 0.039150, 0.015590, 0.021860, 0.003949, 21.650000, 30.530001, 144.899994, 1417.000000, 0.146300, 0.296800, 0.345800, 0.156400, 0.292000, 0.076140 ],
		"SV_1" : [ 15.660000, 23.200001, 110.199997, 773.500000, 0.110900, 0.311400, 0.317600, 0.137700, 0.249500, 0.081040, 1.292000, 2.454000, 10.120000, 138.500000, 0.012360, 0.059950, 0.082320, 0.030240, 0.023370, 0.006042, 19.850000, 31.639999, 143.699997, 1226.000000, 0.150400, 0.517200, 0.618100, 0.246200, 0.327700, 0.101900 ],
		"SV_2" : [ 18.820000, 21.969999, 123.699997, 1110.000000, 0.101800, 0.138900, 0.159400, 0.087440, 0.194300, 0.061320, 0.819100, 1.931000, 4.493000, 103.900002, 0.008074, 0.040880, 0.053210, 0.018340, 0.023830, 0.004515, 22.660000, 30.930000, 145.300003, 1603.000000, 0.139000, 0.346300, 0.391200, 0.170800, 0.300700, 0.083140 ],
		"SV_3" : [ 15.340000, 14.260000, 102.500000, 704.400024, 0.107300, 0.213500, 0.207700, 0.097560, 0.252100, 0.070320, 0.438800, 0.709600, 3.384000, 44.910000, 0.006789, 0.053280, 0.064460, 0.022520, 0.036720, 0.004394, 18.070000, 19.080000, 125.099998, 980.900024, 0.139000, 0.595400, 0.630500, 0.239300, 0.466700, 0.099460 ],
		"SV_4" : [ 11.900000, 14.650000, 78.110001, 432.799988, 0.115200, 0.129600, 0.037100, 0.030030, 0.199500, 0.078390, 0.396200, 0.653800, 3.021000, 25.030001, 0.010170, 0.047410, 0.027890, 0.011100, 0.031270, 0.009423, 13.150000, 16.510000, 86.260002, 509.600006, 0.142400, 0.251700, 0.094200, 0.060420, 0.272700, 0.103600 ],
		"SV_5" : [ 13.870000, 20.700001, 89.769997, 584.799988, 0.095780, 0.101800, 0.036880, 0.023690, 0.162000, 0.066880, 0.272000, 1.047000, 2.076000, 23.120001, 0.006298, 0.021720, 0.026150, 0.009061, 0.014900, 0.003599, 15.050000, 24.750000, 99.169998, 688.599976, 0.126400, 0.203700, 0.137700, 0.068450, 0.224900, 0.084920 ],
		"SV_6" : [ 14.620000, 24.020000, 94.570000, 662.700012, 0.089740, 0.086060, 0.031020, 0.029570, 0.168500, 0.058660, 0.372100, 1.111000, 2.279000, 33.759998, 0.004868, 0.018180, 0.011210, 0.008606, 0.020850, 0.002893, 16.110001, 29.110001, 102.900002, 803.700012, 0.111500, 0.176600, 0.091890, 0.069460, 0.252200, 0.072460 ],
		"SV_7" : [ 12.100000, 17.719999, 78.070000, 446.200012, 0.102900, 0.097580, 0.047830, 0.033260, 0.193700, 0.061610, 0.284100, 1.652000, 1.869000, 22.219999, 0.008146, 0.016310, 0.018430, 0.007513, 0.020150, 0.001798, 13.560000, 25.799999, 88.330002, 559.500000, 0.143200, 0.177300, 0.160300, 0.062660, 0.304900, 0.070810 ]
	},
	"SupportVectorsCoefs" : {
		"SV_coef_0" : [ 1.000000, 1.000000, 0.173703, 1.000000, -0.173703, -1.000000, -1.000000, -1.000000 ]
	},
	"rho" : [ 0.059629 ],
	"nSV" : [ 4, 4 ],
	"probA" : [ -2.250597 ],
	"probB" : [ -0.325569 ],
	"n_iter" : [ 5 ]
}
}