{
	"metadata" : { "model" : "Tikhonov_Ridge", "version" : "2024-W12", "signature" : "ff4_ff4"},
	"options" : { "alpha" : 0.000000, "random_state" : 1789 },
	"dataset" : { "dataset_rows" : 100, "dataset_features" : 10 },
	"equations" : {
			"intercept" : 0.727697,
			"coeffs" : [ 0.632069, 0.832912, 0.142218, 1.019196, 0.421361, 0.106347, -0.036988, 0.001189, -0.091148, 0.079896 ]
		}
}