{
   "Contributions" : {
      "X_0" : [ -0.084641 ],
      "X_1" : [ 0.079466 ],
      "X_2" : [ -0.016013 ],
      "X_3" : [ -0.902183 ],
      "X_4" : [ 0.043435 ],
      "X_5" : [ -0.077938 ],
      "X_6" : [ -0.013737 ],
      "X_7" : [ -0.000556 ],
      "X_8" : [ -0.020267 ],
      "X_9" : [ -0.006098 ]   
   },
   "Most_Contributive_Features" : {
      "y" : [ 3, 0, 1, 5, 4, 8, 2, 6, 9, 7 ]
   }
}