{
   "Contributions" : {
      "X_0" : [ 0.000300 ],
      "X_1" : [ 0.000365 ],
      "X_2" : [ 0.011398 ],
      "X_3" : [ 0.000304 ]   
   },
   "Most_Contributive_Features" : {
      "y" : [ 2, 1, 3, 0 ]
   }
}