{
   "Contributions" : {
      "X_0" : [ -0.000980 ],
      "X_1" : [ -0.004008 ],
      "X_2" : [ 0.010258 ],
      "X_3" : [ 0.000056 ]   
   },
   "Most_Contributive_Features" : {
      "y" : [ 2, 1, 0, 3 ]
   }
}