{
   "Contributions" : {
      "X_0" : [ 0.016879 ],
      "X_1" : [ -0.016459 ],
      "X_2" : [ 0.003876 ],
      "X_3" : [ 0.010440 ],
      "X_4" : [ -0.007881 ],
      "X_5" : [ -0.002157 ],
      "X_6" : [ 0.004361 ],
      "X_7" : [ -0.001489 ],
      "X_8" : [ 0.001690 ],
      "X_9" : [ 0.015955 ]   
   },
   "Most_Contributive_Features" : {
      "y" : [ 0, 1, 9, 3, 4, 6, 2, 5, 8, 7 ]
   }
}