{
   "Contributions" : {
      "X_0" : [ 0.000070 ],
      "X_1" : [ -0.000074 ],
      "X_2" : [ 0.000866 ],
      "X_3" : [ 0.002081 ],
      "X_4" : [ 0.000559 ],
      "X_5" : [ 0.001638 ],
      "X_6" : [ -0.000578 ],
      "X_7" : [ -0.000635 ],
      "X_8" : [ 0.001267 ],
      "X_9" : [ -0.000327 ]   
   },
   "Most_Contributive_Features" : {
      "y" : [ 3, 5, 8, 2, 7, 6, 4, 9, 1, 0 ]
   }
}