{
	"metadata" : { "model" : "Breiman_CART", "version" : "2024-W14", "signature" : "ff4_il8"},
	"options" : { "ccp_alpha" : 0.000000, "criterion" : "", "max_depth" : 6, "max_features" : null, "max_leaf_nodes" : 32, "min_impurity_decrease" : 0.000000, "min_samples_leaf" : 1, "min_samples_split" : 2, "min_weight_fraction_leaf" : 0.000000, "random_state" : 1789, "splitter" : "best" },
	"dataset" : { "dataset_rows" : 64, "dataset_features" : 100 },
	"classes" : [ 0, 1, 2, 3 ],
	"tree" : {
	"features" : 100,
	"outputs" : 4,
	"max_depth" : 5,
	"node_count" : 27,
	"nodes" : {
		"node_00" : {"left" : 1, "right" : 2, "feature" : 66, "threshold" : -2.547678, "impurity" : 0.741699, "n_samples" : 64, "w_samples" : 64.000000, "value" : [0.265625, 0.171875, 0.281250, 0.281250]},
		"node_01" : {"left" : 3, "right" : 4, "feature" : 79, "threshold" : 2.070034, "impurity" : 0.408163, "n_samples" : 14, "w_samples" : 14.000000, "value" : [0.000000, 0.285714, 0.714286, 0.000000]},
		"node_02" : {"left" : 7, "right" : 8, "feature" : 31, "threshold" : -0.930856, "impurity" : 0.709600, "n_samples" : 50, "w_samples" : 50.000000, "value" : [0.340000, 0.140000, 0.160000, 0.360000]},
		"node_03" : {"left" : null, "right" : null, "feature" : null, "threshold" : null, "impurity" : 0.000000, "n_samples" : 9, "w_samples" : 9.000000, "value" : [0.000000, 0.000000, 1.000000, 0.000000]},
		"node_04" : {"left" : 5, "right" : 6, "feature" : 25, "threshold" : -0.008231, "impurity" : 0.320000, "n_samples" : 5, "w_samples" : 5.000000, "value" : [0.000000, 0.800000, 0.200000, 0.000000]},
		"node_05" : {"left" : null, "right" : null, "feature" : null, "threshold" : null, "impurity" : 0.000000, "n_samples" : 4, "w_samples" : 4.000000, "value" : [0.000000, 1.000000, 0.000000, 0.000000]},
		"node_06" : {"left" : null, "right" : null, "feature" : null, "threshold" : null, "impurity" : 0.000000, "n_samples" : 1, "w_samples" : 1.000000, "value" : [0.000000, 0.000000, 1.000000, 0.000000]},
		"node_07" : {"left" : 9, "right" : 10, "feature" : 8, "threshold" : -0.926051, "impurity" : 0.493075, "n_samples" : 19, "w_samples" : 19.000000, "value" : [0.105263, 0.052632, 0.157895, 0.684211]},
		"node_08" : {"left" : 15, "right" : 16, "feature" : 64, "threshold" : -1.093964, "impurity" : 0.676379, "n_samples" : 31, "w_samples" : 31.000000, "value" : [0.483871, 0.193548, 0.161290, 0.161290]},
		"node_09" : {"left" : null, "right" : null, "feature" : null, "threshold" : null, "impurity" : 0.000000, "n_samples" : 3, "w_samples" : 3.000000, "value" : [0.000000, 0.000000, 1.000000, 0.000000]},
		"node_10" : {"left" : 11, "right" : 12, "feature" : 77, "threshold" : -1.259487, "impurity" : 0.320312, "n_samples" : 16, "w_samples" : 16.000000, "value" : [0.125000, 0.062500, 0.000000, 0.812500]},
		"node_11" : {"left" : 13, "right" : 14, "feature" : 30, "threshold" : 0.293858, "impurity" : 0.444444, "n_samples" : 3, "w_samples" : 3.000000, "value" : [0.666667, 0.333333, 0.000000, 0.000000]},
		"node_12" : {"left" : null, "right" : null, "feature" : null, "threshold" : null, "impurity" : 0.000000, "n_samples" : 13, "w_samples" : 13.000000, "value" : [0.000000, 0.000000, 0.000000, 1.000000]},
		"node_13" : {"left" : null, "right" : null, "feature" : null, "threshold" : null, "impurity" : 0.000000, "n_samples" : 2, "w_samples" : 2.000000, "value" : [1.000000, 0.000000, 0.000000, 0.000000]},
		"node_14" : {"left" : null, "right" : null, "feature" : null, "threshold" : null, "impurity" : 0.000000, "n_samples" : 1, "w_samples" : 1.000000, "value" : [0.000000, 1.000000, 0.000000, 0.000000]},
		"node_15" : {"left" : 17, "right" : 18, "feature" : 98, "threshold" : -0.188320, "impurity" : 0.444444, "n_samples" : 6, "w_samples" : 6.000000, "value" : [0.000000, 0.333333, 0.000000, 0.666667]},
		"node_16" : {"left" : 19, "right" : 20, "feature" : 79, "threshold" : -3.029862, "impurity" : 0.572800, "n_samples" : 25, "w_samples" : 25.000000, "value" : [0.600000, 0.160000, 0.200000, 0.040000]},
		"node_17" : {"left" : null, "right" : null, "feature" : null, "threshold" : null, "impurity" : 0.000000, "n_samples" : 2, "w_samples" : 2.000000, "value" : [0.000000, 1.000000, 0.000000, 0.000000]},
		"node_18" : {"left" : null, "right" : null, "feature" : null, "threshold" : null, "impurity" : 0.000000, "n_samples" : 4, "w_samples" : 4.000000, "value" : [0.000000, 0.000000, 0.000000, 1.000000]},
		"node_19" : {"left" : 21, "right" : 22, "feature" : 15, "threshold" : -0.303308, "impurity" : 0.500000, "n_samples" : 6, "w_samples" : 6.000000, "value" : [0.000000, 0.500000, 0.500000, 0.000000]},
		"node_20" : {"left" : 23, "right" : 24, "feature" : 92, "threshold" : -0.808746, "impurity" : 0.360111, "n_samples" : 19, "w_samples" : 19.000000, "value" : [0.789474, 0.052632, 0.105263, 0.052632]},
		"node_21" : {"left" : null, "right" : null, "feature" : null, "threshold" : null, "impurity" : 0.000000, "n_samples" : 3, "w_samples" : 3.000000, "value" : [0.000000, 1.000000, 0.000000, 0.000000]},
		"node_22" : {"left" : null, "right" : null, "feature" : null, "threshold" : null, "impurity" : 0.000000, "n_samples" : 3, "w_samples" : 3.000000, "value" : [0.000000, 0.000000, 1.000000, 0.000000]},
		"node_23" : {"left" : 25, "right" : 26, "feature" : 83, "threshold" : 0.767842, "impurity" : 0.625000, "n_samples" : 4, "w_samples" : 4.000000, "value" : [0.000000, 0.250000, 0.500000, 0.250000]},
		"node_24" : {"left" : null, "right" : null, "feature" : null, "threshold" : null, "impurity" : 0.000000, "n_samples" : 15, "w_samples" : 15.000000, "value" : [1.000000, 0.000000, 0.000000, 0.000000]},
		"node_25" : {"left" : null, "right" : null, "feature" : null, "threshold" : null, "impurity" : 0.000000, "n_samples" : 2, "w_samples" : 2.000000, "value" : [0.000000, 0.000000, 1.000000, 0.000000]},
		"node_26" : {"left" : null, "right" : null, "feature" : null, "threshold" : null, "impurity" : 0.500000, "n_samples" : 2, "w_samples" : 2.000000, "value" : [0.000000, 0.500000, 0.000000, 0.500000]}
		}
	}
}