{
   "Contributions" : {
      "X_0" : [ -0.006085 ],
      "X_1" : [ -0.004776 ],
      "X_2" : [ 0.014763 ],
      "X_3" : [ -0.001185 ]   
   },
   "Most_Contributive_Features" : {
      "y" : [ 2, 0, 1, 3 ]
   }
}