{
   "Contributions" : {
      "X_0" : [ -0.006117 ],
      "X_1" : [ -0.004781 ],
      "X_2" : [ 0.014751 ],
      "X_3" : [ -0.001230 ]   
   },
   "Most_Contributive_Features" : {
      "y" : [ 2, 0, 1, 3 ]
   }
}