{
   "Contributions" : {
      "X_0" : [ -0.007183, 0.004571, 0.004636, -0.002024 ],
      "X_1" : [ 0.001535, -0.001233, -0.000662, 0.000360 ],
      "X_2" : [ -0.001492, -0.000222, 0.001282, 0.000432 ],
      "X_3" : [ 0.004825, 0.000340, -0.007392, 0.002228 ],
      "X_4" : [ -0.000311, 0.001046, -0.000060, -0.000675 ],
      "X_5" : [ -0.001587, 0.000943, -0.000416, 0.001059 ],
      "X_6" : [ -0.000836, -0.000605, 0.006721, -0.005281 ],
      "X_7" : [ -0.016386, 0.034028, -0.003216, -0.014427 ],
      "X_8" : [ 0.000140, -0.014811, 0.014540, 0.000130 ],
      "X_9" : [ 0.001470, -0.000083, -0.000136, -0.001251 ]   
   },
   "Most_Contributive_Features_By_Class" : {
      "class_0" : [ 7, 0, 3, 5, 1, 2, 9, 6, 4, 8 ],
      "class_1" : [ 7, 8, 0, 1, 4, 5, 6, 3, 2, 9 ],
      "class_2" : [ 8, 3, 6, 0, 7, 2, 1, 5, 9, 4 ],
      "class_3" : [ 7, 6, 3, 0, 9, 5, 4, 2, 1, 8 ]
   }
}