{
	"metadata" : { "model" : "Tikhonov_Ridge", "version" : "2024-W14", "signature" : "ff4_il8"},
	"options" : { "alpha" : 0.000000, "random_state" : 1789 },
	"dataset" : { "dataset_rows" : 64, "dataset_features" : 10 },
	"classes" : [ 0, 1, 2, 3 ],
	"equations" : {
		"class_0" : {
			"intercept" : -0.444093,
			"coeffs" : [ -0.088923, -0.022614, 0.076674, 0.114622, 0.013969, -0.064895, -0.004922, -0.149565, 0.003574, -0.046438 ]
		},
		"class_1" : {
			"intercept" : -0.333723,
			"coeffs" : [ 0.082042, 0.026467, 0.017055, -0.021515, -0.053963, -0.096309, -0.006036, 0.302685, 0.176253, 0.049556 ]
		},
		"class_2" : {
			"intercept" : -0.577581,
			"coeffs" : [ 0.063162, 0.008796, -0.074449, -0.154844, 0.002084, -0.041886, 0.037052, -0.012974, -0.188436, -0.108870 ]
		},
		"class_3" : {
			"intercept" : -0.644906,
			"coeffs" : [ -0.056636, -0.013205, -0.019280, 0.061730, 0.037911, 0.203091, -0.026917, -0.139775, 0.008297, 0.105752 ]
		}
	}
}