{
	"metadata" : { "model" : "Tikhonov_Ridge", "version" : "2024-W12", "signature" : "ff4_il8"},
	"options" : { "alpha" : 1.000000, "random_state" : 1789 },
	"dataset" : { "dataset_rows" : 64, "dataset_features" : 10 },
	"classes" : [ 0, 1, 2, 3 ],
	"equations" : {
		"class_0" : {
			"intercept" : -0.445023,
			"coeffs" : [ -0.086299, -0.023940, 0.075563, 0.111695, 0.013588, -0.064187, -0.005319, -0.146674, 0.003438, -0.044340 ]
		},
		"class_1" : {
			"intercept" : -0.334821,
			"coeffs" : [ 0.079887, 0.028573, 0.016051, -0.020338, -0.053088, -0.093691, -0.005591, 0.296311, 0.173444, 0.046081 ]
		},
		"class_2" : {
			"intercept" : -0.576385,
			"coeffs" : [ 0.061993, 0.009899, -0.072956, -0.151344, 0.002321, -0.041556, 0.037707, -0.012812, -0.185290, -0.106759 ]
		},
		"class_3" : {
			"intercept" : -0.643771,
			"coeffs" : [ -0.055581, -0.014532, -0.018658, 0.059988, 0.037180, 0.199434, -0.026797, -0.136824, 0.008408, 0.105019 ]
		}
	}
}