{
   "Contributions" : {
      "X_0" : [ -0.006968, 0.004468, 0.004532, -0.002032 ],
      "X_1" : [ 0.001632, -0.001330, -0.000722, 0.000420 ],
      "X_2" : [ -0.001460, -0.000217, 0.001255, 0.000421 ],
      "X_3" : [ 0.004709, 0.000334, -0.007209, 0.002166 ],
      "X_4" : [ -0.000303, 0.001029, -0.000065, -0.000661 ],
      "X_5" : [ -0.001532, 0.000903, -0.000401, 0.001030 ],
      "X_6" : [ -0.000972, -0.000581, 0.006836, -0.005282 ],
      "X_7" : [ -0.016100, 0.033463, -0.003190, -0.014173 ],
      "X_8" : [ 0.000130, -0.014588, 0.014370, 0.000088 ],
      "X_9" : [ 0.001413, -0.000056, -0.000124, -0.001233 ]   
   },
   "Most_Contributive_Features_By_Class" : {
      "class_0" : [ 7, 0, 3, 1, 5, 2, 9, 6, 4, 8 ],
      "class_1" : [ 7, 8, 0, 1, 4, 5, 6, 3, 2, 9 ],
      "class_2" : [ 8, 3, 6, 0, 7, 2, 1, 5, 9, 4 ],
      "class_3" : [ 7, 6, 3, 0, 9, 5, 4, 2, 1, 8 ]
   }
}