{
   "Contributions" : {
      "X_0" : [ 0.003473, -0.003473 ],
      "X_1" : [ -0.000235, 0.000235 ],
      "X_2" : [ 0.005590, -0.005590 ],
      "X_3" : [ -0.007620, 0.007620 ],
      "X_4" : [ -0.000227, 0.000227 ],
      "X_5" : [ -0.014557, 0.014557 ],
      "X_6" : [ 0.006877, -0.006877 ],
      "X_7" : [ 0.006918, -0.006918 ],
      "X_8" : [ -0.000043, 0.000043 ],
      "X_9" : [ -0.000302, 0.000302 ],
      "X_10" : [ 0.017052, -0.017052 ],
      "X_11" : [ -0.000127, 0.000127 ],
      "X_12" : [ -0.003599, 0.003599 ],
      "X_13" : [ -0.008143, 0.008143 ],
      "X_14" : [ 0.000095, -0.000095 ],
      "X_15" : [ -0.000011, 0.000011 ],
      "X_16" : [ -0.005912, 0.005912 ],
      "X_17" : [ 0.002936, -0.002936 ],
      "X_18" : [ 0.000290, -0.000290 ],
      "X_19" : [ -0.001185, 0.001185 ],
      "X_20" : [ 0.035647, -0.035647 ],
      "X_21" : [ -0.000878, 0.000878 ],
      "X_22" : [ 0.004175, -0.004175 ],
      "X_23" : [ -0.024086, 0.024086 ],
      "X_24" : [ -0.000496, 0.000496 ],
      "X_25" : [ -0.000251, 0.000251 ],
      "X_26" : [ 0.002721, -0.002721 ],
      "X_27" : [ 0.002885, -0.002885 ],
      "X_28" : [ 0.001145, -0.001145 ],
      "X_29" : [ 0.002109, -0.002109 ]   
   },
   "Most_Contributive_Features_By_Class" : {
      "class_0" : [ 20, 23, 10, 5, 13, 3, 7, 6, 16, 2 ],
      "class_1" : [ 20, 23, 10, 5, 13, 3, 7, 6, 16, 2 ]
   }
}