{
	"metadata" : { "model" : "Tikhonov_Ridge", "version" : "2024-W14", "signature" : "ff4_il8"},
	"options" : { "alpha" : 0.000000, "random_state" : 1789 },
	"dataset" : { "dataset_rows" : 569, "dataset_features" : 30 },
	"classes" : [ 0, 1 ],
	"equations" : {
		"class_1" : {
			"intercept" : 5.046628,
			"coeffs" : [ 0.427370, -0.009084, -0.046393, -0.000629, -0.157115, 8.414530, -2.809828, -4.280725, -0.202717, -0.039873, -0.870575, 0.013655, 0.044853, 0.001853, -31.683519, -0.133439, 7.140592, -21.114746, -3.395312, 14.281790, -0.388754, -0.014337, 0.004763, 0.002017, -1.094788, -0.131727, -0.761602, -0.928659, -1.114351, -8.614166 ]
		}
	}
}