{
   "Contributions" : {
      "X_0" : [ -0.000619 ],
      "X_1" : [ -0.000128 ],
      "X_2" : [ 0.001161 ],
      "X_3" : [ 0.002251 ],
      "X_4" : [ -0.001634 ],
      "X_5" : [ 0.000280 ],
      "X_6" : [ -0.001261 ],
      "X_7" : [ -0.000631 ],
      "X_8" : [ 0.001181 ],
      "X_9" : [ -0.000563 ]   
   },
   "Most_Contributive_Features" : {
      "y" : [ 3, 4, 6, 8, 2, 7, 0, 9, 5, 1 ]
   }
}