{
	"metadata" : { "model" : "Vapnik_NuSVC_RBF", "version" : "2024-W14", "signature" : "ff4_OO8"},
	"options" : {"svm_type" : "nu_svc", "kernel" : "rbf", "degree" : 3, "gamma" : 0.000000, "coef0" : 0.000000, "cache_size" : 300, "tol" : 0.001000, "nu" : 0.100000, "epsilon" : 0.000000, "shrinking" : 0, "probability" : 1, "C" : 1.000000, "max_iter" : 128, "random_state" : 1789 },
	"dataset" : { "dataset_rows" : 16, "dataset_features" : 14 },
	"classes" : [ "<=50K", ">50K" ],
	"svm_model" : {
	"classes" : 2,
	"L" : 5,
	"SupportVectors" : {
		"SV_0" : [ 4.000000, 0.000000, 175964.000000, 0.000000, 10.000000, 0.000000, 0.000000, 0.000000, 0.000000, 0.000000, 0.000000, 0.000000, 2.000000, 0.000000 ],
		"SV_1" : [ 2.000000, 0.000000, 25806.000000, 0.000000, 16.000000, 0.000000, 0.000000, 0.000000, 0.000000, 0.000000, 0.000000, 0.000000, 2.000000, 0.000000 ],
		"SV_2" : [ 0.000000, 0.000000, 340543.000000, 0.000000, 13.000000, 0.000000, 0.000000, 0.000000, 0.000000, 0.000000, 0.000000, 0.000000, 2.000000, 0.000000 ],
		"SV_3" : [ 2.000000, 0.000000, 188950.000000, 0.000000, 14.000000, 0.000000, 0.000000, 0.000000, 0.000000, 0.000000, 0.000000, 0.000000, 3.000000, 0.000000 ],
		"SV_4" : [ 1.000000, 0.000000, 129707.000000, 0.000000, 13.000000, 0.000000, 0.000000, 0.000000, 0.000000, 0.000000, 4.000000, 0.000000, 1.000000, 0.000000 ]
	},
	"SupportVectorsCoefs" : {
		"SV_coef_0" : [ -6544.289551, -82.038773, -93.601326, 5258.023926, 1461.906128 ]
	},
	"rho" : [ -0.830079 ],
	"nSV" : [ 3, 2 ],
	"probA" : [ -0.000889 ],
	"probB" : [ -0.746666 ],
	"n_iter" : [ 6 ]
}
}