{
   "Contributions" : {
      "X_0" : [ 0.000099, -0.000038, 0.000008, -0.000069 ],
      "X_1" : [ 0.000000, 0.000000, 0.000000, 0.000000 ],
      "X_2" : [ -0.000028, 0.000012, 0.000085, -0.000070 ],
      "X_3" : [ 0.000000, 0.000000, 0.000000, 0.000000 ],
      "X_4" : [ 0.000000, 0.000000, 0.000000, 0.000000 ],
      "X_5" : [ 0.000000, 0.000000, 0.000000, 0.000000 ],
      "X_6" : [ -0.000048, -0.000086, 0.000258, -0.000125 ],
      "X_7" : [ 0.000000, 0.000000, 0.000000, 0.000000 ],
      "X_8" : [ 0.000000, 0.000000, 0.000000, 0.000000 ],
      "X_9" : [ 0.000000, 0.000000, 0.000000, 0.000000 ],
      "X_10" : [ 0.000000, 0.000000, 0.000000, 0.000000 ],
      "X_11" : [ -0.002179, 0.000809, 0.001245, 0.000126 ],
      "X_12" : [ 0.000009, 0.000202, -0.000172, -0.000039 ],
      "X_13" : [ 0.000000, 0.000000, 0.000000, 0.000000 ],
      "X_14" : [ 0.000000, 0.000000, 0.000000, 0.000000 ],
      "X_15" : [ 0.000298, -0.000230, -0.000076, 0.000007 ],
      "X_16" : [ -0.000885, 0.000947, -0.000105, 0.000042 ],
      "X_17" : [ 0.000044, -0.000029, 0.000569, -0.000584 ],
      "X_18" : [ 0.000019, -0.000305, 0.000211, 0.000074 ],
      "X_19" : [ 0.000000, 0.000000, 0.000000, 0.000000 ],
      "X_20" : [ 0.000000, 0.000000, 0.000000, 0.000000 ],
      "X_21" : [ 0.000428, 0.000045, -0.000273, -0.000199 ],
      "X_22" : [ 0.000000, 0.000000, 0.000000, 0.000000 ],
      "X_23" : [ 0.000000, 0.000000, 0.000000, 0.000000 ],
      "X_24" : [ 0.000000, 0.000000, 0.000000, 0.000000 ],
      "X_25" : [ 0.000110, -0.000185, 0.000052, 0.000023 ],
      "X_26" : [ 0.000000, 0.000000, 0.000000, 0.000000 ],
      "X_27" : [ -0.000953, 0.001295, 0.001020, -0.001362 ],
      "X_28" : [ 0.000000, 0.000000, 0.000000, 0.000000 ],
      "X_29" : [ -0.000203, -0.000166, -0.000061, 0.000430 ],
      "X_30" : [ 0.000000, 0.000000, 0.000000, 0.000000 ],
      "X_31" : [ -0.012488, 0.001826, 0.004254, 0.006407 ],
      "X_32" : [ 0.000000, 0.000000, 0.000000, 0.000000 ],
      "X_33" : [ 0.000171, 0.000054, 0.000265, -0.000489 ],
      "X_34" : [ 0.000000, 0.000000, 0.000000, 0.000000 ],
      "X_35" : [ 0.000017, -0.009161, 0.004602, 0.004543 ],
      "X_36" : [ 0.000000, 0.000000, 0.000000, 0.000000 ],
      "X_37" : [ -0.000002, 0.000055, -0.000033, -0.000020 ],
      "X_38" : [ 0.000000, 0.000000, 0.000000, 0.000000 ],
      "X_39" : [ 0.000000, 0.000000, 0.000000, 0.000000 ],
      "X_40" : [ -0.000147, 0.000011, 0.000216, -0.000080 ],
      "X_41" : [ 0.000000, 0.000000, 0.000000, 0.000000 ],
      "X_42" : [ 0.000000, 0.000000, 0.000000, 0.000000 ],
      "X_43" : [ 0.000000, 0.000000, 0.000000, 0.000000 ],
      "X_44" : [ 0.002343, -0.000166, -0.000227, -0.001949 ],
      "X_45" : [ 0.000000, 0.000000, 0.000000, 0.000000 ],
      "X_46" : [ -0.003537, 0.002246, 0.000307, 0.000984 ],
      "X_47" : [ -0.000035, -0.000321, -0.000737, 0.001093 ],
      "X_48" : [ 0.000000, 0.000000, 0.000000, 0.000000 ],
      "X_49" : [ 0.010079, -0.002258, -0.013872, 0.006051 ],
      "X_50" : [ 0.000211, -0.000396, 0.000160, 0.000025 ],
      "X_51" : [ 0.000000, 0.000000, 0.000000, 0.000000 ],
      "X_52" : [ 0.000000, 0.000000, 0.000000, 0.000000 ],
      "X_53" : [ -0.001374, -0.000263, 0.000146, 0.001491 ],
      "X_54" : [ 0.000000, 0.000000, 0.000000, 0.000000 ],
      "X_55" : [ 0.000000, 0.000000, 0.000000, 0.000000 ],
      "X_56" : [ 0.000000, 0.000000, 0.000000, 0.000000 ],
      "X_57" : [ 0.000000, 0.000000, 0.000000, 0.000000 ],
      "X_58" : [ -0.000147, -0.000154, -0.000186, 0.000488 ],
      "X_59" : [ 0.000000, 0.000000, 0.000000, 0.000000 ],
      "X_60" : [ 0.003128, -0.009802, -0.000058, 0.006733 ],
      "X_61" : [ 0.000000, 0.000000, 0.000000, 0.000000 ],
      "X_62" : [ -0.005965, -0.013976, 0.010843, 0.009098 ],
      "X_63" : [ 0.000000, 0.000000, 0.000000, 0.000000 ],
      "X_64" : [ 0.000000, 0.000000, 0.000000, 0.000000 ],
      "X_65" : [ 0.002561, -0.002367, 0.000183, -0.000376 ],
      "X_66" : [ -0.003983, -0.008875, 0.013474, -0.000616 ],
      "X_67" : [ 0.000004, 0.000027, 0.000008, -0.000039 ],
      "X_68" : [ 0.000000, 0.000000, 0.000000, 0.000000 ],
      "X_69" : [ -0.000467, 0.000408, 0.000025, 0.000034 ],
      "X_70" : [ -0.000084, 0.000244, -0.000074, -0.000086 ],
      "X_71" : [ 0.000000, 0.000000, 0.000000, 0.000000 ],
      "X_72" : [ 0.000000, 0.000000, 0.000000, 0.000000 ],
      "X_73" : [ 0.000000, 0.000000, 0.000000, 0.000000 ],
      "X_74" : [ 0.000000, 0.000000, 0.000000, 0.000000 ],
      "X_75" : [ 0.000378, 0.000028, 0.000682, -0.001088 ],
      "X_76" : [ 0.000000, 0.000000, 0.000000, 0.000000 ],
      "X_77" : [ 0.000000, 0.000000, 0.000000, 0.000000 ],
      "X_78" : [ -0.000090, 0.000261, -0.000207, 0.000035 ],
      "X_79" : [ 0.003853, -0.004096, 0.000622, -0.000379 ],
      "X_80" : [ 0.000000, 0.000000, 0.000000, 0.000000 ],
      "X_81" : [ 0.000002, -0.000010, -0.000231, 0.000238 ],
      "X_82" : [ 0.000000, 0.000000, 0.000000, 0.000000 ],
      "X_83" : [ 0.000000, 0.000000, 0.000000, 0.000000 ],
      "X_84" : [ 0.000000, 0.000000, 0.000000, 0.000000 ],
      "X_85" : [ 0.000000, 0.000000, 0.000000, 0.000000 ],
      "X_86" : [ -0.000043, -0.000061, 0.000104, 0.000000 ],
      "X_87" : [ 0.000000, 0.000000, 0.000000, 0.000000 ],
      "X_88" : [ 0.000000, 0.000000, 0.000000, 0.000000 ],
      "X_89" : [ 0.000021, 0.000244, -0.000060, -0.000205 ],
      "X_90" : [ -0.000017, -0.000002, 0.000097, -0.000077 ],
      "X_91" : [ 0.000412, -0.000078, 0.000031, -0.000364 ],
      "X_92" : [ 0.000000, 0.000000, 0.000000, 0.000000 ],
      "X_93" : [ 0.000000, 0.000000, 0.000000, 0.000000 ],
      "X_94" : [ 0.000000, 0.000000, 0.000000, 0.000000 ],
      "X_95" : [ 0.000499, -0.000652, 0.000167, -0.000014 ],
      "X_96" : [ 0.000000, 0.000000, 0.000000, 0.000000 ],
      "X_97" : [ 0.000189, -0.000362, 0.000126, 0.000046 ],
      "X_98" : [ 0.000000, 0.000000, 0.000000, 0.000000 ],
      "X_99" : [ 0.000047, 0.000315, 0.000035, -0.000397 ]   
   },
   "Most_Contributive_Features_By_Class" : {
      "class_0" : [ 31, 49, 62, 66, 79, 46, 60, 65, 44, 11 ],
      "class_1" : [ 62, 60, 35, 66, 79, 65, 49, 46, 31, 27 ],
      "class_2" : [ 49, 66, 62, 35, 31, 11, 27, 47, 75, 79 ],
      "class_3" : [ 62, 60, 31, 49, 35, 44, 53, 27, 47, 75 ]
   }
}