{
   "Contributions" : {
      "X_0" : [ -0.000404, 0.000188, -0.000029, 0.000245 ],
      "X_1" : [ 0.000547, -0.000778, -0.000031, 0.000262 ],
      "X_2" : [ 0.000094, -0.000101, 0.000080, -0.000073 ],
      "X_3" : [ 0.000775, -0.001251, 0.000147, 0.000330 ],
      "X_4" : [ -0.000094, -0.000261, 0.000134, 0.000221 ],
      "X_5" : [ -0.000266, 0.000197, 0.000798, -0.000730 ],
      "X_6" : [ -0.000837, -0.001424, 0.002213, 0.000048 ],
      "X_7" : [ -0.000989, -0.000577, 0.001194, 0.000371 ],
      "X_8" : [ 0.000402, 0.000685, -0.001316, 0.000229 ],
      "X_9" : [ 0.001606, 0.001020, -0.001550, -0.001077 ],
      "X_10" : [ -0.000179, -0.000488, 0.000146, 0.000521 ],
      "X_11" : [ -0.005759, 0.001082, 0.005205, -0.000528 ],
      "X_12" : [ -0.000817, 0.000116, 0.000170, 0.000531 ],
      "X_13" : [ 0.001571, -0.002831, 0.000899, 0.000361 ],
      "X_14" : [ 0.000070, -0.000211, -0.000165, 0.000307 ],
      "X_15" : [ 0.000538, -0.000630, 0.000285, -0.000192 ],
      "X_16" : [ -0.000521, 0.000718, 0.000146, -0.000343 ],
      "X_17" : [ 0.000986, -0.001069, 0.001488, -0.001405 ],
      "X_18" : [ -0.000356, 0.000027, 0.000545, -0.000217 ],
      "X_19" : [ -0.000042, -0.001465, 0.000958, 0.000549 ],
      "X_20" : [ 0.000138, -0.000312, 0.000755, -0.000581 ],
      "X_21" : [ 0.000532, 0.000508, -0.001045, 0.000005 ],
      "X_22" : [ 0.000308, -0.000310, 0.000147, -0.000145 ],
      "X_23" : [ 0.002426, -0.001445, -0.000551, -0.000431 ],
      "X_24" : [ 0.000899, -0.000369, -0.000400, -0.000129 ],
      "X_25" : [ 0.000183, -0.000165, 0.000056, -0.000074 ],
      "X_26" : [ -0.000722, 0.000569, 0.000043, 0.000110 ],
      "X_27" : [ 0.001151, -0.004746, 0.004238, -0.000643 ],
      "X_28" : [ -0.000271, 0.000912, -0.000403, -0.000239 ],
      "X_29" : [ -0.000116, -0.000421, -0.000037, 0.000574 ],
      "X_30" : [ -0.000546, -0.000053, -0.000372, 0.000972 ],
      "X_31" : [ -0.014999, -0.007623, 0.006377, 0.016245 ],
      "X_32" : [ 0.003689, -0.002699, 0.000681, -0.001671 ],
      "X_33" : [ 0.000080, 0.000082, 0.000468, -0.000630 ],
      "X_34" : [ -0.000032, 0.000267, -0.000308, 0.000073 ],
      "X_35" : [ 0.000126, -0.011969, 0.005414, 0.006429 ],
      "X_36" : [ 0.000088, -0.000577, 0.000218, 0.000271 ],
      "X_37" : [ -0.000064, 0.000027, 0.000219, -0.000182 ],
      "X_38" : [ 0.000468, 0.000050, 0.000092, -0.000610 ],
      "X_39" : [ 0.000460, -0.000121, 0.000002, -0.000340 ],
      "X_40" : [ 0.000221, -0.000026, 0.000068, -0.000263 ],
      "X_41" : [ -0.000011, 0.000091, -0.000062, -0.000017 ],
      "X_42" : [ -0.000532, -0.000365, 0.000294, 0.000602 ],
      "X_43" : [ 0.000366, -0.000641, 0.000069, 0.000207 ],
      "X_44" : [ -0.000944, 0.000638, 0.000130, 0.000176 ],
      "X_45" : [ -0.000355, 0.000015, -0.001184, 0.001523 ],
      "X_46" : [ -0.001726, 0.009838, -0.003398, -0.004714 ],
      "X_47" : [ -0.000035, 0.000487, -0.001035, 0.000583 ],
      "X_48" : [ 0.000745, -0.001882, 0.000301, 0.000837 ],
      "X_49" : [ 0.026896, -0.015037, -0.020941, 0.009082 ],
      "X_50" : [ 0.000158, -0.000055, 0.000063, -0.000165 ],
      "X_51" : [ 0.000708, 0.000055, -0.000928, 0.000166 ],
      "X_52" : [ -0.000396, 0.000524, -0.000285, 0.000158 ],
      "X_53" : [ 0.001270, -0.003764, -0.002180, 0.004674 ],
      "X_54" : [ 0.000146, 0.000978, -0.001852, 0.000728 ],
      "X_55" : [ 0.000350, -0.000053, -0.000107, -0.000190 ],
      "X_56" : [ 0.000670, -0.000993, 0.000059, 0.000264 ],
      "X_57" : [ -0.000303, -0.000999, 0.001276, 0.000025 ],
      "X_58" : [ -0.000711, 0.001103, 0.000028, -0.000421 ],
      "X_59" : [ -0.001021, 0.000532, 0.000109, 0.000380 ],
      "X_60" : [ 0.005282, -0.031054, 0.009219, 0.016552 ],
      "X_61" : [ -0.000010, 0.000002, -0.000026, 0.000034 ],
      "X_62" : [ -0.019887, -0.016683, 0.016171, 0.020398 ],
      "X_63" : [ 0.000032, -0.001099, 0.000195, 0.000872 ],
      "X_64" : [ 0.001403, -0.001321, 0.000058, -0.000139 ],
      "X_65" : [ 0.004620, -0.003539, -0.000675, -0.000406 ],
      "X_66" : [ -0.005792, -0.008539, 0.015985, -0.001653 ],
      "X_67" : [ 0.000788, -0.000797, 0.000920, -0.000911 ],
      "X_68" : [ 0.000252, -0.000094, -0.000086, -0.000072 ],
      "X_69" : [ 0.000159, -0.000121, 0.000346, -0.000384 ],
      "X_70" : [ -0.001667, 0.002074, 0.000078, -0.000485 ],
      "X_71" : [ 0.000321, -0.000159, -0.000085, -0.000077 ],
      "X_72" : [ 0.000044, 0.000053, 0.000543, -0.000641 ],
      "X_73" : [ -0.000153, -0.000005, 0.000265, -0.000107 ],
      "X_74" : [ -0.000170, -0.000196, 0.000546, -0.000180 ],
      "X_75" : [ 0.000437, -0.000966, 0.000333, 0.000196 ],
      "X_76" : [ -0.000268, 0.000367, -0.000618, 0.000519 ],
      "X_77" : [ -0.000738, 0.000264, -0.000345, 0.000819 ],
      "X_78" : [ 0.000475, -0.000406, -0.000017, -0.000052 ],
      "X_79" : [ 0.003019, -0.003879, -0.000885, 0.001746 ],
      "X_80" : [ -0.000407, -0.000147, -0.000006, 0.000560 ],
      "X_81" : [ 0.000099, -0.001623, 0.000202, 0.001322 ],
      "X_82" : [ 0.000703, 0.000353, -0.000651, -0.000405 ],
      "X_83" : [ -0.000449, 0.000269, -0.000176, 0.000356 ],
      "X_84" : [ 0.000081, 0.000329, 0.001291, -0.001701 ],
      "X_85" : [ -0.000333, 0.000251, -0.000034, 0.000116 ],
      "X_86" : [ -0.001341, 0.000770, 0.000034, 0.000537 ],
      "X_87" : [ 0.000515, -0.000565, 0.000172, -0.000123 ],
      "X_88" : [ -0.000563, 0.000492, 0.000216, -0.000146 ],
      "X_89" : [ -0.000209, 0.000093, 0.000357, -0.000242 ],
      "X_90" : [ 0.000153, -0.000980, 0.000392, 0.000435 ],
      "X_91" : [ -0.001106, 0.000649, 0.000833, -0.000377 ],
      "X_92" : [ 0.001046, -0.000309, -0.000184, -0.000553 ],
      "X_93" : [ 0.000170, 0.002295, 0.000058, -0.002523 ],
      "X_94" : [ 0.000079, -0.000124, 0.000038, 0.000006 ],
      "X_95" : [ 0.000522, -0.000953, 0.000566, -0.000135 ],
      "X_96" : [ -0.000309, 0.000547, 0.000060, -0.000298 ],
      "X_97" : [ -0.000577, 0.000589, -0.000367, 0.000355 ],
      "X_98" : [ 0.000515, -0.000367, -0.000267, 0.000119 ],
      "X_99" : [ -0.000097, -0.000294, -0.000665, 0.001056 ]   
   },
   "Most_Contributive_Features_By_Class" : {
      "class_0" : [ 49, 62, 31, 66, 11, 60, 65, 32, 79, 23 ],
      "class_1" : [ 60, 62, 49, 35, 46, 66, 31, 27, 79, 53 ],
      "class_2" : [ 49, 62, 66, 60, 31, 35, 11, 27, 46, 6 ],
      "class_3" : [ 62, 60, 31, 49, 35, 46, 53, 93, 79, 84 ]
   }
}