{
   "Contributions" : {
      "X_0" : [ -0.011314, 0.011314 ],
      "X_1" : [ 0.000000, 0.000000 ],
      "X_2" : [ -0.001059, 0.001059 ],
      "X_3" : [ 0.000000, 0.000000 ],
      "X_4" : [ -0.013722, 0.013722 ],
      "X_5" : [ 0.000000, 0.000000 ],
      "X_6" : [ 0.000000, 0.000000 ],
      "X_7" : [ 0.000000, 0.000000 ],
      "X_8" : [ 0.000000, 0.000000 ],
      "X_9" : [ 0.000000, 0.000000 ],
      "X_10" : [ -0.000433, 0.000433 ],
      "X_11" : [ -0.004688, 0.004688 ],
      "X_12" : [ -0.003958, 0.003958 ],
      "X_13" : [ 0.000000, 0.000000 ]   
   },
   "Most_Contributive_Features_By_Class" : {
      "class_0" : [ 4, 0, 11, 12, 2, 10 ],
      "class_1" : [ 4, 0, 11, 12, 2, 10 ]
   }
}