{
   "Contributions" : {
      "X_0" : [ -0.003679, 0.003679 ],
      "X_1" : [ 0.000000, 0.000000 ],
      "X_2" : [ 0.006925, -0.006925 ],
      "X_3" : [ 0.000000, 0.000000 ],
      "X_4" : [ -0.007526, 0.007526 ],
      "X_5" : [ 0.000000, 0.000000 ],
      "X_6" : [ 0.000000, 0.000000 ],
      "X_7" : [ 0.000000, 0.000000 ],
      "X_8" : [ 0.000000, 0.000000 ],
      "X_9" : [ 0.000000, 0.000000 ],
      "X_10" : [ 0.001675, -0.001675 ],
      "X_11" : [ -0.002792, 0.002792 ],
      "X_12" : [ -0.001275, 0.001275 ],
      "X_13" : [ 0.000000, 0.000000 ]   
   },
   "Most_Contributive_Features_By_Class" : {
      "class_0" : [ 4, 2, 0, 11, 10, 12 ],
      "class_1" : [ 4, 2, 0, 11, 10, 12 ]
   }
}