{
	"metadata" : { "model" : "Breiman_CART", "version" : "2024-W14", "signature" : "ff4_OO8"},
	"options" : { "ccp_alpha" : 0.000000, "criterion" : "", "max_depth" : 6, "max_features" : null, "max_leaf_nodes" : 32, "min_impurity_decrease" : 0.000000, "min_samples_leaf" : 1, "min_samples_split" : 2, "min_weight_fraction_leaf" : 0.000000, "random_state" : 1789, "splitter" : "best" },
	"dataset" : { "dataset_rows" : 6105, "dataset_features" : 14 },
	"classes" : [ "<=50K", ">50K" ],
	"tree" : {
	"features" : 14,
	"outputs" : 2,
	"max_depth" : 5,
	"node_count" : 63,
	"nodes" : {
		"node_00" : {"left" : 1, "right" : 2, "feature" : 10, "threshold" : 1.500000, "impurity" : 0.364766, "n_samples" : 6105, "w_samples" : 6105.000000, "value" : [0.760033, 0.239967]},
		"node_01" : {"left" : 7, "right" : 8, "feature" : 4, "threshold" : 12.500000, "impurity" : 0.320377, "n_samples" : 5731, "w_samples" : 5731.000000, "value" : [0.799686, 0.200314]},
		"node_02" : {"left" : 3, "right" : 4, "feature" : 10, "threshold" : 2.500000, "impurity" : 0.258357, "n_samples" : 374, "w_samples" : 374.000000, "value" : [0.152406, 0.847594]},
		"node_03" : {"left" : 5, "right" : 6, "feature" : 0, "threshold" : 1.500000, "impurity" : 0.445744, "n_samples" : 170, "w_samples" : 170.000000, "value" : [0.335294, 0.664706]},
		"node_04" : {"left" : null, "right" : null, "feature" : null, "threshold" : null, "impurity" : 0.000000, "n_samples" : 204, "w_samples" : 204.000000, "value" : [0.000000, 1.000000]},
		"node_05" : {"left" : 31, "right" : 32, "feature" : 2, "threshold" : 37026.000000, "impurity" : 0.491782, "n_samples" : 39, "w_samples" : 39.000000, "value" : [0.564103, 0.435897]},
		"node_06" : {"left" : 19, "right" : 20, "feature" : 12, "threshold" : 1.500000, "impurity" : 0.391586, "n_samples" : 131, "w_samples" : 131.000000, "value" : [0.267176, 0.732824]},
		"node_07" : {"left" : 43, "right" : 44, "feature" : 0, "threshold" : 1.500000, "impurity" : 0.229371, "n_samples" : 4389, "w_samples" : 4389.000000, "value" : [0.867851, 0.132149]},
		"node_08" : {"left" : 9, "right" : 10, "feature" : 0, "threshold" : 1.500000, "impurity" : 0.488219, "n_samples" : 1342, "w_samples" : 1342.000000, "value" : [0.576751, 0.423249]},
		"node_09" : {"left" : 11, "right" : 12, "feature" : 0, "threshold" : 0.500000, "impurity" : 0.379170, "n_samples" : 535, "w_samples" : 535.000000, "value" : [0.745794, 0.254206]},
		"node_10" : {"left" : 17, "right" : 18, "feature" : 11, "threshold" : 2.500000, "impurity" : 0.497506, "n_samples" : 807, "w_samples" : 807.000000, "value" : [0.464684, 0.535316]},
		"node_11" : {"left" : null, "right" : null, "feature" : null, "threshold" : null, "impurity" : 0.057093, "n_samples" : 136, "w_samples" : 136.000000, "value" : [0.970588, 0.029412]},
		"node_12" : {"left" : 13, "right" : 14, "feature" : 12, "threshold" : 2.500000, "impurity" : 0.442761, "n_samples" : 399, "w_samples" : 399.000000, "value" : [0.669173, 0.330827]},
		"node_13" : {"left" : 45, "right" : 46, "feature" : 12, "threshold" : 1.500000, "impurity" : 0.376742, "n_samples" : 286, "w_samples" : 286.000000, "value" : [0.748252, 0.251748]},
		"node_14" : {"left" : 15, "right" : 16, "feature" : 2, "threshold" : 175682.500000, "impurity" : 0.498081, "n_samples" : 113, "w_samples" : 113.000000, "value" : [0.469027, 0.530973]},
		"node_15" : {"left" : null, "right" : null, "feature" : null, "threshold" : null, "impurity" : 0.472066, "n_samples" : 55, "w_samples" : 55.000000, "value" : [0.618182, 0.381818]},
		"node_16" : {"left" : null, "right" : null, "feature" : null, "threshold" : null, "impurity" : 0.440547, "n_samples" : 58, "w_samples" : 58.000000, "value" : [0.327586, 0.672414]},
		"node_17" : {"left" : 27, "right" : 28, "feature" : 12, "threshold" : 1.500000, "impurity" : 0.499999, "n_samples" : 747, "w_samples" : 747.000000, "value" : [0.499331, 0.500669]},
		"node_18" : {"left" : 55, "right" : 56, "feature" : 2, "threshold" : 66215.500000, "impurity" : 0.064444, "n_samples" : 60, "w_samples" : 60.000000, "value" : [0.033333, 0.966667]},
		"node_19" : {"left" : 21, "right" : 22, "feature" : 2, "threshold" : 121973.500000, "impurity" : 0.462810, "n_samples" : 11, "w_samples" : 11.000000, "value" : [0.636364, 0.363636]},
		"node_20" : {"left" : 37, "right" : 38, "feature" : 0, "threshold" : 2.500000, "impurity" : 0.357778, "n_samples" : 120, "w_samples" : 120.000000, "value" : [0.233333, 0.766667]},
		"node_21" : {"left" : 23, "right" : 24, "feature" : 0, "threshold" : 3.500000, "impurity" : 0.480000, "n_samples" : 5, "w_samples" : 5.000000, "value" : [0.400000, 0.600000]},
		"node_22" : {"left" : 25, "right" : 26, "feature" : 2, "threshold" : 299460.000000, "impurity" : 0.277778, "n_samples" : 6, "w_samples" : 6.000000, "value" : [0.833333, 0.166667]},
		"node_23" : {"left" : null, "right" : null, "feature" : null, "threshold" : null, "impurity" : 0.000000, "n_samples" : 3, "w_samples" : 3.000000, "value" : [0.000000, 1.000000]},
		"node_24" : {"left" : null, "right" : null, "feature" : null, "threshold" : null, "impurity" : 0.000000, "n_samples" : 2, "w_samples" : 2.000000, "value" : [1.000000, 0.000000]},
		"node_25" : {"left" : null, "right" : null, "feature" : null, "threshold" : null, "impurity" : 0.000000, "n_samples" : 5, "w_samples" : 5.000000, "value" : [1.000000, 0.000000]},
		"node_26" : {"left" : null, "right" : null, "feature" : null, "threshold" : null, "impurity" : 0.000000, "n_samples" : 1, "w_samples" : 1.000000, "value" : [0.000000, 1.000000]},
		"node_27" : {"left" : 29, "right" : 30, "feature" : 12, "threshold" : 0.500000, "impurity" : 0.375000, "n_samples" : 116, "w_samples" : 116.000000, "value" : [0.750000, 0.250000]},
		"node_28" : {"left" : null, "right" : null, "feature" : null, "threshold" : null, "impurity" : 0.495629, "n_samples" : 631, "w_samples" : 631.000000, "value" : [0.453249, 0.546751]},
		"node_29" : {"left" : null, "right" : null, "feature" : null, "threshold" : null, "impurity" : 0.207612, "n_samples" : 51, "w_samples" : 51.000000, "value" : [0.882353, 0.117647]},
		"node_30" : {"left" : null, "right" : null, "feature" : null, "threshold" : null, "impurity" : 0.457278, "n_samples" : 65, "w_samples" : 65.000000, "value" : [0.646154, 0.353846]},
		"node_31" : {"left" : null, "right" : null, "feature" : null, "threshold" : null, "impurity" : 0.000000, "n_samples" : 2, "w_samples" : 2.000000, "value" : [1.000000, 0.000000]},
		"node_32" : {"left" : 33, "right" : 34, "feature" : 2, "threshold" : 52678.000000, "impurity" : 0.496713, "n_samples" : 37, "w_samples" : 37.000000, "value" : [0.540541, 0.459459]},
		"node_33" : {"left" : null, "right" : null, "feature" : null, "threshold" : null, "impurity" : 0.000000, "n_samples" : 2, "w_samples" : 2.000000, "value" : [0.000000, 1.000000]},
		"node_34" : {"left" : 35, "right" : 36, "feature" : 12, "threshold" : 2.500000, "impurity" : 0.489796, "n_samples" : 35, "w_samples" : 35.000000, "value" : [0.571429, 0.428571]},
		"node_35" : {"left" : null, "right" : null, "feature" : null, "threshold" : null, "impurity" : 0.460800, "n_samples" : 25, "w_samples" : 25.000000, "value" : [0.640000, 0.360000]},
		"node_36" : {"left" : null, "right" : null, "feature" : null, "threshold" : null, "impurity" : 0.480000, "n_samples" : 10, "w_samples" : 10.000000, "value" : [0.400000, 0.600000]},
		"node_37" : {"left" : 39, "right" : 40, "feature" : 12, "threshold" : 3.500000, "impurity" : 0.258546, "n_samples" : 59, "w_samples" : 59.000000, "value" : [0.152542, 0.847458]},
		"node_38" : {"left" : 41, "right" : 42, "feature" : 4, "threshold" : 10.500000, "impurity" : 0.428917, "n_samples" : 61, "w_samples" : 61.000000, "value" : [0.311475, 0.688525]},
		"node_39" : {"left" : null, "right" : null, "feature" : null, "threshold" : null, "impurity" : 0.218750, "n_samples" : 56, "w_samples" : 56.000000, "value" : [0.125000, 0.875000]},
		"node_40" : {"left" : null, "right" : null, "feature" : null, "threshold" : null, "impurity" : 0.444444,