{
   "Contributions" : {
      "X_0" : [ -0.000001 ],
      "X_1" : [ -0.000005 ],
      "X_2" : [ 0.000002 ],
      "X_3" : [ -0.000004 ],
      "X_4" : [ -0.000005 ],
      "X_5" : [ 0.000000 ],
      "X_6" : [ -0.000008 ],
      "X_7" : [ 0.000002 ],
      "X_8" : [ 0.000007 ],
      "X_9" : [ 0.000001 ],
      "X_10" : [ -0.000001 ],
      "X_11" : [ 0.000000 ],
      "X_12" : [ -0.000003 ],
      "X_13" : [ -0.000003 ],
      "X_14" : [ -0.000000 ],
      "X_15" : [ 0.000000 ],
      "X_16" : [ -0.000002 ],
      "X_17" : [ 0.000000 ],
      "X_18" : [ 0.000000 ],
      "X_19" : [ 0.000003 ],
      "X_20" : [ 0.000001 ],
      "X_21" : [ -0.000007 ],
      "X_22" : [ 0.392273 ],
      "X_23" : [ -0.000002 ],
      "X_24" : [ -0.000004 ],
      "X_25" : [ 0.000001 ],
      "X_26" : [ -0.000001 ],
      "X_27" : [ -0.000001 ],
      "X_28" : [ -0.000001 ],
      "X_29" : [ -0.000003 ],
      "X_30" : [ 5.280888 ],
      "X_31" : [ -0.000004 ],
      "X_32" : [ -1.278800 ],
      "X_33" : [ 0.306317 ],
      "X_34" : [ 0.000000 ],
      "X_35" : [ -0.000000 ],
      "X_36" : [ 6.959581 ],
      "X_37" : [ -0.000004 ],
      "X_38" : [ -0.000002 ],
      "X_39" : [ -0.000000 ],
      "X_40" : [ -0.000003 ],
      "X_41" : [ 0.000003 ],
      "X_42" : [ -0.000002 ],
      "X_43" : [ 0.000004 ],
      "X_44" : [ -0.000000 ],
      "X_45" : [ -0.000000 ],
      "X_46" : [ 2.248408 ],
      "X_47" : [ -0.000003 ],
      "X_48" : [ -0.000001 ],
      "X_49" : [ 0.000002 ],
      "X_50" : [ -0.000001 ],
      "X_51" : [ 0.000002 ],
      "X_52" : [ -0.000001 ],
      "X_53" : [ 0.000002 ],
      "X_54" : [ 0.000004 ],
      "X_55" : [ 0.000001 ],
      "X_56" : [ -0.000003 ],
      "X_57" : [ -0.000000 ],
      "X_58" : [ 0.000003 ],
      "X_59" : [ -12.138680 ],
      "X_60" : [ 0.000004 ],
      "X_61" : [ 0.000002 ],
      "X_62" : [ 0.000004 ],
      "X_63" : [ -0.000012 ],
      "X_64" : [ -0.000000 ],
      "X_65" : [ -0.000001 ],
      "X_66" : [ 0.000003 ],
      "X_67" : [ 0.000001 ],
      "X_68" : [ 0.000005 ],
      "X_69" : [ -0.000004 ],
      "X_70" : [ -0.000001 ],
      "X_71" : [ 0.000007 ],
      "X_72" : [ -0.000003 ],
      "X_73" : [ 0.000003 ],
      "X_74" : [ -0.000003 ],
      "X_75" : [ 0.000001 ],
      "X_76" : [ -0.000000 ],
      "X_77" : [ -5.023132 ],
      "X_78" : [ -0.000003 ],
      "X_79" : [ -0.000001 ],
      "X_80" : [ -0.000003 ],
      "X_81" : [ 0.000002 ],
      "X_82" : [ -0.000000 ],
      "X_83" : [ -0.000001 ],
      "X_84" : [ 0.000001 ],
      "X_85" : [ -0.000001 ],
      "X_86" : [ -0.000003 ],
      "X_87" : [ 0.000001 ],
      "X_88" : [ -0.000002 ],
      "X_89" : [ -0.000000 ],
      "X_90" : [ -3.535701 ],
      "X_91" : [ 0.000000 ],
      "X_92" : [ -0.000001 ],
      "X_93" : [ 0.000000 ],
      "X_94" : [ -0.000001 ],
      "X_95" : [ 5.309176 ],
      "X_96" : [ 0.000003 ],
      "X_97" : [ -0.000003 ],
      "X_98" : [ 0.000000 ],
      "X_99" : [ 0.000001 ]   
   },
   "Most_Contributive_Features" : {
      "y" : [ 59, 36, 95, 30, 77, 90, 46, 32, 22, 33 ]
   }
}