{
	"metadata" : { "model" : "Tikhonov_Ridge", "version" : "2024-W12", "signature" : "ff4_ff4"},
	"options" : { "alpha" : 0.000000, "random_state" : 1789 },
	"dataset" : { "dataset_rows" : 512, "dataset_features" : 100 },
	"equations" : {
			"intercept" : 0.000014,
			"coeffs" : [ -0.000002, -0.000019, 0.000014, 0.000011, 0.000029, 0.000004, -0.000023, 0.000046, -0.000026, 0.000009, 0.000010, 0.000004, -0.000009, 0.000018, -0.000006, 0.000025, 0.000023, -0.000005, -0.000001, 0.000019, 0.000011, 0.000019, 32.341900, -0.000011, -0.000008, 0.000002, 0.000034, 0.000004, 0.000016, 0.000016, 66.239220, 0.000017, 44.683392, 4.638620, -0.000002, 0.000015, 46.952190, -0.000035, 0.000010, 0.000003, -0.000025, 0.000012, 0.000010, 0.000012, -0.000008, -0.000004, 73.852509, 0.000033, 0.000007, 0.000009, 0.000014, -0.000026, -0.000032, 0.000026, 0.000038, 0.000013, -0.000011, 0.000017, 0.000021, 45.262676, -0.000018, -0.000024, -0.000024, -0.000025, 0.000001, 0.000018, -0.000024, -0.000009, 0.000030, -0.000017, 0.000005, -0.000032, 0.000008, 0.000015, 0.000010, -0.000003, 0.000022, 66.569778, -0.000014, -0.000013, -0.000029, -0.000048, 0.000008, 0.000013, -0.000020, 0.000011, -0.000021, -0.000005, -0.000028, 0.000004, 18.802305, -0.000016, 0.000006, -0.000002, 0.000010, 31.015606, 0.000024, -0.000026, -0.000003, 0.000014 ]
		}
}