{
   "Contributions" : {
      "X_0" : [ 0.003622, 0.001846, -0.009691, 0.004223 ],
      "X_1" : [ 0.002393, -0.002086, -0.004105, 0.003798 ],
      "X_2" : [ 0.000147, 0.000268, -0.000574, 0.000160 ],
      "X_3" : [ 0.009213, -0.009736, 0.007119, -0.006596 ],
      "X_4" : [ 0.000448, -0.000085, -0.000898, 0.000536 ],
      "X_5" : [ 0.000404, -0.000023, -0.002135, 0.001754 ],
      "X_6" : [ 0.001239, -0.003116, 0.001252, 0.000625 ],
      "X_7" : [ -0.018310, 0.015166, 0.006913, -0.003769 ],
      "X_8" : [ -0.005627, 0.020250, -0.014754, 0.000131 ],
      "X_9" : [ -0.000105, -0.000027, 0.000076, 0.000056 ]   
   },
   "Most_Contributive_Features_By_Class" : {
      "class_0" : [ 7, 3, 8, 0, 1, 6, 4, 5, 2, 9 ],
      "class_1" : [ 8, 7, 3, 6, 1, 0, 2, 4, 9, 5 ],
      "class_2" : [ 8, 0, 3, 7, 1, 5, 6, 4, 2, 9 ],
      "class_3" : [ 3, 0, 1, 7, 5, 6, 4, 2, 8, 9 ]
   }
}