{
   "Contributions" : {
      "X_0" : [ -0.001600, -0.000239, -0.003339, 0.005179 ],
      "X_1" : [ 0.003057, -0.005347, -0.009133, 0.011424 ],
      "X_2" : [ 0.000659, -0.000651, -0.000471, 0.000463 ],
      "X_3" : [ 0.018515, -0.011385, -0.000609, -0.006521 ],
      "X_4" : [ 0.003110, -0.000257, -0.001497, -0.001356 ],
      "X_5" : [ -0.001598, -0.001781, 0.002587, 0.000792 ],
      "X_6" : [ 0.000373, -0.000245, -0.001431, 0.001304 ],
      "X_7" : [ -0.030650, 0.031502, 0.002036, -0.002887 ],
      "X_8" : [ -0.004609, 0.023225, -0.029451, 0.010835 ],
      "X_9" : [ 0.002348, -0.001263, -0.000921, -0.000164 ]   
   },
   "Most_Contributive_Features_By_Class" : {
      "class_0" : [ 7, 3, 8, 4, 1, 9, 0, 5, 2, 6 ],
      "class_1" : [ 7, 8, 3, 1, 5, 9, 2, 4, 6, 0 ],
      "class_2" : [ 8, 1, 0, 5, 7, 4, 6, 9, 3, 2 ],
      "class_3" : [ 1, 8, 3, 0, 7, 4, 6, 5, 2, 9 ]
   }
}