{
   "Contributions" : {
      "X_0" : [ -0.045249 ],
      "X_1" : [ -0.026060 ],
      "X_2" : [ 0.011521 ],
      "X_3" : [ -0.001065 ]   
   },
   "Most_Contributive_Features" : {
      "y" : [ 0, 1, 2, 3 ]
   }
}