{
   "Contributions" : {
      "X_0" : [ -0.044563 ],
      "X_1" : [ -0.025658 ],
      "X_2" : [ 0.011340 ],
      "X_3" : [ -0.001058 ]   
   },
   "Most_Contributive_Features" : {
      "y" : [ 0, 1, 2, 3 ]
   }
}