{
   "Contributions" : {
      "X_0" : [ 0.478311 ],
      "X_1" : [ 25.920887 ],
      "X_2" : [ -7.141285 ],
      "X_3" : [ -4.491875 ]   
   },
   "Most_Contributive_Features" : {
      "y" : [ 1, 2, 3, 0 ]
   }
}