{
	"metadata" : { "model" : "Tikhonov_Ridge", "version" : "2024-W13", "signature" : "ff4_OO8"},
	"options" : { "alpha" : 0.000000, "random_state" : 1789 },
	"dataset" : { "dataset_rows" : 6105, "dataset_features" : 14 },
	"classes" : [ "<=50K", ">50K" ],
	"equations" : {
		"class_1" : {
			"intercept" : 576.675964,
			"coeffs" : [ -17.059174, 0.000000, -0.002656, 0.000000, -3.341246, 0.000000, 0.000000, 0.000000, 0.000000, 0.000000, 2.693161, 5.024945, -3.529320, 0.000000 ]
		}
	}
}