{
	"metadata" : { "model" : "Tikhonov_Ridge", "version" : "2024-W13", "signature" : "ff4_OO8"},
	"options" : { "alpha" : 1.000000, "random_state" : 1789 },
	"dataset" : { "dataset_rows" : 6105, "dataset_features" : 14 },
	"classes" : [ "<=50K", ">50K" ],
	"equations" : {
		"class_1" : {
			"intercept" : 576.569092,
			"coeffs" : [ -17.053410, 0.000000, -0.002656, 0.000000, -3.340088, 0.000000, 0.000000, 0.000000, 0.000000, 0.000000, 2.691264, 5.022571, -3.528587, 0.000000 ]
		}
	}
}