{
   "Contributions" : {
      "X_0" : [ -0.005815, 0.005815 ],
      "X_1" : [ 0.000000, 0.000000 ],
      "X_2" : [ 0.098212, -0.098212 ],
      "X_3" : [ 0.000000, 0.000000 ],
      "X_4" : [ 0.002534, -0.002534 ],
      "X_5" : [ 0.000000, 0.000000 ],
      "X_6" : [ 0.000000, 0.000000 ],
      "X_7" : [ 0.000000, 0.000000 ],
      "X_8" : [ 0.000000, 0.000000 ],
      "X_9" : [ 0.000000, 0.000000 ],
      "X_10" : [ 0.002460, -0.002460 ],
      "X_11" : [ -0.001311, 0.001311 ],
      "X_12" : [ 0.000133, -0.000133 ],
      "X_13" : [ 0.000000, 0.000000 ]   
   },
   "Most_Contributive_Features_By_Class" : {
      "class_0" : [ 2, 0, 4, 10, 11, 12 ],
      "class_1" : [ 2, 0, 4, 10, 11, 12 ]
   }
}