{
   "Contributions" : {
      "X_0" : [ 0.005561, 0.000382, -0.005334, -0.000610 ],
      "X_1" : [ 0.000544, 0.002353, -0.006795, 0.003898 ],
      "X_2" : [ 0.003312, -0.000395, -0.001722, -0.001195 ],
      "X_3" : [ 0.001547, 0.001727, -0.003999, 0.000725 ],
      "X_4" : [ -0.001051, -0.001890, 0.018272, -0.015331 ],
      "X_5" : [ 0.018004, 0.017568, -0.015433, -0.020138 ],
      "X_6" : [ 0.001909, -0.001726, -0.000555, 0.000372 ],
      "X_7" : [ -0.007995, 0.021174, -0.002330, -0.010849 ],
      "X_8" : [ -0.008113, 0.005128, 0.002902, 0.000083 ],
      "X_9" : [ -0.001895, 0.000326, 0.002155, -0.000585 ]   
   },
   "Most_Contributive_Features_By_Class" : {
      "class_0" : [ 5, 8, 7, 0, 2, 6, 9, 3, 4, 1 ],
      "class_1" : [ 7, 5, 8, 1, 4, 3, 6, 2, 0, 9 ],
      "class_2" : [ 4, 5, 1, 0, 3, 8, 7, 9, 2, 6 ],
      "class_3" : [ 5, 4, 7, 1, 2, 3, 0, 9, 6, 8 ]
   }
}