{
   "Contributions" : {
      "X_0" : [ -0.000725 ],
      "X_1" : [ 0.003898 ],
      "X_2" : [ 0.006918 ],
      "X_3" : [ -0.011631 ],
      "X_4" : [ -0.000176 ],
      "X_5" : [ -0.003232 ],
      "X_6" : [ -0.003619 ],
      "X_7" : [ -0.001860 ],
      "X_8" : [ 0.001069 ],
      "X_9" : [ -0.003885 ],
      "X_10" : [ -0.002200 ],
      "X_11" : [ 0.006457 ],
      "X_12" : [ -0.008624 ],
      "X_13" : [ 0.003038 ],
      "X_14" : [ -0.002608 ],
      "X_15" : [ -0.001519 ],
      "X_16" : [ -0.001172 ],
      "X_17" : [ 0.002050 ],
      "X_18" : [ -0.001462 ],
      "X_19" : [ 0.000532 ],
      "X_20" : [ 0.005419 ],
      "X_21" : [ -0.006630 ],
      "X_22" : [ 0.006010 ],
      "X_23" : [ 0.000104 ],
      "X_24" : [ -0.002048 ],
      "X_25" : [ 0.004552 ],
      "X_26" : [ -0.001905 ],
      "X_27" : [ -0.000733 ],
      "X_28" : [ 0.003092 ],
      "X_29" : [ -0.001125 ],
      "X_30" : [ -0.003843 ],
      "X_31" : [ -0.000878 ],
      "X_32" : [ -0.002885 ],
      "X_33" : [ 0.001518 ],
      "X_34" : [ -0.005105 ],
      "X_35" : [ -0.003226 ],
      "X_36" : [ -0.007086 ],
      "X_37" : [ 0.000330 ],
      "X_38" : [ -0.007406 ],
      "X_39" : [ -0.008026 ],
      "X_40" : [ -0.000294 ],
      "X_41" : [ -0.003444 ],
      "X_42" : [ 0.007421 ],
      "X_43" : [ 0.004240 ],
      "X_44" : [ -0.000786 ],
      "X_45" : [ -0.006451 ],
      "X_46" : [ 0.000367 ],
      "X_47" : [ -0.001505 ],
      "X_48" : [ 0.005401 ],
      "X_49" : [ 0.001677 ],
      "X_50" : [ -0.006025 ],
      "X_51" : [ -0.002389 ],
      "X_52" : [ -0.000717 ],
      "X_53" : [ 0.003535 ],
      "X_54" : [ 0.007440 ],
      "X_55" : [ 0.005404 ],
      "X_56" : [ -0.000696 ],
      "X_57" : [ -0.020246 ],
      "X_58" : [ -0.000929 ],
      "X_59" : [ -0.001340 ],
      "X_60" : [ 0.001393 ],
      "X_61" : [ -0.001835 ],
      "X_62" : [ -0.001361 ],
      "X_63" : [ 0.000267 ],
      "X_64" : [ -0.002156 ],
      "X_65" : [ 0.001270 ],
      "X_66" : [ -0.003999 ],
      "X_67" : [ 0.003852 ],
      "X_68" : [ 0.012066 ],
      "X_69" : [ -0.002076 ],
      "X_70" : [ -0.002039 ],
      "X_71" : [ 0.000874 ],
      "X_72" : [ -0.002650 ],
      "X_73" : [ 0.000761 ],
      "X_74" : [ 0.002551 ],
      "X_75" : [ 0.002213 ],
      "X_76" : [ 0.002564 ],
      "X_77" : [ 0.000969 ],
      "X_78" : [ 0.008358 ],
      "X_79" : [ -0.004432 ],
      "X_80" : [ -0.000981 ],
      "X_81" : [ -0.001376 ],
      "X_82" : [ -0.008717 ],
      "X_83" : [ 0.002104 ],
      "X_84" : [ 0.007482 ],
      "X_85" : [ -0.001427 ],
      "X_86" : [ -0.001777 ],
      "X_87" : [ 0.000972 ],
      "X_88" : [ 0.005167 ],
      "X_89" : [ -0.008868 ],
      "X_90" : [ -0.006330 ],
      "X_91" : [ 0.005679 ],
      "X_92" : [ -0.002651 ],
      "X_93" : [ 0.013938 ],
      "X_94" : [ 0.020251 ],
      "X_95" : [ -0.000797 ],
      "X_96" : [ -0.003132 ],
      "X_97" : [ 0.002581 ],
      "X_98" : [ -0.016069 ],
      "X_99" : [ -0.002793 ]   
   },
   "Most_Contributive_Features" : {
      "y" : [ 94, 57, 98, 93, 68, 3, 89, 82, 12, 78 ]
   }
}