{
   "Contributions" : {
      "X_0" : [ -0.008228 ],
      "X_1" : [ 0.040516 ],
      "X_2" : [ -0.015682 ],
      "X_3" : [ 0.035572 ],
      "X_4" : [ -0.024114 ],
      "X_5" : [ 0.069968 ],
      "X_6" : [ -0.021588 ],
      "X_7" : [ 0.043535 ],
      "X_8" : [ -0.009519 ],
      "X_9" : [ 0.023884 ],
      "X_10" : [ 0.010260 ],
      "X_11" : [ 0.021625 ],
      "X_12" : [ -0.022131 ],
      "X_13" : [ -0.005969 ],
      "X_14" : [ 0.011235 ],
      "X_15" : [ -0.010096 ],
      "X_16" : [ 0.009571 ],
      "X_17" : [ -0.014829 ],
      "X_18" : [ 0.002423 ],
      "X_19" : [ 0.013402 ],
      "X_20" : [ 0.043712 ],
      "X_21" : [ -0.004143 ],
      "X_22" : [ 0.026083 ],
      "X_23" : [ -0.057643 ],
      "X_24" : [ -0.005710 ],
      "X_25" : [ -0.024722 ],
      "X_26" : [ 0.035490 ],
      "X_27" : [ 0.005274 ],
      "X_28" : [ -0.028567 ],
      "X_29" : [ -0.006412 ],
      "X_30" : [ 0.035582 ],
      "X_31" : [ -0.021786 ],
      "X_32" : [ 0.001734 ],
      "X_33" : [ 0.033525 ],
      "X_34" : [ -0.016617 ],
      "X_35" : [ 0.047676 ],
      "X_36" : [ 0.003294 ],
      "X_37" : [ 0.005427 ],
      "X_38" : [ -0.001271 ],
      "X_39" : [ 0.008548 ],
      "X_40" : [ 0.016756 ],
      "X_41" : [ 0.004842 ],
      "X_42" : [ -0.009329 ],
      "X_43" : [ 0.053791 ],
      "X_44" : [ -0.020522 ],
      "X_45" : [ -0.016964 ],
      "X_46" : [ 0.079984 ],
      "X_47" : [ -0.012485 ],
      "X_48" : [ -0.004415 ],
      "X_49" : [ -0.006787 ],
      "X_50" : [ -0.005655 ],
      "X_51" : [ 0.000382 ],
      "X_52" : [ -0.026329 ],
      "X_53" : [ -0.034503 ],
      "X_54" : [ 0.024923 ],
      "X_55" : [ 0.038905 ],
      "X_56" : [ 0.024920 ],
      "X_57" : [ -0.018217 ],
      "X_58" : [ 0.013936 ],
      "X_59" : [ 0.016990 ],
      "X_60" : [ 0.005433 ],
      "X_61" : [ -0.030135 ],
      "X_62" : [ -0.002305 ],
      "X_63" : [ 0.036351 ],
      "X_64" : [ 0.037368 ],
      "X_65" : [ 0.011175 ],
      "X_66" : [ 0.002037 ],
      "X_67" : [ -0.001563 ],
      "X_68" : [ -0.021921 ],
      "X_69" : [ 0.009748 ],
      "X_70" : [ 0.007833 ],
      "X_71" : [ 0.034819 ],
      "X_72" : [ 0.021385 ],
      "X_73" : [ 0.006696 ],
      "X_74" : [ -0.011656 ],
      "X_75" : [ -0.013828 ],
      "X_76" : [ 0.018211 ],
      "X_77" : [ -0.026424 ],
      "X_78" : [ 0.016310 ],
      "X_79" : [ -0.026931 ],
      "X_80" : [ 0.044649 ],
      "X_81" : [ 0.018057 ],
      "X_82" : [ -0.013487 ],
      "X_83" : [ -0.013498 ],
      "X_84" : [ 0.023482 ],
      "X_85" : [ 0.005918 ],
      "X_86" : [ 0.014670 ],
      "X_87" : [ -0.002152 ],
      "X_88" : [ -0.018434 ],
      "X_89" : [ -0.004568 ],
      "X_90" : [ 0.027222 ],
      "X_91" : [ 0.008017 ],
      "X_92" : [ -0.006297 ],
      "X_93" : [ -0.020355 ],
      "X_94" : [ 0.025033 ],
      "X_95" : [ 0.009656 ],
      "X_96" : [ -0.001689 ],
      "X_97" : [ -0.005236 ],
      "X_98" : [ 0.000860 ],
      "X_99" : [ 0.039669 ]   
   },
   "Most_Contributive_Features" : {
      "y" : [ 46, 5, 23, 43, 35, 80, 20, 7, 1, 99 ]
   }
}