{
   "Contributions" : {
      "X_0" : [ 2.639655 ],
      "X_1" : [ 17.503035 ],
      "X_2" : [ 20.619896 ],
      "X_3" : [ 3.987581 ]   
   },
   "Most_Contributive_Features" : {
      "y" : [ 2, 1, 3, 0 ]
   }
}