{
   "Contributions" : {
      "X_0" : [ 2.794149 ],
      "X_1" : [ 21.418804 ],
      "X_2" : [ 19.182919 ],
      "X_3" : [ 6.972679 ]   
   },
   "Most_Contributive_Features" : {
      "y" : [ 1, 2, 3, 0 ]
   }
}