{
   "Contributions" : {
      "X_0" : [ 0.000000, 0.000000, 0.000000 ],
      "X_1" : [ 0.000000, 0.000000, 0.000000 ],
      "X_2" : [ 0.045117, 0.090234, -0.135352 ],
      "X_3" : [ 0.071094, -0.028516, -0.042578 ]   
   },
   "Most_Contributive_Features_By_Class" : {
      "class_0" : [ 3, 2 ],
      "class_1" : [ 2, 3 ],
      "class_2" : [ 2, 3 ]
   }
}