{
   "Contributions" : {
      "X_0" : [ 0.009903, -0.002502, -0.007401 ],
      "X_1" : [ 0.000687, -0.000275, -0.000412 ],
      "X_2" : [ 0.034744, 0.086823, -0.121567 ],
      "X_3" : [ 0.071442, -0.032043, -0.039398 ]   
   },
   "Most_Contributive_Features_By_Class" : {
      "class_0" : [ 3, 2, 0, 1 ],
      "class_1" : [ 2, 3, 0, 1 ],
      "class_2" : [ 2, 3, 0, 1 ]
   }
}