{
   "Contributions" : {
      "X_0" : [ -0.000444 ],
      "X_1" : [ 0.007885 ],
      "X_2" : [ 0.000000 ],
      "X_3" : [ -0.000002 ]   
   },
   "Most_Contributive_Features" : {
      "y" : [ 1, 0, 3, 2 ]
   }
}