{
	"metadata" : { "model" : "Vapnik_SVR_RBF", "version" : "2024-W14", "signature" : "ff4_ff4"},
	"options" : {"svm_type" : "epsilon_svr", "kernel" : "rbf", "degree" : 3, "gamma" : 0.000001, "coef0" : 0.000000, "cache_size" : 300, "tol" : 0.001000, "nu" : 0.500000, "epsilon" : 0.100000, "shrinking" : 0, "probability" : 0, "C" : 2.000000, "max_iter" : 128, "random_state" : 1789 },
	"dataset" : { "dataset_rows" : 16, "dataset_features" : 4 },
	"svm_model" : {
	"classes" : 2,
	"L" : 11,
	"SupportVectors" : {
		"SV_00" : [ 45.437614, 168.841202, 0.343817, 3.279963 ],
		"SV_01" : [ 69.792320, 473.447937, 0.233546, 3.411072 ],
		"SV_02" : [ 52.067585, 534.256165, 0.155164, 8.526538 ],
		"SV_03" : [ 34.347893, 205.928116, 0.720020, 9.414678 ],
		"SV_04" : [ 63.010204, 221.354385, 0.814630, 5.897069 ],
		"SV_05" : [ 22.605108, 1660.837036, 0.731124, 9.374556 ],
		"SV_06" : [ 13.280704, 643.716797, 0.520814, 4.842079 ],
		"SV_07" : [ 7.606344, 1112.226562, 0.732761, 6.140375 ],
		"SV_08" : [ 94.566437, 663.266418, 0.852323, 6.919084 ],
		"SV_09" : [ 14.282172, 1575.160400, 0.428596, 4.169882 ],
		"SV_10" : [ 38.088467, 1321.297485, 0.052941, 10.429984 ]
	},
	"SupportVectorsCoefs" : {
		"SV_coef_0" : [ -2.000000, -2.000000, -2.000000, 2.000000, 1.005982, 0.444070, 2.000000, 1.175302, 0.942675, 0.431971, -2.000000 ]
	},
	"rho" : [ -1.359432 ],
	"nSV" : [ 11 ],
	"probA" : [ ],
	"probB" : [ ],
	"n_iter" : [ 63 ]
}
}