{
   "Contributions" : {
      "X_0" : [ -0.000244 ],
      "X_1" : [ 0.008319 ],
      "X_2" : [ 0.000000 ],
      "X_3" : [ -0.000002 ]   
   },
   "Most_Contributive_Features" : {
      "y" : [ 1, 0, 3, 2 ]
   }
}