{
   "Contributions" : {
      "X_0" : [ 0.000000, 0.000000, 0.000000 ],
      "X_1" : [ 0.000000, 0.003418, -0.003418 ],
      "X_2" : [ 0.109375, 0.061035, -0.170410 ],
      "X_3" : [ 0.000000, 0.000000, 0.000000 ]   
   },
   "Most_Contributive_Features_By_Class" : {
      "class_0" : [ 2 ],
      "class_1" : [ 2, 1 ],
      "class_2" : [ 2, 1 ]
   }
}