{
   "Contributions" : {
      "X_0" : [ 0.000000, 0.000000 ],
      "X_1" : [ 0.024879, -0.024879 ],
      "X_2" : [ 0.000000, 0.000000 ],
      "X_3" : [ 0.000000, 0.000000 ],
      "X_4" : [ 0.000989, -0.000989 ],
      "X_5" : [ -0.010874, 0.010874 ],
      "X_6" : [ 0.000000, 0.000000 ],
      "X_7" : [ 0.005822, -0.005822 ],
      "X_8" : [ 0.000000, 0.000000 ],
      "X_9" : [ 0.000000, 0.000000 ],
      "X_10" : [ -0.027131, 0.027131 ],
      "X_11" : [ 0.000000, 0.000000 ],
      "X_12" : [ 0.000000, 0.000000 ],
      "X_13" : [ 0.011374, -0.011374 ],
      "X_14" : [ 0.003924, -0.003924 ],
      "X_15" : [ 0.000000, 0.000000 ],
      "X_16" : [ 0.000000, 0.000000 ],
      "X_17" : [ 0.000000, 0.000000 ],
      "X_18" : [ 0.000000, 0.000000 ],
      "X_19" : [ 0.000000, 0.000000 ],
      "X_20" : [ 0.011462, -0.011462 ],
      "X_21" : [ 0.008488, -0.008488 ],
      "X_22" : [ 0.000000, 0.000000 ],
      "X_23" : [ -0.004888, 0.004888 ],
      "X_24" : [ -0.001428, 0.001428 ],
      "X_25" : [ -0.005547, 0.005547 ],
      "X_26" : [ 0.032074, -0.032074 ],
      "X_27" : [ -0.010133, 0.010133 ],
      "X_28" : [ 0.000000, 0.000000 ],
      "X_29" : [ 0.000437, -0.000437 ]   
   },
   "Most_Contributive_Features_By_Class" : {
      "class_0" : [ 26, 10, 1, 20, 13, 5, 27, 21, 7, 25 ],
      "class_1" : [ 26, 10, 1, 20, 13, 5, 27, 21, 7, 25 ]
   }
}