{
   "Contributions" : {
      "X_0" : [ 0.000000, 0.000000 ],
      "X_1" : [ -0.025391, 0.025391 ],
      "X_2" : [ 0.000000, 0.000000 ],
      "X_3" : [ 0.000000, 0.000000 ],
      "X_4" : [ 0.000000, 0.000000 ],
      "X_5" : [ 0.000000, 0.000000 ],
      "X_6" : [ 0.001953, -0.001953 ],
      "X_7" : [ 0.000000, 0.000000 ],
      "X_8" : [ 0.000000, 0.000000 ],
      "X_9" : [ 0.000000, 0.000000 ]   
   },
   "Most_Contributive_Features_By_Class" : {
      "class_0" : [ 1, 6 ],
      "class_1" : [ 1, 6 ]
   }
}