{
   "Contributions" : {
      "X_0" : [ 0.002213, -0.002213 ],
      "X_1" : [ -0.003638, 0.003638 ],
      "X_2" : [ 0.010905, -0.010905 ],
      "X_3" : [ 0.003171, -0.003171 ],
      "X_4" : [ -0.001312, 0.001312 ],
      "X_5" : [ 0.000287, -0.000287 ],
      "X_6" : [ -0.002268, 0.002268 ],
      "X_7" : [ -0.003101, 0.003101 ],
      "X_8" : [ -0.002088, 0.002088 ],
      "X_9" : [ -0.000032, 0.000032 ],
      "X_10" : [ 0.004275, -0.004275 ],
      "X_11" : [ 0.002412, -0.002412 ],
      "X_12" : [ -0.000929, 0.000929 ],
      "X_13" : [ -0.005120, 0.005120 ],
      "X_14" : [ 0.003254, -0.003254 ],
      "X_15" : [ 0.003324, -0.003324 ],
      "X_16" : [ -0.001122, 0.001122 ],
      "X_17" : [ 0.001691, -0.001691 ],
      "X_18" : [ -0.021759, 0.021759 ],
      "X_19" : [ 0.000177, -0.000177 ],
      "X_20" : [ -0.014635, 0.014635 ],
      "X_21" : [ -0.000634, 0.000634 ],
      "X_22" : [ 0.000515, -0.000515 ],
      "X_23" : [ -0.000134, 0.000134 ],
      "X_24" : [ -0.006374, 0.006374 ],
      "X_25" : [ 0.007110, -0.007110 ],
      "X_26" : [ 0.000361, -0.000361 ],
      "X_27" : [ 0.007768, -0.007768 ],
      "X_28" : [ -0.001140, 0.001140 ],
      "X_29" : [ -0.002217, 0.002217 ],
      "X_30" : [ -0.000819, 0.000819 ],
      "X_31" : [ 0.012402, -0.012402 ],
      "X_32" : [ 0.001820, -0.001820 ],
      "X_33" : [ -0.005434, 0.005434 ],
      "X_34" : [ -0.015022, 0.015022 ],
      "X_35" : [ -0.000391, 0.000391 ],
      "X_36" : [ -0.000976, 0.000976 ],
      "X_37" : [ 0.000836, -0.000836 ],
      "X_38" : [ 0.001004, -0.001004 ],
      "X_39" : [ -0.001518, 0.001518 ],
      "X_40" : [ 0.000192, -0.000192 ],
      "X_41" : [ -0.000265, 0.000265 ],
      "X_42" : [ 0.006557, -0.006557 ],
      "X_43" : [ 0.014308, -0.014308 ],
      "X_44" : [ -0.002241, 0.002241 ],
      "X_45" : [ -0.019874, 0.019874 ],
      "X_46" : [ 0.000501, -0.000501 ],
      "X_47" : [ 0.002946, -0.002946 ],
      "X_48" : [ 0.000550, -0.000550 ],
      "X_49" : [ 0.000483, -0.000483 ],
      "X_50" : [ -0.007333, 0.007333 ],
      "X_51" : [ -0.000624, 0.000624 ],
      "X_52" : [ 0.005954, -0.005954 ]   
   },
   "Most_Contributive_Features_By_Class" : {
      "class_0" : [ 18, 45, 34, 20, 43, 31, 2, 27, 50, 25 ],
      "class_1" : [ 18, 45, 34, 20, 43, 31, 2, 27, 50, 25 ]
   }
}