{
   "Contributions" : {
      "X_0" : [ 0.000510, -0.000510 ],
      "X_1" : [ -0.006836, 0.006836 ],
      "X_2" : [ -0.000827, 0.000827 ],
      "X_3" : [ 0.000474, -0.000474 ],
      "X_4" : [ 0.000340, -0.000340 ],
      "X_5" : [ 0.001202, -0.001202 ],
      "X_6" : [ -0.000427, 0.000427 ],
      "X_7" : [ -0.001405, 0.001405 ],
      "X_8" : [ -0.006636, 0.006636 ],
      "X_9" : [ -0.002691, 0.002691 ],
      "X_10" : [ -0.005169, 0.005169 ],
      "X_11" : [ 0.001951, -0.001951 ],
      "X_12" : [ -0.003286, 0.003286 ],
      "X_13" : [ 0.003326, -0.003326 ],
      "X_14" : [ -0.002744, 0.002744 ],
      "X_15" : [ 0.002739, -0.002739 ],
      "X_16" : [ 0.000300, -0.000300 ],
      "X_17" : [ -0.000957, 0.000957 ],
      "X_18" : [ 0.000125, -0.000125 ],
      "X_19" : [ 0.000272, -0.000272 ],
      "X_20" : [ -0.004396, 0.004396 ],
      "X_21" : [ -0.005178, 0.005178 ],
      "X_22" : [ -0.000544, 0.000544 ],
      "X_23" : [ -0.002735, 0.002735 ],
      "X_24" : [ -0.000477, 0.000477 ],
      "X_25" : [ -0.002529, 0.002529 ],
      "X_26" : [ -0.002257, 0.002257 ],
      "X_27" : [ -0.003798, 0.003798 ],
      "X_28" : [ -0.003016, 0.003016 ],
      "X_29" : [ 0.001595, -0.001595 ],
      "X_30" : [ -0.004863, 0.004863 ],
      "X_31" : [ 0.001344, -0.001344 ],
      "X_32" : [ -0.003484, 0.003484 ],
      "X_33" : [ -0.002305, 0.002305 ],
      "X_34" : [ -0.002836, 0.002836 ],
      "X_35" : [ -0.002809, 0.002809 ],
      "X_36" : [ -0.002648, 0.002648 ],
      "X_37" : [ -0.004490, 0.004490 ],
      "X_38" : [ -0.001864, 0.001864 ],
      "X_39" : [ 0.002411, -0.002411 ],
      "X_40" : [ -0.003754, 0.003754 ],
      "X_41" : [ 0.006791, -0.006791 ],
      "X_42" : [ -0.000353, 0.000353 ],
      "X_43" : [ -0.004694, 0.004694 ],
      "X_44" : [ -0.002080, 0.002080 ],
      "X_45" : [ -0.010242, 0.010242 ],
      "X_46" : [ -0.000127, 0.000127 ],
      "X_47" : [ -0.000039, 0.000039 ],
      "X_48" : [ -0.001993, 0.001993 ],
      "X_49" : [ 0.000472, -0.000472 ],
      "X_50" : [ -0.003754, 0.003754 ],
      "X_51" : [ -0.002046, 0.002046 ],
      "X_52" : [ -0.001633, 0.001633 ],
      "X_53" : [ -0.002196, 0.002196 ],
      "X_54" : [ -0.002020, 0.002020 ],
      "X_55" : [ -0.005353, 0.005353 ],
      "X_56" : [ -0.001555, 0.001555 ],
      "X_57" : [ 0.000427, -0.000427 ],
      "X_58" : [ -0.005360, 0.005360 ],
      "X_59" : [ -0.004619, 0.004619 ],
      "X_60" : [ -0.006093, 0.006093 ],
      "X_61" : [ -0.071809, 0.071809 ],
      "X_62" : [ 0.004358, -0.004358 ],
      "X_63" : [ -0.003572, 0.003572 ],
      "X_64" : [ -0.000244, 0.000244 ],
      "X_65" : [ 0.000905, -0.000905 ],
      "X_66" : [ 0.001567, -0.001567 ],
      "X_67" : [ 0.002677, -0.002677 ],
      "X_68" : [ -0.000101, 0.000101 ],
      "X_69" : [ -0.001156, 0.001156 ],
      "X_70" : [ -0.008618, 0.008618 ],
      "X_71" : [ -0.000207, 0.000207 ],
      "X_72" : [ -0.000672, 0.000672 ],
      "X_73" : [ -0.000464, 0.000464 ],
      "X_74" : [ -0.001191, 0.001191 ],
      "X_75" : [ -0.002479, 0.002479 ],
      "X_76" : [ -0.000898, 0.000898 ],
      "X_77" : [ -0.000959, 0.000959 ],
      "X_78" : [ 0.001292, -0.001292 ],
      "X_79" : [ -0.000575, 0.000575 ],
      "X_80" : [ -0.007898, 0.007898 ],
      "X_81" : [ -0.002906, 0.002906 ],
      "X_82" : [ -0.005589, 0.005589 ],
      "X_83" : [ 0.004856, -0.004856 ],
      "X_84" : [ -0.010856, 0.010856 ],
      "X_85" : [ -0.000415, 0.000415 ],
      "X_86" : [ -0.002589, 0.002589 ],
      "X_87" : [ 0.002532, -0.002532 ],
      "X_88" : [ 0.000407, -0.000407 ],
      "X_89" : [ -0.002517, 0.002517 ],
      "X_90" : [ -0.001743, 0.001743 ],
      "X_91" : [ -0.001493, 0.001493 ],
      "X_92" : [ 0.001042, -0.001042 ],
      "X_93" : [ -0.004124, 0.004124 ],
      "X_94" : [ -0.000426, 0.000426 ],
      "X_95" : [ -0.005682, 0.005682 ],
      "X_96" : [ -0.001812, 0.001812 ],
      "X_97" : [ -0.000511, 0.000511 ],
      "X_98" : [ -0.003283, 0.003283 ],
      "X_99" : [ -0.001787, 0.001787 ]   
   },
   "Most_Contributive_Features_By_Class" : {
      "class_0" : [ 61, 84, 45, 70, 80, 1, 41, 8, 60, 95 ],
      "class_1" : [ 61, 84, 45, 70, 80, 1, 41, 8, 60, 95 ]
   }
}