{
   "Contributions" : {
      "X_0" : [ -0.004935 ],
      "X_1" : [ -0.000774 ],
      "X_2" : [ 0.022002 ],
      "X_3" : [ 0.004019 ],
      "X_4" : [ -0.012520 ],
      "X_5" : [ 0.000998 ],
      "X_6" : [ -0.022775 ],
      "X_7" : [ -0.001903 ],
      "X_8" : [ -0.002585 ],
      "X_9" : [ -0.004471 ]   
   },
   "Most_Contributive_Features" : {
      "y" : [ 6, 2, 4, 0, 9, 3, 8, 7, 5, 1 ]
   }
}