{
   "Contributions" : {
      "X_0" : [ 0.044880 ],
      "X_1" : [ 0.046977 ],
      "X_2" : [ -0.075861 ],
      "X_3" : [ 0.065758 ],
      "X_4" : [ 0.037535 ],
      "X_5" : [ -0.015109 ],
      "X_6" : [ -0.223597 ],
      "X_7" : [ -0.014164 ],
      "X_8" : [ -0.014065 ],
      "X_9" : [ 0.009398 ]   
   },
   "Most_Contributive_Features" : {
      "y" : [ 6, 2, 3, 1, 0, 4, 5, 7, 8, 9 ]
   }
}