{
   "Contributions" : {
      "X_0" : [ -0.017027 ],
      "X_1" : [ 0.002760 ],
      "X_2" : [ 0.008635 ],
      "X_3" : [ -0.113937 ],
      "X_4" : [ 0.020046 ],
      "X_5" : [ -0.053753 ],
      "X_6" : [ 0.002749 ],
      "X_7" : [ 0.005523 ],
      "X_8" : [ 0.005965 ],
      "X_9" : [ -0.001121 ]   
   },
   "Most_Contributive_Features" : {
      "y" : [ 3, 5, 4, 0, 2, 8, 7, 1, 6, 9 ]
   }
}