{
   "Contributions" : {
      "X_0" : [ 0.000728, -0.012215, 0.011487 ],
      "X_1" : [ 0.001553, -0.005217, 0.003664 ],
      "X_2" : [ -0.007351, -0.003227, 0.010578 ],
      "X_3" : [ -0.010717, 0.007174, 0.003543 ]   
   },
   "Most_Contributive_Features_By_Class" : {
      "class_0" : [ 3, 2, 1, 0 ],
      "class_1" : [ 0, 3, 1, 2 ],
      "class_2" : [ 0, 2, 1, 3 ]
   }
}