{
   "Contributions" : {
      "X_0" : [ 0.003002, -0.012726, 0.009724 ],
      "X_1" : [ 0.001523, -0.005603, 0.004080 ],
      "X_2" : [ -0.005767, -0.008538, 0.014306 ],
      "X_3" : [ -0.012776, 0.014296, -0.001520 ]   
   },
   "Most_Contributive_Features_By_Class" : {
      "class_0" : [ 3, 2, 0, 1 ],
      "class_1" : [ 3, 0, 2, 1 ],
      "class_2" : [ 2, 0, 1, 3 ]
   }
}