{
	"metadata" : { "model" : "Tikhonov_Ridge", "version" : "2024-W14", "signature" : "ff4_il8"},
	"options" : { "alpha" : 0.000000, "random_state" : 1789 },
	"dataset" : { "dataset_rows" : 16, "dataset_features" : 4 },
	"classes" : [ 0, 1, 2 ],
	"equations" : {
		"class_0" : {
			"intercept" : -3.367818,
			"coeffs" : [ 0.328827, 0.889424, -0.245078, -0.672049 ]
		},
		"class_1" : {
			"intercept" : 7.136906,
			"coeffs" : [ -0.552121, -1.391880, -0.162043, 0.733985 ]
		},
		"class_2" : {
			"intercept" : -4.769086,
			"coeffs" : [ 0.223293, 0.502455, 0.407121, -0.061934 ]
		}
	}
}