{
   "Contributions" : {
      "X_0" : [ -0.000964 ],
      "X_1" : [ 0.063549 ],
      "X_2" : [ 0.248303 ],
      "X_3" : [ 0.495559 ],
      "X_4" : [ -0.092347 ],
      "X_5" : [ 0.545282 ],
      "X_6" : [ 0.154199 ],
      "X_7" : [ -0.254717 ],
      "X_8" : [ 0.231328 ],
      "X_9" : [ 0.095353 ],
      "X_10" : [ -0.302524 ],
      "X_11" : [ 0.403287 ],
      "X_12" : [ 0.179273 ],
      "X_13" : [ 0.101024 ],
      "X_14" : [ 0.097287 ],
      "X_15" : [ -0.202734 ],
      "X_16" : [ -0.089735 ],
      "X_17" : [ 0.036286 ],
      "X_18" : [ 0.423261 ],
      "X_19" : [ -0.113393 ],
      "X_20" : [ -0.445412 ],
      "X_21" : [ -0.017820 ],
      "X_22" : [ -0.169246 ],
      "X_23" : [ -0.092153 ],
      "X_24" : [ -0.069295 ],
      "X_25" : [ 0.351212 ],
      "X_26" : [ 2.303301 ],
      "X_27" : [ 0.509406 ],
      "X_28" : [ -0.138624 ],
      "X_29" : [ -0.889819 ],
      "X_30" : [ 1.213978 ],
      "X_31" : [ -0.319933 ],
      "X_32" : [ 2.987274 ],
      "X_33" : [ -0.024673 ],
      "X_34" : [ -0.049543 ],
      "X_35" : [ 0.106417 ],
      "X_36" : [ 0.087313 ],
      "X_37" : [ -0.034711 ],
      "X_38" : [ 0.440102 ],
      "X_39" : [ -0.231119 ],
      "X_40" : [ 0.007223 ],
      "X_41" : [ -0.032048 ],
      "X_42" : [ -0.096788 ],
      "X_43" : [ -0.094754 ],
      "X_44" : [ 0.140025 ],
      "X_45" : [ -0.349521 ],
      "X_46" : [ -4.789372 ],
      "X_47" : [ 0.065200 ],
      "X_48" : [ 0.054041 ],
      "X_49" : [ -0.541782 ],
      "X_50" : [ 0.504599 ],
      "X_51" : [ -0.135662 ],
      "X_52" : [ 1.085056 ],
      "X_53" : [ -0.092637 ],
      "X_54" : [ -0.056495 ],
      "X_55" : [ 0.294910 ],
      "X_56" : [ -0.085990 ],
      "X_57" : [ -0.035721 ],
      "X_58" : [ 0.198167 ],
      "X_59" : [ 0.240864 ],
      "X_60" : [ -0.129429 ],
      "X_61" : [ -0.017006 ],
      "X_62" : [ -0.477811 ],
      "X_63" : [ 0.222260 ],
      "X_64" : [ -0.316823 ],
      "X_65" : [ 0.086930 ],
      "X_66" : [ 0.227571 ],
      "X_67" : [ 0.042006 ],
      "X_68" : [ 0.205825 ],
      "X_69" : [ -0.009960 ],
      "X_70" : [ -0.262385 ],
      "X_71" : [ 0.096533 ],
      "X_72" : [ 0.059800 ],
      "X_73" : [ 0.082043 ],
      "X_74" : [ 0.123704 ],
      "X_75" : [ -0.524506 ],
      "X_76" : [ -0.165307 ],
      "X_77" : [ 0.140003 ],
      "X_78" : [ -0.064393 ],
      "X_79" : [ -0.240815 ],
      "X_80" : [ -0.083632 ],
      "X_81" : [ -1.998287 ],
      "X_82" : [ 0.056555 ],
      "X_83" : [ 0.029564 ],
      "X_84" : [ 0.100239 ],
      "X_85" : [ -0.231520 ],
      "X_86" : [ 0.522547 ],
      "X_87" : [ -1.265177 ],
      "X_88" : [ 0.018210 ],
      "X_89" : [ -0.079902 ],
      "X_90" : [ -0.134125 ],
      "X_91" : [ -0.599377 ],
      "X_92" : [ 0.398313 ],
      "X_93" : [ 0.582808 ],
      "X_94" : [ -0.059753 ],
      "X_95" : [ 0.586209 ],
      "X_96" : [ -0.016984 ],
      "X_97" : [ -0.567159 ],
      "X_98" : [ -0.066018 ],
      "X_99" : [ 0.054277 ]   
   },
   "Most_Contributive_Features" : {
      "y" : [ 46, 32, 26, 81, 87, 30, 52, 29, 91, 95 ]
   }
}