{
   "Contributions" : {
      "X_0" : [ -0.016725 ],
      "X_1" : [ 0.000000 ],
      "X_2" : [ -0.000786 ],
      "X_3" : [ 1.670111 ],
      "X_4" : [ 0.215970 ],
      "X_5" : [ 1.988181 ],
      "X_6" : [ 0.370155 ],
      "X_7" : [ 0.665002 ],
      "X_8" : [ -0.240305 ],
      "X_9" : [ 0.325091 ],
      "X_10" : [ -0.030353 ],
      "X_11" : [ 0.667973 ],
      "X_12" : [ 0.547842 ],
      "X_13" : [ 0.000000 ],
      "X_14" : [ 0.000000 ],
      "X_15" : [ 0.000000 ],
      "X_16" : [ 0.933332 ],
      "X_17" : [ 0.191083 ],
      "X_18" : [ 2.534987 ],
      "X_19" : [ 0.000000 ],
      "X_20" : [ 0.000000 ],
      "X_21" : [ 0.683974 ],
      "X_22" : [ 0.176000 ],
      "X_23" : [ -0.047591 ],
      "X_24" : [ 0.078338 ],
      "X_25" : [ -0.099690 ],
      "X_26" : [ 2.753420 ],
      "X_27" : [ 0.000000 ],
      "X_28" : [ 0.000000 ],
      "X_29" : [ 0.022050 ],
      "X_30" : [ -1.906793 ],
      "X_31" : [ -0.062581 ],
      "X_32" : [ 5.487998 ],
      "X_33" : [ -0.255238 ],
      "X_34" : [ 0.000000 ],
      "X_35" : [ 0.417654 ],
      "X_36" : [ 0.329781 ],
      "X_37" : [ 0.156378 ],
      "X_38" : [ 0.000000 ],
      "X_39" : [ 0.054647 ],
      "X_40" : [ 0.000000 ],
      "X_41" : [ 0.000000 ],
      "X_42" : [ 0.000000 ],
      "X_43" : [ -0.106979 ],
      "X_44" : [ 0.002307 ],
      "X_45" : [ -0.676589 ],
      "X_46" : [ -4.080766 ],
      "X_47" : [ 0.013890 ],
      "X_48" : [ 0.184934 ],
      "X_49" : [ 0.000000 ],
      "X_50" : [ 0.003230 ],
      "X_51" : [ -0.009000 ],
      "X_52" : [ 0.727764 ],
      "X_53" : [ -0.300378 ],
      "X_54" : [ 0.000000 ],
      "X_55" : [ 0.000000 ],
      "X_56" : [ 0.002752 ],
      "X_57" : [ 0.000000 ],
      "X_58" : [ -0.116700 ],
      "X_59" : [ -0.737546 ],
      "X_60" : [ -0.141128 ],
      "X_61" : [ 0.000000 ],
      "X_62" : [ -2.181817 ],
      "X_63" : [ 0.000000 ],
      "X_64" : [ 0.000000 ],
      "X_65" : [ 0.000000 ],
      "X_66" : [ 1.222710 ],
      "X_67" : [ 0.000000 ],
      "X_68" : [ 0.697903 ],
      "X_69" : [ -0.183147 ],
      "X_70" : [ -0.215471 ],
      "X_71" : [ -0.007048 ],
      "X_72" : [ -0.522148 ],
      "X_73" : [ -0.384094 ],
      "X_74" : [ 0.000000 ],
      "X_75" : [ 0.000000 ],
      "X_76" : [ 0.000000 ],
      "X_77" : [ 0.074955 ],
      "X_78" : [ 0.003521 ],
      "X_79" : [ -0.160124 ],
      "X_80" : [ 0.312081 ],
      "X_81" : [ -5.621139 ],
      "X_82" : [ 0.059968 ],
      "X_83" : [ 0.186832 ],
      "X_84" : [ 0.000000 ],
      "X_85" : [ 0.070028 ],
      "X_86" : [ 0.427628 ],
      "X_87" : [ 0.000000 ],
      "X_88" : [ 0.000000 ],
      "X_89" : [ 0.188864 ],
      "X_90" : [ 0.604868 ],
      "X_91" : [ -0.325206 ],
      "X_92" : [ -0.048369 ],
      "X_93" : [ 0.066517 ],
      "X_94" : [ -0.046042 ],
      "X_95" : [ 1.825163 ],
      "X_96" : [ -0.625350 ],
      "X_97" : [ 0.013849 ],
      "X_98" : [ 0.373580 ],
      "X_99" : [ -0.071782 ]   
   },
   "Most_Contributive_Features" : {
      "y" : [ 81, 32, 46, 26, 18, 62, 5, 30, 95, 3 ]
   }
}