{
   "Contributions" : {
      "X_0" : [ 0.001550, -0.000988, -0.000132, -0.000431 ],
      "X_1" : [ -0.000257, -0.000200, 0.000366, 0.000092 ],
      "X_2" : [ 0.000210, -0.000113, 0.000027, -0.000124 ],
      "X_3" : [ 0.000768, 0.000596, -0.001213, -0.000151 ],
      "X_4" : [ -0.000230, -0.000143, 0.000054, 0.000319 ],
      "X_5" : [ -0.000754, 0.000665, -0.000096, 0.000186 ],
      "X_6" : [ -0.001171, -0.002104, 0.001366, 0.001908 ],
      "X_7" : [ 0.000509, -0.000411, 0.000159, -0.000257 ],
      "X_8" : [ -0.000324, -0.000327, 0.002749, -0.002097 ],
      "X_9" : [ 0.000262, -0.002284, 0.000392, 0.001630 ],
      "X_10" : [ 0.002360, 0.000140, -0.001241, -0.001258 ],
      "X_11" : [ 0.001076, -0.001305, 0.000228, 0.000001 ],
      "X_12" : [ 0.000040, -0.000414, -0.000898, 0.001272 ],
      "X_13" : [ 0.003275, -0.000327, 0.000026, -0.002974 ],
      "X_14" : [ 0.001693, 0.000337, -0.000070, -0.001960 ],
      "X_15" : [ 0.002814, -0.000750, -0.000696, -0.001368 ],
      "X_16" : [ 0.001632, -0.001039, 0.000344, -0.000937 ],
      "X_17" : [ 0.000147, -0.000267, 0.000333, -0.000213 ],
      "X_18" : [ 0.000429, -0.000201, -0.000049, -0.000180 ],
      "X_19" : [ 0.001066, -0.006354, 0.004572, 0.000717 ],
      "X_20" : [ 0.001653, -0.000991, -0.000362, -0.000300 ],
      "X_21" : [ -0.000277, -0.000002, 0.000212, 0.000068 ],
      "X_22" : [ 0.000525, -0.002490, 0.001233, 0.000733 ],
      "X_23" : [ -0.000355, -0.001650, 0.000215, 0.001790 ],
      "X_24" : [ 0.000196, -0.000194, -0.000189, 0.000187 ],
      "X_25" : [ -0.001673, -0.001513, 0.003734, -0.000548 ],
      "X_26" : [ -0.000539, -0.001025, 0.000677, 0.000887 ],
      "X_27" : [ -0.000212, -0.000483, 0.000477, 0.000218 ],
      "X_28" : [ -0.000024, -0.000225, 0.000301, -0.000051 ],
      "X_29" : [ -0.000073, -0.000124, -0.000148, 0.000345 ],
      "X_30" : [ 0.001996, -0.003667, 0.000302, 0.001369 ],
      "X_31" : [ -0.000142, -0.000164, 0.000359, -0.000054 ],
      "X_32" : [ 0.001461, -0.000723, -0.000428, -0.000310 ],
      "X_33" : [ -0.000438, -0.000154, 0.000811, -0.000219 ],
      "X_34" : [ 0.000085, -0.000127, 0.000154, -0.000111 ],
      "X_35" : [ 0.002220, -0.000976, -0.000456, -0.000787 ],
      "X_36" : [ 0.002134, -0.001488, -0.000355, -0.000291 ],
      "X_37" : [ 0.000540, -0.000012, -0.000720, 0.000191 ],
      "X_38" : [ 0.000071, -0.000066, 0.000929, -0.000934 ],
      "X_39" : [ 0.007864, -0.002461, -0.001433, -0.003970 ],
      "X_40" : [ -0.000373, -0.000989, 0.001565, -0.000204 ],
      "X_41" : [ -0.000086, 0.000424, 0.000229, -0.000567 ],
      "X_42" : [ -0.000131, -0.000773, -0.000591, 0.001495 ],
      "X_43" : [ -0.001462, -0.000014, -0.000156, 0.001632 ],
      "X_44" : [ 0.000049, -0.000708, 0.000789, -0.000129 ],
      "X_45" : [ -0.000179, -0.000200, -0.002565, 0.002944 ],
      "X_46" : [ 0.000545, -0.000999, 0.000329, 0.000126 ],
      "X_47" : [ 0.000840, -0.000012, 0.000005, -0.000834 ],
      "X_48" : [ 0.000780, -0.000362, -0.001688, 0.001270 ],
      "X_49" : [ 0.005595, -0.007840, -0.001241, 0.003486 ],
      "X_50" : [ -0.000881, 0.000093, 0.000134, 0.000654 ],
      "X_51" : [ 0.002094, 0.000253, -0.001065, -0.001282 ],
      "X_52" : [ 0.001440, -0.002078, 0.001322, -0.000684 ],
      "X_53" : [ 0.000631, -0.002029, 0.000200, 0.001198 ],
      "X_54" : [ -0.000023, 0.000062, -0.000247, 0.000208 ],
      "X_55" : [ 0.002990, -0.001651, 0.000411, -0.001751 ],
      "X_56" : [ 0.000744, -0.000460, -0.000039, -0.000245 ],
      "X_57" : [ 0.000061, 0.000043, 0.000463, -0.000566 ],
      "X_58" : [ 0.000207, -0.000312, 0.000238, -0.000133 ],
      "X_59" : [ 0.000380, -0.000349, 0.000001, -0.000033 ],
      "X_60" : [ -0.000117, -0.000917, -0.001902, 0.002936 ],
      "X_61" : [ 0.000986, 0.000151, 0.000174, -0.001311 ],
      "X_62" : [ -0.000302, -0.000566, -0.000522, 0.001389 ],
      "X_63" : [ -0.000247, -0.000112, 0.000423, -0.000065 ],
      "X_64" : [ 0.000248, -0.000266, -0.000270, 0.000288 ],
      "X_65" : [ -0.000241, -0.000624, 0.000420, 0.000445 ],
      "X_66" : [ 0.004760, -0.003910, -0.001189, 0.000338 ],
      "X_67" : [ -0.000205, -0.003190, 0.001472, 0.001923 ],
      "X_68" : [ 0.002185, -0.000550, -0.000990, -0.000645 ],
      "X_69" : [ 0.000451, -0.000184, -0.000374, 0.000106 ],
      "X_70" : [ -0.000107, -0.000119, 0.000958, -0.000731 ],
      "X_71" : [ -0.000148, 0.000379, -0.000633, 0.000403 ],
      "X_72" : [ 0.001917, -0.001695, -0.001169, 0.000946 ],
      "X_73" : [ 0.000780, 0.000382, -0.001471, 0.000309 ],
      "X_74" : [ 0.000006, -0.000015, 0.000272, -0.000264 ],
      "X_75" : [ 0.003353, 0.000275, -0.001163, -0.002466 ],
      "X_76" : [ 0.000551, -0.000371, 0.000013, -0.000193 ],
      "X_77" : [ -0.000830, -0.000307, 0.000054, 0.001083 ],
      "X_78" : [ 0.002303, -0.003566, 0.002119, -0.000856 ],
      "X_79" : [ -0.000648, -0.002025, 0.002668, 0.000004 ],
      "X_80" : [ -0.001802, -0.001341, 0.000136, 0.003007 ],
      "X_81" : [ 0.000261, -0.001136, 0.001425, -0.000549 ],
      "X_82" : [ 0.000024, -0.000098, 0.000400, -0.000325 ],
      "X_83" : [ -0.001409, -0.000270, -0.000900, 0.002578 ],
      "X_84" : [ 0.002632, -0.000991, -0.000558, -0.001083 ],
      "X_85" : [ 0.000559, -0.001005, -0.000721, 0.001167 ],
      "X_86" : [ -0.000015, -0.000007, 0.000161, -0.000139 ],
      "X_87" : [ -0.000110, -0.000098, 0.000074, 0.000133 ],
      "X_88" : [ 0.000131, -0.000940, 0.000082, 0.000727 ],
      "X_89" : [ 0.002978, -0.002163, 0.000299, -0.001113 ],
      "X_90" : [ 0.002707, -0.001966, 0.001445, -0.002187 ],
      "X_91" : [ 0.002069, -0.000894, 0.000640, -0.001815 ],
      "X_92" : [ 0.000663, 0.000159, -0.000716, -0.000106 ],
      "X_93" : [ 0.000543, -0.000728, 0.000203, -0.000019 ],
      "X_94" : [ 0.000656, -0.000427, -0.000232, 0.000003 ],
      "X_95" : [ 0.001742, -0.002260, -0.000273, 0.000791 ],
      "X_96" : [ 0.000226, -0.000254, 0.001266, -0.001238 ],
      "X_97" : [ 0.001107, -0.002097, 0.000124, 0.000866 ],
      "X_98" : [ 0.000192, 0.000075, -0.000121, -0.000146 ],
      "X_99" : [ 0.000574, -0.001302, 0.001914, -0.001186 ]   
   },
   "Most_Contributive_Features_By_Class" : {
      "class_0" : [ 39, 49, 66, 75, 13, 55, 89, 15, 90, 84 ],
      "class_1" : [ 49, 19, 66, 30, 78, 67, 22, 39, 9, 95 ],
      "class_2" : [ 19, 25, 8, 79, 45, 78, 99, 60, 48, 40 ],
      "class_3" : [ 39, 49, 80, 13, 45, 60, 83, 75, 90, 8 ]
   }
}