{
   "Contributions" : {
      "X_0" : [ 0.000000, 0.000000, 0.000000, 0.000000, 0.000000, 0.000000, 0.000000, 0.000000, 0.000000, 0.000000 ],
      "X_1" : [ 0.000374, 0.000004, 0.000181, -0.000188, 0.000059, -0.000260, 0.000000, 0.000017, -0.000057, -0.000131 ],
      "X_2" : [ -0.002226, 0.003964, -0.005732, -0.003151, 0.009464, -0.007224, 0.005995, -0.000081, -0.000772, -0.000238 ],
      "X_3" : [ -0.001088, -0.000047, -0.000468, -0.000791, 0.002420, -0.000344, -0.000252, -0.000267, 0.000921, -0.000083 ],
      "X_4" : [ -0.000039, -0.000540, 0.000227, -0.000309, 0.000805, -0.000043, 0.000038, -0.000124, 0.000448, -0.000463 ],
      "X_5" : [ 0.000169, -0.000153, -0.001502, 0.000498, 0.000554, 0.001755, -0.000439, -0.000284, -0.000196, -0.000402 ],
      "X_6" : [ 0.000684, -0.000015, -0.000025, 0.000015, -0.000105, -0.000431, -0.000004, 0.000168, -0.000057, -0.000230 ],
      "X_7" : [ 0.000000, 0.000000, 0.000000, 0.000000, -0.000003, 0.000000, 0.000000, 0.000003, 0.000000, 0.000000 ],
      "X_8" : [ 0.000000, 0.000000, 0.000000, 0.000000, 0.000000, 0.000000, 0.000000, 0.000000, 0.000000, 0.000000 ],
      "X_9" : [ 0.000238, 0.000062, 0.001111, -0.000758, 0.000349, -0.000925, -0.000396, -0.000018, 0.000211, 0.000127 ],
      "X_10" : [ -0.000563, 0.000130, -0.000121, -0.000315, 0.000573, 0.000152, 0.000410, 0.000105, 0.000076, -0.000448 ],
      "X_11" : [ 0.000000, -0.000154, 0.000111, 0.000028, -0.000019, 0.000296, -0.000056, 0.000112, -0.000266, -0.000053 ],
      "X_12" : [ 0.000266, 0.000631, 0.000301, 0.000514, -0.000049, -0.000588, -0.000576, -0.000167, -0.000263, -0.000070 ],
      "X_13" : [ 0.000155, 0.000369, -0.000489, -0.000018, 0.001001, 0.000203, -0.002443, -0.000002, 0.000874, 0.000351 ],
      "X_14" : [ -0.000025, 0.000047, -0.000039, 0.000011, -0.000243, -0.000002, -0.000003, 0.000010, 0.000192, 0.000052 ],
      "X_15" : [ -0.000071, 0.000000, 0.000000, 0.000000, 0.000084, -0.000008, -0.000001, 0.000000, -0.000003, -0.000001 ],
      "X_16" : [ 0.000000, 0.000000, 0.000000, 0.000000, 0.000000, 0.000000, 0.000000, 0.000000, 0.000000, 0.000000 ],
      "X_17" : [ 0.000755, -0.000061, -0.000310, -0.000918, -0.000156, 0.000212, -0.000048, -0.000139, 0.000087, 0.000578 ],
      "X_18" : [ 0.001451, 0.000095, -0.000302, -0.001603, 0.000455, 0.001329, 0.000739, -0.001579, -0.001127, 0.000542 ],
      "X_19" : [ -0.000403, 0.001423, -0.000038, -0.000044, 0.000774, -0.000546, -0.000368, -0.000968, -0.000258, 0.000426 ],
      "X_20" : [ 0.000936, -0.000676, -0.000579, -0.000646, -0.000439, 0.001432, 0.001125, -0.000138, -0.000176, -0.000838 ],
      "X_21" : [ 0.000029, -0.000410, 0.000918, -0.000446, -0.000926, 0.002077, 0.000885, -0.000341, -0.001145, -0.000641 ],
      "X_22" : [ -0.000070, 0.000014, -0.000030, 0.000005, 0.000305, 0.000120, 0.000112, 0.000201, -0.000392, -0.000265 ],
      "X_23" : [ 0.000000, -0.000005, 0.000000, 0.000000, 0.000023, -0.000008, -0.000004, 0.000013, -0.000004, -0.000015 ],
      "X_24" : [ 0.000000, 0.000000, 0.000000, 0.000000, 0.000000, 0.000000, 0.000000, 0.000000, 0.000000, 0.000000 ],
      "X_25" : [ 0.004015, 0.000541, -0.001460, -0.003327, 0.002921, 0.002162, -0.000301, -0.002980, -0.001647, 0.000076 ],
      "X_26" : [ 0.000750, 0.000064, -0.004425, -0.004515, 0.002232, 0.006307, 0.001477, -0.002924, -0.000388, 0.001421 ],
      "X_27" : [ 0.001335, -0.000571, 0.000683, -0.000156, 0.000175, -0.000583, 0.000305, 0.000623, -0.000925, -0.000888 ],
      "X_28" : [ 0.001291, -0.000471, -0.000224, -0.000125, -0.000102, 0.000011, 0.000581, -0.000033, -0.000087, -0.000842 ],
      "X_29" : [ 0.000089, -0.000270, -0.000272, -0.000392, 0.000008, 0.000191, 0.000180, -0.000012, 0.000561, -0.000082 ],
      "X_30" : [ 0.002895, -0.002199, 0.000535, 0.000818, 0.002328, -0.001973, -0.001569, 0.001164, -0.003606, 0.001606 ],
      "X_31" : [ 0.000000, 0.000000, 0.000000, 0.000000, 0.000000, 0.000000, 0.000000, 0.000000, 0.000000, 0.000000 ],
      "X_32" : [ 0.000000, 0.000000, 0.000000, 0.000000, 0.000000, 0.000000, 0.000000, 0.000000, 0.000000, 0.000000 ],
      "X_33" : [ 0.012478, -0.003566, -0.005130, -0.005288, 0.012804, -0.000720, 0.005595, -0.000087, -0.007261, -0.008825 ],
      "X_34" : [ 0.000027, -0.000899, -0.000645, -0.001769, 0.001393, -0.000567, 0.003192, -0.000395, 0.000687, -0.001023 ],
      "X_35" : [ 0.003086, -0.000549, -0.001111, 0.000143, -0.000301, -0.000279, -0.000733, -0.000208, -0.000788, 0.000740 ],
      "X_36" : [ 0.005466, -0.000460, -0.000927, -0.001495, 0.001253, -0.001050, -0.001387, 0.000821, -0.001640, -0.000580 ],
      "X_37" : [ 0.000406, -0.000455, -0.000340, 0.000456, 0.000148, -0.000103, -0.000149, 0.000264, -0.000225, -0.000002 ],
      "X_38" : [ 0.000295, -0.000206, -0.001037, 0.000483, 0.000021, 0.000062, 0.000181, 0.000267, -0.000684, 0.000618 ],
      "X_39" : [ 0.000000, 0.000000, 0.000000, 0.000000, 0.000000, 0.000000, 0.000000, 0.000000, 0.000000, 0.000000 ],
      "X_40" : [ 0.000000, 0.000000, 0.000000, 0.000000, 0.000000, 0.000000, 0.000000, 0.000000, 0.000000, 0.000000 ],
      "X_41" : [ 0.001649, -0.000470, -0.000894, -0.000325, 0.001161, -0.000907, 0.001303, -0.000306, -0.000758, -0.000452 ],
      "X_42" : [ 0.001181, 0.000553, -0.000005, 0.000371, 0.000704, -0.001528, 0.000787, -0.000563, -0.000211, -0.001289 ],
      "X_43" : [ -0.000122, 0.002994, 0.000902, -0.002100, 0.001298, -0.001255, 0.000115, 0.000450, -0.000069, -0.002213 ],
      "X_44" : [ -0.001059, -0.000005, -0.000433, -0.000037, 0.001825, -0.000220, -0.000833, 0.000768, -0.000698, 0.000693 ],
      "X_45" : [ 0.001133, 0.000156, -0.001265, -0.000699, 0.000176, 0.000671, -0.000050, 0.000039, -0.000380, 0.000220 ],
      "X_46" : [ 0.000370, -0.004656, -0.003064, 0.004538, -0.000759, -0.000245, 0.004985, -0.000961, -0.001845, 0.001636 ],
      "X_47" : [ 0.000000, 0.000000, 0.000000, 0.000000, 0.000000, 0.000000, 0.000000, 0.000000, 0.000000, 0.000000 ],
      "X_48" : [ 0.000000, 0.000000, 0.000000, 0.000000, 0.000011, 0.000000, 0.000000, 0.000000, -0.000011, 0.000000 ],
      "X_49" : [ -0.000043, 0.000192, -0.000162, -0.000005, 0.000000, 0.000072, 0.000020, 0.000021, -0.000082, -0.000013 ],
      "X_50" : [ -0.000887, 0.000529, 0.000096, 0.000526, 0.000905, 0.000258, -0.000759, 0.000802, -0.001833, 0.000363 ],
      "X_51" : [ -0.000130, -0.001278, 0.000363, 0.000216, 0.000073, 0.000149, -0.000146, 0.000723, 0.000004, 0.000026 ],
      "X_52" : [ 0.000007, -0.000520, -0.000626, 0.000079, 0.000227, 0.000108, 0.000275, 0.000119, 0.000109, 0.000222 ],
      "X_53" : [ 0.000181, 0.000455, -0.000212, -0.001660, 0.000207, 0.000593, -0.001366, 0.001337, 0.000051, 0.000414 ],
      "X_54" : [ 0.000041, -0.000149, -0.000477, -0.000491, 0.001287, 0.000470, -0.001555, -0.000118, 0.000077, 0.000915 ],
      "X_55" : [ -0.000005, -0.000569, -0.000897, 0.000605, 0.000000, 0.000437, 0.000015, 0.000000, 0.000064, 0.000349 ],
      "X_56" : [ 0.000000, 0.000000, 0.000000, 0.000000, 0.000000, 0.000000, 0.000000, 0.000000, 0.000000, 0.000000 ],
      "X_57" : [ 0.000053, 0.000337, -0.000718, -0.000462, -0.000000, 0.000108, 0.000427, 0.000158, 0.000093, 0.000006 ],
      "X_58" : [ 0.000578, 0.007849, -0.010589, -0.006747, 0.014986, -0.014499, 0.015111, -0.001730, -0.002985, -0.001975 ],
      "X_59" : [ -0.000263, 0.000798, -0.000574, -0.000416, 0.001703, -0.002090, 0.000125, 0.001498, -0.001016, 0.000235 ],
      "X_60" : [ 0.000740, 0.002256, 0.002491, 0.001949, 0.001247, -0.002191, 0.000117, -0.009345, 0.001920, 0.000815 ],
      "X_61" : [ -0.000870, -0.000704, -0.001782, -0.000781, -0.000814, 0.002811, 0.001092, 0.001524, -0.000806, 0.000331 ],
      "X_62" : [ 0.000538, -0.003189, -0.002069, 0.001666, 0.000801, 0.000738, 0.000012, 0.000193, 0.000916, 0.000392 ],
      "X_63" : [ 0.000086, -0.002430, -0.000840, 0.000040, 0.000098, 0.000073, 0.002001, 0.000070, 0.000384, 0.000518 ]   
   },