{
   "Contributions" : {
      "X_0" : [ 0.003698 ],
      "X_1" : [ 0.006278 ],
      "X_2" : [ 0.019217 ],
      "X_3" : [ 0.007494 ]   
   },
   "Most_Contributive_Features" : {
      "y" : [ 2, 3, 1, 0 ]
   }
}