{
   "Contributions" : {
      "X_0" : [ -0.006468 ],
      "X_1" : [ 0.001292 ],
      "X_2" : [ 0.016875 ],
      "X_3" : [ 0.010142 ]   
   },
   "Most_Contributive_Features" : {
      "y" : [ 2, 3, 0, 1 ]
   }
}