{
   "Contributions" : {
      "X_0" : [ 0.007287, 0.000011, -0.009065, 0.001768 ],
      "X_1" : [ 0.001256, -0.004825, -0.005260, 0.008830 ],
      "X_2" : [ 0.000020, 0.000395, -0.000396, -0.000020 ],
      "X_3" : [ 0.005596, -0.000701, -0.003475, -0.001420 ],
      "X_4" : [ 0.000000, 0.000000, 0.000000, 0.000000 ],
      "X_5" : [ -0.000965, 0.000019, 0.000946, 0.000000 ],
      "X_6" : [ 0.003800, -0.005073, -0.001468, 0.002741 ],
      "X_7" : [ 0.006776, -0.016531, -0.001388, 0.011143 ],
      "X_8" : [ 0.008604, -0.041403, 0.027668, 0.005131 ],
      "X_9" : [ 0.000000, 0.000000, 0.000000, 0.000000 ]   
   },
   "Most_Contributive_Features_By_Class" : {
      "class_0" : [ 8, 0, 7, 3, 6, 1, 5, 2 ],
      "class_1" : [ 8, 7, 6, 1, 3, 2, 5, 0 ],
      "class_2" : [ 8, 0, 1, 3, 6, 7, 5, 2 ],
      "class_3" : [ 7, 1, 8, 6, 0, 3, 2, 5 ]
   }
}