{
   "Contributions" : {
      "X_0" : [ 0.022681, 0.001259, -0.025839, 0.001899 ],
      "X_1" : [ 0.022598, -0.011472, -0.045272, 0.034146 ],
      "X_2" : [ 0.001516, -0.003514, -0.000629, 0.002627 ],
      "X_3" : [ 0.005607, 0.001054, -0.013317, 0.006656 ],
      "X_4" : [ -0.002489, 0.003894, 0.001638, -0.003042 ],
      "X_5" : [ -0.006277, 0.007077, -0.002220, 0.001419 ],
      "X_6" : [ 0.003646, -0.011566, -0.000886, 0.008806 ],
      "X_7" : [ 0.001742, -0.020921, 0.006161, 0.013017 ],
      "X_8" : [ 0.021996, -0.063875, 0.044362, -0.002483 ],
      "X_9" : [ -0.000615, 0.006859, -0.005572, -0.000673 ]   
   },
   "Most_Contributive_Features_By_Class" : {
      "class_0" : [ 0, 1, 8, 5, 3, 6, 4, 7, 2, 9 ],
      "class_1" : [ 8, 7, 6, 1, 5, 9, 4, 2, 0, 3 ],
      "class_2" : [ 1, 8, 0, 3, 7, 9, 5, 4, 6, 2 ],
      "class_3" : [ 1, 7, 6, 3, 4, 2, 8, 0, 5, 9 ]
   }
}