{
   "Contributions" : {
      "X_0" : [ -0.000953, 0.000953 ],
      "X_1" : [ -0.006342, 0.006342 ],
      "X_2" : [ 0.014385, -0.014385 ],
      "X_3" : [ 0.005059, -0.005059 ],
      "X_4" : [ -0.017480, 0.017480 ],
      "X_5" : [ -0.002586, 0.002586 ],
      "X_6" : [ 0.012673, -0.012673 ],
      "X_7" : [ 0.000713, -0.000713 ],
      "X_8" : [ -0.000570, 0.000570 ],
      "X_9" : [ -0.004358, 0.004358 ]   
   },
   "Most_Contributive_Features_By_Class" : {
      "class_0" : [ 4, 2, 6, 1, 3, 9, 5, 0, 7, 8 ],
      "class_1" : [ 4, 2, 6, 1, 3, 9, 5, 0, 7, 8 ]
   }
}