{
   "Contributions" : {
      "X_0" : [ -0.000110, 0.000110 ],
      "X_1" : [ -0.009080, 0.009080 ],
      "X_2" : [ 0.000097, -0.000097 ],
      "X_3" : [ -0.000558, 0.000558 ],
      "X_4" : [ 0.002445, -0.002445 ],
      "X_5" : [ -0.000019, 0.000019 ],
      "X_6" : [ -0.006697, 0.006697 ],
      "X_7" : [ -0.002903, 0.002903 ],
      "X_8" : [ 0.001930, -0.001930 ],
      "X_9" : [ 0.009919, -0.009919 ],
      "X_10" : [ -0.000550, 0.000550 ],
      "X_11" : [ -0.001927, 0.001927 ],
      "X_12" : [ 0.003227, -0.003227 ],
      "X_13" : [ 0.000400, -0.000400 ],
      "X_14" : [ -0.001266, 0.001266 ],
      "X_15" : [ -0.000840, 0.000840 ],
      "X_16" : [ 0.000285, -0.000285 ],
      "X_17" : [ -0.000901, 0.000901 ],
      "X_18" : [ -0.004052, 0.004052 ],
      "X_19" : [ 0.004942, -0.004942 ],
      "X_20" : [ -0.001675, 0.001675 ],
      "X_21" : [ 0.010136, -0.010136 ],
      "X_22" : [ -0.004181, 0.004181 ],
      "X_23" : [ 0.002978, -0.002978 ],
      "X_24" : [ -0.003328, 0.003328 ],
      "X_25" : [ 0.001134, -0.001134 ],
      "X_26" : [ 0.003299, -0.003299 ],
      "X_27" : [ -0.014558, 0.014558 ],
      "X_28" : [ 0.000548, -0.000548 ],
      "X_29" : [ -0.002216, 0.002216 ]   
   },
   "Most_Contributive_Features_By_Class" : {
      "class_0" : [ 27, 21, 9, 1, 6, 19, 22, 18, 24, 26 ],
      "class_1" : [ 27, 21, 9, 1, 6, 19, 22, 18, 24, 26 ]
   }
}