{
	"metadata" : { "model" : "Tikhonov_Ridge", "version" : "2024-W13", "signature" : "ff4_il8"},
	"options" : { "alpha" : 0.000000, "random_state" : 1789 },
	"dataset" : { "dataset_rows" : 71, "dataset_features" : 30 },
	"classes" : [ 0, 1 ],
	"equations" : {
		"class_1" : {
			"intercept" : -0.388634,
			"coeffs" : [ 1.217707, 0.097652, -0.140709, -0.000503, 6.114219, 6.340384, -6.144539, -4.125352, -1.924905, 60.198521, 0.706220, 0.413438, 0.122159, -0.009388, -63.430500, 10.977043, -4.550213, 52.935631, -50.788788, -120.589859, -0.259558, -0.117194, -0.038521, 0.003069, 2.694747, -0.425104, 1.892063, -11.269052, 3.382810, -6.838966 ]
		}
	}
}