{
	"metadata" : { "model" : "Tikhonov_Ridge", "version" : "2024-W12", "signature" : "ff4_il8"},
	"options" : { "alpha" : 1.000000, "random_state" : 1789 },
	"dataset" : { "dataset_rows" : 71, "dataset_features" : 30 },
	"classes" : [ 0, 1 ],
	"equations" : {
		"class_1" : {
			"intercept" : 0.526010,
			"coeffs" : [ 0.014211, 0.050590, -0.001645, 0.000652, 8.494959, -0.016950, -5.059964, -3.467534, 1.703128, 41.792038, 0.137337, 0.241989, -0.092139, 0.005516, -15.935673, 6.303885, 4.320814, 8.408839, -22.249729, -84.439026, -0.033658, -0.075097, -0.012736, 0.000365, -2.989158, 0.237368, 0.467261, -5.963673, 0.127866, -4.639168 ]
		}
	}
}