{
   "Contributions" : {
      "X_0" : [ 0.004318, -0.004318 ],
      "X_1" : [ -0.003680, 0.003680 ],
      "X_2" : [ -0.016929, 0.016929 ],
      "X_3" : [ -0.002951, 0.002951 ],
      "X_4" : [ 0.000676, -0.000676 ],
      "X_5" : [ 0.004457, -0.004457 ],
      "X_6" : [ -0.010823, 0.010823 ],
      "X_7" : [ -0.003527, 0.003527 ],
      "X_8" : [ -0.001551, 0.001551 ],
      "X_9" : [ 0.000631, -0.000631 ],
      "X_10" : [ 0.001508, -0.001508 ],
      "X_11" : [ 0.001717, -0.001717 ],
      "X_12" : [ 0.001898, -0.001898 ],
      "X_13" : [ -0.007731, 0.007731 ],
      "X_14" : [ -0.001654, 0.001654 ],
      "X_15" : [ 0.000214, -0.000214 ],
      "X_16" : [ -0.001218, 0.001218 ],
      "X_17" : [ 0.002699, -0.002699 ],
      "X_18" : [ -0.008313, 0.008313 ],
      "X_19" : [ 0.003234, -0.003234 ],
      "X_20" : [ -0.014334, 0.014334 ],
      "X_21" : [ -0.000009, 0.000009 ],
      "X_22" : [ -0.010373, 0.010373 ],
      "X_23" : [ 0.019617, -0.019617 ],
      "X_24" : [ 0.001180, -0.001180 ],
      "X_25" : [ -0.001341, 0.001341 ],
      "X_26" : [ 0.011689, -0.011689 ],
      "X_27" : [ -0.030108, 0.030108 ],
      "X_28" : [ 0.008331, -0.008331 ],
      "X_29" : [ -0.000597, 0.000597 ]   
   },
   "Most_Contributive_Features_By_Class" : {
      "class_0" : [ 27, 23, 2, 20, 26, 6, 22, 28, 18, 13 ],
      "class_1" : [ 27, 23, 2, 20, 26, 6, 22, 28, 18, 13 ]
   }
}