{
   "Contributions" : {
      "X_0" : [ 0.000000, 0.000000, 0.000000, 0.000000, 0.000000, 0.000000, 0.000000, 0.000000, 0.000000, 0.000000 ],
      "X_1" : [ 0.000000, 0.000000, 0.000000, 0.000000, 0.000000, 0.000000, 0.000000, 0.000000, 0.000000, 0.000000 ],
      "X_2" : [ 0.000000, 0.000000, 0.000000, 0.000000, 0.000000, 0.000000, 0.000000, 0.000000, 0.000000, 0.000000 ],
      "X_3" : [ 0.000000, 0.002000, -0.002000, 0.000000, 0.000000, 0.000000, 0.000000, 0.000000, 0.000000, 0.000000 ],
      "X_4" : [ 0.000000, 0.003026, 0.000000, 0.000000, 0.000000, -0.006069, 0.000000, 0.000000, 0.000000, 0.003043 ],
      "X_5" : [ 0.000000, -0.009466, -0.004691, -0.009594, -0.006179, 0.024388, -0.000504, 0.008081, 0.001266, -0.003300 ],
      "X_6" : [ 0.000000, 0.000000, 0.000035, 0.000000, -0.000157, 0.000504, -0.000383, 0.000000, 0.000000, 0.000000 ],
      "X_7" : [ 0.000000, 0.000000, 0.000000, 0.000000, 0.000000, 0.000000, 0.000000, 0.000000, 0.000000, 0.000000 ],
      "X_8" : [ 0.000000, 0.000000, 0.000000, 0.000000, 0.000000, 0.000000, 0.000000, 0.000000, 0.000000, 0.000000 ],
      "X_9" : [ 0.000000, 0.000000, 0.000000, 0.000000, 0.000000, 0.000000, 0.000052, 0.000000, -0.000052, 0.000000 ],
      "X_10" : [ 0.000000, 0.000661, 0.000765, 0.000000, 0.003913, -0.000922, -0.001426, -0.002991, 0.000000, 0.000000 ],
      "X_11" : [ 0.000000, 0.000000, 0.000000, 0.000000, 0.000000, 0.000000, 0.000000, 0.000000, 0.000000, 0.000000 ],
      "X_12" : [ 0.000000, 0.005078, -0.000713, 0.001896, 0.010504, -0.001896, 0.000000, -0.005147, -0.001617, -0.008104 ],
      "X_13" : [ -0.004295, -0.000519, -0.000017, -0.001130, 0.021925, -0.005547, -0.009146, -0.002261, 0.000800, 0.000192 ],
      "X_14" : [ 0.000000, 0.000000, 0.000122, -0.000122, 0.000000, 0.000000, 0.000000, 0.000000, 0.000000, 0.000000 ],
      "X_15" : [ 0.000000, 0.000000, 0.000000, 0.000000, 0.000000, 0.000000, 0.000000, 0.000000, 0.000000, 0.000000 ],
      "X_16" : [ 0.000000, 0.000000, 0.000000, 0.000000, 0.000000, 0.000000, 0.000000, 0.000000, 0.000000, 0.000000 ],
      "X_17" : [ 0.000000, 0.000000, 0.000000, 0.000000, 0.000000, 0.000000, 0.000000, 0.000000, 0.000000, 0.000000 ],
      "X_18" : [ 0.000000, 0.000000, 0.000000, 0.000000, -0.001513, 0.000000, -0.000035, 0.000000, 0.001548, 0.000000 ],
      "X_19" : [ 0.000000, -0.006279, -0.001443, 0.003791, 0.001826, 0.000226, 0.001043, 0.001043, -0.000313, 0.000104 ],
      "X_20" : [ 0.001565, -0.000939, -0.001496, -0.002017, 0.006313, 0.001774, -0.003235, -0.002643, 0.000678, 0.000000 ],
      "X_21" : [ 0.014315, 0.002692, -0.003466, -0.008959, -0.022538, 0.000367, 0.009168, 0.007156, -0.003407, 0.004673 ],
      "X_22" : [ 0.000000, 0.000000, 0.000000, 0.000000, 0.000000, 0.000000, 0.000000, 0.000000, 0.000000, 0.000000 ],
      "X_23" : [ 0.000000, 0.000000, 0.000000, 0.000000, 0.000000, 0.000000, 0.000000, 0.000000, 0.000000, 0.000000 ],
      "X_24" : [ 0.000000, 0.000000, 0.000000, 0.000000, 0.000000, 0.000000, 0.000000, 0.000000, 0.000000, 0.000000 ],
      "X_25" : [ 0.000000, 0.000000, 0.000000, 0.000000, 0.000000, 0.000000, 0.000000, 0.000000, 0.000000, 0.000000 ],
      "X_26" : [ 0.000000, 0.000800, -0.000817, -0.001391, 0.000000, 0.000000, 0.000000, 0.000000, 0.001409, 0.000000 ],
      "X_27" : [ -0.000852, 0.007739, -0.000017, -0.000104, -0.007860, -0.001582, -0.000226, -0.000226, 0.003130, 0.000000 ],
      "X_28" : [ 0.016304, 0.000000, -0.001648, -0.000110, 0.004299, -0.003635, -0.002800, 0.000000, -0.005965, -0.006446 ],
      "X_29" : [ -0.001600, 0.000000, -0.000435, 0.000000, 0.002887, 0.000000, -0.000852, 0.000000, 0.000000, 0.000000 ],
      "X_30" : [ -0.003600, 0.000000, 0.000000, 0.000087, 0.000000, 0.000000, 0.000000, 0.000000, 0.003513, 0.000000 ],
      "X_31" : [ 0.000000, 0.000000, 0.000000, 0.000000, 0.000000, 0.000000, 0.000000, 0.000000, 0.000000, 0.000000 ],
      "X_32" : [ 0.000000, 0.000000, 0.000000, 0.000000, 0.000000, 0.000000, 0.000000, 0.000000, 0.000000, 0.000000 ],
      "X_33" : [ -0.003628, -0.006884, -0.010992, -0.014416, 0.048757, 0.002107, 0.003928, -0.000211, -0.009621, -0.009042 ],
      "X_34" : [ 0.006139, 0.001009, 0.000000, -0.000163, 0.000000, -0.002574, 0.000000, 0.000000, 0.004695, -0.009106 ],
      "X_35" : [ 0.000000, 0.000313, 0.003687, 0.000000, 0.004069, -0.004382, -0.003687, 0.000000, 0.000000, 0.000000 ],
      "X_36" : [ 0.016016, 0.001811, -0.003502, -0.015044, 0.003475, -0.002347, -0.009436, -0.004643, 0.010693, 0.002977 ],
      "X_37" : [ 0.000000, 0.000261, 0.011130, -0.002017, -0.002209, -0.002000, -0.000035, -0.004521, 0.000052, -0.000661 ],
      "X_38" : [ 0.000000, 0.000000, 0.000000, 0.000000, 0.000000, 0.000000, 0.000000, 0.000000, 0.000000, 0.000000 ],
      "X_39" : [ 0.000000, 0.000000, 0.000000, 0.000000, 0.000000, 0.000000, 0.000000, 0.000000, 0.000000, 0.000000 ],
      "X_40" : [ 0.000000, 0.000000, 0.000000, 0.000000, 0.000000, 0.000000, 0.000000, 0.000000, 0.000000, 0.000000 ],
      "X_41" : [ 0.001548, -0.001774, 0.000556, 0.000000, 0.007113, 0.000000, -0.007443, 0.000000, 0.000000, 0.000000 ],
      "X_42" : [ 0.000000, -0.000242, -0.008087, -0.000062, 0.007562, -0.004559, 0.012625, -0.006618, 0.000094, -0.000713 ],
      "X_43" : [ 0.000184, 0.005716, 0.009757, -0.014857, -0.000031, -0.002450, 0.002527, 0.001183, 0.010307, -0.012335 ],
      "X_44" : [ 0.000000, 0.000000, 0.000000, 0.000000, 0.000000, 0.000000, 0.000000, 0.000000, 0.000000, 0.000000 ],
      "X_45" : [ 0.000000, 0.001530, -0.002556, 0.000000, -0.001426, -0.000383, 0.000730, 0.001443, 0.000661, 0.000000 ],
      "X_46" : [ 0.000000, -0.002160, 0.000367, 0.002017, -0.000502, 0.000000, -0.005478, 0.005756, 0.000000, 0.000000 ],
      "X_47" : [ 0.000000, 0.000000, 0.000000, 0.000000, 0.000000, 0.000000, 0.000000, 0.000000, 0.000000, 0.000000 ],
      "X_48" : [ 0.000000, 0.000000, 0.000000, 0.000000, 0.000000, 0.000000, 0.000000, 0.000000, 0.000000, 0.000000 ],
      "X_49" : [ 0.000000, 0.000000, 0.000000, 0.000000, 0.000000, 0.000000, 0.000000, 0.000000, 0.000000, 0.000000 ],
      "X_50" : [ -0.003356, -0.001200, 0.000000, -0.000417, 0.000157, 0.004313, -0.003130, 0.003113, 0.001913, -0.001391 ],
      "X_51" : [ 0.000000, 0.001496, 0.004104, 0.000000, 0.000000, -0.002087, -0.002678, 0.000000, 0.000000, -0.000835 ],
      "X_52" : [ 0.000000, 0.000000, 0.000000, 0.000000, 0.000000, 0.000000, 0.000000, 0.000000, 0.000000, 0.000000 ],
      "X_53" : [ 0.003217, 0.003426, -0.006087, 0.000000, 0.000000, 0.000017, 0.000000, -0.002452, -0.003043, 0.004921 ],
      "X_54" : [ 0.000000, -0.000139, -0.004574, 0.000504, 0.007930, -0.003130, 0.003687, -0.004469, 0.000000, 0.000191 ],
      "X_55" : [ 0.000000, 0.000000, 0.000000, 0.000000, 0.000000, 0.000000, 0.000000, 0.000000, 0.000000, 0.000000 ],
      "X_56" : [ 0.000000, 0.000000, 0.000000, 0.000000, 0.000000, 0.000000, 0.000000, 0.000000, 0.000000, 0.000000 ],
      "X_57" : [ 0.000000, 0.000000, 0.000000, 0.000000, 0.000000, 0.000000, 0.000000, 0.000000, 0.000000, 0.000000 ],
      "X_58" : [ 0.000000, 0.000800, -0.016364, 0.000000, 0.000000, 0.000000, 0.014764, 0.000000, 0.000800, 0.000000 ],
      "X_59" : [ 0.000000, 0.000000, 0.000000, 0.000000, 0.000000, 0.000000, 0.000000, 0.000000, 0.000000, 0.000000 ],
      "X_60" : [ -0.000710, 0.006448, 0.006027, -0.007074, -0.002262, -0.000924, -0.000415, -0.009546, 0.014063, -0.005606 ],
      "X_61" : [ 0.000000, 0.000000, 0.000000, 0.000000, 0.000000, 0.000000, 0.000000, 0.000000, 0.000000, 0.000000 ],
      "X_62" : [ 0.000000, 0.000000, 0.000000, 0.000000, 0.000000, 0.000000, 0.000000, 0.000000, 0.000000, 0.000000 ],
      "X_63" : [ 0.000000, 0.000000, 0.000000, 0.000000, 0.000000, 0.000000, 0.000000, 0.000000, 0.000000, 0.000000 ]   
   },
   "Most_Contributive_Features_By_Class" : {
      "class_0" : [ 28, 36, 21, 34, 13, 33, 30, 50, 53, 29 ],
      "class_1" : [ 5, 27, 33, 60, 19, 43, 12, 53, 4, 21 ],
      "class_2" : [ 58, 37, 33, 43, 42, 53, 60, 5, 54, 51 ],