{
	"metadata" : { "model" : "Breiman_CART", "version" : "2024-W13", "signature" : "ff4_il8"},
	"options" : { "ccp_alpha" : 0.000000, "criterion" : "", "max_depth" : 6, "max_features" : null, "max_leaf_nodes" : 32, "min_impurity_decrease" : 0.000000, "min_samples_leaf" : 1, "min_samples_split" : 2, "min_weight_fraction_leaf" : 0.000000, "random_state" : 1789, "splitter" : "best" },
	"dataset" : { "dataset_rows" : 1797, "dataset_features" : 64 },
	"classes" : [ 0, 1, 2, 3, 4, 5, 6, 7, 8, 9 ],
	"tree" : {
	"features" : 64,
	"outputs" : 10,
	"max_depth" : 5,
	"node_count" : 63,
	"nodes" : {
		"node_00" : {"left" : 1, "right" : 2, "feature" : 36, "threshold" : 0.500000, "impurity" : 0.899979, "n_samples" : 1797, "w_samples" : 1797.000000, "value" : [0.099054, 0.101280, 0.098497, 0.101836, 0.100723, 0.101280, 0.100723, 0.099610, 0.096828, 0.100167]},
		"node_01" : {"left" : 3, "right" : 4, "feature" : 28, "threshold" : 2.500000, "impurity" : 0.547279, "n_samples" : 275, "w_samples" : 275.000000, "value" : [0.632727, 0.000000, 0.014545, 0.003636, 0.021818, 0.090909, 0.018182, 0.000000, 0.010909, 0.207273]},
		"node_02" : {"left" : 27, "right" : 28, "feature" : 21, "threshold" : 0.500000, "impurity" : 0.888256, "n_samples" : 1522, "w_samples" : 1522.000000, "value" : [0.002628, 0.119580, 0.113666, 0.119580, 0.114980, 0.103154, 0.115637, 0.117608, 0.112352, 0.080815]},
		"node_03" : {"left" : 19, "right" : 20, "feature" : 21, "threshold" : 0.500000, "impurity" : 0.170269, "n_samples" : 188, "w_samples" : 188.000000, "value" : [0.909574, 0.000000, 0.010638, 0.000000, 0.031915, 0.031915, 0.015957, 0.000000, 0.000000, 0.000000]},
		"node_04" : {"left" : 5, "right" : 6, "feature" : 21, "threshold" : 6.500000, "impurity" : 0.519487, "n_samples" : 87, "w_samples" : 87.000000, "value" : [0.034483, 0.000000, 0.022989, 0.011494, 0.000000, 0.218391, 0.022989, 0.000000, 0.034483, 0.655172]},
		"node_05" : {"left" : 7, "right" : 8, "feature" : 51, "threshold" : 9.500000, "impurity" : 0.384298, "n_samples" : 22, "w_samples" : 22.000000, "value" : [0.000000, 0.000000, 0.090909, 0.000000, 0.000000, 0.772727, 0.090909, 0.000000, 0.000000, 0.045455]},
		"node_06" : {"left" : 11, "right" : 12, "feature" : 34, "threshold" : 7.500000, "impurity" : 0.252308, "n_samples" : 65, "w_samples" : 65.000000, "value" : [0.046154, 0.000000, 0.000000, 0.015385, 0.000000, 0.030769, 0.000000, 0.000000, 0.046154, 0.861538]},
		"node_07" : {"left" : 17, "right" : 18, "feature" : 54, "threshold" : 13.500000, "impurity" : 0.104938, "n_samples" : 18, "w_samples" : 18.000000, "value" : [0.000000, 0.000000, 0.000000, 0.000000, 0.000000, 0.944444, 0.000000, 0.000000, 0.000000, 0.055556]},
		"node_08" : {"left" : 9, "right" : 10, "feature" : 35, "threshold" : 12.000000, "impurity" : 0.500000, "n_samples" : 4, "w_samples" : 4.000000, "value" : [0.000000, 0.000000, 0.500000, 0.000000, 0.000000, 0.000000, 0.500000, 0.000000, 0.000000, 0.000000]},
		"node_09" : {"left" : null, "right" : null, "feature" : null, "threshold" : null, "impurity" : 0.000000, "n_samples" : 2, "w_samples" : 2.000000, "value" : [0.000000, 0.000000, 0.000000, 0.000000, 0.000000, 0.000000, 1.000000, 0.000000, 0.000000, 0.000000]},
		"node_10" : {"left" : null, "right" : null, "feature" : null, "threshold" : null, "impurity" : 0.000000, "n_samples" : 2, "w_samples" : 2.000000, "value" : [0.000000, 0.000000, 1.000000, 0.000000, 0.000000, 0.000000, 0.000000, 0.000000, 0.000000, 0.000000]},
		"node_11" : {"left" : null, "right" : null, "feature" : null, "threshold" : null, "impurity" : 0.034472, "n_samples" : 57, "w_samples" : 57.000000, "value" : [0.000000, 0.000000, 0.000000, 0.017544, 0.000000, 0.000000, 0.000000, 0.000000, 0.000000, 0.982456]},
		"node_12" : {"left" : 13, "right" : 14, "feature" : 53, "threshold" : 1.500000, "impurity" : 0.656250, "n_samples" : 8, "w_samples" : 8.000000, "value" : [0.375000, 0.000000, 0.000000, 0.000000, 0.000000, 0.250000, 0.000000, 0.000000, 0.375000, 0.000000]},
		"node_13" : {"left" : null, "right" : null, "feature" : null, "threshold" : null, "impurity" : 0.000000, "n_samples" : 3, "w_samples" : 3.000000, "value" : [0.000000, 0.000000, 0.000000, 0.000000, 0.000000, 0.000000, 0.000000, 0.000000, 1.000000, 0.000000]},
		"node_14" : {"left" : 15, "right" : 16, "feature" : 27, "threshold" : 13.000000, "impurity" : 0.480000, "n_samples" : 5, "w_samples" : 5.000000, "value" : [0.600000, 0.000000, 0.000000, 0.000000, 0.000000, 0.400000, 0.000000, 0.000000, 0.000000, 0.000000]},
		"node_15" : {"left" : null, "right" : null, "feature" : null, "threshold" : null, "impurity" : 0.000000, "n_samples" : 3, "w_samples" : 3.000000, "value" : [1.000000, 0.000000, 0.000000, 0.000000, 0.000000, 0.000000, 0.000000, 0.000000, 0.000000, 0.000000]},
		"node_16" : {"left" : null, "right" : null, "feature" : null, "threshold" : null, "impurity" : 0.000000, "n_samples" : 2, "w_samples" : 2.000000, "value" : [0.000000, 0.000000, 0.000000, 0.000000, 0.000000, 1.000000, 0.000000, 0.000000, 0.000000, 0.000000]},
		"node_17" : {"left" : null, "right" : null, "feature" : null, "threshold" : null, "impurity" : 0.000000, "n_samples" : 17, "w_samples" : 17.000000, "value" : [0.000000, 0.000000, 0.000000, 0.000000, 0.000000, 1.000000, 0.000000, 0.000000, 0.000000, 0.000000]},
		"node_18" : {"left" : null, "right" : null, "feature" : null, "threshold" : null, "impurity" : 0.000000, "n_samples" : 1, "w_samples" : 1.000000, "value" : [0.000000, 0.000000, 0.000000, 0.000000, 0.000000, 0.000000, 0.000000, 0.000000, 0.000000, 1.000000]},
		"node_19" : {"left" : 21, "right" : 22, "feature" : 6, "threshold" : 1.000000, "impurity" : 0.718750, "n_samples" : 16, "w_samples" : 16.000000, "value" : [0.062500, 0.000000, 0.062500, 0.000000, 0.312500, 0.375000, 0.187500, 0.000000, 0.000000, 0.000000]},
		"node_20" : {"left" : null, "right" : null, "feature" : null, "threshold" : null, "impurity" : 0.023053, "n_samples" : 172, "w_samples" : 172.000000, "value" : [0.988372, 0.000000, 0.005814, 0.000000, 0.005814, 0.000000, 0.000000, 0.000000, 0.000000, 0.000000]},
		"node_21" : {"left" : 23, "right" : 24, "feature" : 29, "threshold" : 1.000000, "impurity" : 0.640000, "n_samples" : 10, "w_samples" : 10.000000, "value" : [0.100000, 0.000000, 0.100000, 0.000000, 0.500000, 0.000000, 0.300000, 0.000000, 0.000000, 0.000000]},
		"node_22" : {"left" : null, "right" : null, "feature" : null, "threshold" : null, "impurity" : 0.000000, "n_samples" : 6, "w_samples" : 6.000000, "value" : [0.000000, 0.000000, 0.000000, 0.000000, 0.000000, 1.000000, 0.000000, 0.000000, 0.000000, 0.000000]},
		"node_23" : {"left" : 25, "right" : 26, "feature" : 41, "threshold" : 2.500000, "impurity" : 0.560000, "n_samples" : 5, "w_samples" : 5.000000, "value" : [0.200000, 0.000000, 0.200000, 0.000000, 0.000000, 0.000000, 0.600000, 0.000000, 0.000000, 0.000000]},
		"node_24" : {"left" : null, "right" : null, "feature" : null, "threshold" : null, "impurity" : 0.000000, "n_samples" : 5, "w_samples" : 5.000000, "value" : [0.000000, 0.000000, 0.000000, 0.000000, 1.000000, 0.000000, 0.000000, 0.000000, 0.000000, 0.000000]},
		"node_25" : {"left" : null, "right" : null, "feature" : null, "threshold" : null, "impurity" : 0.000000, "n_samples" : 3, "w_samples" : 3.000000, "value" : [0.000000, 0.000000, 0.000000, 0.000000, 0.000000, 0.000000, 1.000000, 0.000000, 0.000000, 0.000000]},
		"node_26" : {"left" : null, "right" : null, "feature" : null, "threshold" : null, "impurity" : 0.500000, "n_samples" : 2, "w_samples" : 2.000000, "value" : [0.500000, 0.000000, 0.500000, 0.000000, 0.000000, 0.000000, 0.000000, 0.000000, 0.000000, 0.000000]},
		"node_27" : {"left" : 29, "right" : 30, "feature" : 42, "threshold" : 8.500000, "impurity" : 0.740200, "n_samples" : 464, "w_samples" : 464.000000, "value" : [0.000000, 0.092672, 0.099138, 0.032328, 0.071121, 0.312500, 0.370690, 0.012931, 0.006466, 0.002155]},
		"node_28" : {"left" : 49, "right" : 50, "feature" : 60, "threshold" : 7.500000,