{
   "Contributions" : {
      "X_0" : [ 0.000101, -0.000101 ],
      "X_1" : [ -0.000299, 0.000299 ],
      "X_2" : [ -0.001677, 0.001677 ],
      "X_3" : [ -0.000462, 0.000462 ],
      "X_4" : [ -0.001054, 0.001054 ],
      "X_5" : [ -0.001454, 0.001454 ],
      "X_6" : [ 0.000169, -0.000169 ],
      "X_7" : [ 0.000048, -0.000048 ],
      "X_8" : [ 0.000024, -0.000024 ],
      "X_9" : [ -0.003244, 0.003244 ],
      "X_10" : [ -0.000570, 0.000570 ],
      "X_11" : [ 0.000627, -0.000627 ],
      "X_12" : [ -0.000128, 0.000128 ],
      "X_13" : [ 0.000830, -0.000830 ],
      "X_14" : [ -0.001333, 0.001333 ],
      "X_15" : [ 0.000475, -0.000475 ],
      "X_16" : [ 0.000060, -0.000060 ],
      "X_17" : [ -0.000299, 0.000299 ],
      "X_18" : [ -0.001535, 0.001535 ],
      "X_19" : [ 0.001692, -0.001692 ],
      "X_20" : [ -0.001766, 0.001766 ],
      "X_21" : [ 0.001640, -0.001640 ],
      "X_22" : [ -0.000105, 0.000105 ],
      "X_23" : [ 0.001374, -0.001374 ],
      "X_24" : [ 0.000045, -0.000045 ],
      "X_25" : [ 0.000070, -0.000070 ],
      "X_26" : [ -0.001347, 0.001347 ],
      "X_27" : [ -0.000248, 0.000248 ],
      "X_28" : [ -0.000418, 0.000418 ],
      "X_29" : [ -0.000888, 0.000888 ],
      "X_30" : [ 0.000051, -0.000051 ],
      "X_31" : [ -0.000181, 0.000181 ],
      "X_32" : [ -0.000162, 0.000162 ],
      "X_33" : [ -0.000544, 0.000544 ],
      "X_34" : [ 0.000327, -0.000327 ],
      "X_35" : [ 0.000025, -0.000025 ],
      "X_36" : [ 0.000629, -0.000629 ],
      "X_37" : [ -0.000306, 0.000306 ],
      "X_38" : [ 0.000452, -0.000452 ],
      "X_39" : [ 0.000681, -0.000681 ],
      "X_40" : [ 0.002266, -0.002266 ],
      "X_41" : [ -0.000146, 0.000146 ],
      "X_42" : [ -0.000944, 0.000944 ],
      "X_43" : [ -0.000500, 0.000500 ],
      "X_44" : [ 0.000234, -0.000234 ],
      "X_45" : [ -0.000955, 0.000955 ],
      "X_46" : [ 0.000667, -0.000667 ],
      "X_47" : [ -0.000514, 0.000514 ],
      "X_48" : [ 0.000457, -0.000457 ],
      "X_49" : [ -0.000376, 0.000376 ],
      "X_50" : [ 0.000764, -0.000764 ],
      "X_51" : [ -0.001768, 0.001768 ],
      "X_52" : [ 0.000346, -0.000346 ],
      "X_53" : [ -0.001235, 0.001235 ],
      "X_54" : [ -0.000413, 0.000413 ],
      "X_55" : [ -0.000481, 0.000481 ],
      "X_56" : [ 0.000166, -0.000166 ],
      "X_57" : [ 0.000439, -0.000439 ],
      "X_58" : [ -0.000923, 0.000923 ],
      "X_59" : [ -0.003220, 0.003220 ],
      "X_60" : [ -0.000534, 0.000534 ],
      "X_61" : [ -0.000789, 0.000789 ],
      "X_62" : [ -0.000340, 0.000340 ],
      "X_63" : [ -0.000047, 0.000047 ],
      "X_64" : [ -0.000595, 0.000595 ],
      "X_65" : [ -0.000537, 0.000537 ],
      "X_66" : [ 0.000472, -0.000472 ],
      "X_67" : [ -0.000531, 0.000531 ],
      "X_68" : [ 0.003509, -0.003509 ],
      "X_69" : [ -0.001054, 0.001054 ],
      "X_70" : [ 0.000938, -0.000938 ],
      "X_71" : [ -0.001827, 0.001827 ],
      "X_72" : [ 0.001322, -0.001322 ],
      "X_73" : [ -0.001598, 0.001598 ],
      "X_74" : [ 0.001105, -0.001105 ],
      "X_75" : [ -0.000067, 0.000067 ],
      "X_76" : [ -0.000035, 0.000035 ],
      "X_77" : [ -0.000466, 0.000466 ],
      "X_78" : [ -0.000905, 0.000905 ],
      "X_79" : [ -0.000174, 0.000174 ],
      "X_80" : [ -0.000205, 0.000205 ],
      "X_81" : [ -0.000018, 0.000018 ],
      "X_82" : [ -0.001182, 0.001182 ],
      "X_83" : [ 0.000043, -0.000043 ],
      "X_84" : [ -0.001590, 0.001590 ],
      "X_85" : [ -0.000431, 0.000431 ],
      "X_86" : [ -0.000138, 0.000138 ],
      "X_87" : [ 0.000081, -0.000081 ],
      "X_88" : [ -0.000692, 0.000692 ],
      "X_89" : [ -0.000263, 0.000263 ],
      "X_90" : [ -0.000273, 0.000273 ],
      "X_91" : [ -0.000030, 0.000030 ],
      "X_92" : [ 0.000402, -0.000402 ],
      "X_93" : [ 0.001472, -0.001472 ],
      "X_94" : [ 0.000128, -0.000128 ],
      "X_95" : [ -0.000338, 0.000338 ],
      "X_96" : [ -0.000768, 0.000768 ],
      "X_97" : [ 0.000350, -0.000350 ],
      "X_98" : [ 0.002147, -0.002147 ],
      "X_99" : [ -0.000631, 0.000631 ]   
   },
   "Most_Contributive_Features_By_Class" : {
      "class_0" : [ 68, 9, 59, 40, 98, 71, 51, 20, 19, 2 ],
      "class_1" : [ 68, 9, 59, 40, 98, 71, 51, 20, 19, 2 ]
   }
}