{
   "Contributions" : {
      "X_0" : [ -0.000112, 0.000251, -0.000173, 0.000034 ],
      "X_1" : [ -0.000105, 0.000224, -0.000216, 0.000097 ],
      "X_2" : [ 0.000204, 0.000035, 0.000592, -0.000831 ],
      "X_3" : [ 0.000011, 0.000734, 0.000407, -0.001152 ],
      "X_4" : [ 0.000167, -0.000436, 0.000045, 0.000224 ],
      "X_5" : [ -0.000233, 0.000180, -0.000023, 0.000076 ],
      "X_6" : [ 0.000425, -0.001038, 0.000570, 0.000044 ],
      "X_7" : [ 0.000242, -0.000690, 0.000450, -0.000002 ],
      "X_8" : [ 0.000029, -0.000022, -0.000039, 0.000032 ],
      "X_9" : [ 0.000101, 0.000187, 0.000160, -0.000448 ],
      "X_10" : [ -0.000099, 0.000100, 0.000078, -0.000079 ],
      "X_11" : [ 0.000623, -0.000575, 0.001196, -0.001244 ],
      "X_12" : [ 0.000456, -0.000983, 0.000938, -0.000411 ],
      "X_13" : [ -0.000183, 0.000807, -0.000204, -0.000420 ],
      "X_14" : [ 0.000025, -0.000445, 0.000077, 0.000344 ],
      "X_15" : [ -0.000333, 0.000462, 0.000077, -0.000206 ],
      "X_16" : [ 0.000022, 0.000128, 0.000051, -0.000200 ],
      "X_17" : [ 0.000016, -0.000185, -0.000423, 0.000592 ],
      "X_18" : [ 0.000420, -0.001298, 0.000545, 0.000333 ],
      "X_19" : [ -0.001068, 0.001503, -0.002033, 0.001599 ],
      "X_20" : [ -0.000236, -0.000001, -0.000735, 0.000972 ],
      "X_21" : [ -0.000067, -0.000336, -0.000576, 0.000980 ],
      "X_22" : [ -0.000132, 0.000062, -0.000792, 0.000861 ],
      "X_23" : [ 0.000001, 0.000381, -0.000041, -0.000341 ],
      "X_24" : [ -0.000021, 0.000260, 0.000330, -0.000569 ],
      "X_25" : [ 0.000327, -0.000596, 0.000632, -0.000363 ],
      "X_26" : [ -0.000390, 0.000479, -0.000614, 0.000524 ],
      "X_27" : [ 0.000719, -0.000843, 0.000182, -0.000057 ],
      "X_28" : [ -0.000572, -0.000085, -0.001040, 0.001697 ],
      "X_29" : [ -0.000082, 0.000161, -0.000489, 0.000410 ],
      "X_30" : [ -0.000144, 0.000363, -0.000108, -0.000111 ],
      "X_31" : [ 0.000633, -0.000475, 0.000685, -0.000843 ],
      "X_32" : [ 0.000165, 0.000133, 0.000694, -0.000992 ],
      "X_33" : [ 0.000244, 0.000157, -0.000345, -0.000056 ],
      "X_34" : [ -0.000138, 0.000282, 0.000077, -0.000222 ],
      "X_35" : [ -0.000487, 0.001027, 0.000185, -0.000725 ],
      "X_36" : [ 0.000112, -0.000420, -0.000144, 0.000452 ],
      "X_37" : [ 0.000522, -0.001972, 0.000628, 0.000821 ],
      "X_38" : [ 0.000078, 0.001032, 0.000894, -0.002004 ],
      "X_39" : [ 0.000385, -0.000189, 0.000413, -0.000609 ],
      "X_40" : [ 0.000297, -0.000783, 0.000090, 0.000397 ],
      "X_41" : [ -0.000194, 0.000638, -0.000833, 0.000389 ],
      "X_42" : [ 0.000534, -0.000851, 0.000518, -0.000201 ],
      "X_43" : [ 0.000289, -0.000783, 0.000371, 0.000123 ],
      "X_44" : [ 0.000236, 0.000321, 0.000469, -0.001027 ],
      "X_45" : [ 0.000329, -0.001078, 0.000226, 0.000523 ],
      "X_46" : [ 0.000214, 0.000204, 0.001112, -0.001531 ],
      "X_47" : [ 0.000253, -0.000655, 0.000005, 0.000397 ],
      "X_48" : [ -0.000018, 0.000131, -0.000340, 0.000227 ],
      "X_49" : [ 0.000035, 0.000220, -0.000166, -0.000090 ],
      "X_50" : [ -0.000474, 0.000308, -0.001035, 0.001200 ],
      "X_51" : [ 0.000345, -0.001000, -0.000116, 0.000772 ],
      "X_52" : [ -0.000004, 0.000338, -0.000247, -0.000087 ],
      "X_53" : [ -0.000455, 0.001056, -0.000187, -0.000414 ],
      "X_54" : [ -0.000472, 0.000255, -0.000662, 0.000878 ],
      "X_55" : [ 0.000683, 0.000048, 0.001204, -0.001934 ],
      "X_56" : [ -0.000518, 0.000228, -0.000218, 0.000508 ],
      "X_57" : [ 0.001316, -0.001623, 0.001122, -0.000816 ],
      "X_58" : [ 0.000036, -0.000404, -0.000065, 0.000433 ],
      "X_59" : [ 0.000343, -0.000982, 0.000164, 0.000475 ],
      "X_60" : [ 0.000476, -0.000732, 0.000708, -0.000451 ],
      "X_61" : [ 0.000123, -0.000176, 0.000577, -0.000525 ],
      "X_62" : [ 0.000537, -0.001894, 0.000308, 0.001049 ],
      "X_63" : [ 0.000308, -0.000196, -0.000042, -0.000070 ],
      "X_64" : [ -0.000067, 0.000190, -0.000126, 0.000003 ],
      "X_65" : [ 0.000993, -0.001300, 0.001524, -0.001218 ],
      "X_66" : [ 0.000953, -0.003985, 0.002205, 0.000827 ],
      "X_67" : [ -0.000057, -0.000037, -0.000061, 0.000155 ],
      "X_68" : [ 0.000091, -0.000088, 0.000038, -0.000041 ],
      "X_69" : [ 0.000026, -0.000273, -0.000197, 0.000444 ],
      "X_70" : [ 0.000253, 0.000166, 0.000155, -0.000574 ],
      "X_71" : [ 0.000886, -0.001630, 0.001362, -0.000618 ],
      "X_72" : [ 0.000026, -0.000324, -0.000070, 0.000368 ],
      "X_73" : [ -0.000306, 0.000958, 0.000005, -0.000657 ],
      "X_74" : [ -0.000289, 0.000643, 0.000156, -0.000511 ],
      "X_75" : [ -0.001051, 0.000363, -0.001814, 0.002503 ],
      "X_76" : [ 0.000332, -0.000679, 0.000054, 0.000292 ],
      "X_77" : [ 0.000315, -0.000391, 0.000493, -0.000417 ],
      "X_78" : [ -0.000125, -0.000146, 0.000340, -0.000070 ],
      "X_79" : [ -0.000166, 0.000903, 0.000711, -0.001449 ],
      "X_80" : [ 0.000124, -0.000016, 0.000381, -0.000488 ],
      "X_81" : [ -0.000040, 0.000096, 0.000183, -0.000240 ],
      "X_82" : [ -0.000104, -0.000563, -0.000521, 0.001188 ],
      "X_83" : [ -0.000077, -0.000164, -0.000315, 0.000555 ],
      "X_84" : [ -0.000275, 0.000623, 0.000010, -0.000359 ],
      "X_85" : [ 0.000045, -0.000299, -0.000031, 0.000286 ],
      "X_86" : [ -0.000320, 0.000616, -0.000423, 0.000127 ],
      "X_87" : [ 0.000304, -0.000217, 0.000488, -0.000574 ],
      "X_88" : [ -0.000379, 0.000254, -0.000478, 0.000602 ],
      "X_89" : [ 0.000122, 0.000255, 0.000312, -0.000688 ],
      "X_90" : [ 0.000439, -0.001608, 0.000072, 0.001097 ],
      "X_91" : [ -0.000492, 0.000661, 0.000086, -0.000255 ],
      "X_92" : [ 0.000257, 0.000094, 0.000276, -0.000627 ],
      "X_93" : [ 0.000055, 0.000220, -0.001346, 0.001071 ],
      "X_94" : [ -0.000096, 0.001060, 0.000662, -0.001626 ],
      "X_95" : [ -0.000180, 0.000587, -0.000199, -0.000207 ],
      "X_96" : [ 0.000184, -0.000519, 0.000298, 0.000036 ],
      "X_97" : [ -0.000464, 0.000244, -0.000320, 0.000541 ],
      "X_98" : [ 0.000057, 0.000399, 0.000138, -0.000594 ],
      "X_99" : [ -0.000801, 0.000827, -0.000936, 0.000910 ]   
   },
   "Most_Contributive_Features_By_Class" : {
      "class_0" : [ 57, 19, 75, 65, 66, 71, 99, 27, 55, 31 ],
      "class_1" : [ 66, 37, 62, 71, 57, 90, 19, 65, 18, 45 ],
      "class_2" : [ 66, 19, 75, 65, 71, 93, 55, 11, 57, 46 ],
      "class_3" : [ 75, 38, 55, 28, 94, 19, 46, 79, 11, 65 ]
   }
}