{
   "Contributions" : {
      "X_0" : [ 0.000390, -0.001233, -0.002668, 0.003511 ],
      "X_1" : [ -0.002108, -0.000914, 0.003398, -0.000377 ],
      "X_2" : [ 0.004565, 0.004303, -0.008253, -0.000615 ],
      "X_3" : [ 0.002275, 0.000514, -0.001378, -0.001412 ],
      "X_4" : [ -0.000349, -0.000825, 0.000926, 0.000248 ],
      "X_5" : [ 0.000918, 0.000875, -0.002266, 0.000473 ],
      "X_6" : [ -0.001214, 0.000975, 0.000372, -0.000134 ],
      "X_7" : [ 0.000003, -0.000002, 0.001019, -0.001021 ],
      "X_8" : [ 0.001784, -0.001870, 0.000302, -0.000216 ],
      "X_9" : [ 0.001537, -0.001194, -0.002064, 0.001721 ],
      "X_10" : [ 0.000349, 0.001043, -0.002081, 0.000689 ],
      "X_11" : [ -0.000909, -0.006290, 0.010895, -0.003696 ],
      "X_12" : [ -0.000348, 0.005948, -0.003667, -0.001934 ],
      "X_13" : [ -0.000236, 0.006533, -0.005409, -0.000888 ],
      "X_14" : [ -0.002596, -0.003648, 0.001668, 0.004576 ],
      "X_15" : [ 0.002475, -0.000843, -0.001847, 0.000215 ],
      "X_16" : [ 0.003331, 0.000978, -0.001547, -0.002762 ],
      "X_17" : [ -0.000373, 0.000331, -0.000739, 0.000781 ],
      "X_18" : [ 0.002179, -0.004250, 0.010535, -0.008464 ],
      "X_19" : [ -0.001554, 0.000523, 0.000370, 0.000661 ],
      "X_20" : [ 0.000085, -0.000867, 0.002007, -0.001225 ],
      "X_21" : [ 0.000358, -0.002440, 0.000780, 0.001302 ],
      "X_22" : [ -0.001544, -0.001301, -0.000567, 0.003413 ],
      "X_23" : [ -0.003322, -0.000494, 0.001859, 0.001958 ],
      "X_24" : [ 0.003638, -0.001335, -0.000838, -0.001465 ],
      "X_25" : [ -0.001442, 0.004274, -0.002651, -0.000182 ],
      "X_26" : [ -0.000135, -0.000845, -0.001864, 0.002844 ],
      "X_27" : [ -0.002374, -0.002291, 0.002331, 0.002334 ],
      "X_28" : [ 0.000137, -0.004888, 0.002292, 0.002459 ],
      "X_29" : [ -0.000823, -0.000631, 0.001552, -0.000098 ],
      "X_30" : [ 0.005192, -0.001577, -0.005644, 0.002029 ],
      "X_31" : [ 0.006774, 0.000934, -0.004217, -0.003491 ],
      "X_32" : [ 0.000502, -0.000507, 0.000161, -0.000157 ],
      "X_33" : [ 0.003896, 0.003494, -0.006868, -0.000522 ],
      "X_34" : [ 0.001917, -0.001783, 0.000299, -0.000432 ],
      "X_35" : [ 0.002310, -0.001352, -0.004050, 0.003091 ],
      "X_36" : [ 0.000231, 0.000658, -0.001059, 0.000170 ],
      "X_37" : [ -0.009226, 0.003255, 0.007467, -0.001496 ],
      "X_38" : [ -0.001404, 0.000085, -0.002205, 0.003525 ],
      "X_39" : [ 0.000205, -0.002272, 0.003371, -0.001304 ],
      "X_40" : [ -0.002094, 0.003417, -0.002246, 0.000923 ],
      "X_41" : [ 0.000588, 0.001093, 0.002125, -0.003805 ],
      "X_42" : [ 0.000380, 0.000907, 0.000118, -0.001405 ],
      "X_43" : [ 0.003128, 0.000010, -0.001622, -0.001516 ],
      "X_44" : [ 0.003926, -0.000785, -0.000664, -0.002477 ],
      "X_45" : [ 0.002720, -0.004627, 0.005444, -0.003538 ],
      "X_46" : [ 0.008674, -0.002337, -0.007911, 0.001574 ],
      "X_47" : [ 0.000406, 0.000195, -0.002177, 0.001575 ],
      "X_48" : [ 0.000119, -0.000345, 0.000300, -0.000074 ],
      "X_49" : [ 0.021928, -0.003184, -0.017282, -0.001462 ],
      "X_50" : [ 0.003522, 0.001796, -0.000542, -0.004776 ],
      "X_51" : [ 0.002805, -0.001256, 0.002356, -0.003905 ],
      "X_52" : [ -0.004011, 0.003316, -0.001023, 0.001717 ],
      "X_53" : [ -0.000485, -0.001889, 0.001934, 0.000440 ],
      "X_54" : [ 0.000410, 0.000886, -0.001534, 0.000238 ],
      "X_55" : [ 0.001094, -0.000805, 0.000757, -0.001046 ],
      "X_56" : [ 0.004964, 0.005656, -0.007729, -0.002891 ],
      "X_57" : [ 0.001407, -0.001537, 0.000438, -0.000308 ],
      "X_58" : [ 0.000543, -0.005613, 0.002529, 0.002541 ],
      "X_59" : [ -0.002019, -0.000586, -0.001946, 0.004551 ],
      "X_60" : [ -0.002718, 0.002984, 0.001195, -0.001461 ],
      "X_61" : [ -0.001531, -0.001851, -0.000185, 0.003567 ],
      "X_62" : [ -0.013082, 0.001247, 0.001982, 0.009853 ],
      "X_63" : [ -0.001697, -0.000891, -0.000632, 0.003220 ],
      "X_64" : [ -0.001878, -0.001439, 0.002435, 0.000882 ],
      "X_65" : [ 0.004408, -0.002563, -0.002613, 0.000767 ],
      "X_66" : [ 0.030089, -0.023736, -0.024383, 0.018029 ],
      "X_67" : [ 0.000219, 0.001029, -0.003734, 0.002486 ],
      "X_68" : [ 0.000414, 0.000243, -0.000212, -0.000445 ],
      "X_69" : [ 0.000539, -0.000205, 0.000042, -0.000377 ],
      "X_70" : [ -0.000968, -0.003888, 0.000133, 0.004723 ],
      "X_71" : [ 0.001106, -0.005321, 0.005056, -0.000840 ],
      "X_72" : [ 0.001998, -0.001424, -0.001394, 0.000820 ],
      "X_73" : [ -0.000859, 0.000141, 0.000724, -0.000006 ],
      "X_74" : [ -0.003984, -0.004586, 0.003240, 0.005329 ],
      "X_75" : [ -0.000556, -0.000700, 0.000057, 0.001198 ],
      "X_76" : [ 0.000639, 0.002589, 0.006116, -0.009345 ],
      "X_77" : [ -0.000613, 0.004681, -0.003761, -0.000307 ],
      "X_78" : [ 0.001499, 0.004175, -0.003523, -0.002150 ],
      "X_79" : [ 0.007843, 0.003996, -0.008708, -0.003131 ],
      "X_80" : [ 0.007778, -0.006971, 0.000595, -0.001403 ],
      "X_81" : [ 0.000534, 0.000863, 0.000277, -0.001674 ],
      "X_82" : [ 0.001159, -0.000687, -0.002526, 0.002054 ],
      "X_83" : [ 0.000575, 0.002147, -0.001737, -0.000985 ],
      "X_84" : [ -0.000526, 0.000550, -0.001057, 0.001033 ],
      "X_85" : [ 0.000554, 0.000194, -0.000815, 0.000067 ],
      "X_86" : [ -0.006859, 0.001087, 0.002066, 0.003707 ],
      "X_87" : [ -0.000517, 0.000925, 0.001712, -0.002120 ],
      "X_88" : [ -0.000051, 0.000747, -0.001414, 0.000718 ],
      "X_89" : [ -0.005179, -0.000977, 0.005252, 0.000904 ],
      "X_90" : [ -0.000488, -0.001387, -0.002729, 0.004604 ],
      "X_91" : [ -0.002056, -0.000247, -0.001772, 0.004074 ],
      "X_92" : [ -0.002152, -0.001941, 0.004575, -0.000481 ],
      "X_93" : [ -0.006414, 0.002707, -0.005939, 0.009646 ],
      "X_94" : [ -0.004905, 0.001623, -0.004296, 0.007579 ],
      "X_95" : [ -0.001115, 0.003858, -0.001233, -0.001510 ],
      "X_96" : [ -0.001235, -0.003812, 0.002654, 0.002393 ],
      "X_97" : [ -0.000812, -0.002454, -0.001099, 0.004365 ],
      "X_98" : [ 0.001583, -0.001074, 0.000449, -0.000958 ],
      "X_99" : [ -0.001588, 0.002962, -0.003661, 0.002287 ]   
   },
   "Most_Contributive_Features_By_Class" : {
      "class_0" : [ 66, 49, 62, 37, 46, 79, 80, 86, 31, 93 ],
      "class_1" : [ 66, 80, 13, 11, 12, 56, 58, 71, 28, 77 ],
      "class_2" : [ 66, 49, 11, 18, 79, 2, 46, 56, 37, 33 ],
      "class_3" : [ 66, 62, 93, 76, 18, 94, 74, 50, 70, 90 ]
   }
}