{
   "Contributions" : {
      "X_0" : [ 0.000000, 0.000000, 0.000000, 0.000000, 0.000000, 0.000000, 0.000000, 0.000000, 0.000000, 0.000000 ],
      "X_1" : [ -0.000008, -0.000011, 0.000014, 0.000011, 0.000002, -0.000038, -0.000012, -0.000022, 0.000007, 0.000058 ],
      "X_2" : [ -0.000360, -0.000367, -0.000116, -0.000218, -0.000174, -0.000051, -0.000139, 0.000279, -0.000341, 0.001487 ],
      "X_3" : [ -0.000556, -0.001277, 0.000167, 0.000034, -0.000916, 0.000233, 0.000030, 0.000298, -0.000158, 0.002145 ],
      "X_4" : [ 0.000297, 0.000417, 0.000071, 0.000174, 0.000511, 0.000567, 0.000173, -0.000665, -0.000017, -0.001527 ],
      "X_5" : [ 0.001607, -0.000838, 0.000058, 0.000209, -0.000659, -0.000326, -0.000153, -0.001757, -0.000997, 0.002857 ],
      "X_6" : [ 0.000098, -0.000387, -0.000100, 0.000112, 0.000089, -0.000584, 0.000181, -0.000448, 0.000047, 0.000993 ],
      "X_7" : [ 0.000033, -0.000011, -0.000027, -0.000039, -0.000021, 0.000005, 0.000002, 0.000027, 0.000015, 0.000016 ],
      "X_8" : [ 0.000002, 0.000004, -0.000003, 0.000001, 0.000003, -0.000016, 0.000003, 0.000002, 0.000002, 0.000002 ],
      "X_9" : [ -0.000421, -0.000381, 0.000048, -0.000200, 0.000188, -0.000310, 0.000149, -0.000246, 0.000747, 0.000425 ],
      "X_10" : [ -0.001825, -0.003441, -0.000060, 0.000301, -0.002564, -0.000816, -0.000271, 0.000474, 0.004916, 0.003285 ],
      "X_11" : [ -0.000321, -0.000060, 0.000149, 0.000040, 0.000099, -0.000620, 0.000210, 0.000141, -0.000150, 0.000511 ],
      "X_12" : [ -0.000331, -0.000782, 0.000076, -0.000425, 0.000544, -0.000097, 0.000000, 0.000109, -0.000531, 0.001436 ],
      "X_13" : [ -0.000197, -0.001640, 0.000185, -0.000426, -0.002497, -0.000262, -0.000028, 0.000741, -0.000609, 0.004734 ],
      "X_14" : [ 0.000808, -0.000320, 0.000043, 0.000006, -0.000574, 0.000000, 0.000003, 0.000006, -0.001798, 0.001824 ],
      "X_15" : [ 0.000006, 0.000005, 0.000005, 0.000005, 0.000004, -0.000030, 0.000014, 0.000009, -0.000023, 0.000006 ],
      "X_16" : [ 0.000002, 0.000004, 0.000002, 0.000001, 0.000003, -0.000024, 0.000002, 0.000002, 0.000005, 0.000003 ],
      "X_17" : [ -0.000072, -0.000169, -0.000073, -0.000059, -0.000396, -0.000977, -0.000269, -0.000042, 0.000591, 0.001466 ],
      "X_18" : [ -0.001095, 0.000056, -0.000175, -0.000832, 0.000145, -0.001730, 0.000756, 0.001306, 0.000524, 0.001044 ],
      "X_19" : [ -0.000887, -0.003105, -0.000274, 0.000332, -0.000475, -0.000931, -0.000611, 0.000063, -0.000067, 0.005954 ],
      "X_20" : [ -0.002589, -0.002430, -0.000178, -0.000509, 0.001754, -0.001201, 0.000467, 0.000954, 0.001677, 0.002054 ],
      "X_21" : [ -0.002328, -0.000031, 0.000636, -0.001127, -0.000717, -0.002401, 0.000092, 0.001490, -0.002886, 0.007272 ],
      "X_22" : [ -0.000340, -0.000152, -0.000053, -0.000092, 0.000399, 0.000264, -0.000144, 0.000116, -0.000708, 0.000710 ],
      "X_23" : [ 0.000002, 0.000008, 0.000005, 0.000004, -0.000018, 0.000006, 0.000015, 0.000008, 0.000004, -0.000033 ],
      "X_24" : [ 0.000000, 0.000000, 0.000000, 0.000000, 0.000000, 0.000000, 0.000000, 0.000000, 0.000000, 0.000000 ],
      "X_25" : [ -0.000175, -0.000115, -0.000021, -0.000126, 0.000396, -0.000697, -0.000088, 0.000019, 0.000742, 0.000065 ],
      "X_26" : [ -0.002117, -0.000151, 0.000542, -0.000830, 0.000492, -0.000247, 0.000628, -0.000159, 0.001018, 0.000824 ],
      "X_27" : [ -0.003854, -0.000567, 0.000315, 0.000210, 0.000987, -0.000910, 0.000527, 0.001125, 0.000278, 0.001889 ],
      "X_28" : [ -0.000848, 0.000277, -0.000001, -0.000299, 0.000944, 0.000036, 0.000496, 0.000183, 0.000113, -0.000901 ],
      "X_29" : [ -0.001173, -0.002443, -0.000419, -0.000289, -0.000794, -0.000315, 0.001207, -0.000512, -0.003048, 0.007786 ],
      "X_30" : [ -0.000947, -0.000490, -0.000089, 0.000117, 0.000151, -0.000418, -0.000127, 0.000114, 0.000305, 0.001385 ],
      "X_31" : [ 0.000000, 0.000000, 0.000000, 0.000000, 0.000000, 0.000000, 0.000000, 0.000000, 0.000000, 0.000000 ],
      "X_32" : [ 0.000000, 0.000000, 0.000000, 0.000000, 0.000000, 0.000000, 0.000000, 0.000000, 0.000000, 0.000000 ],
      "X_33" : [ -0.000795, -0.000888, 0.000062, 0.000304, -0.000969, 0.000122, 0.000327, 0.000794, -0.000134, 0.001178 ],
      "X_34" : [ -0.002409, -0.003763, 0.000080, -0.000317, -0.000043, 0.000059, -0.001179, 0.001572, 0.001417, 0.004582 ],
      "X_35" : [ 0.001159, 0.000059, 0.000029, -0.000772, -0.000181, -0.002063, -0.000548, -0.000091, -0.004417, 0.006824 ],
      "X_36" : [ -0.001189, 0.000080, -0.001014, -0.000418, -0.000610, 0.000021, -0.000328, -0.002107, -0.004370, 0.009934 ],
      "X_37" : [ -0.000042, -0.000646, -0.000526, 0.000007, -0.000084, 0.001176, 0.000306, -0.000222, -0.001351, 0.001380 ],
      "X_38" : [ -0.000437, 0.001003, 0.000162, -0.000381, -0.000291, 0.000155, 0.000164, -0.000207, -0.001791, 0.001624 ],
      "X_39" : [ 0.000000, 0.000000, 0.000000, 0.000000, 0.000000, 0.000000, 0.000000, 0.000000, 0.000000, 0.000000 ],
      "X_40" : [ 0.000000, 0.000000, 0.000000, 0.000000, 0.000000, 0.000000, 0.000000, 0.000000, 0.000000, 0.000000 ],
      "X_41" : [ 0.000376, -0.000411, 0.000013, -0.000113, -0.000804, 0.000207, 0.000018, 0.000070, 0.000266, 0.000377 ],
      "X_42" : [ -0.003962, 0.002099, -0.000359, -0.000088, -0.000917, -0.000932, 0.000273, 0.000963, 0.000772, 0.002151 ],
      "X_43" : [ -0.004382, 0.000913, -0.000002, 0.000165, -0.000707, 0.000248, 0.000308, 0.000156, -0.003201, 0.006502 ],
      "X_44" : [ -0.003493, -0.000242, -0.000178, 0.000566, -0.000941, -0.000050, 0.000254, -0.000043, -0.006066, 0.010194 ],
      "X_45" : [ -0.000435, 0.000113, 0.000289, 0.000300, -0.001081, -0.000622, -0.000252, 0.000632, -0.000147, 0.001203 ],
      "X_46" : [ 0.000624, 0.000970, -0.000046, -0.000240, -0.000175, 0.000646, 0.000657, -0.000830, -0.002753, 0.001147 ],
      "X_47" : [ 0.000000, 0.000000, 0.000000, 0.000000, 0.000000, 0.000000, 0.000000, 0.000000, 0.000000, 0.000000 ],
      "X_48" : [ -0.000021, 0.000019, 0.000031, 0.000017, -0.000027, 0.000011, -0.000003, 0.000029, 0.000042, -0.000098 ],
      "X_49" : [ -0.000201, -0.000276, 0.000349, -0.000061, -0.000285, 0.000039, 0.000086, 0.000322, -0.000267, 0.000294 ],
      "X_50" : [ -0.000310, -0.001906, -0.000014, 0.000345, -0.001617, 0.001034, 0.000278, -0.002400, 0.003280, 0.001310 ],
      "X_51" : [ -0.000271, 0.000467, -0.000119, -0.000450, -0.001087, -0.000235, -0.000068, 0.000737, 0.000288, 0.000737 ],
      "X_52" : [ 0.000446, -0.000531, -0.000310, 0.000124, -0.000868, -0.000830, 0.000081, -0.000207, -0.000449, 0.002545 ],
      "X_53" : [ -0.000890, -0.000135, -0.000095, -0.000129, -0.000406, -0.000250, 0.001052, -0.002019, 0.003289, -0.000418 ],
      "X_54" : [ 0.000160, 0.000591, 0.000418, 0.000214, 0.000049, 0.000220, -0.000002, -0.000154, -0.001387, -0.000109 ],
      "X_55" : [ -0.000025, -0.000227, 0.000100, 0.000053, 0.000045, 0.000067, 0.000001, -0.000026, 0.000004, 0.000009 ],
      "X_56" : [ 0.000001, 0.000001, 0.000004, 0.000000, 0.000000, -0.000000, -0.000012, 0.000001, 0.000002, 0.000001 ],
      "X_57" : [ 0.000003, -0.000100, -0.000063, -0.000008, -0.000063, -0.000036, -0.000024, -0.000021, 0.000311, 0.000002 ],
      "X_58" : [ -0.000619, -0.000879, -0.000093, -0.000412, -0.000142, 0.000151, -0.000154, 0.000274, 0.001143, 0.000730 ],
      "X_59" : [ -0.000024, -0.001115, -0.000224, -0.000018, -0.001721, 0.000296, 0.000568, -0.000061, 0.000754, 0.001546 ],
      "X_60" : [ 0.000055, 0.000173, 0.000317, -0.000026, -0.000158, 0.000235, 0.000310, -0.004108, 0.000248, 0.002954 ],
      "X_61" : [ -0.000278, 0.001221, 0.000071, -0.000387, 0.000361, -0.001433, -0.000316, -0.000282, 0.000463, 0.000580 ],
      "X_62" : [ -0.000176, -0.000859, 0.000121, -0.000213, 0.000429, 0.000102, -0.000265, -0.000070, 0.000844, 0.000087 ],
      "X_63" : [ -0.000017, -0.000259, 0.000080, 0.000073, 0.000063, 0.000096, 0.000033, -0.000048, 0.000110, -0.000131 ]   
   },