{
   "Contributions" : {
      "X_0" : [ -0.004820, 0.004820 ],
      "X_1" : [ -0.023889, 0.023889 ],
      "X_2" : [ -0.001848, 0.001848 ],
      "X_3" : [ -0.004948, 0.004948 ],
      "X_4" : [ -0.012319, 0.012319 ],
      "X_5" : [ -0.004149, 0.004149 ],
      "X_6" : [ -0.003704, 0.003704 ],
      "X_7" : [ -0.001531, 0.001531 ],
      "X_8" : [ -0.002788, 0.002788 ],
      "X_9" : [ 0.000014, -0.000014 ],
      "X_10" : [ -0.004063, 0.004063 ],
      "X_11" : [ -0.004815, 0.004815 ],
      "X_12" : [ -0.004673, 0.004673 ],
      "X_13" : [ 0.001811, -0.001811 ],
      "X_14" : [ -0.009976, 0.009976 ],
      "X_15" : [ 0.002020, -0.002020 ],
      "X_16" : [ -0.004469, 0.004469 ],
      "X_17" : [ -0.005969, 0.005969 ],
      "X_18" : [ -0.002519, 0.002519 ],
      "X_19" : [ -0.000289, 0.000289 ],
      "X_20" : [ -0.001101, 0.001101 ],
      "X_21" : [ -0.008655, 0.008655 ],
      "X_22" : [ -0.003909, 0.003909 ],
      "X_23" : [ -0.022959, 0.022959 ],
      "X_24" : [ -0.007486, 0.007486 ],
      "X_25" : [ -0.004089, 0.004089 ],
      "X_26" : [ -0.001614, 0.001614 ],
      "X_27" : [ -0.000313, 0.000313 ],
      "X_28" : [ -0.019993, 0.019993 ],
      "X_29" : [ -0.001645, 0.001645 ],
      "X_30" : [ 0.001481, -0.001481 ],
      "X_31" : [ -0.009668, 0.009668 ],
      "X_32" : [ -0.004709, 0.004709 ],
      "X_33" : [ -0.003430, 0.003430 ],
      "X_34" : [ -0.006050, 0.006050 ],
      "X_35" : [ -0.013777, 0.013777 ],
      "X_36" : [ -0.005718, 0.005718 ],
      "X_37" : [ -0.009387, 0.009387 ],
      "X_38" : [ -0.002428, 0.002428 ],
      "X_39" : [ -0.004889, 0.004889 ],
      "X_40" : [ -0.007405, 0.007405 ],
      "X_41" : [ -0.003738, 0.003738 ],
      "X_42" : [ -0.000775, 0.000775 ],
      "X_43" : [ -0.000771, 0.000771 ],
      "X_44" : [ -0.013426, 0.013426 ],
      "X_45" : [ -0.000505, 0.000505 ],
      "X_46" : [ -0.003096, 0.003096 ],
      "X_47" : [ -0.004638, 0.004638 ],
      "X_48" : [ -0.003713, 0.003713 ],
      "X_49" : [ -0.005912, 0.005912 ],
      "X_50" : [ -0.002891, 0.002891 ],
      "X_51" : [ -0.005798, 0.005798 ],
      "X_52" : [ -0.000155, 0.000155 ],
      "X_53" : [ -0.007387, 0.007387 ],
      "X_54" : [ -0.007934, 0.007934 ],
      "X_55" : [ -0.010450, 0.010450 ],
      "X_56" : [ -0.003332, 0.003332 ],
      "X_57" : [ -0.003520, 0.003520 ],
      "X_58" : [ -0.003919, 0.003919 ],
      "X_59" : [ -0.007634, 0.007634 ],
      "X_60" : [ -0.005479, 0.005479 ],
      "X_61" : [ -0.053789, 0.053789 ],
      "X_62" : [ -0.012232, 0.012232 ],
      "X_63" : [ -0.008862, 0.008862 ],
      "X_64" : [ -0.000929, 0.000929 ],
      "X_65" : [ -0.005502, 0.005502 ],
      "X_66" : [ -0.002374, 0.002374 ],
      "X_67" : [ -0.002712, 0.002712 ],
      "X_68" : [ -0.004305, 0.004305 ],
      "X_69" : [ -0.005547, 0.005547 ],
      "X_70" : [ -0.008079, 0.008079 ],
      "X_71" : [ -0.003696, 0.003696 ],
      "X_72" : [ -0.001456, 0.001456 ],
      "X_73" : [ -0.011729, 0.011729 ],
      "X_74" : [ -0.003220, 0.003220 ],
      "X_75" : [ -0.005305, 0.005305 ],
      "X_76" : [ -0.001570, 0.001570 ],
      "X_77" : [ -0.012750, 0.012750 ],
      "X_78" : [ -0.003172, 0.003172 ],
      "X_79" : [ -0.002015, 0.002015 ],
      "X_80" : [ -0.014218, 0.014218 ],
      "X_81" : [ -0.008089, 0.008089 ],
      "X_82" : [ -0.006438, 0.006438 ],
      "X_83" : [ -0.002280, 0.002280 ],
      "X_84" : [ -0.009857, 0.009857 ],
      "X_85" : [ -0.001747, 0.001747 ],
      "X_86" : [ -0.005228, 0.005228 ],
      "X_87" : [ -0.000283, 0.000283 ],
      "X_88" : [ -0.006168, 0.006168 ],
      "X_89" : [ -0.000533, 0.000533 ],
      "X_90" : [ -0.005927, 0.005927 ],
      "X_91" : [ -0.003081, 0.003081 ],
      "X_92" : [ -0.002345, 0.002345 ],
      "X_93" : [ -0.015533, 0.015533 ],
      "X_94" : [ -0.001045, 0.001045 ],
      "X_95" : [ -0.005470, 0.005470 ],
      "X_96" : [ -0.016664, 0.016664 ],
      "X_97" : [ -0.001991, 0.001991 ],
      "X_98" : [ -0.006159, 0.006159 ],
      "X_99" : [ -0.011437, 0.011437 ]   
   },
   "Most_Contributive_Features_By_Class" : {
      "class_0" : [ 61, 1, 23, 28, 96, 93, 80, 35, 44, 77 ],
      "class_1" : [ 61, 1, 23, 28, 96, 93, 80, 35, 44, 77 ]
   }
}