{
   "Contributions" : {
      "X_0" : [ -0.004179, 0.004179 ],
      "X_1" : [ -0.024929, 0.024929 ],
      "X_2" : [ -0.001297, 0.001297 ],
      "X_3" : [ -0.005311, 0.005311 ],
      "X_4" : [ -0.007502, 0.007502 ],
      "X_5" : [ -0.005024, 0.005024 ],
      "X_6" : [ -0.005501, 0.005501 ],
      "X_7" : [ -0.002736, 0.002736 ],
      "X_8" : [ -0.001094, 0.001094 ],
      "X_9" : [ -0.003689, 0.003689 ],
      "X_10" : [ 0.001019, -0.001019 ],
      "X_11" : [ -0.006183, 0.006183 ],
      "X_12" : [ -0.004122, 0.004122 ],
      "X_13" : [ -0.005946, 0.005946 ],
      "X_14" : [ -0.010341, 0.010341 ],
      "X_15" : [ -0.003556, 0.003556 ],
      "X_16" : [ -0.001810, 0.001810 ],
      "X_17" : [ -0.006120, 0.006120 ],
      "X_18" : [ -0.003188, 0.003188 ],
      "X_19" : [ -0.004908, 0.004908 ],
      "X_20" : [ -0.008576, 0.008576 ],
      "X_21" : [ -0.007285, 0.007285 ],
      "X_22" : [ -0.004235, 0.004235 ],
      "X_23" : [ -0.020224, 0.020224 ],
      "X_24" : [ -0.006234, 0.006234 ],
      "X_25" : [ 0.001929, -0.001929 ],
      "X_26" : [ -0.002231, 0.002231 ],
      "X_27" : [ 0.000497, -0.000497 ],
      "X_28" : [ -0.015642, 0.015642 ],
      "X_29" : [ -0.004448, 0.004448 ],
      "X_30" : [ -0.001110, 0.001110 ],
      "X_31" : [ -0.007154, 0.007154 ],
      "X_32" : [ -0.006171, 0.006171 ],
      "X_33" : [ -0.005586, 0.005586 ],
      "X_34" : [ -0.001389, 0.001389 ],
      "X_35" : [ -0.010025, 0.010025 ],
      "X_36" : [ -0.002986, 0.002986 ],
      "X_37" : [ -0.005704, 0.005704 ],
      "X_38" : [ -0.000838, 0.000838 ],
      "X_39" : [ -0.004102, 0.004102 ],
      "X_40" : [ -0.004057, 0.004057 ],
      "X_41" : [ -0.001969, 0.001969 ],
      "X_42" : [ 0.000960, -0.000960 ],
      "X_43" : [ -0.002756, 0.002756 ],
      "X_44" : [ -0.008871, 0.008871 ],
      "X_45" : [ -0.012554, 0.012554 ],
      "X_46" : [ -0.003321, 0.003321 ],
      "X_47" : [ -0.004688, 0.004688 ],
      "X_48" : [ -0.008424, 0.008424 ],
      "X_49" : [ -0.009663, 0.009663 ],
      "X_50" : [ -0.007151, 0.007151 ],
      "X_51" : [ -0.005673, 0.005673 ],
      "X_52" : [ -0.002796, 0.002796 ],
      "X_53" : [ -0.011223, 0.011223 ],
      "X_54" : [ -0.015610, 0.015610 ],
      "X_55" : [ -0.005303, 0.005303 ],
      "X_56" : [ -0.005316, 0.005316 ],
      "X_57" : [ -0.002473, 0.002473 ],
      "X_58" : [ -0.007401, 0.007401 ],
      "X_59" : [ -0.003975, 0.003975 ],
      "X_60" : [ -0.002626, 0.002626 ],
      "X_61" : [ -0.077637, 0.077637 ],
      "X_62" : [ -0.014570, 0.014570 ],
      "X_63" : [ -0.005097, 0.005097 ],
      "X_64" : [ -0.004386, 0.004386 ],
      "X_65" : [ -0.005448, 0.005448 ],
      "X_66" : [ -0.003440, 0.003440 ],
      "X_67" : [ -0.006895, 0.006895 ],
      "X_68" : [ -0.005796, 0.005796 ],
      "X_69" : [ -0.005925, 0.005925 ],
      "X_70" : [ -0.011619, 0.011619 ],
      "X_71" : [ -0.007611, 0.007611 ],
      "X_72" : [ -0.000880, 0.000880 ],
      "X_73" : [ -0.009048, 0.009048 ],
      "X_74" : [ -0.002512, 0.002512 ],
      "X_75" : [ -0.005000, 0.005000 ],
      "X_76" : [ -0.000885, 0.000885 ],
      "X_77" : [ -0.009250, 0.009250 ],
      "X_78" : [ -0.007526, 0.007526 ],
      "X_79" : [ -0.002521, 0.002521 ],
      "X_80" : [ -0.011103, 0.011103 ],
      "X_81" : [ -0.013328, 0.013328 ],
      "X_82" : [ -0.003198, 0.003198 ],
      "X_83" : [ -0.003527, 0.003527 ],
      "X_84" : [ -0.010792, 0.010792 ],
      "X_85" : [ -0.002415, 0.002415 ],
      "X_86" : [ -0.005342, 0.005342 ],
      "X_87" : [ -0.004497, 0.004497 ],
      "X_88" : [ -0.006576, 0.006576 ],
      "X_89" : [ -0.002095, 0.002095 ],
      "X_90" : [ -0.002180, 0.002180 ],
      "X_91" : [ -0.002294, 0.002294 ],
      "X_92" : [ -0.002651, 0.002651 ],
      "X_93" : [ -0.015620, 0.015620 ],
      "X_94" : [ -0.001424, 0.001424 ],
      "X_95" : [ -0.004038, 0.004038 ],
      "X_96" : [ -0.002675, 0.002675 ],
      "X_97" : [ -0.001137, 0.001137 ],
      "X_98" : [ -0.015773, 0.015773 ],
      "X_99" : [ -0.010779, 0.010779 ]   
   },
   "Most_Contributive_Features_By_Class" : {
      "class_0" : [ 61, 1, 23, 98, 28, 93, 54, 62, 81, 45 ],
      "class_1" : [ 61, 1, 23, 98, 28, 93, 54, 62, 81, 45 ]
   }
}