{
   "Contributions" : {
      "X_0" : [ -0.000380, 0.000215, 0.000165 ],
      "X_1" : [ 0.000209, -0.000033, -0.000176 ],
      "X_2" : [ -0.001660, -0.000391, 0.002051 ],
      "X_3" : [ 0.000476, -0.000198, -0.000278 ]   
   },
   "Most_Contributive_Features_By_Class" : {
      "class_0" : [ 2, 3, 0, 1 ],
      "class_1" : [ 2, 0, 3, 1 ],
      "class_2" : [ 2, 3, 1, 0 ]
   }
}