{
   "Contributions" : {
      "X_0" : [ 0.001344, -0.001136, -0.000208 ],
      "X_1" : [ 0.002481, 0.004527, -0.007008 ],
      "X_2" : [ -0.008156, 0.001213, 0.006943 ],
      "X_3" : [ -0.001652, 0.001050, 0.000601 ]   
   },
   "Most_Contributive_Features_By_Class" : {
      "class_0" : [ 2, 1, 3, 0 ],
      "class_1" : [ 1, 2, 0, 3 ],
      "class_2" : [ 1, 2, 3, 0 ]
   }
}