{
	"metadata" : { "model" : "Breiman_CART", "version" : "2024-W12", "signature" : "ff4_il8"},
	"options" : { "ccp_alpha" : 0.000000, "criterion" : "", "max_depth" : 6, "max_features" : null, "max_leaf_nodes" : 32, "min_impurity_decrease" : 0.000000, "min_samples_leaf" : 1, "min_samples_split" : 2, "min_weight_fraction_leaf" : 0.000000, "random_state" : 1789, "splitter" : "best" },
	"dataset" : { "dataset_rows" : 1024, "dataset_features" : 10 },
	"classes" : [ 0, 1, 2, 3 ],
	"tree" : {
	"features" : 10,
	"outputs" : 4,
	"max_depth" : 5,
	"node_count" : 63,
	"nodes" : {
		"node_00" : {"left" : 1, "right" : 2, "feature" : 7, "threshold" : -0.042639, "impurity" : 0.749994, "n_samples" : 1024, "w_samples" : 1024.000000, "value" : [0.250000, 0.249023, 0.251953, 0.249023]},
		"node_01" : {"left" : 35, "right" : 36, "feature" : 3, "threshold" : 1.974344, "impurity" : 0.699728, "n_samples" : 613, "w_samples" : 613.000000, "value" : [0.336052, 0.075041, 0.230016, 0.358891]},
		"node_02" : {"left" : 3, "right" : 4, "feature" : 8, "threshold" : 0.031136, "impurity" : 0.638322, "n_samples" : 411, "w_samples" : 411.000000, "value" : [0.121655, 0.508516, 0.284672, 0.085158]},
		"node_03" : {"left" : 5, "right" : 6, "feature" : 3, "threshold" : 1.529362, "impurity" : 0.602076, "n_samples" : 170, "w_samples" : 170.000000, "value" : [0.158824, 0.123529, 0.582353, 0.135294]},
		"node_04" : {"left" : 11, "right" : 12, "feature" : 3, "threshold" : 1.383315, "impurity" : 0.374305, "n_samples" : 241, "w_samples" : 241.000000, "value" : [0.095436, 0.780083, 0.074689, 0.049793]},
		"node_05" : {"left" : 19, "right" : 20, "feature" : 8, "threshold" : -1.204945, "impurity" : 0.522370, "n_samples" : 148, "w_samples" : 148.000000, "value" : [0.162162, 0.141892, 0.655405, 0.040541]},
		"node_06" : {"left" : 7, "right" : 8, "feature" : 8, "threshold" : -0.391623, "impurity" : 0.376033, "n_samples" : 22, "w_samples" : 22.000000, "value" : [0.136364, 0.000000, 0.090909, 0.772727]},
		"node_07" : {"left" : 9, "right" : 10, "feature" : 0, "threshold" : -1.365016, "impurity" : 0.188366, "n_samples" : 19, "w_samples" : 19.000000, "value" : [0.000000, 0.000000, 0.105263, 0.894737]},
		"node_08" : {"left" : null, "right" : null, "feature" : null, "threshold" : null, "impurity" : 0.000000, "n_samples" : 3, "w_samples" : 3.000000, "value" : [1.000000, 0.000000, 0.000000, 0.000000]},
		"node_09" : {"left" : null, "right" : null, "feature" : null, "threshold" : null, "impurity" : 0.000000, "n_samples" : 1, "w_samples" : 1.000000, "value" : [0.000000, 0.000000, 1.000000, 0.000000]},
		"node_10" : {"left" : 27, "right" : 28, "feature" : 6, "threshold" : 2.287767, "impurity" : 0.104938, "n_samples" : 18, "w_samples" : 18.000000, "value" : [0.000000, 0.000000, 0.055556, 0.944444]},
		"node_11" : {"left" : null, "right" : null, "feature" : null, "threshold" : null, "impurity" : 0.302695, "n_samples" : 222, "w_samples" : 222.000000, "value" : [0.045045, 0.828829, 0.076577, 0.049550]},
		"node_12" : {"left" : 13, "right" : 14, "feature" : 1, "threshold" : -0.681976, "impurity" : 0.481994, "n_samples" : 19, "w_samples" : 19.000000, "value" : [0.684211, 0.210526, 0.052632, 0.052632]},
		"node_13" : {"left" : null, "right" : null, "feature" : null, "threshold" : null, "impurity" : 0.000000, "n_samples" : 13, "w_samples" : 13.000000, "value" : [1.000000, 0.000000, 0.000000, 0.000000]},
		"node_14" : {"left" : 15, "right" : 16, "feature" : 1, "threshold" : 0.249662, "impurity" : 0.500000, "n_samples" : 6, "w_samples" : 6.000000, "value" : [0.000000, 0.666667, 0.166667, 0.166667]},
		"node_15" : {"left" : 17, "right" : 18, "feature" : 4, "threshold" : -0.995733, "impurity" : 0.500000, "n_samples" : 2, "w_samples" : 2.000000, "value" : [0.000000, 0.000000, 0.500000, 0.500000]},
		"node_16" : {"left" : null, "right" : null, "feature" : null, "threshold" : null, "impurity" : 0.000000, "n_samples" : 4, "w_samples" : 4.000000, "value" : [0.000000, 1.000000, 0.000000, 0.000000]},
		"node_17" : {"left" : null, "right" : null, "feature" : null, "threshold" : null, "impurity" : 0.000000, "n_samples" : 1, "w_samples" : 1.000000, "value" : [0.000000, 0.000000, 0.000000, 1.000000]},
		"node_18" : {"left" : null, "right" : null, "feature" : null, "threshold" : null, "impurity" : 0.000000, "n_samples" : 1, "w_samples" : 1.000000, "value" : [0.000000, 0.000000, 1.000000, 0.000000]},
		"node_19" : {"left" : 29, "right" : 30, "feature" : 0, "threshold" : -0.113381, "impurity" : 0.188466, "n_samples" : 58, "w_samples" : 58.000000, "value" : [0.086207, 0.000000, 0.896552, 0.017241]},
		"node_20" : {"left" : 21, "right" : 22, "feature" : 7, "threshold" : 0.978789, "impurity" : 0.647901, "n_samples" : 90, "w_samples" : 90.000000, "value" : [0.211111, 0.233333, 0.500000, 0.055556]},
		"node_21" : {"left" : 25, "right" : 26, "feature" : 0, "threshold" : 1.132019, "impurity" : 0.699838, "n_samples" : 43, "w_samples" : 43.000000, "value" : [0.372093, 0.162791, 0.348837, 0.116279]},
		"node_22" : {"left" : 23, "right" : 24, "feature" : 3, "threshold" : -0.570130, "impurity" : 0.499774, "n_samples" : 47, "w_samples" : 47.000000, "value" : [0.063830, 0.297872, 0.638298, 0.000000]},
		"node_23" : {"left" : null, "right" : null, "feature" : null, "threshold" : null, "impurity" : 0.584444, "n_samples" : 30, "w_samples" : 30.000000, "value" : [0.100000, 0.433333, 0.466667, 0.000000]},
		"node_24" : {"left" : null, "right" : null, "feature" : null, "threshold" : null, "impurity" : 0.110727, "n_samples" : 17, "w_samples" : 17.000000, "value" : [0.000000, 0.058824, 0.941176, 0.000000]},
		"node_25" : {"left" : null, "right" : null, "feature" : null, "threshold" : null, "impurity" : 0.718090, "n_samples" : 33, "w_samples" : 33.000000, "value" : [0.242424, 0.212121, 0.393939, 0.151515]},
		"node_26" : {"left" : null, "right" : null, "feature" : null, "threshold" : null, "impurity" : 0.320000, "n_samples" : 10, "w_samples" : 10.000000, "value" : [0.800000, 0.000000, 0.200000, 0.000000]},
		"node_27" : {"left" : null, "right" : null, "feature" : null, "threshold" : null, "impurity" : 0.500000, "n_samples" : 2, "w_samples" : 2.000000, "value" : [0.000000, 0.000000, 0.500000, 0.500000]},
		"node_28" : {"left" : null, "right" : null, "feature" : null, "threshold" : null, "impurity" : 0.000000, "n_samples" : 16, "w_samples" : 16.000000, "value" : [0.000000, 0.000000, 0.000000, 1.000000]},
		"node_29" : {"left" : 33, "right" : 34, "feature" : 9, "threshold" : -1.782647, "impurity" : 0.112265, "n_samples" : 51, "w_samples" : 51.000000, "value" : [0.039216, 0.000000, 0.941176, 0.019608]},
		"node_30" : {"left" : 31, "right" : 32, "feature" : 5, "threshold" : -0.159548, "impurity" : 0.489796, "n_samples" : 7, "w_samples" : 7.000000, "value" : [0.428571, 0.000000, 0.571429, 0.000000]},
		"node_31" : {"left" : null, "right" : null, "feature" : null, "threshold" : null, "impurity" : 0.000000, "n_samples" : 3, "w_samples" : 3.000000, "value" : [0.000000, 0.000000, 1.000000, 0.000000]},
		"node_32" : {"left" : null, "right" : null, "feature" : null, "threshold" : null, "impurity" : 0.375000, "n_samples" : 4, "w_samples" : 4.000000, "value" : [0.750000, 0.000000, 0.250000, 0.000000]},
		"node_33" : {"left" : null, "right" : null, "feature" : null, "threshold" : null, "impurity" : 0.666667, "n_samples" : 3, "w_samples" : 3.000000, "value" : [0.333333, 0.000000, 0.333333, 0.333333]},
		"node_34" : {"left" : null, "right" : null, "feature" : null, "threshold" : null, "impurity" : 0.040799, "n_samples" : 48, "w_samples" : 48.000000, "value" : [0.020833, 0.000000, 0.979167, 0.000000]},
		"node_35" : {"left" : 41, "right" : 42, "feature" : 3, "threshold" : 0.268450, "impurity" : 0.703237, "n_samples" : 572, "w_samples" : 572.000000, "value" : [0.300699, 0.080420, 0.244755, 0.374126]},
		"node_36" : {"left" : 37, "right" : 38, "feature" : 8, "threshold" : -0.654113, "impurity" : 0.290303, "n_samples" : 41, "w_samples" : 41.000000,