{
   "Contributions" : {
      "X_0" : [ -0.003440 ],
      "X_1" : [ -0.037349 ],
      "X_2" : [ 0.540040 ],
      "X_3" : [ -126.362328 ],
      "X_4" : [ -23.101954 ],
      "X_5" : [ 51.780170 ],
      "X_6" : [ -3.060203 ],
      "X_7" : [ 0.029895 ],
      "X_8" : [ 0.000000 ]   
   },
   "Most_Contributive_Features" : {
      "y" : [ 3, 5, 4, 6, 2, 1, 7, 0 ]
   }
}