{
   "Contributions" : {
      "X_0" : [ 0.006499, -0.006499 ],
      "X_1" : [ -0.029797, 0.029797 ],
      "X_2" : [ -0.009196, 0.009196 ],
      "X_3" : [ 0.008409, -0.008409 ],
      "X_4" : [ -0.023949, 0.023949 ],
      "X_5" : [ -0.051108, 0.051108 ],
      "X_6" : [ -0.021315, 0.021315 ],
      "X_7" : [ 0.003709, -0.003709 ],
      "X_8" : [ -0.019645, 0.019645 ],
      "X_9" : [ 0.002444, -0.002444 ]   
   },
   "Most_Contributive_Features_By_Class" : {
      "class_0" : [ 5, 1, 4, 6, 8, 2, 3, 0, 7, 9 ],
      "class_1" : [ 5, 1, 4, 6, 8, 2, 3, 0, 7, 9 ]
   }
}