{
   "Contributions" : {
      "X_0" : [ -0.006578, 0.006578 ],
      "X_1" : [ -0.013059, 0.013059 ],
      "X_2" : [ 0.017860, -0.017860 ],
      "X_3" : [ 0.011678, -0.011678 ],
      "X_4" : [ -0.021546, 0.021546 ],
      "X_5" : [ -0.067761, 0.067761 ],
      "X_6" : [ 0.012054, -0.012054 ],
      "X_7" : [ -0.004399, 0.004399 ],
      "X_8" : [ 0.007039, -0.007039 ],
      "X_9" : [ -0.008020, 0.008020 ]   
   },
   "Most_Contributive_Features_By_Class" : {
      "class_0" : [ 5, 4, 2, 1, 6, 3, 9, 8, 0, 7 ],
      "class_1" : [ 5, 4, 2, 1, 6, 3, 9, 8, 0, 7 ]
   }
}