{
   "Contributions" : {
      "X_0" : [ -0.000303, 0.000303 ],
      "X_1" : [ -0.009207, 0.009207 ],
      "X_2" : [ 0.000201, -0.000201 ],
      "X_3" : [ -0.001031, 0.001031 ],
      "X_4" : [ -0.019791, 0.019791 ],
      "X_5" : [ -0.000575, 0.000575 ],
      "X_6" : [ 0.001065, -0.001065 ],
      "X_7" : [ 0.000464, -0.000464 ],
      "X_8" : [ -0.001403, 0.001403 ],
      "X_9" : [ 0.000128, -0.000128 ],
      "X_10" : [ -0.000375, 0.000375 ],
      "X_11" : [ -0.000320, 0.000320 ],
      "X_12" : [ 0.001031, -0.001031 ],
      "X_13" : [ -0.000019, 0.000019 ],
      "X_14" : [ 0.000251, -0.000251 ],
      "X_15" : [ -0.000272, 0.000272 ],
      "X_16" : [ 0.002205, -0.002205 ],
      "X_17" : [ 0.001200, -0.001200 ],
      "X_18" : [ 0.000674, -0.000674 ],
      "X_19" : [ 0.000326, -0.000326 ],
      "X_20" : [ -0.000393, 0.000393 ],
      "X_21" : [ 0.001715, -0.001715 ],
      "X_22" : [ 0.000519, -0.000519 ],
      "X_23" : [ -0.003415, 0.003415 ],
      "X_24" : [ 0.000386, -0.000386 ],
      "X_25" : [ 0.001001, -0.001001 ],
      "X_26" : [ 0.000509, -0.000509 ],
      "X_27" : [ -0.000191, 0.000191 ],
      "X_28" : [ 0.002027, -0.002027 ],
      "X_29" : [ -0.000398, 0.000398 ],
      "X_30" : [ -0.001426, 0.001426 ],
      "X_31" : [ 0.001186, -0.001186 ],
      "X_32" : [ 0.001985, -0.001985 ],
      "X_33" : [ 0.001025, -0.001025 ],
      "X_34" : [ -0.000484, 0.000484 ],
      "X_35" : [ 0.001201, -0.001201 ],
      "X_36" : [ 0.000192, -0.000192 ],
      "X_37" : [ 0.000576, -0.000576 ],
      "X_38" : [ 0.000590, -0.000590 ],
      "X_39" : [ -0.000984, 0.000984 ],
      "X_40" : [ -0.000420, 0.000420 ],
      "X_41" : [ 0.000767, -0.000767 ],
      "X_42" : [ 0.000610, -0.000610 ],
      "X_43" : [ 0.001050, -0.001050 ],
      "X_44" : [ -0.003064, 0.003064 ],
      "X_45" : [ 0.000360, -0.000360 ],
      "X_46" : [ 0.000218, -0.000218 ],
      "X_47" : [ -0.000818, 0.000818 ],
      "X_48" : [ 0.001076, -0.001076 ],
      "X_49" : [ 0.000050, -0.000050 ],
      "X_50" : [ 0.000912, -0.000912 ],
      "X_51" : [ 0.002750, -0.002750 ],
      "X_52" : [ 0.000148, -0.000148 ],
      "X_53" : [ 0.000374, -0.000374 ],
      "X_54" : [ 0.001846, -0.001846 ],
      "X_55" : [ 0.002610, -0.002610 ],
      "X_56" : [ 0.001179, -0.001179 ],
      "X_57" : [ -0.000570, 0.000570 ],
      "X_58" : [ 0.000057, -0.000057 ],
      "X_59" : [ 0.000016, -0.000016 ],
      "X_60" : [ -0.001674, 0.001674 ],
      "X_61" : [ -0.067163, 0.067163 ],
      "X_62" : [ -0.000229, 0.000229 ],
      "X_63" : [ -0.002995, 0.002995 ],
      "X_64" : [ 0.000594, -0.000594 ],
      "X_65" : [ 0.002542, -0.002542 ],
      "X_66" : [ 0.000236, -0.000236 ],
      "X_67" : [ 0.008331, -0.008331 ],
      "X_68" : [ 0.000226, -0.000226 ],
      "X_69" : [ -0.001464, 0.001464 ],
      "X_70" : [ 0.001159, -0.001159 ],
      "X_71" : [ 0.000378, -0.000378 ],
      "X_72" : [ 0.000945, -0.000945 ],
      "X_73" : [ -0.000342, 0.000342 ],
      "X_74" : [ 0.000916, -0.000916 ],
      "X_75" : [ -0.000252, 0.000252 ],
      "X_76" : [ 0.000277, -0.000277 ],
      "X_77" : [ 0.000667, -0.000667 ],
      "X_78" : [ -0.000419, 0.000419 ],
      "X_79" : [ 0.000507, -0.000507 ],
      "X_80" : [ -0.000557, 0.000557 ],
      "X_81" : [ -0.000991, 0.000991 ],
      "X_82" : [ 0.000226, -0.000226 ],
      "X_83" : [ -0.000208, 0.000208 ],
      "X_84" : [ 0.000612, -0.000612 ],
      "X_85" : [ 0.000946, -0.000946 ],
      "X_86" : [ 0.000446, -0.000446 ],
      "X_87" : [ 0.000187, -0.000187 ],
      "X_88" : [ 0.000462, -0.000462 ],
      "X_89" : [ -0.000142, 0.000142 ],
      "X_90" : [ 0.000169, -0.000169 ],
      "X_91" : [ 0.000452, -0.000452 ],
      "X_92" : [ -0.000133, 0.000133 ],
      "X_93" : [ 0.002457, -0.002457 ],
      "X_94" : [ 0.000865, -0.000865 ],
      "X_95" : [ 0.000992, -0.000992 ],
      "X_96" : [ 0.002452, -0.002452 ],
      "X_97" : [ -0.000176, 0.000176 ],
      "X_98" : [ 0.001318, -0.001318 ],
      "X_99" : [ -0.000144, 0.000144 ]   
   },
   "Most_Contributive_Features_By_Class" : {
      "class_0" : [ 61, 4, 1, 67, 23, 44, 63, 51, 55, 65 ],
      "class_1" : [ 61, 4, 1, 67, 23, 44, 63, 51, 55, 65 ]
   }
}