{
   "Contributions" : {
      "X_0" : [ 0.010009, -0.010009 ],
      "X_1" : [ 0.000081, -0.000081 ],
      "X_2" : [ -0.001023, 0.001023 ],
      "X_3" : [ -0.011617, 0.011617 ],
      "X_4" : [ 0.000706, -0.000706 ],
      "X_5" : [ -0.011047, 0.011047 ],
      "X_6" : [ 0.013771, -0.013771 ],
      "X_7" : [ 0.001359, -0.001359 ],
      "X_8" : [ -0.000058, 0.000058 ],
      "X_9" : [ 0.000080, -0.000080 ],
      "X_10" : [ 0.004458, -0.004458 ],
      "X_11" : [ 0.000140, -0.000140 ],
      "X_12" : [ -0.002444, 0.002444 ],
      "X_13" : [ 0.011604, -0.011604 ],
      "X_14" : [ -0.001667, 0.001667 ],
      "X_15" : [ -0.002000, 0.002000 ],
      "X_16" : [ -0.003176, 0.003176 ],
      "X_17" : [ -0.000558, 0.000558 ],
      "X_18" : [ 0.000034, -0.000034 ],
      "X_19" : [ 0.000884, -0.000884 ],
      "X_20" : [ -0.016759, 0.016759 ],
      "X_21" : [ 0.000021, -0.000021 ],
      "X_22" : [ 0.013484, -0.013484 ],
      "X_23" : [ 0.018742, -0.018742 ],
      "X_24" : [ -0.000056, 0.000056 ],
      "X_25" : [ -0.002901, 0.002901 ],
      "X_26" : [ 0.003422, -0.003422 ],
      "X_27" : [ 0.005895, -0.005895 ],
      "X_28" : [ -0.000230, 0.000230 ],
      "X_29" : [ 0.000129, -0.000129 ]   
   },
   "Most_Contributive_Features_By_Class" : {
      "class_0" : [ 23, 20, 6, 22, 3, 13, 5, 0, 27, 10 ],
      "class_1" : [ 23, 20, 6, 22, 3, 13, 5, 0, 27, 10 ]
   }
}