{
	"metadata" : { "model" : "Tikhonov_Ridge", "version" : "2024-W13", "signature" : "ff4_il8"},
	"options" : { "alpha" : 1.000000, "random_state" : 1789 },
	"dataset" : { "dataset_rows" : 569, "dataset_features" : 30 },
	"classes" : [ 0, 1 ],
	"equations" : {
		"class_1" : {
			"intercept" : 2.004765,
			"coeffs" : [ -0.077149, -0.058295, 0.008096, 0.085479, -0.017257, 0.071130, -0.122585, -0.009778, 0.005011, -0.005505, -0.024442, 0.004890, 0.015023, -0.062571, -0.024502, 0.022086, 0.042519, 0.007161, 0.018921, -0.019398, 0.099619, 0.001586, -0.113484, -0.117359, -0.013007, 0.020615, -0.028158, -0.046539, -0.049812, -0.003877 ]
		}
	}
}