{
   "Contributions" : {
      "X_0" : [ 0.014547, -0.014547 ],
      "X_1" : [ -0.000256, 0.000256 ],
      "X_2" : [ -0.002154, 0.002154 ],
      "X_3" : [ -0.017749, 0.017749 ],
      "X_4" : [ 0.000697, -0.000697 ],
      "X_5" : [ -0.010920, 0.010920 ],
      "X_6" : [ 0.012698, -0.012698 ],
      "X_7" : [ 0.000877, -0.000877 ],
      "X_8" : [ -0.000039, 0.000039 ],
      "X_9" : [ 0.000096, -0.000096 ],
      "X_10" : [ 0.004630, -0.004630 ],
      "X_11" : [ 0.000106, -0.000106 ],
      "X_12" : [ -0.003086, 0.003086 ],
      "X_13" : [ 0.011416, -0.011416 ],
      "X_14" : [ -0.001569, 0.001569 ],
      "X_15" : [ -0.001825, 0.001825 ],
      "X_16" : [ -0.002873, 0.002873 ],
      "X_17" : [ -0.000456, 0.000456 ],
      "X_18" : [ 0.000016, -0.000016 ],
      "X_19" : [ 0.000945, -0.000945 ],
      "X_20" : [ -0.023895, 0.023895 ],
      "X_21" : [ 0.000082, -0.000082 ],
      "X_22" : [ 0.013702, -0.013702 ],
      "X_23" : [ 0.023394, -0.023394 ],
      "X_24" : [ -0.000091, 0.000091 ],
      "X_25" : [ -0.002316, 0.002316 ],
      "X_26" : [ 0.002430, -0.002430 ],
      "X_27" : [ 0.005218, -0.005218 ],
      "X_28" : [ -0.000544, 0.000544 ],
      "X_29" : [ 0.000099, -0.000099 ]   
   },
   "Most_Contributive_Features_By_Class" : {
      "class_0" : [ 20, 23, 3, 0, 22, 6, 13, 5, 27, 10 ],
      "class_1" : [ 20, 23, 3, 0, 22, 6, 13, 5, 27, 10 ]
   }
}