{
   "Contributions" : {
      "X_0" : [ 2506.579590 ],
      "X_1" : [ -5806.933105 ],
      "X_2" : [ 1224.076172 ],
      "X_3" : [ 424.795776 ],
      "X_4" : [ -8418.309570 ],
      "X_5" : [ 11363.295898 ],
      "X_6" : [ -7623.632324 ],
      "X_7" : [ -1200.677368 ],
      "X_8" : [ 0.000000 ]   
   },
   "Most_Contributive_Features" : {
      "y" : [ 5, 4, 6, 1, 0, 2, 7, 3 ]
   }
}