{
   "Contributions" : {
      "X_0" : [ 2504.351074 ],
      "X_1" : [ -5804.144531 ],
      "X_2" : [ 1224.202515 ],
      "X_3" : [ 422.108765 ],
      "X_4" : [ -8414.148438 ],
      "X_5" : [ 11359.990234 ],
      "X_6" : [ -7621.843262 ],
      "X_7" : [ -1200.589722 ],
      "X_8" : [ 0.000000 ]   
   },
   "Most_Contributive_Features" : {
      "y" : [ 5, 4, 6, 1, 0, 2, 7, 3 ]
   }
}