{
	"metadata" : { "model" : "Tikhonov_Ridge", "version" : "2024-W14", "signature" : "ff4_ff4"},
	"options" : { "alpha" : 0.000000, "random_state" : 1789 },
	"dataset" : { "dataset_rows" : 20640, "dataset_features" : 9 },
	"equations" : {
			"intercept" : 270228.500000,
			"coeffs" : [ -23248.501953, -23922.412109, 5887.901855, -492.822052, 10715.501953, -16666.689453, 8507.838867, 24955.617188, 0.000000 ]
		}
}