{
   "Contributions" : {
      "X_0" : [ 0.000002, -0.000002 ],
      "X_1" : [ 0.000034, -0.000034 ],
      "X_2" : [ -0.000034, 0.000034 ],
      "X_3" : [ 0.009046, -0.009046 ],
      "X_4" : [ -0.000000, 0.000000 ],
      "X_5" : [ -0.000000, 0.000000 ],
      "X_6" : [ -0.000000, 0.000000 ],
      "X_7" : [ -0.000000, 0.000000 ],
      "X_8" : [ -0.000000, 0.000000 ],
      "X_9" : [ 0.000000, 0.000000 ],
      "X_10" : [ -0.000000, 0.000000 ],
      "X_11" : [ 0.000000, -0.000000 ],
      "X_12" : [ -0.000002, 0.000002 ],
      "X_13" : [ -0.000453, 0.000453 ],
      "X_14" : [ 0.000000, 0.000000 ],
      "X_15" : [ -0.000000, 0.000000 ],
      "X_16" : [ 0.000000, -0.000000 ],
      "X_17" : [ 0.000000, -0.000000 ],
      "X_18" : [ -0.000000, 0.000000 ],
      "X_19" : [ 0.000000, 0.000000 ],
      "X_20" : [ -0.000071, 0.000071 ],
      "X_21" : [ 0.000255, -0.000255 ],
      "X_22" : [ -0.000757, 0.000757 ],
      "X_23" : [ 0.013301, -0.013301 ],
      "X_24" : [ -0.000000, 0.000000 ],
      "X_25" : [ -0.000000, 0.000000 ],
      "X_26" : [ -0.000000, 0.000000 ],
      "X_27" : [ -0.000000, 0.000000 ],
      "X_28" : [ -0.000000, 0.000000 ],
      "X_29" : [ 0.000000, -0.000000 ]   
   },
   "Most_Contributive_Features_By_Class" : {
      "class_0" : [ 23, 3, 22, 13, 21, 20, 2, 1, 12, 0 ],
      "class_1" : [ 23, 3, 22, 13, 21, 20, 2, 1, 12, 0 ]
   }
}