{
   "Contributions" : {
      "X_0" : [ -5.424034 ],
      "X_1" : [ -73.737633 ],
      "X_2" : [ -1.823408 ],
      "X_3" : [ 0.200956 ]   
   },
   "Most_Contributive_Features" : {
      "y" : [ 1, 0, 2, 3 ]
   }
}