{
   "Contributions" : {
      "X_0" : [ 0.010379, -0.010379 ],
      "X_1" : [ 0.003810, -0.003810 ],
      "X_2" : [ 0.050816, -0.050816 ],
      "X_3" : [ 0.074584, -0.074584 ],
      "X_4" : [ 0.000003, -0.000003 ],
      "X_5" : [ 0.000018, -0.000018 ],
      "X_6" : [ 0.000037, -0.000037 ],
      "X_7" : [ 0.000011, -0.000011 ],
      "X_8" : [ -0.000040, 0.000040 ],
      "X_9" : [ -0.000015, 0.000015 ],
      "X_10" : [ -0.000010, 0.000010 ],
      "X_11" : [ 0.000007, -0.000007 ],
      "X_12" : [ -0.000697, 0.000697 ],
      "X_13" : [ -0.011453, 0.011453 ],
      "X_14" : [ -0.000000, 0.000000 ],
      "X_15" : [ 0.000006, -0.000006 ],
      "X_16" : [ -0.000001, 0.000001 ],
      "X_17" : [ -0.000001, 0.000001 ],
      "X_18" : [ -0.000001, 0.000001 ],
      "X_19" : [ -0.000007, 0.000007 ],
      "X_20" : [ -0.004000, 0.004000 ],
      "X_21" : [ 0.005704, -0.005704 ],
      "X_22" : [ -0.023587, 0.023587 ],
      "X_23" : [ 0.202053, -0.202053 ],
      "X_24" : [ -0.000007, 0.000007 ],
      "X_25" : [ -0.000088, 0.000088 ],
      "X_26" : [ -0.000003, 0.000003 ],
      "X_27" : [ -0.000039, 0.000039 ],
      "X_28" : [ 0.000022, -0.000022 ],
      "X_29" : [ 0.000003, -0.000003 ]   
   },
   "Most_Contributive_Features_By_Class" : {
      "class_0" : [ 23, 3, 2, 22, 13, 0, 21, 20, 1, 12 ],
      "class_1" : [ 23, 3, 2, 22, 13, 0, 21, 20, 1, 12 ]
   }
}