{
   "Contributions" : {
      "X_0" : [ 0.293223 ],
      "X_1" : [ -1.096555 ],
      "X_2" : [ 0.343560 ],
      "X_3" : [ -1.715128 ],
      "X_4" : [ -0.961914 ],
      "X_5" : [ -0.286577 ],
      "X_6" : [ 0.442655 ],
      "X_7" : [ 0.384872 ],
      "X_8" : [ 7.724226 ],
      "X_9" : [ 0.940501 ]   
   },
   "Most_Contributive_Features" : {
      "y" : [ 8, 3, 1, 4, 9, 6, 7, 2, 0, 5 ]
   }
}