{
   "Contributions" : {
      "X_0" : [ -0.002590 ],
      "X_1" : [ 0.003317 ],
      "X_2" : [ 0.000000 ],
      "X_3" : [ 0.000005 ]   
   },
   "Most_Contributive_Features" : {
      "y" : [ 1, 0, 3, 2 ]
   }
}