{
	"metadata" : { "model" : "Vapnik_NuSVR_RBF", "version" : "2024-W13", "signature" : "ff4_ff4"},
	"options" : {"svm_type" : "nu_svr", "kernel" : "rbf", "degree" : 3, "gamma" : 0.000001, "coef0" : 0.000000, "cache_size" : 300, "tol" : 0.001000, "nu" : 0.100000, "epsilon" : 0.000000, "shrinking" : 0, "probability" : 0, "C" : 1.000000, "max_iter" : 128, "random_state" : 1789 },
	"dataset" : { "dataset_rows" : 100, "dataset_features" : 4 },
	"svm_model" : {
	"classes" : 2,
	"L" : 14,
	"SupportVectors" : {
		"SV_00" : [ 64.806686, 1046.145874, 0.071195, 8.048056 ],
		"SV_01" : [ 7.321981, 487.752838, 0.993317, 5.340956 ],
		"SV_02" : [ 76.304665, 377.450928, 0.181362, 6.939103 ],
		"SV_03" : [ 7.606344, 1112.226562, 0.732761, 6.140375 ],
		"SV_04" : [ 85.125381, 1049.026855, 0.039136, 3.186899 ],
		"SV_05" : [ 29.812233, 273.763794, 0.971798, 6.207578 ],
		"SV_06" : [ 2.070305, 957.545105, 0.737876, 2.535709 ],
		"SV_07" : [ 75.648438, 442.560303, 0.035123, 1.334146 ],
		"SV_08" : [ 1.405850, 1607.972168, 0.402955, 9.850420 ],
		"SV_09" : [ 17.373148, 483.680237, 0.685229, 2.728044 ],
		"SV_10" : [ 97.541664, 130.009232, 0.366127, 5.345118 ],
		"SV_11" : [ 85.409492, 865.747681, 0.002107, 1.657108 ],
		"SV_12" : [ 7.737632, 682.638123, 0.943330, 1.569080 ],
		"SV_13" : [ 0.743929, 167.010742, 0.924844, 10.614025 ]
	},
	"SupportVectorsCoefs" : {
		"SV_coef_0" : [ -0.000001, 1.000000, -1.000000, 0.575501, -1.000000, 0.101836, 0.483135, -1.000000, 0.166982, 0.672546, -1.000000, -1.000000, 1.000000, 1.000000 ]
	},
	"rho" : [ -1.149071 ],
	"nSV" : [ 14 ],
	"probA" : [ ],
	"probB" : [ ],
	"n_iter" : [ 121 ]
}
}