{
   "Contributions" : {
      "X_0" : [ -0.001385, 0.001385 ],
      "X_1" : [ -0.018132, 0.018132 ],
      "X_2" : [ 0.019459, -0.019459 ],
      "X_3" : [ 0.014457, -0.014457 ],
      "X_4" : [ -0.021996, 0.021996 ],
      "X_5" : [ -0.067403, 0.067403 ],
      "X_6" : [ 0.008888, -0.008888 ],
      "X_7" : [ -0.007735, 0.007735 ],
      "X_8" : [ 0.005646, -0.005646 ],
      "X_9" : [ -0.010947, 0.010947 ]   
   },
   "Most_Contributive_Features_By_Class" : {
      "class_0" : [ 5, 4, 2, 1, 3, 9, 6, 7, 8, 0 ],
      "class_1" : [ 5, 4, 2, 1, 3, 9, 6, 7, 8, 0 ]
   }
}