{
   "Contributions" : {
      "X_0" : [ -0.002582, 0.002582 ],
      "X_1" : [ -0.001004, 0.001004 ],
      "X_2" : [ 0.015344, -0.015344 ],
      "X_3" : [ 0.010325, -0.010325 ],
      "X_4" : [ -0.013678, 0.013678 ],
      "X_5" : [ -0.068466, 0.068466 ],
      "X_6" : [ -0.001049, 0.001049 ],
      "X_7" : [ -0.003307, 0.003307 ],
      "X_8" : [ 0.005666, -0.005666 ],
      "X_9" : [ -0.006060, 0.006060 ]   
   },
   "Most_Contributive_Features_By_Class" : {
      "class_0" : [ 5, 2, 4, 3, 9, 8, 7, 0, 6, 1 ],
      "class_1" : [ 5, 2, 4, 3, 9, 8, 7, 0, 6, 1 ]
   }
}