{
   "Contributions" : {
      "X_0" : [ -0.019859 ],
      "X_1" : [ -0.018254 ],
      "X_2" : [ 0.005621 ],
      "X_3" : [ -0.054003 ],
      "X_4" : [ -0.010727 ],
      "X_5" : [ 0.003843 ],
      "X_6" : [ 0.000958 ],
      "X_7" : [ 0.025426 ],
      "X_8" : [ 0.001275 ],
      "X_9" : [ -0.032690 ]   
   },
   "Most_Contributive_Features" : {
      "y" : [ 3, 9, 7, 0, 1, 4, 2, 5, 8, 6 ]
   }
}