{
   "Contributions" : {
      "X_0" : [ -0.032350 ],
      "X_1" : [ -0.033826 ],
      "X_2" : [ 0.011191 ],
      "X_3" : [ -0.107844 ],
      "X_4" : [ -0.021725 ],
      "X_5" : [ 0.015042 ],
      "X_6" : [ 0.002812 ],
      "X_7" : [ 0.041162 ],
      "X_8" : [ 0.003966 ],
      "X_9" : [ -0.064310 ]   
   },
   "Most_Contributive_Features" : {
      "y" : [ 3, 9, 7, 1, 0, 4, 5, 2, 8, 6 ]
   }
}