{
   "Contributions" : {
      "X_0" : [ 0.000000, 0.000000, 0.000000, 0.000000, 0.000000, 0.000000, 0.000000, 0.000000 ],
      "X_1" : [ 0.000122, -0.000030, -0.000015, -0.000024, 0.000088, -0.000095, -0.000026, -0.000022 ],
      "X_2" : [ 0.001451, -0.001087, 0.000022, -0.000095, 0.001432, -0.001561, -0.000104, -0.000057 ],
      "X_3" : [ -0.000383, 0.000385, -0.000058, 0.000072, -0.000022, 0.000097, -0.000091, -0.000000 ],
      "X_4" : [ -0.007600, 0.003714, 0.000430, 0.001669, -0.005169, 0.004878, 0.001064, 0.001014 ],
      "X_5" : [ -0.001371, 0.001324, -0.000213, -0.000026, -0.002299, 0.003129, -0.000353, -0.000192 ],
      "X_6" : [ 0.000284, 0.000850, -0.000274, -0.000467, -0.000527, 0.001167, -0.000562, -0.000470 ],
      "X_7" : [ -0.000121, 0.000020, 0.000014, 0.000032, -0.000077, 0.000073, 0.000033, 0.000024 ],
      "X_8" : [ 0.000000, 0.000000, 0.000000, 0.000000, 0.000000, 0.000000, 0.000000, 0.000000 ],
      "X_9" : [ -0.003642, 0.001676, 0.000190, 0.000562, -0.002178, 0.002490, 0.000493, 0.000409 ],
      "X_10" : [ -0.004995, 0.002519, 0.000500, 0.000849, -0.002245, 0.001845, 0.000846, 0.000680 ],
      "X_11" : [ 0.002806, -0.002265, 0.000102, -0.000820, 0.002310, -0.002021, 0.000218, -0.000329 ],
      "X_12" : [ -0.002402, 0.001633, -0.000194, 0.000815, -0.005014, 0.005122, -0.000142, 0.000183 ],
      "X_13" : [ 0.006537, -0.004446, 0.000010, -0.000389, 0.005642, -0.006757, -0.000547, -0.000049 ],
      "X_14" : [ 0.002807, -0.001791, -0.000111, -0.000327, 0.002513, -0.002450, -0.000433, -0.000207 ],
      "X_15" : [ 0.000456, -0.000081, -0.000048, -0.000141, 0.000333, -0.000303, -0.000119, -0.000096 ],
      "X_16" : [ 0.000000, 0.000000, 0.000000, 0.000000, 0.000000, 0.000000, 0.000000, 0.000000 ],
      "X_17" : [ 0.000538, -0.001221, 0.000379, 0.000038, 0.000461, -0.001263, 0.000795, 0.000273 ],
      "X_18" : [ 0.000469, -0.000336, 0.000204, -0.000526, 0.000846, -0.001067, 0.000578, -0.000169 ],
      "X_19" : [ -0.004097, 0.002707, -0.000102, -0.000013, -0.001303, 0.002987, -0.000024, -0.000155 ],
      "X_20" : [ -0.000947, 0.000497, 0.000327, 0.000127, -0.001518, 0.000485, 0.000817, 0.000212 ],
      "X_21" : [ -0.001270, 0.000600, 0.000035, 0.000502, -0.002017, 0.001422, 0.000413, 0.000314 ],
      "X_22" : [ 0.002656, 0.000515, -0.000863, -0.001049, -0.000477, 0.001786, -0.001437, -0.001132 ],
      "X_23" : [ 0.000000, 0.000000, 0.000000, 0.000000, 0.000000, 0.000000, 0.000000, 0.000000 ],
      "X_24" : [ 0.000000, 0.000000, 0.000000, 0.000000, 0.000000, 0.000000, 0.000000, 0.000000 ],
      "X_25" : [ -0.000491, -0.000091, 0.000070, 0.000315, -0.000340, 0.000345, 0.000011, 0.000182 ],
      "X_26" : [ -0.002429, -0.001654, 0.001052, 0.000265, 0.002656, -0.002670, 0.002007, 0.000773 ],
      "X_27" : [ 0.004957, -0.002633, -0.000182, -0.000769, 0.002515, -0.003154, -0.000294, -0.000439 ],
      "X_28" : [ 0.002982, -0.001161, 0.000096, -0.000283, 0.001181, -0.002878, 0.000062, 0.000000 ],
      "X_29" : [ 0.000482, 0.001234, -0.000550, 0.000281, -0.001159, 0.001149, -0.001206, -0.000231 ],
      "X_30" : [ 0.001467, -0.001650, 0.000131, -0.000016, 0.001458, -0.001727, 0.000212, 0.000125 ],
      "X_31" : [ 0.000000, 0.000000, 0.000000, 0.000000, 0.000000, 0.000000, 0.000000, 0.000000 ],
      "X_32" : [ 0.000000, 0.000000, 0.000000, 0.000000, 0.000000, 0.000000, 0.000000, 0.000000 ],
      "X_33" : [ 0.003428, -0.003842, 0.000745, -0.000339, 0.003650, -0.005515, 0.001499, 0.000373 ],
      "X_34" : [ 0.003836, -0.001195, -0.000292, -0.000348, 0.001940, -0.002981, -0.000682, -0.000279 ],
      "X_35" : [ -0.000182, -0.000844, -0.000006, -0.000085, 0.000643, 0.000673, -0.000086, -0.000113 ],
      "X_36" : [ 0.010481, -0.009733, 0.000830, -0.000813, 0.007321, -0.010254, 0.001829, 0.000340 ],
      "X_37" : [ 0.002984, -0.002781, 0.000135, -0.000128, 0.002521, -0.002881, 0.000137, 0.000012 ],
      "X_38" : [ -0.000221, -0.000575, 0.000078, -0.000084, 0.000525, 0.000072, 0.000219, -0.000014 ],
      "X_39" : [ 0.000000, 0.000000, 0.000000, 0.000000, 0.000000, 0.000000, 0.000000, 0.000000 ],
      "X_40" : [ 0.000000, 0.000000, 0.000000, 0.000000, 0.000000, 0.000000, 0.000000, 0.000000 ],
      "X_41" : [ -0.002038, 0.001814, -0.000118, 0.000659, -0.002925, 0.002608, -0.000222, 0.000222 ],
      "X_42" : [ -0.001629, 0.001790, -0.000582, 0.000519, -0.003093, 0.004400, -0.001265, -0.000140 ],
      "X_43" : [ -0.003244, 0.003946, -0.000392, 0.000190, -0.002399, 0.003077, -0.000902, -0.000278 ],
      "X_44" : [ -0.002123, 0.003682, -0.000901, 0.001656, -0.002932, 0.002802, -0.002543, 0.000358 ],
      "X_45" : [ 0.004545, -0.004023, 0.000115, -0.000228, 0.003788, -0.004359, 0.000161, 0.000002 ],
      "X_46" : [ 0.002607, -0.001291, -0.000040, -0.000602, 0.001447, -0.001822, 0.000007, -0.000307 ],
      "X_47" : [ 0.000000, 0.000000, 0.000000, 0.000000, 0.000000, 0.000000, 0.000000, 0.000000 ],
      "X_48" : [ 0.000000, 0.000000, 0.000000, 0.000000, 0.000000, 0.000000, 0.000000, 0.000000 ],
      "X_49" : [ -0.000063, -0.000075, 0.000001, 0.000079, 0.000483, -0.000361, -0.000103, 0.000040 ],
      "X_50" : [ -0.006810, 0.004689, 0.000461, 0.001106, -0.003667, 0.002839, 0.000645, 0.000738 ],
      "X_51" : [ -0.000997, 0.001543, -0.000301, -0.000262, -0.000591, 0.001791, -0.000818, -0.000367 ],
      "X_52" : [ 0.004759, -0.002196, -0.000366, -0.000226, 0.002933, -0.003562, -0.001048, -0.000294 ],
      "X_53" : [ 0.001651, 0.002061, -0.001476, -0.000897, -0.002587, 0.004946, -0.002472, -0.001224 ],
      "X_54" : [ 0.000475, 0.001722, -0.000807, 0.000039, -0.001338, 0.002099, -0.001677, -0.000512 ],
      "X_55" : [ -0.000080, 0.000171, -0.000058, -0.000084, -0.000206, 0.000423, -0.000066, -0.000100 ],
      "X_56" : [ 0.000000, 0.000000, 0.000000, 0.000000, 0.000000, 0.000000, 0.000000, 0.000000 ],
      "X_57" : [ -0.000082, 0.000037, 0.000025, 0.000009, -0.000043, -0.000022, 0.000049, 0.000028 ],
      "X_58" : [ -0.001963, 0.000174, 0.000476, 0.000399, -0.001385, 0.000707, 0.001103, 0.000489 ],
      "X_59" : [ -0.004855, 0.001629, 0.000554, 0.000462, -0.001290, 0.001626, 0.001371, 0.000504 ],
      "X_60" : [ -0.001299, -0.000893, 0.000390, 0.000610, -0.000232, 0.000306, 0.000614, 0.000503 ],
      "X_61" : [ -0.000062, 0.001669, -0.000962, -0.000463, -0.000644, 0.003259, -0.001949, -0.000848 ],
      "X_62" : [ -0.001609, 0.000861, 0.000024, 0.000142, -0.000415, 0.000977, -0.000055, 0.000075 ],
      "X_63" : [ -0.000565, 0.000566, -0.000115, -0.000107, 0.000154, 0.000487, -0.000267, -0.000154 ]   
   },
   "Most_Contributive_Features_By_Class" : {
      "class_0" : [ 36, 4, 50, 13, 10, 27, 59, 52, 45, 19 ],
      "class_1" : [ 36, 50, 13, 45, 43, 33, 4, 44, 37, 19 ],
      "class_2" : [ 53, 26, 61, 44, 22, 36, 54, 33, 42, 59 ],
      "class_3" : [ 4, 44, 50, 22, 53, 10, 11, 12, 36, 27 ],
      "class_4" : [ 36, 13, 4, 12, 45, 50, 33, 42, 52, 44 ],
      "class_5" : [ 36, 13, 33, 12, 53, 4, 42, 45, 52, 61 ],
      "class_6" : [ 44, 53, 26, 61, 36, 54, 33, 22, 59, 42 ],
      "class_7" : [ 53, 22, 4, 61, 26, 50, 10, 54, 59, 60 ]
   }
}