{
   "Contributions" : {
      "X_0" : [ 0.000000, 0.000000, 0.000000, 0.000000, 0.000000, 0.000000, 0.000000, 0.000000 ],
      "X_1" : [ -0.000079, -0.000217, 0.000037, 0.000035, 0.000065, 0.000099, -0.000544, 0.000604 ],
      "X_2" : [ 0.003470, -0.000819, -0.000612, -0.004016, -0.003394, 0.003157, 0.000539, 0.001675 ],
      "X_3" : [ 0.001821, 0.000307, -0.002612, -0.000073, 0.001969, 0.001335, -0.003429, 0.000681 ],
      "X_4" : [ 0.009722, 0.002696, 0.002654, -0.000038, -0.000628, -0.003743, 0.001051, -0.011713 ],
      "X_5" : [ -0.000424, 0.006542, -0.002343, -0.001031, -0.000756, 0.014251, -0.019020, 0.002780 ],
      "X_6" : [ -0.001012, 0.004763, -0.002440, 0.000002, -0.003556, 0.003358, -0.000430, -0.000686 ],
      "X_7" : [ 0.000169, 0.000265, 0.001077, -0.000797, 0.000705, -0.001923, -0.000615, 0.001119 ],
      "X_8" : [ 0.000000, 0.000000, 0.000000, 0.000000, 0.000000, 0.000000, 0.000000, 0.000000 ],
      "X_9" : [ 0.001684, 0.000169, -0.000570, 0.005321, -0.002055, -0.000446, -0.001299, -0.002805 ],
      "X_10" : [ 0.008025, 0.003516, -0.003155, -0.000016, -0.001392, -0.003058, -0.003416, -0.000504 ],
      "X_11" : [ -0.002866, 0.001056, 0.000049, 0.002129, 0.003112, 0.000905, -0.001042, -0.003343 ],
      "X_12" : [ -0.000907, 0.000041, -0.002729, -0.006485, -0.002204, 0.001357, 0.008512, 0.002414 ],
      "X_13" : [ 0.001808, 0.000773, 0.003596, 0.000839, -0.004634, 0.005095, -0.003690, -0.003788 ],
      "X_14" : [ -0.008452, 0.007599, -0.009259, 0.001965, -0.001376, 0.014744, 0.001742, -0.006963 ],
      "X_15" : [ -0.001248, -0.000207, 0.000459, 0.000230, -0.000274, 0.000454, 0.000203, 0.000383 ],
      "X_16" : [ 0.000000, 0.000000, 0.000000, 0.000000, 0.000000, 0.000000, 0.000000, 0.000000 ],
      "X_17" : [ 0.003090, 0.001542, 0.000458, 0.000686, -0.000962, -0.000516, -0.001027, -0.003271 ],
      "X_18" : [ -0.012734, 0.003731, 0.003876, 0.008256, -0.003013, 0.006322, 0.000244, -0.006681 ],
      "X_19" : [ 0.002451, 0.012689, -0.000105, -0.000147, -0.002075, 0.004231, -0.011240, -0.005805 ],
      "X_20" : [ 0.003104, 0.000351, 0.002948, -0.003045, 0.000269, 0.003265, -0.003651, -0.003241 ],
      "X_21" : [ -0.001230, 0.002414, 0.000392, 0.003719, -0.003028, -0.000586, -0.007536, 0.005855 ],
      "X_22" : [ -0.000028, 0.000488, 0.002918, -0.003159, -0.000162, 0.002118, -0.002329, 0.000154 ],
      "X_23" : [ 0.000000, 0.000000, 0.000000, 0.000000, 0.000000, 0.000000, 0.000000, 0.000000 ],
      "X_24" : [ 0.000000, 0.000000, 0.000000, 0.000000, 0.000000, 0.000000, 0.000000, 0.000000 ],
      "X_25" : [ 0.003067, -0.003530, 0.000201, 0.001274, -0.000553, 0.000245, 0.000972, -0.001675 ],
      "X_26" : [ 0.003925, -0.006680, 0.004232, 0.005460, 0.008232, 0.011737, -0.020245, -0.006660 ],
      "X_27" : [ 0.029847, 0.000817, 0.000836, -0.006961, 0.001482, 0.017849, -0.010763, -0.033107 ],
      "X_28" : [ 0.021009, 0.001124, 0.006664, -0.003166, -0.006830, 0.001279, -0.006496, -0.013583 ],
      "X_29" : [ -0.006498, 0.002841, -0.000805, 0.004216, -0.000422, 0.000232, -0.003504, 0.003940 ],
      "X_30" : [ -0.000923, -0.003234, 0.001382, 0.000524, -0.000164, -0.001030, 0.004359, -0.000913 ],
      "X_31" : [ 0.000000, 0.000000, 0.000000, 0.000000, 0.000000, 0.000000, 0.000000, 0.000000 ],
      "X_32" : [ 0.000000, 0.000000, 0.000000, 0.000000, 0.000000, 0.000000, 0.000000, 0.000000 ],
      "X_33" : [ 0.005843, 0.000423, 0.001713, -0.007150, 0.002841, -0.000182, 0.001043, -0.004530 ],
      "X_34" : [ 0.001887, -0.003428, -0.003029, 0.003418, -0.002014, 0.009927, -0.008872, 0.002110 ],
      "X_35" : [ 0.006892, 0.000799, 0.000649, 0.003296, -0.001982, 0.003297, -0.008762, -0.004189 ],
      "X_36" : [ -0.004411, 0.002010, 0.000505, 0.007190, 0.003025, 0.000247, 0.019288, -0.027854 ],
      "X_37" : [ -0.013648, -0.000688, 0.001792, -0.004808, -0.000994, 0.030612, -0.010421, -0.001844 ],
      "X_38" : [ -0.003984, -0.005513, 0.005013, 0.005226, -0.005549, 0.005018, 0.002114, -0.002324 ],
      "X_39" : [ 0.000000, 0.000000, 0.000000, 0.000000, 0.000000, 0.000000, 0.000000, 0.000000 ],
      "X_40" : [ 0.000000, 0.000000, 0.000000, 0.000000, 0.000000, 0.000000, 0.000000, 0.000000 ],
      "X_41" : [ 0.004217, 0.001101, -0.000370, -0.000162, -0.001608, -0.002489, -0.000796, 0.000107 ],
      "X_42" : [ -0.014941, 0.002968, -0.001699, -0.000236, 0.002715, 0.004507, 0.003151, 0.003536 ],
      "X_43" : [ -0.013997, 0.010762, 0.005271, 0.007000, -0.001142, 0.010363, -0.017517, -0.000740 ],
      "X_44" : [ 0.001333, 0.002565, -0.001019, 0.000060, -0.000975, 0.004850, -0.005174, -0.001641 ],
      "X_45" : [ -0.007421, 0.000752, 0.001906, -0.001821, 0.004267, 0.001615, 0.002314, -0.001612 ],
      "X_46" : [ -0.008682, -0.004218, 0.000854, 0.000931, -0.004762, 0.006369, 0.012569, -0.003061 ],
      "X_47" : [ 0.000000, 0.000000, 0.000000, 0.000000, 0.000000, 0.000000, 0.000000, 0.000000 ],
      "X_48" : [ 0.000000, 0.000000, 0.000000, 0.000000, 0.000000, 0.000000, 0.000000, 0.000000 ],
      "X_49" : [ -0.000372, 0.000047, 0.000456, -0.000927, 0.000195, 0.000262, 0.001721, -0.001382 ],
      "X_50" : [ -0.020455, 0.007518, -0.002030, -0.000878, 0.000934, 0.030303, -0.014211, -0.001182 ],
      "X_51" : [ 0.004465, 0.001150, -0.000341, -0.002569, -0.010086, 0.003729, 0.004369, -0.000717 ],
      "X_52" : [ -0.001591, 0.003420, -0.000619, -0.002341, 0.002518, -0.001528, -0.003400, 0.003542 ],
      "X_53" : [ -0.015715, 0.001342, -0.001698, 0.003593, -0.004613, 0.005661, 0.007247, 0.004183 ],
      "X_54" : [ 0.007461, 0.003150, 0.001148, 0.001026, 0.003343, -0.006695, -0.008421, -0.001011 ],
      "X_55" : [ 0.000327, -0.001052, -0.000157, 0.000153, 0.001224, -0.001071, 0.000783, -0.000207 ],
      "X_56" : [ 0.000000, 0.000000, 0.000000, 0.000000, 0.000000, 0.000000, 0.000000, 0.000000 ],
      "X_57" : [ 0.000262, 0.000105, -0.000013, -0.000278, -0.000356, 0.000017, -0.000111, 0.000372 ],
      "X_58" : [ -0.001670, -0.001092, -0.001107, 0.000749, 0.000087, -0.000743, 0.000775, 0.003002 ],
      "X_59" : [ 0.003195, 0.002685, -0.000642, -0.000906, 0.001139, 0.001578, -0.003049, -0.004000 ],
      "X_60" : [ -0.006833, -0.002143, 0.004765, -0.000374, -0.005225, 0.022303, -0.020886, 0.008392 ],
      "X_61" : [ -0.002448, -0.000091, -0.001665, -0.000193, 0.003695, 0.001871, -0.000619, -0.000550 ],
      "X_62" : [ 0.002583, 0.005854, -0.005572, -0.000037, -0.001586, 0.001660, -0.000894, -0.002009 ],
      "X_63" : [ -0.000649, -0.001463, -0.000876, 0.000904, -0.003104, 0.004533, 0.003223, -0.002569 ]   
   },
   "Most_Contributive_Features_By_Class" : {
      "class_0" : [ 27, 28, 50, 53, 42, 43, 37, 18, 4, 46 ],
      "class_1" : [ 19, 43, 14, 50, 26, 5, 62, 38, 6, 46 ],
      "class_2" : [ 14, 28, 62, 43, 38, 60, 26, 18, 13, 10 ],
      "class_3" : [ 18, 36, 33, 43, 27, 12, 26, 9, 38, 37 ],
      "class_4" : [ 51, 26, 28, 38, 60, 46, 13, 53, 45, 61 ],
      "class_5" : [ 37, 50, 60, 27, 14, 5, 26, 43, 34, 54 ],
      "class_6" : [ 60, 26, 36, 5, 43, 50, 46, 19, 27, 37 ],
      "class_7" : [ 27, 36, 28, 4, 60, 14, 18, 26, 21, 19 ]
   }
}