{
	"metadata" : { "model" : "Vapnik_SVR_RBF", "version" : "2024-W13", "signature" : "ff4_ff4"},
	"options" : {"svm_type" : "epsilon_svr", "kernel" : "rbf", "degree" : 3, "gamma" : 0.000000, "coef0" : 0.000000, "cache_size" : 300, "tol" : 0.001000, "nu" : 0.500000, "epsilon" : 0.100000, "shrinking" : 0, "probability" : 0, "C" : 1.000000, "max_iter" : 128, "random_state" : 1789 },
	"dataset" : { "dataset_rows" : 16, "dataset_features" : 9 },
	"svm_model" : {
	"classes" : 2,
	"L" : 16,
	"SupportVectors" : {
		"SV_00" : [ -121.910004, 36.630001, 42.000000, 817.000000, 194.000000, 391.000000, 193.000000, 2.177600, 0.000000 ],
		"SV_01" : [ -121.430000, 38.660000, 35.000000, 1814.000000, 367.000000, 1076.000000, 372.000000, 2.717900, 0.000000 ],
		"SV_02" : [ -121.580002, 39.500000, 29.000000, 1947.000000, 383.000000, 925.000000, 337.000000, 2.165800, 0.000000 ],
		"SV_03" : [ -120.239998, 39.349998, 8.000000, 4195.000000, 725.000000, 291.000000, 115.000000, 3.479200, 0.000000 ],
		"SV_04" : [ -122.019997, 38.369999, 16.000000, 2495.000000, 331.000000, 1118.000000, 338.000000, 6.489400, 0.000000 ],
		"SV_05" : [ -122.010002, 37.180000, 37.000000, 3852.000000, 652.000000, 1534.000000, 567.000000, 5.859600, 0.000000 ],
		"SV_06" : [ -117.699997, 33.500000, 4.000000, 2351.000000, 445.000000, 834.000000, 397.000000, 5.567700, 0.000000 ],
		"SV_07" : [ -117.410004, 33.959999, 27.000000, 2341.000000, 418.000000, 1272.000000, 415.000000, 3.020800, 0.000000 ],
		"SV_08" : [ -122.449997, 37.669998, 36.000000, 1664.000000, 326.000000, 963.000000, 322.000000, 4.781300, 0.000000 ],
		"SV_09" : [ -122.730003, 38.439999, 35.000000, 1120.000000, 297.000000, 659.000000, 274.000000, 2.382400, 0.000000 ],
		"SV_10" : [ -121.919998, 37.480000, 23.000000, 4314.000000, 676.000000, 1972.000000, 623.000000, 5.381300, 0.000000 ],
		"SV_11" : [ -122.440002, 37.779999, 52.000000, 1118.000000, 279.000000, 514.000000, 284.000000, 2.419600, 0.000000 ],
		"SV_12" : [ -118.290001, 33.930000, 32.000000, 1815.000000, 488.000000, 1715.000000, 475.000000, 1.724400, 0.000000 ],
		"SV_13" : [ -121.790001, 38.000000, 34.000000, 3090.000000, 593.000000, 1588.000000, 566.000000, 3.611800, 0.000000 ],
		"SV_14" : [ -116.959999, 33.730000, 20.000000, 4735.000000, 973.000000, 2306.000000, 904.000000, 3.069000, 0.000000 ],
		"SV_15" : [ -121.309998, 38.259998, 22.000000, 1768.000000, 396.000000, 1005.000000, 420.000000, 1.884600, 0.000000 ]
	},
	"SupportVectorsCoefs" : {
		"SV_coef_0" : [ 1.000000, -1.000000, -1.000000, 1.000000, 1.000000, 1.000000, 1.000000, -1.000000, 1.000000, -1.000000, 1.000000, 1.000000, -1.000000, -1.000000, -1.000000, -1.000000 ]
	},
	"rho" : [ -162899.875000 ],
	"nSV" : [ 16 ],
	"probA" : [ ],
	"probB" : [ ],
	"n_iter" : [ 8 ]
}
}