{
   "Contributions" : {
      "X_0" : [ 0.000000 ],
      "X_1" : [ 0.000000 ],
      "X_2" : [ 0.000183 ],
      "X_3" : [ 0.179352 ],
      "X_4" : [ -0.002747 ],
      "X_5" : [ -0.072784 ],
      "X_6" : [ -0.000244 ],
      "X_7" : [ 0.000000 ],
      "X_8" : [ 0.000000 ]   
   },
   "Most_Contributive_Features" : {
      "y" : [ 3, 5, 4, 6, 2 ]
   }
}