{
   "Contributions" : {
      "X_0" : [ 0.000000 ],
      "X_1" : [ 0.000000 ],
      "X_2" : [ 0.000000 ],
      "X_3" : [ 0.089813 ],
      "X_4" : [ -0.002472 ],
      "X_5" : [ -0.035553 ],
      "X_6" : [ -0.000641 ],
      "X_7" : [ 0.000000 ],
      "X_8" : [ 0.000000 ]   
   },
   "Most_Contributive_Features" : {
      "y" : [ 3, 5, 4, 6 ]
   }
}