{
   "Contributions" : {
      "X_0" : [ 0.000000, 0.000000, 0.000000, 0.000000, 0.000000, 0.000000, 0.000000, 0.000000, 0.000000, 0.000000 ],
      "X_1" : [ -0.000110, 0.004918, -0.000639, -0.003147, -0.000491, 0.002490, -0.003025, -0.001402, 0.004486, -0.003081 ],
      "X_2" : [ 0.001394, 0.007105, -0.000918, -0.007326, 0.002357, 0.000246, -0.002419, -0.001878, 0.007359, -0.005918 ],
      "X_3" : [ -0.001082, 0.000458, -0.000462, 0.002641, -0.002420, 0.002216, -0.001385, -0.000601, -0.000553, 0.001189 ],
      "X_4" : [ -0.000038, 0.000380, -0.000151, 0.000477, -0.000531, 0.000474, -0.000430, -0.000263, -0.000040, 0.000123 ],
      "X_5" : [ -0.000090, 0.000681, -0.000180, -0.000164, -0.000193, -0.000507, -0.000176, -0.000212, 0.000905, -0.000064 ],
      "X_6" : [ 0.000208, 0.000949, -0.000152, -0.001049, 0.000142, -0.000355, 0.000128, -0.000218, 0.001037, -0.000691 ],
      "X_7" : [ -0.000082, -0.000251, -0.000050, 0.000622, -0.000169, -0.000010, -0.000077, -0.000029, -0.000258, 0.000305 ],
      "X_8" : [ -0.000023, 0.000165, -0.000044, -0.000043, -0.000040, 0.000094, -0.000091, -0.000061, 0.000114, -0.000071 ],
      "X_9" : [ -0.000124, 0.000276, -0.000087, -0.000041, -0.000132, 0.001238, -0.000921, -0.000181, 0.000336, -0.000363 ],
      "X_10" : [ 0.000503, -0.001460, 0.000105, 0.000732, 0.000517, -0.000776, 0.000224, 0.000161, -0.000486, 0.000481 ],
      "X_11" : [ -0.000202, -0.000435, 0.000095, 0.000540, -0.000099, -0.000182, -0.000014, 0.000242, -0.000435, 0.000489 ],
      "X_12" : [ -0.000956, -0.001998, 0.000060, 0.003237, -0.001661, 0.000844, -0.000020, 0.000369, -0.002364, 0.002488 ],
      "X_13" : [ -0.000786, 0.002957, -0.000831, -0.000239, -0.001228, -0.000098, -0.000947, -0.000975, 0.002588, -0.000441 ],
      "X_14" : [ -0.000235, 0.000524, 0.000048, -0.000548, -0.000189, 0.000115, -0.000030, 0.000047, 0.000441, -0.000172 ],
      "X_15" : [ 0.000007, -0.000651, 0.000066, 0.000590, -0.000054, -0.000223, 0.000261, 0.000152, -0.000591, 0.000443 ],
      "X_16" : [ 0.000001, -0.000043, 0.000017, 0.000020, -0.000000, 0.000004, 0.000008, 0.000020, -0.000047, 0.000020 ],
      "X_17" : [ 0.000054, -0.003545, 0.000547, 0.003650, -0.000760, -0.001408, 0.000773, 0.000692, -0.002793, 0.002788 ],
      "X_18" : [ 0.000073, 0.003877, -0.000687, -0.003175, 0.000179, 0.002807, -0.002256, -0.001259, 0.003425, -0.002985 ],
      "X_19" : [ 0.000216, 0.000658, -0.000138, -0.000839, 0.000189, -0.000228, 0.000315, -0.000244, 0.000634, -0.000564 ],
      "X_20" : [ 0.000623, 0.000368, -0.000046, -0.001107, 0.000866, -0.001143, 0.000491, -0.000096, 0.000546, -0.000501 ],
      "X_21" : [ 0.000320, -0.000268, 0.000148, -0.000672, 0.000599, 0.000331, 0.000312, 0.000179, -0.000499, -0.000449 ],
      "X_22" : [ -0.000073, -0.000574, -0.000368, 0.001599, -0.000425, 0.001057, -0.000570, -0.000474, -0.000884, 0.000710 ],
      "X_23" : [ 0.000293, -0.000600, 0.000198, -0.000112, 0.000277, -0.000522, 0.000556, 0.000208, -0.000423, 0.000123 ],
      "X_24" : [ 0.000002, 0.000008, -0.000000, -0.000010, 0.000003, -0.000004, -0.000000, -0.000001, 0.000010, -0.000006 ],
      "X_25" : [ 0.000524, 0.004585, -0.000587, -0.005237, 0.001582, -0.000746, -0.000620, -0.000897, 0.004944, -0.003547 ],
      "X_26" : [ -0.001629, 0.001982, -0.000716, 0.001209, -0.002124, 0.001336, -0.001391, -0.000634, 0.001445, 0.000523 ],
      "X_27" : [ 0.001001, -0.004585, 0.001175, 0.001559, 0.001278, -0.002303, 0.002243, 0.001538, -0.003631, 0.001724 ],
      "X_28" : [ 0.001041, -0.000727, 0.000276, -0.000881, 0.000856, -0.001310, 0.001492, 0.000275, -0.000936, -0.000085 ],
      "X_29" : [ 0.000897, -0.002834, 0.000715, 0.000245, 0.001154, -0.000842, 0.001301, 0.000798, -0.001927, 0.000493 ],
      "X_30" : [ 0.000035, 0.000158, 0.000006, -0.000004, -0.000087, -0.000004, -0.000306, -0.000079, 0.000347, -0.000066 ],
      "X_31" : [ 0.000016, -0.000037, 0.000008, 0.000000, 0.000017, -0.000030, 0.000036, 0.000010, -0.000030, 0.000010 ],
      "X_32" : [ 0.000000, 0.000000, 0.000000, 0.000000, 0.000000, 0.000000, 0.000000, 0.000000, 0.000000, 0.000000 ],
      "X_33" : [ 0.004380, -0.006439, 0.002269, -0.003503, 0.005220, -0.006606, 0.006275, 0.002316, -0.003495, -0.000417 ],
      "X_34" : [ 0.001239, -0.002967, 0.000184, 0.001629, 0.001618, -0.000313, 0.000391, 0.000270, -0.002764, 0.000714 ],
      "X_35" : [ 0.000174, -0.001052, -0.000436, 0.002333, 0.000120, -0.000785, -0.000151, -0.000368, -0.000872, 0.001037 ],
      "X_36" : [ -0.000248, -0.000484, 0.000022, 0.000862, -0.000035, 0.000309, -0.000350, 0.000120, -0.000673, 0.000477 ],
      "X_37" : [ 0.001060, -0.005307, 0.001131, 0.001976, 0.000963, -0.003061, 0.003498, 0.001558, -0.004314, 0.002498 ],
      "X_38" : [ -0.001219, -0.007419, 0.000386, 0.009031, -0.002112, -0.002687, 0.003151, 0.001467, -0.007498, 0.006899 ],
      "X_39" : [ 0.000000, 0.000000, 0.000000, 0.000000, 0.000000, 0.000000, 0.000000, 0.000000, 0.000000, 0.000000 ],
      "X_40" : [ -0.000060, -0.000006, -0.000009, 0.000080, -0.000050, 0.000030, -0.000019, 0.000006, -0.000027, 0.000055 ],
      "X_41" : [ 0.000130, 0.001298, -0.000310, -0.000903, 0.000505, 0.001799, -0.001785, -0.000533, 0.001087, -0.001288 ],
      "X_42" : [ 0.000783, -0.000564, 0.000314, -0.000733, 0.000447, -0.000465, 0.001006, 0.000186, -0.000688, -0.000286 ],
      "X_43" : [ 0.000217, -0.000591, 0.000222, -0.000051, -0.000025, -0.000385, 0.000707, 0.000222, -0.000565, 0.000249 ],
      "X_44" : [ -0.000549, 0.001681, -0.000591, -0.000223, -0.000772, -0.001205, 0.000361, -0.000588, 0.001726, 0.000160 ],
      "X_45" : [ -0.000337, 0.001856, -0.000319, -0.000796, -0.000442, 0.001230, -0.001141, -0.000560, 0.001471, -0.000962 ],
      "X_46" : [ 0.000138, -0.000692, 0.000258, 0.000411, -0.000139, -0.000324, 0.000234, 0.000243, -0.000522, 0.000393 ],
      "X_47" : [ -0.000044, -0.000034, 0.000019, 0.000096, -0.000099, 0.000028, -0.000017, 0.000019, -0.000044, 0.000076 ],
      "X_48" : [ -0.000008, -0.000005, -0.000004, 0.000012, 0.000007, -0.000000, -0.000001, 0.000003, -0.000010, 0.000007 ],
      "X_49" : [ -0.002272, 0.006336, -0.001994, 0.000396, -0.003326, 0.004115, -0.004035, -0.002425, 0.004549, -0.001344 ],
      "X_50" : [ 0.000160, -0.003634, 0.000752, 0.002419, -0.000104, 0.000599, 0.000773, 0.000976, -0.003680, 0.001739 ],
      "X_51" : [ -0.000029, 0.000290, -0.000176, -0.000173, 0.000142, -0.000183, 0.000171, -0.000124, 0.000182, -0.000100 ],
      "X_52" : [ 0.000364, -0.000367, 0.000106, -0.000514, 0.000211, -0.000038, 0.000805, 0.000040, -0.000397, -0.000210 ],
      "X_53" : [ -0.001406, 0.002522, -0.000875, 0.000014, -0.001264, 0.002041, -0.001720, -0.000793, 0.001815, -0.000334 ],
      "X_54" : [ 0.000227, 0.001473, -0.000647, -0.001291, 0.000384, -0.001352, 0.000808, -0.000708, 0.001734, -0.000628 ],
      "X_55" : [ -0.000591, 0.004344, -0.000757, -0.001773, -0.000843, 0.002336, -0.003518, -0.001328, 0.004366, -0.002235 ],
      "X_56" : [ -0.000002, -0.000015, 0.000002, 0.000016, -0.000003, 0.000005, 0.000001, 0.000004, -0.000017, 0.000011 ],
      "X_57" : [ 0.002733, 0.000580, 0.001447, -0.007270, 0.003775, -0.004722, 0.003056, 0.001049, 0.002681, -0.003329 ],
      "X_58" : [ 0.002701, 0.000588, 0.000696, -0.005695, 0.004129, -0.003745, 0.001591, 0.000341, 0.002743, -0.003350 ],
      "X_59" : [ -0.001753, 0.002213, -0.001163, 0.001333, -0.001190, 0.001024, -0.001508, -0.000864, 0.001441, 0.000467 ],
      "X_60" : [ 0.000046, 0.000357, -0.000057, -0.000115, -0.000013, -0.000137, -0.000151, -0.000126, 0.000299, -0.000103 ],
      "X_61" : [ -0.000112, -0.000643, 0.000110, 0.000425, -0.000027, 0.000299, 0.000090, 0.000208, -0.000585, 0.000234 ],
      "X_62" : [ -0.000216, -0.000886, 0.000151, 0.000953, -0.000246, 0.000210, 0.000116, 0.000269, -0.001012, 0.000661 ],
      "X_63" : [ -0.000788, -0.000011, -0.000432, 0.002448, -0.001060, 0.001168, -0.001423, -0.000392, -0.000440, 0.000931 ]   
   },