{
   "Contributions" : {
      "X_0" : [ 0.000000, 0.000000, 0.000000, 0.000000, 0.000000, 0.000000, 0.000000, 0.000000, 0.000000, 0.000000 ],
      "X_1" : [ 0.003495, 0.001058, -0.003676, -0.003162, -0.004765, -0.005629, -0.002006, 0.000590, 0.010958, 0.003135 ],
      "X_2" : [ 0.001196, 0.004017, 0.002371, 0.010578, 0.009817, -0.011824, 0.007627, -0.014151, -0.005845, -0.003787 ],
      "X_3" : [ -0.004832, 0.002858, -0.003779, -0.014380, 0.009156, 0.003981, -0.000582, -0.009757, 0.015353, 0.001982 ],
      "X_4" : [ 0.000763, -0.003009, 0.001590, 0.003827, 0.002476, -0.001635, -0.000854, -0.003947, 0.000895, -0.000105 ],
      "X_5" : [ 0.001125, -0.002466, 0.001611, -0.001491, -0.001119, 0.010003, 0.000734, -0.002044, -0.003452, -0.002900 ],
      "X_6" : [ 0.004030, -0.001978, -0.002018, -0.001879, 0.000718, -0.000068, 0.001108, 0.001702, 0.001147, -0.002762 ],
      "X_7" : [ -0.001066, 0.002475, -0.000302, -0.000419, -0.000992, -0.000316, -0.000924, -0.000111, 0.002444, -0.000788 ],
      "X_8" : [ 0.000023, -0.000019, -0.000083, -0.000505, -0.000046, -0.000038, -0.000014, -0.000057, 0.000632, 0.000107 ],
      "X_9" : [ 0.000268, -0.000001, 0.000766, 0.001666, 0.003004, -0.001468, 0.002325, -0.000454, -0.004709, -0.001396 ],
      "X_10" : [ 0.001282, 0.006741, -0.001719, -0.001922, -0.009132, 0.001064, 0.002324, 0.001365, 0.001024, -0.001027 ],
      "X_11" : [ -0.001065, 0.000947, 0.000549, 0.000804, 0.000067, -0.003906, 0.001638, -0.001304, 0.000151, 0.002120 ],
      "X_12" : [ 0.004133, 0.017193, -0.000324, 0.003577, -0.003562, -0.005174, -0.001645, -0.001432, -0.010523, -0.002244 ],
      "X_13" : [ 0.000267, 0.001473, -0.002520, 0.000206, -0.000884, -0.004345, 0.002340, -0.001894, 0.003901, 0.001457 ],
      "X_14" : [ 0.000768, 0.000535, -0.002043, 0.001506, -0.001232, -0.002206, 0.003341, -0.000360, -0.002300, 0.001992 ],
      "X_15" : [ 0.000416, 0.000323, 0.000020, -0.001397, -0.000375, 0.000065, -0.000721, 0.000789, 0.000190, 0.000689 ],
      "X_16" : [ 0.000003, 0.000207, -0.000123, 0.000103, -0.000103, -0.000037, -0.000034, -0.000056, 0.000077, -0.000037 ],
      "X_17" : [ 0.002576, -0.001018, 0.001698, -0.002942, 0.000101, 0.005064, -0.002603, -0.003836, -0.002070, 0.003030 ],
      "X_18" : [ 0.005850, -0.000563, -0.002557, -0.006735, 0.001360, 0.001893, 0.006968, -0.011754, -0.001299, 0.006838 ],
      "X_19" : [ 0.000792, 0.001569, 0.000510, 0.002498, 0.001891, -0.001639, 0.001216, -0.003645, -0.000535, -0.002656 ],
      "X_20" : [ 0.009421, -0.001825, -0.005615, -0.001304, -0.003841, 0.011110, 0.002048, 0.000073, -0.005445, -0.004622 ],
      "X_21" : [ -0.000282, -0.000067, -0.003213, -0.001686, -0.000180, 0.004167, 0.000579, -0.003359, 0.001343, 0.002697 ],
      "X_22" : [ -0.000161, 0.002910, 0.001267, 0.000337, -0.002133, 0.001654, 0.001518, -0.001862, 0.000065, -0.003595 ],
      "X_23" : [ -0.000359, -0.000274, -0.000086, -0.000246, 0.002704, -0.000693, -0.000148, -0.000400, -0.000325, -0.000174 ],
      "X_24" : [ 0.000011, 0.000164, -0.000031, -0.000025, 0.000130, 0.000048, -0.000016, -0.000032, -0.000225, -0.000023 ],
      "X_25" : [ 0.004603, 0.000369, -0.000146, 0.002243, 0.005566, -0.008118, 0.000220, -0.000816, -0.006429, 0.002508 ],
      "X_26" : [ 0.003660, 0.004863, -0.008258, -0.015210, 0.004985, 0.006927, 0.004660, -0.007282, 0.001134, 0.004522 ],
      "X_27" : [ 0.004697, -0.003016, 0.004028, -0.003498, 0.002535, -0.000561, 0.001098, -0.001678, -0.006273, 0.002669 ],
      "X_28" : [ 0.016365, -0.002675, -0.002241, -0.001523, 0.000145, -0.000821, -0.002086, -0.005276, -0.001510, -0.000376 ],
      "X_29" : [ -0.001436, -0.000897, -0.000930, -0.005801, 0.002811, 0.001029, -0.002119, 0.001831, -0.001087, 0.006599 ],
      "X_30" : [ 0.008909, 0.001255, -0.001072, -0.004117, 0.003559, -0.001211, -0.000229, 0.001070, -0.006776, -0.001388 ],
      "X_31" : [ -0.000033, -0.000015, 0.000001, -0.000023, 0.000411, -0.000041, 0.000063, -0.000122, -0.000067, -0.000174 ],
      "X_32" : [ 0.000000, 0.000000, 0.000000, 0.000000, 0.000000, 0.000000, 0.000000, 0.000000, 0.000000, 0.000000 ],
      "X_33" : [ -0.005279, 0.000702, -0.004955, -0.004250, 0.002873, 0.011085, 0.006014, 0.000883, -0.002982, -0.004090 ],
      "X_34" : [ 0.008594, 0.001708, -0.005910, -0.000688, 0.002346, -0.001529, 0.003720, -0.002516, -0.004653, -0.001072 ],
      "X_35" : [ 0.009920, 0.000200, -0.002981, -0.003686, -0.000407, 0.004345, 0.000246, -0.003497, -0.001174, -0.002966 ],
      "X_36" : [ 0.009539, -0.002610, -0.000130, 0.000324, 0.002525, -0.002868, -0.001780, -0.003178, -0.003651, 0.001829 ],
      "X_37" : [ -0.001128, 0.003067, -0.001934, 0.000387, 0.006719, -0.001927, -0.004148, 0.007795, -0.008097, -0.000734 ],
      "X_38" : [ 0.009388, -0.005986, -0.008698, -0.004419, 0.001416, 0.001079, 0.005399, 0.009108, -0.009588, 0.002302 ],
      "X_39" : [ 0.000000, 0.000000, 0.000000, 0.000000, 0.000000, 0.000000, 0.000000, 0.000000, 0.000000, 0.000000 ],
      "X_40" : [ -0.000071, -0.000008, -0.000007, 0.000129, -0.000082, 0.000181, -0.000097, 0.000060, -0.000082, -0.000023 ],
      "X_41" : [ 0.011427, -0.001947, 0.001038, -0.001018, 0.001168, -0.004604, 0.004787, -0.004303, -0.005584, -0.000963 ],
      "X_42" : [ 0.001689, -0.011762, -0.002264, -0.006111, 0.002546, -0.007072, 0.017291, -0.002727, 0.008471, -0.000060 ],
      "X_43" : [ 0.000171, -0.002848, 0.002473, -0.008000, 0.004277, -0.000151, 0.000608, -0.006196, 0.001490, 0.008176 ],
      "X_44" : [ -0.002431, 0.000111, 0.000977, 0.000387, 0.004528, -0.001556, -0.002924, -0.002256, -0.000584, 0.003749 ],
      "X_45" : [ -0.000654, -0.001978, -0.004804, -0.000670, -0.001382, 0.003156, 0.001685, 0.004137, 0.001528, -0.001018 ],
      "X_46" : [ 0.001022, -0.007684, -0.006634, 0.004835, -0.001107, 0.002764, 0.015939, -0.004361, -0.004762, -0.000012 ],
      "X_47" : [ 0.000146, 0.000169, -0.000442, 0.000237, 0.000095, 0.000381, -0.000446, -0.000100, 0.000081, -0.000120 ],
      "X_48" : [ -0.000031, 0.000059, 0.000089, -0.000024, 0.000027, 0.000059, -0.000063, -0.000063, -0.000044, -0.000008 ],
      "X_49" : [ -0.000655, 0.002187, -0.002035, 0.004165, -0.006238, -0.001052, 0.001441, 0.001340, 0.002942, -0.002097 ],
      "X_50" : [ 0.001383, -0.003414, -0.001126, -0.000144, 0.009563, -0.000464, -0.002095, 0.005302, -0.009431, 0.000427 ],
      "X_51" : [ -0.000078, 0.001311, -0.003460, -0.000873, 0.000008, 0.004040, 0.001715, -0.001818, -0.003708, 0.002863 ],
      "X_52" : [ 0.000077, -0.001391, -0.002593, -0.002883, 0.003313, 0.002154, 0.002757, -0.002847, -0.002914, 0.004326 ],
      "X_53" : [ 0.002583, 0.004252, -0.004377, -0.002487, 0.004182, -0.002672, 0.001195, 0.002435, -0.007033, 0.001920 ],
      "X_54" : [ -0.001117, 0.006926, 0.000000, 0.000390, 0.007096, -0.000972, -0.000433, -0.006427, -0.004799, -0.000665 ],
      "X_55" : [ 0.003340, 0.001065, -0.009994, 0.002668, -0.000202, 0.006441, -0.001963, -0.001795, 0.002976, -0.002536 ],
      "X_56" : [ -0.000001, -0.000005, 0.000018, -0.000003, -0.000000, -0.000001, -0.000000, -0.000012, -0.000002, 0.000006 ],
      "X_57" : [ 0.003296, 0.003912, -0.003213, -0.004512, 0.007205, -0.001608, 0.006358, -0.006474, -0.007325, 0.002361 ],
      "X_58" : [ 0.006395, 0.002722, -0.001716, -0.005855, 0.008623, -0.009673, 0.001424, -0.001534, 0.002991, -0.003376 ],
      "X_59" : [ -0.002150, -0.000869, -0.008991, 0.000469, 0.006167, -0.010727, 0.011639, 0.002225, 0.001936, 0.000301 ],
      "X_60" : [ 0.002143, 0.001540, 0.000295, -0.001546, -0.000066, -0.001560, 0.001216, -0.004625, 0.000893, 0.001711 ],
      "X_61" : [ 0.000746, -0.005917, -0.004025, 0.000806, 0.002911, 0.007782, 0.002870, -0.001667, -0.000459, -0.003049 ],
      "X_62" : [ 0.001658, -0.003814, -0.008087, 0.001958, 0.001459, 0.004819, -0.000585, 0.001443, 0.001061, 0.000087 ],
      "X_63" : [ 0.001941, -0.011666, -0.019712, 0.007657, 0.001828, 0.007594, 0.001383, 0.005444, 0.005622, -0.000091 ]   
   },