{
   "Contributions" : {
      "X_0" : [ 0.003743, -0.003743 ],
      "X_1" : [ 0.000000, 0.000000 ],
      "X_2" : [ 0.000000, 0.000000 ],
      "X_3" : [ -0.000076, 0.000076 ],
      "X_4" : [ 0.000750, -0.000750 ],
      "X_5" : [ 0.000000, 0.000000 ],
      "X_6" : [ 0.000000, 0.000000 ],
      "X_7" : [ 0.000000, 0.000000 ],
      "X_8" : [ 0.000016, -0.000016 ],
      "X_9" : [ 0.000000, 0.000000 ],
      "X_10" : [ 0.000000, 0.000000 ],
      "X_11" : [ 0.001166, -0.001166 ],
      "X_12" : [ 0.000228, -0.000228 ],
      "X_13" : [ 0.000300, -0.000300 ],
      "X_14" : [ 0.000000, 0.000000 ],
      "X_15" : [ -0.001231, 0.001231 ],
      "X_16" : [ 0.001626, -0.001626 ],
      "X_17" : [ 0.000000, 0.000000 ],
      "X_18" : [ -0.018342, 0.018342 ],
      "X_19" : [ 0.000000, 0.000000 ],
      "X_20" : [ -0.001320, 0.001320 ],
      "X_21" : [ 0.000000, 0.000000 ],
      "X_22" : [ 0.000000, 0.000000 ],
      "X_23" : [ -0.000013, 0.000013 ],
      "X_24" : [ 0.000000, 0.000000 ],
      "X_25" : [ 0.000000, 0.000000 ],
      "X_26" : [ -0.001879, 0.001879 ],
      "X_27" : [ 0.001661, -0.001661 ],
      "X_28" : [ -0.000493, 0.000493 ],
      "X_29" : [ 0.000000, 0.000000 ],
      "X_30" : [ -0.000738, 0.000738 ],
      "X_31" : [ 0.000000, 0.000000 ],
      "X_32" : [ 0.000043, -0.000043 ],
      "X_33" : [ 0.000000, 0.000000 ],
      "X_34" : [ 0.000000, 0.000000 ],
      "X_35" : [ 0.000000, 0.000000 ],
      "X_36" : [ -0.000500, 0.000500 ],
      "X_37" : [ 0.000000, 0.000000 ],
      "X_38" : [ 0.000000, 0.000000 ],
      "X_39" : [ 0.000000, 0.000000 ],
      "X_40" : [ 0.000000, 0.000000 ],
      "X_41" : [ -0.000019, 0.000019 ],
      "X_42" : [ 0.000540, -0.000540 ],
      "X_43" : [ -0.002115, 0.002115 ],
      "X_44" : [ -0.000596, 0.000596 ],
      "X_45" : [ -0.006038, 0.006038 ],
      "X_46" : [ 0.000000, 0.000000 ],
      "X_47" : [ 0.000081, -0.000081 ],
      "X_48" : [ 0.000000, 0.000000 ],
      "X_49" : [ 0.000000, 0.000000 ],
      "X_50" : [ 0.000000, 0.000000 ],
      "X_51" : [ 0.000000, 0.000000 ],
      "X_52" : [ -0.000007, 0.000007 ]   
   },
   "Most_Contributive_Features_By_Class" : {
      "class_0" : [ 18, 45, 0, 43, 26, 27, 16, 20, 15, 11 ],
      "class_1" : [ 18, 45, 0, 43, 26, 27, 16, 20, 15, 11 ]
   }
}