{
   "Contributions" : {
      "X_0" : [ 11.134453 ],
      "X_1" : [ 5.293300 ],
      "X_2" : [ -14.560423 ],
      "X_3" : [ -1.455930 ],
      "X_4" : [ -0.826986 ],
      "X_5" : [ 4.448541 ],
      "X_6" : [ -33.126919 ],
      "X_7" : [ -0.066565 ],
      "X_8" : [ -0.668849 ],
      "X_9" : [ 2.180352 ]   
   },
   "Most_Contributive_Features" : {
      "y" : [ 6, 2, 0, 1, 5, 9, 3, 4, 8, 7 ]
   }
}