{
   "Contributions" : {
      "X_0" : [ 0.000028, 0.000006, -0.000394, 0.000361 ],
      "X_1" : [ -0.000763, 0.000380, 0.000002, 0.000381 ],
      "X_2" : [ 0.000034, 0.000658, 0.000490, -0.001183 ],
      "X_3" : [ 0.000129, 0.000025, -0.000044, -0.000110 ],
      "X_4" : [ 0.000065, 0.000713, 0.000140, -0.000918 ],
      "X_5" : [ 0.000293, -0.000330, -0.000324, 0.000361 ],
      "X_6" : [ 0.000000, 0.000000, 0.000000, 0.000000 ],
      "X_7" : [ 0.000352, 0.000530, -0.000819, -0.000063 ],
      "X_8" : [ -0.000938, 0.000919, -0.000761, 0.000780 ],
      "X_9" : [ -0.000169, 0.000081, 0.000224, -0.000135 ],
      "X_10" : [ -0.000116, 0.000643, -0.000601, 0.000074 ],
      "X_11" : [ -0.001202, -0.001275, 0.001942, 0.000535 ],
      "X_12" : [ -0.000149, 0.000093, 0.000061, -0.000006 ],
      "X_13" : [ 0.000813, -0.001718, 0.000553, 0.000352 ],
      "X_14" : [ 0.000582, -0.000090, -0.000147, -0.000345 ],
      "X_15" : [ -0.000174, -0.000483, 0.000245, 0.000412 ],
      "X_16" : [ 0.000689, -0.000170, -0.000637, 0.000118 ],
      "X_17" : [ 0.000744, 0.000101, -0.000742, -0.000102 ],
      "X_18" : [ 0.000000, 0.000040, -0.000002, -0.000038 ],
      "X_19" : [ -0.000426, 0.000229, 0.000174, 0.000023 ],
      "X_20" : [ 0.000393, 0.000219, 0.000550, -0.001162 ],
      "X_21" : [ 0.000311, 0.000166, -0.000477, 0.000000 ],
      "X_22" : [ -0.000713, 0.001003, 0.000088, -0.000378 ],
      "X_23" : [ 0.000000, 0.000000, 0.000000, 0.000000 ],
      "X_24" : [ -0.000722, 0.000290, 0.000195, 0.000237 ],
      "X_25" : [ -0.000492, -0.000206, 0.000275, 0.000423 ],
      "X_26" : [ 0.000000, 0.000000, 0.000000, 0.000000 ],
      "X_27" : [ -0.000237, 0.001047, -0.001419, 0.000609 ],
      "X_28" : [ -0.000559, -0.000270, 0.000877, -0.000048 ],
      "X_29" : [ 0.000076, 0.000436, -0.000103, -0.000409 ],
      "X_30" : [ -0.000317, 0.000475, -0.000011, -0.000147 ],
      "X_31" : [ 0.000244, -0.000077, -0.000141, -0.000027 ],
      "X_32" : [ -0.000174, 0.000183, 0.000013, -0.000023 ],
      "X_33" : [ -0.000154, 0.000118, 0.000000, 0.000036 ],
      "X_34" : [ -0.000057, 0.000697, -0.000315, -0.000324 ],
      "X_35" : [ -0.001019, 0.000877, 0.000930, -0.000787 ],
      "X_36" : [ -0.000397, 0.000008, 0.000041, 0.000348 ],
      "X_37" : [ 0.000095, 0.000568, -0.000161, -0.000501 ],
      "X_38" : [ -0.000183, -0.000111, 0.000301, -0.000008 ],
      "X_39" : [ 0.000444, 0.000275, -0.000605, -0.000114 ],
      "X_40" : [ -0.000361, 0.000575, -0.000553, 0.000339 ],
      "X_41" : [ 0.000125, 0.000218, -0.000337, -0.000006 ],
      "X_42" : [ 0.000654, -0.000583, 0.000401, -0.000472 ],
      "X_43" : [ -0.000216, 0.000280, -0.000565, 0.000500 ],
      "X_44" : [ -0.000460, 0.000178, 0.000057, 0.000226 ],
      "X_45" : [ -0.000063, -0.000240, 0.000265, 0.000038 ],
      "X_46" : [ -0.000710, 0.002163, 0.000197, -0.001650 ],
      "X_47" : [ 0.000371, -0.000766, 0.000370, 0.000024 ],
      "X_48" : [ -0.000036, -0.000957, 0.000168, 0.000826 ],
      "X_49" : [ -0.002217, 0.000244, 0.000886, 0.001088 ],
      "X_50" : [ 0.000107, 0.000060, 0.000013, -0.000179 ],
      "X_51" : [ -0.001536, 0.002070, -0.000550, 0.000016 ],
      "X_52" : [ 0.000144, 0.000766, -0.003045, 0.002135 ],
      "X_53" : [ 0.001220, -0.001786, -0.000573, 0.001139 ],
      "X_54" : [ -0.000049, 0.000107, -0.000224, 0.000166 ],
      "X_55" : [ -0.000092, 0.000265, 0.000187, -0.000360 ],
      "X_56" : [ 0.000710, -0.000846, -0.000275, 0.000411 ],
      "X_57" : [ 0.000395, -0.000315, 0.000013, -0.000093 ],
      "X_58" : [ 0.000236, -0.000387, 0.000321, -0.000171 ],
      "X_59" : [ -0.000525, 0.000386, 0.000030, 0.000109 ],
      "X_60" : [ 0.000483, 0.001291, -0.001011, -0.000763 ],
      "X_61" : [ 0.000289, 0.000134, -0.000484, 0.000062 ],
      "X_62" : [ -0.002452, 0.001166, 0.000162, 0.001123 ],
      "X_63" : [ 0.000165, 0.001516, -0.000596, -0.001086 ],
      "X_64" : [ -0.000032, -0.000211, 0.000201, 0.000042 ],
      "X_65" : [ 0.000224, 0.000161, -0.000183, -0.000202 ],
      "X_66" : [ -0.004010, 0.000277, 0.004940, -0.001208 ],
      "X_67" : [ -0.000409, 0.000230, 0.000309, -0.000130 ],
      "X_68" : [ -0.001081, 0.000682, 0.000639, -0.000240 ],
      "X_69" : [ 0.000424, 0.001107, -0.000821, -0.000710 ],
      "X_70" : [ -0.000023, 0.000015, -0.000030, 0.000038 ],
      "X_71" : [ 0.000235, -0.000399, 0.000089, 0.000075 ],
      "X_72" : [ -0.000136, 0.001004, -0.000118, -0.000751 ],
      "X_73" : [ -0.000671, 0.000014, -0.000408, 0.001066 ],
      "X_74" : [ -0.000170, 0.000694, -0.000435, -0.000090 ],
      "X_75" : [ -0.000602, -0.000416, 0.000666, 0.000352 ],
      "X_76" : [ -0.000347, -0.000152, 0.000276, 0.000223 ],
      "X_77" : [ 0.000469, -0.000071, -0.000263, -0.000136 ],
      "X_78" : [ -0.000843, 0.000045, 0.000226, 0.000572 ],
      "X_79" : [ -0.002567, 0.001333, 0.001429, -0.000195 ],
      "X_80" : [ -0.000501, 0.000349, -0.000095, 0.000247 ],
      "X_81" : [ -0.000334, 0.000436, -0.000127, 0.000025 ],
      "X_82" : [ -0.000295, 0.000613, -0.000054, -0.000264 ],
      "X_83" : [ -0.000132, -0.000639, 0.000675, 0.000095 ],
      "X_84" : [ -0.000067, 0.000002, 0.000116, -0.000051 ],
      "X_85" : [ -0.000212, 0.000046, -0.000050, 0.000216 ],
      "X_86" : [ -0.000282, 0.000138, 0.000233, -0.000090 ],
      "X_87" : [ -0.000828, -0.000662, 0.000403, 0.001087 ],
      "X_88" : [ -0.000000, 0.000702, -0.000643, -0.000059 ],
      "X_89" : [ 0.000294, 0.000843, -0.001013, -0.000124 ],
      "X_90" : [ -0.003034, 0.000267, 0.001093, 0.001674 ],
      "X_91" : [ -0.001325, 0.001263, 0.000631, -0.000569 ],
      "X_92" : [ -0.003920, 0.002556, -0.001987, 0.003351 ],
      "X_93" : [ -0.002959, 0.004316, -0.003102, 0.001745 ],
      "X_94" : [ -0.002397, -0.000337, -0.002957, 0.005691 ],
      "X_95" : [ -0.004796, 0.004919, -0.003256, 0.003133 ],
      "X_96" : [ -0.002052, 0.001932, 0.000309, -0.000189 ],
      "X_97" : [ -0.001865, 0.000918, 0.000369, 0.000578 ],
      "X_98" : [ -0.004089, 0.002154, -0.003811, 0.005745 ],
      "X_99" : [ -0.001132, 0.003538, 0.000114, -0.002520 ]   
   },
   "Most_Contributive_Features_By_Class" : {
      "class_0" : [ 95, 98, 66, 92, 90, 93, 79, 62, 94, 49 ],
      "class_1" : [ 95, 93, 99, 92, 46, 98, 51, 96, 53, 13 ],
      "class_2" : [ 66, 98, 95, 93, 52, 94, 92, 11, 79, 27 ],
      "class_3" : [ 98, 94, 92, 95, 99, 52, 93, 90, 46, 66 ]
   }
}