{
   "Contributions" : {
      "X_0" : [ 0.000000, 0.000000, 0.000000, 0.000000 ],
      "X_1" : [ 0.000000, 0.000000, 0.000000, 0.000000 ],
      "X_2" : [ 0.000000, 0.000000, 0.000000, 0.000000 ],
      "X_3" : [ 0.000000, 0.000000, 0.000000, 0.000000 ],
      "X_4" : [ 0.000000, 0.000000, 0.000000, 0.000000 ],
      "X_5" : [ 0.000000, 0.000000, 0.000000, 0.000000 ],
      "X_6" : [ 0.000000, 0.000000, 0.000000, 0.000000 ],
      "X_7" : [ 0.000000, 0.000000, 0.000000, 0.000000 ],
      "X_8" : [ -0.001651, 0.001525, -0.000192, 0.000319 ],
      "X_9" : [ 0.000000, 0.000000, 0.000000, 0.000000 ],
      "X_10" : [ 0.000000, 0.000000, 0.000000, 0.000000 ],
      "X_11" : [ -0.001015, 0.000081, 0.002369, -0.001435 ],
      "X_12" : [ 0.000000, 0.000000, 0.000000, 0.000000 ],
      "X_13" : [ 0.000000, 0.000000, 0.000000, 0.000000 ],
      "X_14" : [ 0.000000, 0.000000, 0.000000, 0.000000 ],
      "X_15" : [ 0.001116, 0.002036, -0.004537, 0.001385 ],
      "X_16" : [ 0.001501, -0.000492, -0.000681, -0.000329 ],
      "X_17" : [ 0.000000, 0.000000, 0.000000, 0.000000 ],
      "X_18" : [ 0.000000, 0.000000, 0.000000, 0.000000 ],
      "X_19" : [ -0.000319, -0.000319, 0.000527, 0.000110 ],
      "X_20" : [ 0.000000, 0.000000, 0.000000, 0.000000 ],
      "X_21" : [ 0.000000, 0.000000, 0.000000, 0.000000 ],
      "X_22" : [ 0.000408, -0.001436, 0.001982, -0.000953 ],
      "X_23" : [ 0.000000, 0.000000, 0.000000, 0.000000 ],
      "X_24" : [ 0.000000, 0.000000, 0.000000, 0.000000 ],
      "X_25" : [ -0.000245, 0.000240, -0.002041, 0.002046 ],
      "X_26" : [ 0.000000, 0.000000, 0.000000, 0.000000 ],
      "X_27" : [ 0.000000, 0.000000, 0.000000, 0.000000 ],
      "X_28" : [ -0.003007, 0.002149, 0.000104, 0.000755 ],
      "X_29" : [ 0.000000, 0.000000, 0.000000, 0.000000 ],
      "X_30" : [ 0.000000, 0.000848, -0.000848, 0.000000 ],
      "X_31" : [ -0.003973, 0.002625, 0.004379, -0.003031 ],
      "X_32" : [ 0.000000, 0.000000, 0.000000, 0.000000 ],
      "X_33" : [ -0.000473, -0.000929, 0.000082, 0.001320 ],
      "X_34" : [ 0.000000, 0.000000, 0.000000, 0.000000 ],
      "X_35" : [ 0.000000, 0.000000, 0.000000, 0.000000 ],
      "X_36" : [ 0.000000, 0.000000, 0.000000, 0.000000 ],
      "X_37" : [ -0.001778, 0.002447, -0.000408, -0.000261 ],
      "X_38" : [ 0.000000, 0.000000, 0.000000, 0.000000 ],
      "X_39" : [ 0.000000, 0.000000, 0.000000, 0.000000 ],
      "X_40" : [ 0.000000, 0.000000, 0.000000, 0.000000 ],
      "X_41" : [ 0.000000, 0.000000, 0.000000, 0.000000 ],
      "X_42" : [ 0.000000, 0.000000, 0.000000, 0.000000 ],
      "X_43" : [ 0.000000, 0.000000, 0.000000, 0.000000 ],
      "X_44" : [ 0.000000, 0.000000, 0.000000, 0.000000 ],
      "X_45" : [ 0.000000, 0.000000, 0.000000, 0.000000 ],
      "X_46" : [ 0.000000, 0.000000, 0.000000, 0.000000 ],
      "X_47" : [ 0.000393, -0.001127, -0.000297, 0.001031 ],
      "X_48" : [ 0.000000, 0.000000, 0.000000, 0.000000 ],
      "X_49" : [ 0.001477, -0.003025, 0.002258, -0.000710 ],
      "X_50" : [ -0.000253, 0.000513, 0.000037, -0.000297 ],
      "X_51" : [ -0.006658, 0.003304, 0.002224, 0.001130 ],
      "X_52" : [ 0.000149, -0.000329, 0.000067, 0.000113 ],
      "X_53" : [ 0.002433, -0.005794, 0.002015, 0.001345 ],
      "X_54" : [ 0.000000, 0.000000, 0.000000, 0.000000 ],
      "X_55" : [ 0.000000, 0.000000, 0.000000, 0.000000 ],
      "X_56" : [ 0.000000, 0.000000, 0.000000, 0.000000 ],
      "X_57" : [ -0.000328, 0.000140, 0.000000, 0.000187 ],
      "X_58" : [ 0.000000, 0.000000, 0.000000, 0.000000 ],
      "X_59" : [ 0.000000, 0.000000, 0.000000, 0.000000 ],
      "X_60" : [ 0.000000, 0.000000, 0.000000, 0.000000 ],
      "X_61" : [ 0.000000, 0.000000, 0.000000, 0.000000 ],
      "X_62" : [ 0.000000, 0.000000, 0.000000, 0.000000 ],
      "X_63" : [ 0.000000, 0.000000, 0.000000, 0.000000 ],
      "X_64" : [ 0.000000, 0.000000, 0.000000, 0.000000 ],
      "X_65" : [ 0.000000, 0.000000, 0.000000, 0.000000 ],
      "X_66" : [ 0.000000, 0.000000, 0.000000, 0.000000 ],
      "X_67" : [ -0.000699, -0.000147, -0.000045, 0.000891 ],
      "X_68" : [ -0.000129, 0.001063, 0.000199, -0.001133 ],
      "X_69" : [ 0.001383, 0.001982, -0.005619, 0.002254 ],
      "X_70" : [ 0.000000, 0.000000, 0.000000, 0.000000 ],
      "X_71" : [ 0.000000, 0.000000, 0.000000, 0.000000 ],
      "X_72" : [ 0.000459, 0.000627, 0.000043, -0.001128 ],
      "X_73" : [ 0.000000, 0.000000, 0.000000, 0.000000 ],
      "X_74" : [ 0.000435, 0.000239, -0.000151, -0.000522 ],
      "X_75" : [ 0.000000, 0.000000, 0.000000, 0.000000 ],
      "X_76" : [ 0.000000, 0.000000, 0.000000, 0.000000 ],
      "X_77" : [ 0.000000, 0.000000, 0.000000, 0.000000 ],
      "X_78" : [ -0.001970, 0.000645, -0.001425, 0.002750 ],
      "X_79" : [ 0.000000, 0.000000, 0.000000, 0.000000 ],
      "X_80" : [ -0.006313, -0.005666, 0.002032, 0.009947 ],
      "X_81" : [ -0.000913, 0.002563, -0.000417, -0.001232 ],
      "X_82" : [ 0.001164, -0.000319, -0.000384, -0.000462 ],
      "X_83" : [ -0.000719, -0.001946, 0.001966, 0.000700 ],
      "X_84" : [ 0.000000, 0.000000, 0.000000, 0.000000 ],
      "X_85" : [ -0.001559, 0.000559, -0.002114, 0.003113 ],
      "X_86" : [ 0.000000, 0.000000, 0.000000, 0.000000 ],
      "X_87" : [ 0.000000, 0.000000, 0.000000, 0.000000 ],
      "X_88" : [ 0.000000, 0.000000, 0.000000, 0.000000 ],
      "X_89" : [ -0.001850, -0.000181, 0.002655, -0.000624 ],
      "X_90" : [ -0.009917, 0.006787, 0.001282, 0.001847 ],
      "X_91" : [ -0.008566, 0.004893, 0.003522, 0.000152 ],
      "X_92" : [ -0.005222, -0.000832, 0.000083, 0.005971 ],
      "X_93" : [ 0.002806, 0.002667, -0.005529, 0.000057 ],
      "X_94" : [ 0.002492, -0.005485, -0.007268, 0.010262 ],
      "X_95" : [ -0.001880, 0.000457, -0.006231, 0.007654 ],
      "X_96" : [ -0.004543, 0.005841, -0.003314, 0.002016 ],
      "X_97" : [ -0.002380, 0.000514, 0.003378, -0.001512 ],
      "X_98" : [ -0.003175, 0.000315, 0.001928, 0.000932 ],
      "X_99" : [ 0.004277, 0.000396, -0.001393, -0.003279 ]   
   },
   "Most_Contributive_Features_By_Class" : {
      "class_0" : [ 90, 91, 51, 80, 92, 96, 99, 31, 98, 28 ],
      "class_1" : [ 90, 96, 53, 80, 94, 91, 51, 49, 93, 31 ],
      "class_2" : [ 94, 95, 69, 93, 15, 31, 91, 97, 96, 89 ],
      "class_3" : [ 94, 80, 95, 92, 99, 85, 31, 78, 69, 25 ]
   }
}