{
   "Contributions" : {
      "X_0" : [ -0.570720 ],
      "X_1" : [ 16.482224 ],
      "X_2" : [ 27.969572 ],
      "X_3" : [ 3.816977 ]   
   },
   "Most_Contributive_Features" : {
      "y" : [ 2, 1, 3, 0 ]
   }
}