{
   "Contributions" : {
      "X_0" : [ 0.000378, 0.000276, -0.000173, -0.000481 ],
      "X_1" : [ 0.000713, 0.001837, 0.000857, -0.003407 ],
      "X_2" : [ -0.000697, 0.000416, -0.001899, 0.002179 ],
      "X_3" : [ -0.002032, -0.002924, 0.000172, 0.004785 ],
      "X_4" : [ -0.000516, -0.002378, 0.000086, 0.002809 ],
      "X_5" : [ 0.001051, -0.000813, -0.001454, 0.001215 ],
      "X_6" : [ 0.000182, -0.001950, 0.001817, -0.000049 ],
      "X_7" : [ 0.000165, -0.001152, 0.000011, 0.000976 ],
      "X_8" : [ -0.000697, -0.000264, -0.001019, 0.001981 ],
      "X_9" : [ 0.000152, -0.000525, -0.000367, 0.000740 ],
      "X_10" : [ 0.001075, -0.002555, 0.000354, 0.001125 ],
      "X_11" : [ -0.001536, 0.000271, -0.004085, 0.005350 ],
      "X_12" : [ -0.001554, -0.001289, -0.002691, 0.005534 ],
      "X_13" : [ 0.000147, -0.001586, 0.001994, -0.000555 ],
      "X_14" : [ -0.001078, 0.000234, -0.001645, 0.002489 ],
      "X_15" : [ -0.001116, 0.000334, -0.001152, 0.001934 ],
      "X_16" : [ -0.000827, -0.002612, 0.000547, 0.002892 ],
      "X_17" : [ -0.000151, -0.000519, -0.000877, 0.001546 ],
      "X_18" : [ 0.000241, -0.004560, -0.002872, 0.007191 ],
      "X_19" : [ -0.000221, -0.000379, 0.000676, -0.000077 ],
      "X_20" : [ -0.000374, -0.000046, -0.001234, 0.001654 ],
      "X_21" : [ -0.000577, 0.001230, -0.000572, -0.000081 ],
      "X_22" : [ 0.000154, 0.003241, 0.000795, -0.004191 ],
      "X_23" : [ -0.000259, 0.000290, -0.001457, 0.001427 ],
      "X_24" : [ -0.001225, 0.001375, -0.000025, -0.000125 ],
      "X_25" : [ -0.000628, 0.000157, -0.002399, 0.002871 ],
      "X_26" : [ 0.000165, -0.002048, -0.001043, 0.002925 ],
      "X_27" : [ -0.002395, -0.003700, 0.001457, 0.004638 ],
      "X_28" : [ -0.001410, -0.000550, 0.002007, -0.000046 ],
      "X_29" : [ 0.000019, 0.001240, -0.002998, 0.001739 ],
      "X_30" : [ -0.000607, 0.000767, -0.000404, 0.000244 ],
      "X_31" : [ -0.024103, -0.006897, -0.003655, 0.034655 ],
      "X_32" : [ -0.000539, -0.001518, -0.000701, 0.002757 ],
      "X_33" : [ -0.000036, -0.000070, -0.001488, 0.001594 ],
      "X_34" : [ -0.000960, -0.000333, 0.000838, 0.000456 ],
      "X_35" : [ -0.002726, -0.003673, -0.000606, 0.007004 ],
      "X_36" : [ -0.000069, -0.000697, -0.000167, 0.000933 ],
      "X_37" : [ -0.002410, 0.000958, 0.001038, 0.000414 ],
      "X_38" : [ -0.000946, -0.000612, 0.000216, 0.001342 ],
      "X_39" : [ -0.001924, -0.001488, -0.000055, 0.003467 ],
      "X_40" : [ -0.001406, 0.000320, -0.005047, 0.006133 ],
      "X_41" : [ -0.000353, -0.000659, -0.000517, 0.001529 ],
      "X_42" : [ -0.000107, -0.000029, -0.000468, 0.000605 ],
      "X_43" : [ 0.000395, 0.001102, -0.000349, -0.001148 ],
      "X_44" : [ -0.000760, 0.001207, 0.000229, -0.000675 ],
      "X_45" : [ 0.000246, -0.001155, 0.000971, -0.000062 ],
      "X_46" : [ -0.003408, 0.003309, -0.004502, 0.004600 ],
      "X_47" : [ -0.001393, -0.002158, 0.000022, 0.003529 ],
      "X_48" : [ -0.001420, 0.000327, -0.001292, 0.002385 ],
      "X_49" : [ -0.002712, -0.003654, -0.004570, 0.010936 ],
      "X_50" : [ 0.001039, 0.001356, 0.000589, -0.002984 ],
      "X_51" : [ 0.000502, 0.001317, -0.002177, 0.000358 ],
      "X_52" : [ -0.001859, -0.001124, -0.002691, 0.005673 ],
      "X_53" : [ -0.001256, -0.005237, -0.003318, 0.009811 ],
      "X_54" : [ -0.001152, 0.001575, -0.000818, 0.000394 ],
      "X_55" : [ -0.000845, -0.001035, -0.000989, 0.002869 ],
      "X_56" : [ -0.000355, 0.000390, 0.000396, -0.000430 ],
      "X_57" : [ -0.000665, -0.000590, -0.001177, 0.002432 ],
      "X_58" : [ -0.000099, 0.003766, 0.000075, -0.003742 ],
      "X_59" : [ -0.002140, -0.000759, -0.000101, 0.003001 ],
      "X_60" : [ 0.000953, -0.004543, -0.005280, 0.008870 ],
      "X_61" : [ -0.000796, -0.000084, -0.000301, 0.001181 ],
      "X_62" : [ -0.008116, -0.018231, -0.006817, 0.033164 ],
      "X_63" : [ -0.000907, 0.000023, -0.000347, 0.001231 ],
      "X_64" : [ -0.000678, -0.000669, 0.001888, -0.000540 ],
      "X_65" : [ -0.004537, -0.010550, -0.009305, 0.024393 ],
      "X_66" : [ -0.005625, 0.005524, -0.005790, 0.005891 ],
      "X_67" : [ -0.000140, 0.002323, -0.001517, -0.000667 ],
      "X_68" : [ -0.001480, 0.000383, -0.001695, 0.002793 ],
      "X_69" : [ -0.000315, -0.001340, 0.000432, 0.001223 ],
      "X_70" : [ 0.000032, -0.001052, -0.000068, 0.001088 ],
      "X_71" : [ 0.000289, -0.000097, -0.000266, 0.000074 ],
      "X_72" : [ -0.000516, -0.000123, -0.000318, 0.000957 ],
      "X_73" : [ 0.000406, 0.000557, 0.000532, -0.001495 ],
      "X_74" : [ -0.001399, -0.000672, 0.000147, 0.001924 ],
      "X_75" : [ -0.000865, -0.005676, -0.000399, 0.006941 ],
      "X_76" : [ -0.000509, -0.001465, -0.001269, 0.003243 ],
      "X_77" : [ -0.001169, -0.002307, -0.002296, 0.005772 ],
      "X_78" : [ -0.000131, -0.000493, 0.001622, -0.000998 ],
      "X_79" : [ -0.010966, -0.004289, -0.001458, 0.016712 ],
      "X_80" : [ 0.000838, 0.000084, -0.001457, 0.000535 ],
      "X_81" : [ 0.000199, -0.000850, 0.002150, -0.001499 ],
      "X_82" : [ -0.001368, -0.001493, -0.000460, 0.003321 ],
      "X_83" : [ -0.000835, -0.000539, 0.000645, 0.000729 ],
      "X_84" : [ 0.000011, -0.000339, -0.001024, 0.001353 ],
      "X_85" : [ 0.000240, -0.000323, -0.000018, 0.000101 ],
      "X_86" : [ -0.000399, -0.001324, -0.000719, 0.002442 ],
      "X_87" : [ 0.000340, -0.000812, -0.000269, 0.000741 ],
      "X_88" : [ -0.000065, -0.001682, -0.001061, 0.002807 ],
      "X_89" : [ -0.000623, 0.000055, 0.000538, 0.000030 ],
      "X_90" : [ 0.000865, -0.000325, 0.000349, -0.000888 ],
      "X_91" : [ -0.000701, -0.002007, -0.000196, 0.002904 ],
      "X_92" : [ -0.001437, -0.001705, -0.001267, 0.004410 ],
      "X_93" : [ -0.000300, -0.000385, 0.001763, -0.001078 ],
      "X_94" : [ -0.001910, -0.001849, -0.000568, 0.004327 ],
      "X_95" : [ -0.000586, 0.000147, -0.001573, 0.002012 ],
      "X_96" : [ -0.001152, -0.001143, -0.000738, 0.003034 ],
      "X_97" : [ -0.001056, -0.000061, 0.000108, 0.001009 ],
      "X_98" : [ -0.000628, 0.000959, 0.001495, -0.001826 ],
      "X_99" : [ -0.001718, -0.000495, 0.000498, 0.001715 ]   
   },
   "Most_Contributive_Features_By_Class" : {
      "class_0" : [ 31, 79, 62, 66, 65, 46, 35, 49, 37, 27 ],
      "class_1" : [ 62, 65, 31, 75, 66, 53, 18, 60, 79, 58 ],
      "class_2" : [ 65, 62, 66, 60, 40, 49, 46, 11, 31, 53 ],
      "class_3" : [ 31, 62, 65, 79, 49, 53, 60, 18, 35, 75 ]
   }
}