{
   "Contributions" : {
      "X_0" : [ -0.000428, 0.000141, -0.000817, 0.001105 ],
      "X_1" : [ 0.000414, 0.000856, -0.000408, -0.000862 ],
      "X_2" : [ -0.001335, 0.000145, -0.001452, 0.002642 ],
      "X_3" : [ -0.001309, -0.002256, 0.000056, 0.003509 ],
      "X_4" : [ 0.000084, -0.002031, -0.000426, 0.002373 ],
      "X_5" : [ 0.000657, -0.002183, -0.000575, 0.002100 ],
      "X_6" : [ -0.000304, -0.001584, 0.000363, 0.001524 ],
      "X_7" : [ -0.000789, -0.001078, -0.000729, 0.002595 ],
      "X_8" : [ 0.000042, -0.001468, 0.000369, 0.001057 ],
      "X_9" : [ -0.000583, -0.000926, 0.000504, 0.001006 ],
      "X_10" : [ 0.001185, -0.002103, -0.000230, 0.001148 ],
      "X_11" : [ -0.001428, 0.000065, -0.003071, 0.004434 ],
      "X_12" : [ -0.002457, -0.002745, -0.002069, 0.007272 ],
      "X_13" : [ 0.000686, -0.000065, 0.000297, -0.000918 ],
      "X_14" : [ -0.001590, 0.000207, -0.000249, 0.001631 ],
      "X_15" : [ -0.001454, 0.001668, 0.000952, -0.001166 ],
      "X_16" : [ -0.000253, -0.000536, 0.000559, 0.000229 ],
      "X_17" : [ 0.000170, -0.000653, -0.001118, 0.001602 ],
      "X_18" : [ -0.000269, -0.000315, -0.001509, 0.002093 ],
      "X_19" : [ -0.000483, -0.000969, 0.000512, 0.000941 ],
      "X_20" : [ -0.000226, -0.001156, -0.002034, 0.003416 ],
      "X_21" : [ -0.000181, 0.001217, 0.000538, -0.001575 ],
      "X_22" : [ 0.000425, 0.000022, 0.001541, -0.001988 ],
      "X_23" : [ -0.000224, 0.000643, -0.000245, -0.000173 ],
      "X_24" : [ -0.001565, -0.000040, -0.000482, 0.002087 ],
      "X_25" : [ -0.001610, 0.000076, -0.002898, 0.004433 ],
      "X_26" : [ -0.000595, -0.000181, -0.000364, 0.001140 ],
      "X_27" : [ -0.001190, -0.004524, 0.002429, 0.003286 ],
      "X_28" : [ -0.000618, -0.002578, 0.001763, 0.001433 ],
      "X_29" : [ -0.000544, 0.001034, -0.000535, 0.000045 ],
      "X_30" : [ 0.000085, -0.000158, -0.000483, 0.000557 ],
      "X_31" : [ -0.021411, -0.008273, -0.004397, 0.034081 ],
      "X_32" : [ -0.000553, -0.001058, -0.000482, 0.002094 ],
      "X_33" : [ 0.000003, -0.000535, -0.002944, 0.003476 ],
      "X_34" : [ -0.001438, -0.000897, -0.000458, 0.002794 ],
      "X_35" : [ -0.001746, -0.004209, -0.001216, 0.007171 ],
      "X_36" : [ -0.000194, -0.000496, -0.001580, 0.002270 ],
      "X_37" : [ -0.000850, 0.000492, -0.000094, 0.000452 ],
      "X_38" : [ -0.000736, -0.001161, -0.000261, 0.002158 ],
      "X_39" : [ -0.001251, -0.001042, -0.000360, 0.002653 ],
      "X_40" : [ -0.000398, -0.000118, -0.002729, 0.003245 ],
      "X_41" : [ -0.000665, -0.001235, -0.000217, 0.002117 ],
      "X_42" : [ -0.001004, -0.001485, 0.000638, 0.001851 ],
      "X_43" : [ 0.000208, 0.000040, -0.000391, 0.000143 ],
      "X_44" : [ -0.000407, 0.002642, 0.000841, -0.003076 ],
      "X_45" : [ -0.000320, -0.002543, 0.000695, 0.002169 ],
      "X_46" : [ -0.004204, 0.002841, -0.002608, 0.003970 ],
      "X_47" : [ 0.000596, -0.001243, -0.002068, 0.002715 ],
      "X_48" : [ -0.001898, 0.000308, -0.001435, 0.003024 ],
      "X_49" : [ -0.003476, -0.001562, -0.004492, 0.009531 ],
      "X_50" : [ -0.000690, 0.000700, -0.000582, 0.000572 ],
      "X_51" : [ -0.000311, 0.001776, -0.000312, -0.001152 ],
      "X_52" : [ -0.002760, -0.001923, -0.001535, 0.006218 ],
      "X_53" : [ -0.000875, -0.004140, -0.002142, 0.007158 ],
      "X_54" : [ 0.000258, 0.000975, -0.000107, -0.001125 ],
      "X_55" : [ -0.000918, -0.001370, -0.000738, 0.003027 ],
      "X_56" : [ -0.000109, -0.001292, -0.000168, 0.001569 ],
      "X_57" : [ -0.000144, -0.000499, -0.000222, 0.000864 ],
      "X_58" : [ 0.000284, 0.003555, 0.000199, -0.004039 ],
      "X_59" : [ -0.001989, -0.000958, -0.000649, 0.003596 ],
      "X_60" : [ 0.000498, -0.006239, -0.000418, 0.006158 ],
      "X_61" : [ -0.001077, -0.000357, -0.001855, 0.003289 ],
      "X_62" : [ -0.009299, -0.015260, -0.005350, 0.029910 ],
      "X_63" : [ -0.000499, -0.000395, -0.000407, 0.001301 ],
      "X_64" : [ -0.000181, -0.001565, 0.001854, -0.000108 ],
      "X_65" : [ -0.003882, -0.008075, -0.008371, 0.020327 ],
      "X_66" : [ -0.008252, 0.007087, -0.003970, 0.005135 ],
      "X_67" : [ -0.000102, 0.000988, -0.000565, -0.000321 ],
      "X_68" : [ -0.001929, -0.000420, -0.000377, 0.002726 ],
      "X_69" : [ -0.000657, 0.000773, 0.000629, -0.000745 ],
      "X_70" : [ 0.000666, -0.001384, 0.000130, 0.000587 ],
      "X_71" : [ -0.000756, -0.000001, 0.001797, -0.001040 ],
      "X_72" : [ -0.001157, -0.000909, -0.000093, 0.002158 ],
      "X_73" : [ 0.000319, 0.000115, 0.001284, -0.001718 ],
      "X_74" : [ -0.001072, -0.000227, -0.000083, 0.001382 ],
      "X_75" : [ -0.002435, -0.002501, 0.000050, 0.004887 ],
      "X_76" : [ -0.000608, -0.000928, -0.001216, 0.002752 ],
      "X_77" : [ -0.000994, 0.000173, -0.001389, 0.002211 ],
      "X_78" : [ -0.000369, -0.000418, 0.001016, -0.000228 ],
      "X_79" : [ -0.009540, -0.003705, -0.001740, 0.014986 ],
      "X_80" : [ -0.000186, -0.000384, -0.001723, 0.002293 ],
      "X_81" : [ -0.000599, -0.000682, -0.000035, 0.001316 ],
      "X_82" : [ -0.001745, 0.000308, 0.000908, 0.000530 ],
      "X_83" : [ -0.000528, -0.000166, 0.000621, 0.000073 ],
      "X_84" : [ -0.000330, -0.001451, -0.001450, 0.003231 ],
      "X_85" : [ 0.000137, -0.001621, -0.000812, 0.002296 ],
      "X_86" : [ 0.000594, -0.000482, -0.001121, 0.001009 ],
      "X_87" : [ 0.000861, 0.001515, -0.000303, -0.002073 ],
      "X_88" : [ -0.000028, -0.001224, -0.000819, 0.002071 ],
      "X_89" : [ 0.000024, 0.001167, -0.000478, -0.000712 ],
      "X_90" : [ 0.000175, 0.000397, -0.000187, -0.000385 ],
      "X_91" : [ -0.001030, -0.000622, 0.000710, 0.000941 ],
      "X_92" : [ -0.000794, -0.001261, -0.000709, 0.002764 ],
      "X_93" : [ -0.001103, -0.001937, 0.000358, 0.002682 ],
      "X_94" : [ -0.000756, -0.000714, -0.001164, 0.002634 ],
      "X_95" : [ 0.000339, 0.000311, -0.000820, 0.000170 ],
      "X_96" : [ -0.001075, 0.000114, 0.001318, -0.000357 ],
      "X_97" : [ -0.000047, -0.001089, 0.001087, 0.000049 ],
      "X_98" : [ -0.000566, 0.000069, 0.003458, -0.002962 ],
      "X_99" : [ -0.001655, -0.002005, -0.000110, 0.003770 ]   
   },
   "Most_Contributive_Features_By_Class" : {
      "class_0" : [ 31, 79, 62, 66, 46, 65, 49, 52, 12, 75 ],
      "class_1" : [ 62, 31, 65, 66, 60, 27, 35, 53, 79, 58 ],
      "class_2" : [ 65, 62, 49, 31, 66, 98, 11, 33, 25, 40 ],
      "class_3" : [ 31, 62, 65, 79, 49, 12, 35, 53, 52, 60 ]
   }
}