{
	"metadata" : { "model" : "Tikhonov_Ridge", "version" : "2024-W13", "signature" : "ff4_ff4"},
	"options" : { "alpha" : 1.000000, "random_state" : 1789 },
	"dataset" : { "dataset_rows" : 16, "dataset_features" : 9 },
	"equations" : {
			"intercept" : -1843197.000000,
			"coeffs" : [ -25146.962891, -32087.527344, 3569.271973, 22.283113, 76.998955, -93.764740, -61.739590, 32377.666016, 0.000000 ]
		}
}