{
   "Contributions" : {
      "X_0" : [ 0.000000 ],
      "X_1" : [ 0.000008 ],
      "X_2" : [ 0.000046 ],
      "X_3" : [ -0.775108 ],
      "X_4" : [ 0.039413 ],
      "X_5" : [ -0.003944 ],
      "X_6" : [ 0.029396 ],
      "X_7" : [ 0.000000 ],
      "X_8" : [ 0.000000 ]   
   },
   "Most_Contributive_Features" : {
      "y" : [ 3, 4, 6, 5, 2, 1 ]
   }
}