{
   "Contributions" : {
      "X_0" : [ 0.000000, 0.000000 ],
      "X_1" : [ 0.000000, 0.000000 ],
      "X_2" : [ 0.000000, 0.000000 ],
      "X_3" : [ 0.000000, 0.000000 ],
      "X_4" : [ 0.000000, 0.000000 ],
      "X_5" : [ 0.000000, 0.000000 ],
      "X_6" : [ 0.000000, 0.000000 ],
      "X_7" : [ 0.000000, 0.000000 ],
      "X_8" : [ -0.002508, 0.002508 ],
      "X_9" : [ 0.000000, 0.000000 ],
      "X_10" : [ 0.000000, 0.000000 ],
      "X_11" : [ -0.001003, 0.001003 ],
      "X_12" : [ 0.000000, 0.000000 ],
      "X_13" : [ 0.000000, 0.000000 ],
      "X_14" : [ 0.000000, 0.000000 ],
      "X_15" : [ 0.000000, 0.000000 ],
      "X_16" : [ 0.000000, 0.000000 ],
      "X_17" : [ 0.000000, 0.000000 ],
      "X_18" : [ -0.000615, 0.000615 ],
      "X_19" : [ 0.000000, 0.000000 ],
      "X_20" : [ 0.000000, 0.000000 ],
      "X_21" : [ 0.000000, 0.000000 ],
      "X_22" : [ 0.001269, -0.001269 ],
      "X_23" : [ 0.000000, 0.000000 ],
      "X_24" : [ 0.000000, 0.000000 ],
      "X_25" : [ 0.001992, -0.001992 ],
      "X_26" : [ 0.000000, 0.000000 ],
      "X_27" : [ 0.000000, 0.000000 ],
      "X_28" : [ 0.001317, -0.001317 ],
      "X_29" : [ 0.000000, 0.000000 ],
      "X_30" : [ 0.000000, 0.000000 ],
      "X_31" : [ 0.000000, 0.000000 ],
      "X_32" : [ 0.000000, 0.000000 ],
      "X_33" : [ -0.000488, 0.000488 ],
      "X_34" : [ 0.000000, 0.000000 ],
      "X_35" : [ 0.000000, 0.000000 ],
      "X_36" : [ 0.000000, 0.000000 ],
      "X_37" : [ 0.000000, 0.000000 ],
      "X_38" : [ 0.000000, 0.000000 ],
      "X_39" : [ 0.000000, 0.000000 ],
      "X_40" : [ 0.000000, 0.000000 ],
      "X_41" : [ 0.000000, 0.000000 ],
      "X_42" : [ 0.000000, 0.000000 ],
      "X_43" : [ 0.000000, 0.000000 ],
      "X_44" : [ 0.000000, 0.000000 ],
      "X_45" : [ 0.000000, 0.000000 ],
      "X_46" : [ 0.000000, 0.000000 ],
      "X_47" : [ 0.000000, 0.000000 ],
      "X_48" : [ 0.001973, -0.001973 ],
      "X_49" : [ 0.000000, 0.000000 ],
      "X_50" : [ 0.001789, -0.001789 ],
      "X_51" : [ 0.000309, -0.000309 ],
      "X_52" : [ 0.007734, -0.007734 ],
      "X_53" : [ 0.000000, 0.000000 ],
      "X_54" : [ 0.000000, 0.000000 ],
      "X_55" : [ 0.000000, 0.000000 ],
      "X_56" : [ 0.000000, 0.000000 ],
      "X_57" : [ 0.001272, -0.001272 ],
      "X_58" : [ 0.000000, 0.000000 ],
      "X_59" : [ 0.000000, 0.000000 ],
      "X_60" : [ 0.000000, 0.000000 ],
      "X_61" : [ 0.000000, 0.000000 ],
      "X_62" : [ 0.000000, 0.000000 ],
      "X_63" : [ 0.000476, -0.000476 ],
      "X_64" : [ 0.000000, 0.000000 ],
      "X_65" : [ 0.000000, 0.000000 ],
      "X_66" : [ 0.000000, 0.000000 ],
      "X_67" : [ 0.011623, -0.011623 ],
      "X_68" : [ 0.000000, 0.000000 ],
      "X_69" : [ -0.000054, 0.000054 ],
      "X_70" : [ 0.000000, 0.000000 ],
      "X_71" : [ 0.002111, -0.002111 ],
      "X_72" : [ 0.000000, 0.000000 ],
      "X_73" : [ 0.000000, 0.000000 ],
      "X_74" : [ 0.000000, 0.000000 ],
      "X_75" : [ 0.000163, -0.000163 ],
      "X_76" : [ 0.000000, 0.000000 ],
      "X_77" : [ 0.000000, 0.000000 ],
      "X_78" : [ -0.000708, 0.000708 ],
      "X_79" : [ 0.000000, 0.000000 ],
      "X_80" : [ 0.000455, -0.000455 ],
      "X_81" : [ 0.000000, 0.000000 ],
      "X_82" : [ 0.000000, 0.000000 ],
      "X_83" : [ 0.000000, 0.000000 ],
      "X_84" : [ 0.000000, 0.000000 ],
      "X_85" : [ 0.004032, -0.004032 ],
      "X_86" : [ -0.000051, 0.000051 ],
      "X_87" : [ 0.000000, 0.000000 ],
      "X_88" : [ 0.000000, 0.000000 ],
      "X_89" : [ 0.000000, 0.000000 ],
      "X_90" : [ -0.001511, 0.001511 ],
      "X_91" : [ 0.004009, -0.004009 ],
      "X_92" : [ 0.000624, -0.000624 ],
      "X_93" : [ 0.007076, -0.007076 ],
      "X_94" : [ -0.001141, 0.001141 ],
      "X_95" : [ 0.002617, -0.002617 ],
      "X_96" : [ 0.000177, -0.000177 ],
      "X_97" : [ 0.000988, -0.000988 ],
      "X_98" : [ -0.000366, 0.000366 ],
      "X_99" : [ -0.004905, 0.004905 ]   
   },
   "Most_Contributive_Features_By_Class" : {
      "class_0" : [ 67, 52, 93, 99, 85, 91, 95, 8, 71, 25 ],
      "class_1" : [ 67, 52, 93, 99, 85, 91, 95, 8, 71, 25 ]
   }
}