{
   "Contributions" : {
      "X_0" : [ 0.000462, -0.000462 ],
      "X_1" : [ -0.005323, 0.005323 ],
      "X_2" : [ -0.000025, 0.000025 ],
      "X_3" : [ -0.000239, 0.000239 ],
      "X_4" : [ -0.003200, 0.003200 ],
      "X_5" : [ -0.000009, 0.000009 ],
      "X_6" : [ -0.000011, 0.000011 ],
      "X_7" : [ 0.000257, -0.000257 ],
      "X_8" : [ -0.000728, 0.000728 ],
      "X_9" : [ -0.000136, 0.000136 ],
      "X_10" : [ 0.000269, -0.000269 ],
      "X_11" : [ -0.000441, 0.000441 ],
      "X_12" : [ -0.000755, 0.000755 ],
      "X_13" : [ -0.000231, 0.000231 ],
      "X_14" : [ -0.000032, 0.000032 ],
      "X_15" : [ 0.000492, -0.000492 ],
      "X_16" : [ 0.000021, -0.000021 ],
      "X_17" : [ -0.000003, 0.000003 ],
      "X_18" : [ 0.000266, -0.000266 ],
      "X_19" : [ -0.000575, 0.000575 ],
      "X_20" : [ 0.001377, -0.001377 ],
      "X_21" : [ 0.000015, -0.000015 ],
      "X_22" : [ 0.000345, -0.000345 ],
      "X_23" : [ -0.000256, 0.000256 ],
      "X_24" : [ -0.000228, 0.000228 ],
      "X_25" : [ -0.000390, 0.000390 ],
      "X_26" : [ 0.000000, 0.000000 ],
      "X_27" : [ 0.000149, -0.000149 ],
      "X_28" : [ 0.000731, -0.000731 ],
      "X_29" : [ 0.000008, -0.000008 ],
      "X_30" : [ -0.000186, 0.000186 ],
      "X_31" : [ -0.000263, 0.000263 ],
      "X_32" : [ -0.000441, 0.000441 ],
      "X_33" : [ -0.000325, 0.000325 ],
      "X_34" : [ -0.000105, 0.000105 ],
      "X_35" : [ 0.000281, -0.000281 ],
      "X_36" : [ 0.000742, -0.000742 ],
      "X_37" : [ 0.000129, -0.000129 ],
      "X_38" : [ 0.000328, -0.000328 ],
      "X_39" : [ -0.000038, 0.000038 ],
      "X_40" : [ -0.000268, 0.000268 ],
      "X_41" : [ -0.000067, 0.000067 ],
      "X_42" : [ 0.000140, -0.000140 ],
      "X_43" : [ 0.000298, -0.000298 ],
      "X_44" : [ -0.000043, 0.000043 ],
      "X_45" : [ -0.000441, 0.000441 ],
      "X_46" : [ -0.000211, 0.000211 ],
      "X_47" : [ -0.001030, 0.001030 ],
      "X_48" : [ 0.000331, -0.000331 ],
      "X_49" : [ 0.000278, -0.000278 ],
      "X_50" : [ 0.000212, -0.000212 ],
      "X_51" : [ -0.000300, 0.000300 ],
      "X_52" : [ 0.000950, -0.000950 ],
      "X_53" : [ -0.001340, 0.001340 ],
      "X_54" : [ 0.000040, -0.000040 ],
      "X_55" : [ 0.000218, -0.000218 ],
      "X_56" : [ 0.000109, -0.000109 ],
      "X_57" : [ 0.000699, -0.000699 ],
      "X_58" : [ -0.000473, 0.000473 ],
      "X_59" : [ -0.000362, 0.000362 ],
      "X_60" : [ 0.000044, -0.000044 ],
      "X_61" : [ -0.005728, 0.005728 ],
      "X_62" : [ -0.001107, 0.001107 ],
      "X_63" : [ -0.000172, 0.000172 ],
      "X_64" : [ 0.000415, -0.000415 ],
      "X_65" : [ -0.000195, 0.000195 ],
      "X_66" : [ -0.000003, 0.000003 ],
      "X_67" : [ 0.001264, -0.001264 ],
      "X_68" : [ -0.000222, 0.000222 ],
      "X_69" : [ 0.000174, -0.000174 ],
      "X_70" : [ -0.000287, 0.000287 ],
      "X_71" : [ -0.000251, 0.000251 ],
      "X_72" : [ -0.000559, 0.000559 ],
      "X_73" : [ -0.000221, 0.000221 ],
      "X_74" : [ 0.000051, -0.000051 ],
      "X_75" : [ -0.003134, 0.003134 ],
      "X_76" : [ 0.000060, -0.000060 ],
      "X_77" : [ 0.000022, -0.000022 ],
      "X_78" : [ 0.001530, -0.001530 ],
      "X_79" : [ -0.000917, 0.000917 ],
      "X_80" : [ -0.000099, 0.000099 ],
      "X_81" : [ 0.000512, -0.000512 ],
      "X_82" : [ 0.001016, -0.001016 ],
      "X_83" : [ -0.000045, 0.000045 ],
      "X_84" : [ 0.000520, -0.000520 ],
      "X_85" : [ 0.000716, -0.000716 ],
      "X_86" : [ -0.000570, 0.000570 ],
      "X_87" : [ 0.000644, -0.000644 ],
      "X_88" : [ -0.000056, 0.000056 ],
      "X_89" : [ -0.000199, 0.000199 ],
      "X_90" : [ 0.000682, -0.000682 ],
      "X_91" : [ -0.000143, 0.000143 ],
      "X_92" : [ -0.001868, 0.001868 ],
      "X_93" : [ 0.000138, -0.000138 ],
      "X_94" : [ -0.001146, 0.001146 ],
      "X_95" : [ 0.000198, -0.000198 ],
      "X_96" : [ 0.000941, -0.000941 ],
      "X_97" : [ -0.001495, 0.001495 ],
      "X_98" : [ -0.000970, 0.000970 ],
      "X_99" : [ 0.001292, -0.001292 ]   
   },
   "Most_Contributive_Features_By_Class" : {
      "class_0" : [ 61, 1, 4, 75, 92, 78, 97, 20, 53, 99 ],
      "class_1" : [ 61, 1, 4, 75, 92, 78, 97, 20, 53, 99 ]
   }
}