{
	"metadata" : { "model" : "Tikhonov_Ridge", "version" : "2024-W14", "signature" : "ff4_il8"},
	"options" : { "alpha" : 0.000000, "random_state" : 1789 },
	"dataset" : { "dataset_rows" : 128, "dataset_features" : 10 },
	"classes" : [ 0, 1, 2, 3 ],
	"equations" : {
		"class_0" : {
			"intercept" : -0.516672,
			"coeffs" : [ -0.062459, -0.022066, 0.033807, 0.129162, -0.050296, -0.011845, -0.013472, -0.107670, 0.034990, -0.036521 ]
		},
		"class_1" : {
			"intercept" : -0.438023,
			"coeffs" : [ 0.095179, 0.037015, -0.012612, -0.048854, -0.021067, -0.067181, -0.009068, 0.266793, 0.191589, 0.027138 ]
		},
		"class_2" : {
			"intercept" : -0.495196,
			"coeffs" : [ 0.048662, 0.018958, -0.052142, -0.176423, -0.036897, 0.005759, 0.042509, 0.003855, -0.216087, -0.075775 ]
		},
		"class_3" : {
			"intercept" : -0.550525,
			"coeffs" : [ -0.074677, -0.023817, 0.030947, 0.099062, 0.108260, 0.073266, -0.018631, -0.165733, -0.011875, 0.085158 ]
		}
	}
}