{
   "Contributions" : {
      "X_0" : [ -0.000106, 0.000106 ],
      "X_1" : [ -0.000673, 0.000673 ],
      "X_2" : [ 0.001405, -0.001405 ],
      "X_3" : [ 0.036737, -0.036737 ],
      "X_4" : [ 0.000000, -0.000000 ],
      "X_5" : [ -0.000001, 0.000001 ],
      "X_6" : [ -0.000002, 0.000002 ],
      "X_7" : [ -0.000000, 0.000000 ],
      "X_8" : [ 0.000000, -0.000000 ],
      "X_9" : [ -0.000000, 0.000000 ],
      "X_10" : [ 0.000031, -0.000031 ],
      "X_11" : [ 0.000064, -0.000064 ],
      "X_12" : [ 0.000162, -0.000162 ],
      "X_13" : [ 0.001870, -0.001870 ],
      "X_14" : [ 0.000000, 0.000000 ],
      "X_15" : [ 0.000000, -0.000000 ],
      "X_16" : [ 0.000000, -0.000000 ],
      "X_17" : [ -0.000000, 0.000000 ],
      "X_18" : [ 0.000000, -0.000000 ],
      "X_19" : [ 0.000000, 0.000000 ],
      "X_20" : [ -0.000279, 0.000279 ],
      "X_21" : [ -0.008543, 0.008543 ],
      "X_22" : [ 0.000425, -0.000425 ],
      "X_23" : [ 0.017818, -0.017818 ],
      "X_24" : [ -0.000000, 0.000000 ],
      "X_25" : [ -0.000008, 0.000008 ],
      "X_26" : [ -0.000074, 0.000074 ],
      "X_27" : [ -0.000002, 0.000002 ],
      "X_28" : [ -0.000000, 0.000000 ],
      "X_29" : [ -0.000000, 0.000000 ]   
   },
   "Most_Contributive_Features_By_Class" : {
      "class_0" : [ 3, 23, 21, 13, 2, 1, 22, 20, 12, 0 ],
      "class_1" : [ 3, 23, 21, 13, 2, 1, 22, 20, 12, 0 ]
   }
}