{
   "Contributions" : {
      "X_0" : [ 0.000023 ],
      "X_1" : [ -0.000078 ],
      "X_2" : [ -0.000005 ],
      "X_3" : [ -0.000018 ],
      "X_4" : [ 0.000054 ],
      "X_5" : [ 0.000002 ],
      "X_6" : [ -0.000067 ],
      "X_7" : [ -0.000206 ],
      "X_8" : [ 0.000017 ],
      "X_9" : [ 0.000123 ]   
   },
   "Most_Contributive_Features" : {
      "y" : [ 7, 9, 1, 6, 4, 0, 3, 8, 2, 5 ]
   }
}