{
   "Contributions" : {
      "X_0" : [ 0.000000, 0.000000, 0.000000, 0.000000, 0.000000, 0.000000, 0.000000, 0.000000, 0.000000, 0.000000 ],
      "X_1" : [ -0.000148, 0.000193, -0.000164, 0.000055, -0.000111, 0.000469, -0.000279, -0.000146, 0.000246, -0.000115 ],
      "X_2" : [ 0.001038, 0.001363, -0.000494, -0.001103, 0.002941, -0.001649, -0.000537, -0.001016, 0.000654, -0.001197 ],
      "X_3" : [ 0.000257, 0.000574, -0.000329, -0.000327, 0.001025, 0.000810, -0.000718, -0.000538, -0.000047, -0.000708 ],
      "X_4" : [ -0.000218, -0.001741, 0.000470, 0.001328, -0.000412, -0.001179, 0.001635, 0.001243, -0.002638, 0.001512 ],
      "X_5" : [ -0.000419, -0.000286, 0.000020, 0.000620, -0.000433, -0.000978, 0.000439, 0.000492, -0.000146, 0.000691 ],
      "X_6" : [ 0.000349, 0.001043, -0.000114, -0.000811, -0.000225, 0.000387, -0.000979, -0.000700, 0.001864, -0.000813 ],
      "X_7" : [ -0.000038, -0.000026, -0.000031, 0.000081, -0.000021, 0.000028, 0.000011, 0.000004, -0.000046, 0.000038 ],
      "X_8" : [ -0.000001, 0.000007, -0.000003, -0.000004, -0.000001, 0.000008, -0.000007, -0.000005, 0.000012, -0.000006 ],
      "X_9" : [ 0.000521, 0.000617, 0.000090, -0.000977, 0.000680, -0.000019, -0.000428, -0.000441, 0.000713, -0.000756 ],
      "X_10" : [ 0.000887, 0.000401, 0.000593, -0.001271, 0.000438, -0.001352, 0.000055, -0.000088, 0.000819, -0.000482 ],
      "X_11" : [ 0.000138, -0.001440, 0.000225, 0.000871, 0.000585, -0.001037, 0.001408, 0.000753, -0.002487, 0.000984 ],
      "X_12" : [ -0.000494, 0.000240, 0.000015, -0.000155, -0.001077, 0.000498, -0.000047, 0.000109, 0.000763, 0.000149 ],
      "X_13" : [ -0.000530, 0.000163, -0.000581, 0.000323, -0.000795, 0.002353, -0.000716, -0.000496, 0.000553, -0.000273 ],
      "X_14" : [ -0.000128, 0.000414, -0.000199, -0.000263, -0.000131, 0.000536, -0.000418, -0.000301, 0.000813, -0.000324 ],
      "X_15" : [ -0.000026, -0.000048, -0.000023, 0.000083, 0.000034, 0.000043, 0.000021, 0.000015, -0.000134, 0.000034 ],
      "X_16" : [ 0.000003, 0.000001, 0.000001, -0.000004, 0.000004, -0.000000, -0.000001, -0.000001, 0.000000, -0.000003 ],
      "X_17" : [ -0.000395, -0.001331, -0.000033, 0.001550, -0.000808, 0.000846, 0.000453, 0.000530, -0.001709, 0.000897 ],
      "X_18" : [ -0.000470, 0.000998, -0.000607, -0.000393, -0.000070, 0.001959, -0.001116, -0.000781, 0.001306, -0.000826 ],
      "X_19" : [ 0.000168, 0.000326, 0.000139, -0.000485, 0.000023, -0.000520, -0.000042, -0.000069, 0.000646, -0.000186 ],
      "X_20" : [ 0.000533, -0.000267, 0.000554, -0.000372, 0.000629, -0.002430, 0.000987, 0.000507, -0.000527, 0.000385 ],
      "X_21" : [ -0.000070, 0.001475, -0.000444, -0.000987, -0.000157, 0.001419, -0.001561, -0.001016, 0.002559, -0.001218 ],
      "X_22" : [ 0.000031, 0.000021, -0.000119, 0.000204, -0.000103, 0.000244, -0.000224, -0.000172, 0.000167, -0.000049 ],
      "X_23" : [ 0.000066, -0.000004, 0.000046, -0.000069, 0.000030, -0.000116, 0.000037, 0.000012, 0.000008, -0.000009 ],
      "X_24" : [ 0.000000, -0.000000, 0.000000, -0.000000, 0.000000, -0.000001, 0.000000, 0.000000, -0.000000, 0.000000 ],
      "X_25" : [ -0.000141, 0.001131, -0.000126, -0.001052, -0.000177, -0.000166, -0.000558, -0.000457, 0.002181, -0.000634 ],
      "X_26" : [ -0.001883, 0.000510, -0.001015, 0.000773, -0.001946, 0.003520, -0.001193, -0.000392, 0.001656, -0.000030 ],
      "X_27" : [ 0.000280, -0.000662, 0.000428, 0.000070, 0.000060, -0.001231, 0.000805, 0.000534, -0.000805, 0.000521 ],
      "X_28" : [ 0.000545, 0.000015, 0.000235, -0.000469, 0.000531, -0.000648, 0.000119, -0.000036, -0.000075, -0.000217 ],
      "X_29" : [ 0.000932, -0.000614, 0.000819, -0.000657, 0.000664, -0.002618, 0.001213, 0.000556, -0.000661, 0.000365 ],
      "X_30" : [ -0.000283, -0.000299, -0.000069, 0.000490, -0.000244, 0.000188, 0.000219, 0.000191, -0.000534, 0.000341 ],
      "X_31" : [ 0.000002, -0.000000, 0.000001, -0.000002, 0.000001, -0.000003, 0.000001, 0.000000, 0.000000, -0.000000 ],
      "X_32" : [ 0.000000, 0.000000, 0.000000, 0.000000, 0.000000, 0.000000, 0.000000, 0.000000, 0.000000, 0.000000 ],
      "X_33" : [ 0.001222, -0.001080, 0.001221, -0.000698, 0.000507, -0.003213, 0.001684, 0.000911, -0.001178, 0.000625 ],
      "X_34" : [ 0.000888, 0.000503, 0.000032, -0.001079, 0.001288, -0.001195, -0.000082, -0.000441, 0.000699, -0.000613 ],
      "X_35" : [ -0.001118, -0.000135, -0.001107, 0.001505, -0.001559, 0.003899, -0.001288, -0.000631, 0.000445, -0.000011 ],
      "X_36" : [ -0.001043, -0.000716, -0.000483, 0.001660, -0.000753, 0.001971, -0.000067, 0.000274, -0.001488, 0.000644 ],
      "X_37" : [ 0.001466, -0.001081, 0.001234, -0.000630, 0.001342, -0.003794, 0.001753, 0.000994, -0.001923, 0.000638 ],
      "X_38" : [ -0.000196, -0.000000, -0.000290, 0.000464, -0.000245, 0.000850, -0.000376, -0.000165, -0.000045, 0.000004 ],
      "X_39" : [ 0.000000, 0.000000, 0.000000, 0.000000, 0.000000, 0.000000, 0.000000, 0.000000, 0.000000, 0.000000 ],
      "X_40" : [ -0.000002, -0.000004, 0.000001, 0.000004, -0.000002, 0.000001, 0.000003, 0.000003, -0.000006, 0.000003 ],
      "X_41" : [ -0.000199, 0.000441, -0.000337, -0.000015, 0.000162, 0.000724, -0.000534, -0.000342, 0.000435, -0.000335 ],
      "X_42" : [ 0.000791, 0.001742, -0.000708, -0.001677, 0.000741, 0.000221, -0.001499, -0.001565, 0.003573, -0.001619 ],
      "X_43" : [ 0.000443, 0.001053, 0.000405, -0.001389, -0.000117, -0.001420, -0.000209, -0.000194, 0.001941, -0.000514 ],
      "X_44" : [ 0.000375, 0.000091, 0.000350, -0.000798, 0.000235, -0.000712, 0.000167, -0.000017, 0.000594, -0.000283 ],
      "X_45" : [ -0.000043, 0.000590, -0.000353, -0.000355, -0.000386, 0.001463, -0.000848, -0.000691, 0.001306, -0.000683 ],
      "X_46" : [ -0.000203, -0.000255, 0.000004, 0.000272, -0.000321, 0.000830, -0.000067, 0.000107, -0.000455, 0.000088 ],
      "X_47" : [ -0.000004, -0.000007, 0.000003, 0.000006, -0.000010, 0.000006, 0.000004, 0.000005, -0.000008, 0.000006 ],
      "X_48" : [ -0.000003, -0.000003, 0.000001, 0.000003, -0.000004, 0.000002, 0.000002, 0.000002, -0.000003, 0.000003 ],
      "X_49" : [ -0.000907, 0.000458, -0.000553, 0.000393, -0.001055, 0.002095, -0.000877, -0.000354, 0.000983, -0.000183 ],
      "X_50" : [ -0.000227, -0.001499, 0.000172, 0.001286, -0.000902, 0.000894, 0.000561, 0.000653, -0.001859, 0.000921 ],
      "X_51" : [ 0.000028, 0.001240, -0.000006, -0.001082, 0.000069, 0.000189, -0.000864, -0.000521, 0.001825, -0.000878 ],
      "X_52" : [ 0.000275, 0.000837, -0.000189, -0.000730, -0.000046, 0.001017, -0.000930, -0.000716, 0.001357, -0.000876 ],
      "X_53" : [ -0.000338, 0.001351, -0.000471, -0.001058, 0.000378, 0.000311, -0.000762, -0.000725, 0.002187, -0.000873 ],
      "X_54" : [ 0.000090, -0.000354, 0.000073, -0.000071, 0.000119, -0.000590, 0.000549, 0.000158, -0.000210, 0.000235 ],
      "X_55" : [ -0.000302, -0.000054, -0.000111, 0.000256, -0.000324, 0.000370, -0.000034, 0.000054, 0.000003, 0.000141 ],
      "X_56" : [ -0.000000, 0.000000, -0.000000, -0.000000, -0.000000, 0.000000, -0.000001, -0.000000, 0.000001, -0.000000 ],
      "X_57" : [ 0.000204, -0.000154, 0.000210, -0.000126, 0.000094, -0.000576, 0.000277, 0.000144, -0.000165, 0.000092 ],
      "X_58" : [ 0.001986, -0.001955, 0.001639, -0.000472, 0.002565, -0.006894, 0.003240, 0.001607, -0.003070, 0.001355 ],
      "X_59" : [ -0.001326, -0.000078, -0.000659, 0.001276, -0.001006, 0.002117, -0.000547, -0.000016, -0.000096, 0.000336 ],
      "X_60" : [ 0.000103, -0.000096, 0.000054, 0.000117, 0.000051, 0.000019, 0.000053, 0.000033, -0.000379, 0.000046 ],
      "X_61" : [ 0.000487, 0.000097, 0.000202, -0.000432, 0.000308, -0.001148, 0.000007, -0.000031, 0.000648, -0.000137 ],
      "X_62" : [ -0.000022, -0.000060, 0.000024, 0.000142, -0.000186, -0.000317, -0.000022, 0.000081, 0.000217, 0.000143 ],
      "X_63" : [ 0.000124, 0.000350, -0.000068, -0.000282, 0.000294, 0.000074, -0.000344, -0.000241, 0.000430, -0.000337 ]   
   },