{
   "Contributions" : {
      "X_0" : [ 0.000000, 0.000000, 0.000000, 0.000000, 0.000000, 0.000000, 0.000000, 0.000000, 0.000000, 0.000000 ],
      "X_1" : [ 0.000398, 0.000099, -0.000025, -0.000524, -0.000667, -0.000494, -0.000535, 0.000413, 0.001117, 0.000216 ],
      "X_2" : [ -0.000346, -0.001025, 0.001846, 0.007616, 0.007457, -0.013305, 0.009892, -0.015550, 0.001092, 0.002323 ],
      "X_3" : [ -0.003975, 0.005500, -0.000974, -0.014342, 0.012177, -0.002914, -0.003305, -0.007981, 0.009673, 0.006140 ],
      "X_4" : [ 0.001053, -0.005015, 0.004248, 0.002772, -0.002082, -0.001411, 0.000918, -0.002021, 0.000849, 0.000690 ],
      "X_5" : [ 0.003405, -0.001358, 0.003068, -0.000383, 0.001644, 0.001411, -0.000246, -0.002946, -0.000815, -0.003780 ],
      "X_6" : [ 0.002371, -0.002797, -0.001523, -0.003701, 0.001240, -0.000887, -0.000383, 0.001959, 0.005613, -0.001891 ],
      "X_7" : [ 0.000019, -0.000076, 0.000078, -0.000249, -0.000016, 0.000153, -0.000029, 0.000471, -0.000192, -0.000159 ],
      "X_8" : [ 0.000001, -0.000012, -0.000018, -0.000089, -0.000009, 0.000002, -0.000005, -0.000012, 0.000131, 0.000010 ],
      "X_9" : [ 0.001417, 0.000974, 0.002619, -0.001354, 0.000765, -0.001933, -0.000350, 0.001047, -0.002810, -0.000374 ],
      "X_10" : [ 0.000766, 0.007437, 0.000067, -0.003361, -0.010456, 0.000539, 0.001278, 0.004629, -0.000424, -0.000475 ],
      "X_11" : [ -0.004037, 0.001678, 0.000078, 0.000930, 0.001555, 0.000244, 0.002481, -0.005137, 0.003392, -0.001184 ],
      "X_12" : [ 0.006107, 0.011780, 0.003077, -0.000289, -0.000929, -0.001495, -0.002800, -0.003705, -0.011836, 0.000091 ],
      "X_13" : [ 0.001907, 0.002599, -0.007651, -0.003847, -0.002054, -0.001700, 0.003062, -0.002369, 0.007319, 0.002736 ],
      "X_14" : [ 0.000200, 0.001694, -0.001361, 0.000993, -0.001459, -0.004889, 0.001030, 0.002018, 0.001467, 0.000305 ],
      "X_15" : [ -0.000035, -0.000185, 0.000011, 0.000007, -0.000049, -0.000168, -0.000032, 0.000625, -0.000208, 0.000034 ],
      "X_16" : [ -0.000002, 0.000051, -0.000021, 0.000005, -0.000023, -0.000011, -0.000008, -0.000008, 0.000016, 0.000001 ],
      "X_17" : [ 0.001202, -0.000530, -0.000479, 0.000198, -0.001000, 0.002117, -0.001039, -0.002602, 0.000696, 0.001438 ],
      "X_18" : [ 0.006856, -0.001647, -0.001150, -0.013073, 0.001442, -0.003003, 0.011285, -0.015216, 0.001507, 0.012999 ],
      "X_19" : [ 0.000650, 0.002681, -0.002016, 0.000437, 0.000021, -0.001003, 0.003439, -0.005067, 0.000371, 0.000487 ],
      "X_20" : [ 0.009682, -0.007543, -0.005761, 0.000365, -0.004759, 0.015204, 0.000133, 0.004068, -0.006129, -0.005260 ],
      "X_21" : [ 0.001131, -0.000785, -0.003719, -0.001495, -0.000427, 0.006686, -0.001595, -0.004850, 0.001757, 0.003296 ],
      "X_22" : [ -0.000533, 0.001387, 0.000814, -0.000076, -0.001204, -0.001727, -0.000494, 0.000713, 0.002211, -0.001089 ],
      "X_23" : [ -0.000081, -0.000028, -0.000061, -0.000080, 0.000659, -0.000128, -0.000019, -0.000166, -0.000103, 0.000008 ],
      "X_24" : [ 0.000000, 0.000015, -0.000004, -0.000004, 0.000009, 0.000006, -0.000000, -0.000002, -0.000019, -0.000002 ],
      "X_25" : [ 0.003507, -0.002203, 0.000813, 0.001638, 0.002082, -0.006347, -0.001363, 0.001718, -0.000987, 0.001143 ],
      "X_26" : [ 0.004279, 0.008511, -0.013719, -0.022609, 0.009623, 0.012668, 0.001929, -0.006982, 0.000792, 0.005509 ],
      "X_27" : [ -0.000725, -0.005977, 0.011889, -0.006087, 0.001215, -0.001243, 0.003191, -0.002227, -0.004641, 0.004606 ],
      "X_28" : [ 0.021019, -0.005372, -0.003105, 0.000322, 0.003468, -0.004975, -0.003044, -0.006475, -0.000889, -0.000947 ],
      "X_29" : [ -0.001603, -0.001029, 0.003257, -0.014159, 0.003287, -0.000151, -0.004703, 0.006436, 0.003238, 0.005428 ],
      "X_30" : [ 0.005686, -0.000016, -0.001916, -0.000449, 0.005252, -0.001776, -0.000979, 0.001301, -0.004064, -0.003040 ],
      "X_31" : [ -0.000008, -0.000000, -0.000001, -0.000001, 0.000036, 0.000002, 0.000004, -0.000014, -0.000008, -0.000009 ],
      "X_32" : [ 0.000000, 0.000000, 0.000000, 0.000000, 0.000000, 0.000000, 0.000000, 0.000000, 0.000000, 0.000000 ],
      "X_33" : [ -0.003725, 0.000399, -0.001928, -0.000037, 0.004884, 0.002206, 0.003771, -0.002617, -0.001025, -0.001928 ],
      "X_34" : [ 0.012257, 0.002111, -0.006169, -0.002288, 0.006102, -0.000423, 0.001685, -0.002441, -0.011625, 0.000791 ],
      "X_35" : [ 0.014808, -0.000228, -0.003280, -0.006584, -0.000213, 0.009262, -0.001680, -0.002943, -0.005374, -0.003770 ],
      "X_36" : [ 0.016600, -0.003005, -0.001909, -0.002385, 0.002895, -0.002082, -0.004748, -0.005938, -0.000992, 0.001563 ],
      "X_37" : [ 0.000409, 0.003664, -0.001997, -0.004108, 0.007345, 0.000007, -0.010622, 0.007887, -0.005902, 0.003316 ],
      "X_38" : [ 0.006762, -0.005715, -0.005738, -0.001308, 0.001173, 0.002542, 0.003135, 0.002049, -0.002389, -0.000510 ],
      "X_39" : [ 0.000000, 0.000000, 0.000000, 0.000000, 0.000000, 0.000000, 0.000000, 0.000000, 0.000000, 0.000000 ],
      "X_40" : [ 0.000003, -0.000000, -0.000003, 0.000003, -0.000034, 0.000032, 0.000006, 0.000000, -0.000006, -0.000000 ],
      "X_41" : [ 0.003986, -0.003155, 0.000563, -0.000610, 0.007610, -0.002805, -0.000460, -0.002361, -0.002073, -0.000695 ],
      "X_42" : [ 0.000141, -0.017158, -0.001627, -0.006623, 0.002158, -0.006834, 0.022172, 0.001425, 0.007039, -0.000694 ],
      "X_43" : [ 0.001422, -0.000803, 0.005198, -0.008952, 0.003540, -0.000791, -0.000763, -0.002217, -0.001595, 0.004961 ],
      "X_44" : [ -0.000659, 0.001067, 0.004059, 0.003292, 0.004786, -0.006063, -0.004576, -0.000995, -0.003180, 0.002269 ],
      "X_45" : [ 0.000595, -0.004812, 0.003058, -0.001433, 0.000801, 0.000430, 0.005869, 0.003571, -0.004813, -0.003265 ],
      "X_46" : [ 0.002639, -0.012053, -0.003215, 0.003148, -0.000687, 0.000919, 0.019819, -0.001958, -0.006935, -0.001676 ],
      "X_47" : [ 0.000026, 0.000099, 0.000032, -0.000035, 0.000050, 0.000062, -0.000140, -0.000056, 0.000007, -0.000044 ],
      "X_48" : [ -0.000021, 0.000021, 0.000027, -0.000003, 0.000001, 0.000018, -0.000009, -0.000014, -0.000013, -0.000007 ],
      "X_49" : [ -0.000192, -0.000623, -0.000044, -0.000068, -0.001646, -0.000273, -0.000172, 0.001086, 0.001884, 0.000048 ],
      "X_50" : [ 0.001135, -0.009043, -0.000607, 0.000407, 0.011118, 0.002096, -0.003441, 0.008166, -0.009158, -0.000673 ],
      "X_51" : [ -0.000797, 0.000612, 0.003301, -0.002378, -0.000603, 0.003748, 0.002508, -0.002008, -0.006864, 0.002479 ],
      "X_52" : [ -0.000465, 0.001064, -0.004043, -0.002592, 0.004931, 0.004847, 0.002090, -0.005611, -0.003734, 0.003513 ],
      "X_53" : [ 0.001603, 0.003937, -0.004998, -0.006429, 0.008567, -0.001793, -0.001180, 0.003385, -0.004526, 0.001435 ],
      "X_54" : [ -0.000421, 0.001833, 0.001212, 0.003669, 0.003657, -0.001546, 0.002003, -0.005451, -0.004539, -0.000418 ],
      "X_55" : [ 0.001068, -0.001846, -0.002055, 0.000801, 0.000260, 0.001370, 0.000014, -0.000279, 0.000962, -0.000295 ],
      "X_56" : [ -0.000000, -0.000002, 0.000004, -0.000000, -0.000001, -0.000000, 0.000000, -0.000001, -0.000001, 0.000000 ],
      "X_57" : [ -0.000410, -0.000178, -0.000021, -0.000895, 0.001269, 0.000082, 0.000714, -0.001042, 0.000192, 0.000290 ],
      "X_58" : [ 0.007046, 0.010058, 0.000499, -0.007885, 0.008456, -0.012452, -0.004624, -0.000472, 0.002780, -0.003406 ],
      "X_59" : [ -0.000371, -0.001890, -0.006732, 0.003084, 0.006812, -0.007672, 0.008785, 0.000871, -0.000014, -0.002875 ],
      "X_60" : [ 0.002358, 0.003578, 0.000765, -0.002701, 0.001530, 0.000214, -0.000784, -0.010691, 0.004189, 0.001542 ],
      "X_61" : [ 0.000695, -0.007653, -0.001146, -0.000363, 0.004479, 0.006468, 0.002892, -0.000625, -0.000065, -0.004681 ],
      "X_62" : [ 0.003042, -0.005557, -0.013929, 0.004121, 0.002483, 0.005233, 0.001015, 0.001471, 0.002386, -0.000266 ],
      "X_63" : [ 0.001170, -0.008635, -0.010415, 0.004306, 0.000893, 0.007005, 0.000720, 0.000645, 0.004161, 0.000149 ]   
   },