{
   "Contributions" : {
      "X_0" : [ -0.036215, 0.036215 ],
      "X_1" : [ 0.000000, 0.000000 ],
      "X_2" : [ -0.024619, 0.024619 ],
      "X_3" : [ 0.000000, 0.000000 ],
      "X_4" : [ -0.017155, 0.017155 ],
      "X_5" : [ 0.000000, 0.000000 ],
      "X_6" : [ 0.000000, 0.000000 ],
      "X_7" : [ 0.000000, 0.000000 ],
      "X_8" : [ 0.000000, 0.000000 ],
      "X_9" : [ 0.000000, 0.000000 ],
      "X_10" : [ 0.000000, 0.000000 ],
      "X_11" : [ 0.000000, 0.000000 ],
      "X_12" : [ -0.005092, 0.005092 ],
      "X_13" : [ 0.000000, 0.000000 ]   
   },
   "Most_Contributive_Features_By_Class" : {
      "class_0" : [ 0, 2, 4, 12 ],
      "class_1" : [ 0, 2, 4, 12 ]
   }
}