{
	"metadata" : { "model" : "Vapnik_NuSVR_RBF", "version" : "2024-W13", "signature" : "ff4_ff4"},
	"options" : {"svm_type" : "nu_svr", "kernel" : "rbf", "degree" : 3, "gamma" : 1.066337, "coef0" : 0.000000, "cache_size" : 300, "tol" : 0.001000, "nu" : 0.100000, "epsilon" : 0.000000, "shrinking" : 0, "probability" : 0, "C" : 1.000000, "max_iter" : 128, "random_state" : 1789 },
	"dataset" : { "dataset_rows" : 12, "dataset_features" : 10 },
	"svm_model" : {
	"classes" : 2,
	"L" : 3,
	"SupportVectors" : {
		"SV_0" : [ 0.652811, 0.757719, 0.306902, 0.828286, 0.763064, 0.859003, 0.873377, 0.146070, 0.894295, 0.086598 ],
		"SV_1" : [ 0.888102, 0.149216, 0.426902, 0.180039, 0.792176, 0.085835, 0.603319, 0.653572, 0.865909, 0.986362 ],
		"SV_2" : [ 0.235384, 0.117604, 0.514017, 0.633968, 0.618557, 0.121827, 0.576931, 0.091568, 0.527227, 0.211281 ]
	},
	"SupportVectorsCoefs" : {
		"SV_coef_0" : [ 0.600000, -0.482217, -0.117783 ]
	},
	"rho" : [ -16.336586 ],
	"nSV" : [ 3 ],
	"probA" : [ ],
	"probB" : [ ],
	"n_iter" : [ 3 ]
}
}