{
   "Contributions" : {
      "X_0" : [ -0.004539, 0.006242, 0.002176, -0.003879 ],
      "X_1" : [ 0.001683, -0.003656, 0.000257, 0.001716 ],
      "X_2" : [ 0.000453, -0.000083, -0.000071, -0.000299 ],
      "X_3" : [ 0.003679, -0.000507, -0.006889, 0.003717 ],
      "X_4" : [ 0.000905, 0.000633, -0.003374, 0.001836 ],
      "X_5" : [ 0.003115, -0.000468, -0.000039, -0.002608 ],
      "X_6" : [ -0.001903, -0.000240, 0.003456, -0.001313 ],
      "X_7" : [ -0.002485, 0.007909, -0.003389, -0.002035 ],
      "X_8" : [ -0.001983, -0.003291, 0.007354, -0.002080 ],
      "X_9" : [ -0.001596, 0.000733, -0.000856, 0.001718 ]   
   },
   "Most_Contributive_Features_By_Class" : {
      "class_0" : [ 0, 3, 5, 7, 8, 6, 1, 9, 4, 2 ],
      "class_1" : [ 7, 0, 1, 8, 9, 4, 3, 5, 6, 2 ],
      "class_2" : [ 8, 3, 6, 7, 4, 0, 9, 1, 2, 5 ],
      "class_3" : [ 0, 3, 5, 8, 7, 4, 9, 1, 6, 2 ]
   }
}