{
   "Contributions" : {
      "X_0" : [ -0.004247, 0.005336, 0.002629, -0.003719 ],
      "X_1" : [ 0.001148, -0.001756, -0.000645, 0.001253 ],
      "X_2" : [ 0.000424, -0.000068, -0.000064, -0.000292 ],
      "X_3" : [ 0.003422, -0.000674, -0.006328, 0.003580 ],
      "X_4" : [ 0.000887, 0.000646, -0.003377, 0.001844 ],
      "X_5" : [ 0.003124, -0.000452, -0.000053, -0.002620 ],
      "X_6" : [ -0.001079, -0.000240, 0.003181, -0.001862 ],
      "X_7" : [ -0.002730, 0.008294, -0.003521, -0.002043 ],
      "X_8" : [ -0.002129, -0.003195, 0.007471, -0.002148 ],
      "X_9" : [ -0.001574, 0.000726, -0.000867, 0.001715 ]   
   },
   "Most_Contributive_Features_By_Class" : {
      "class_0" : [ 0, 3, 5, 7, 8, 9, 1, 6, 4, 2 ],
      "class_1" : [ 7, 0, 8, 1, 9, 3, 4, 5, 6, 2 ],
      "class_2" : [ 8, 3, 7, 4, 6, 0, 9, 1, 2, 5 ],
      "class_3" : [ 0, 3, 5, 8, 7, 6, 4, 9, 1, 2 ]
   }
}