{
	"metadata" : { "model" : "Tikhonov_Ridge", "version" : "2024-W13", "signature" : "ff4_il8"},
	"options" : { "alpha" : 1.000000, "random_state" : 1789 },
	"dataset" : { "dataset_rows" : 512, "dataset_features" : 10 },
	"classes" : [ 0, 1, 2, 3 ],
	"equations" : {
		"class_0" : {
			"intercept" : -0.476570,
			"coeffs" : [ -0.067196, -0.019410, 0.027532, 0.096525, 0.018254, -0.055140, -0.010960, -0.117981, 0.005894, -0.025425 ]
		},
		"class_1" : {
			"intercept" : -0.449453,
			"coeffs" : [ 0.087666, 0.032008, -0.001338, -0.056594, 0.015120, 0.008463, -0.010617, 0.258524, 0.177087, 0.011738 ]
		},
		"class_2" : {
			"intercept" : -0.568765,
			"coeffs" : [ 0.057067, 0.013617, -0.005852, -0.151622, -0.068328, 0.002755, 0.042741, 0.016814, -0.188192, -0.017104 ]
		},
		"class_3" : {
			"intercept" : -0.505214,
			"coeffs" : [ -0.077513, -0.026181, -0.020342, 0.111688, 0.034954, 0.043922, -0.021144, -0.157382, 0.005228, 0.030790 ]
		}
	}
}