{
   "Contributions" : {
      "X_0" : [ 0.518383 ],
      "X_1" : [ 0.246745 ],
      "X_2" : [ -2.057305 ],
      "X_3" : [ 1.033252 ],
      "X_4" : [ -0.400327 ],
      "X_5" : [ -0.470665 ],
      "X_6" : [ -0.066583 ],
      "X_7" : [ -0.501869 ],
      "X_8" : [ -2.290062 ],
      "X_9" : [ 2.309088 ]   
   },
   "Most_Contributive_Features" : {
      "y" : [ 9, 8, 2, 3, 0, 7, 5, 4, 1, 6 ]
   }
}