{
   "Contributions" : {
      "X_0" : [ 0.011822, -0.011822 ],
      "X_1" : [ 0.000000, 0.000000 ],
      "X_2" : [ 0.036783, -0.036783 ],
      "X_3" : [ 0.000000, 0.000000 ],
      "X_4" : [ 0.007452, -0.007452 ],
      "X_5" : [ 0.000000, 0.000000 ],
      "X_6" : [ 0.000000, 0.000000 ],
      "X_7" : [ 0.000000, 0.000000 ],
      "X_8" : [ 0.000000, 0.000000 ],
      "X_9" : [ 0.000000, 0.000000 ],
      "X_10" : [ -0.004165, 0.004165 ],
      "X_11" : [ 0.000187, -0.000187 ],
      "X_12" : [ 0.008649, -0.008649 ],
      "X_13" : [ 0.000000, 0.000000 ]   
   },
   "Most_Contributive_Features_By_Class" : {
      "class_0" : [ 2, 0, 12, 4, 10, 11 ],
      "class_1" : [ 2, 0, 12, 4, 10, 11 ]
   }
}