{
   "Contributions" : {
      "X_0" : [ -0.007731, 0.007731 ],
      "X_1" : [ 0.000000, 0.000000 ],
      "X_2" : [ 0.009202, -0.009202 ],
      "X_3" : [ 0.000000, 0.000000 ],
      "X_4" : [ -0.001956, 0.001956 ],
      "X_5" : [ 0.000000, 0.000000 ],
      "X_6" : [ 0.000000, 0.000000 ],
      "X_7" : [ 0.000000, 0.000000 ],
      "X_8" : [ 0.000000, 0.000000 ],
      "X_9" : [ 0.000000, 0.000000 ],
      "X_10" : [ -0.009368, 0.009368 ],
      "X_11" : [ 0.000000, 0.000000 ],
      "X_12" : [ 0.000986, -0.000986 ],
      "X_13" : [ 0.000000, 0.000000 ]   
   },
   "Most_Contributive_Features_By_Class" : {
      "class_0" : [ 10, 2, 0, 4, 12 ],
      "class_1" : [ 10, 2, 0, 4, 12 ]
   }
}