{
   "Contributions" : {
      "X_0" : [ 0.000000, 0.000000, 0.000000, 0.000000 ],
      "X_1" : [ -0.000183, 0.001770, 0.000244, -0.001831 ],
      "X_2" : [ 0.000000, 0.000000, 0.000000, 0.000000 ],
      "X_3" : [ -0.000122, -0.000366, 0.005432, -0.004944 ],
      "X_4" : [ -0.000183, 0.000183, 0.000000, 0.000000 ],
      "X_5" : [ 0.000000, 0.000000, 0.000000, 0.000000 ],
      "X_6" : [ 0.000000, 0.000000, 0.000000, 0.000000 ],
      "X_7" : [ 0.000000, 0.000000, 0.000000, 0.000000 ],
      "X_8" : [ 0.000000, 0.000000, 0.000000, 0.000000 ],
      "X_9" : [ 0.000000, 0.000000, 0.000000, 0.000000 ],
      "X_10" : [ 0.000000, 0.000000, 0.000000, 0.000000 ],
      "X_11" : [ -0.002441, 0.000000, -0.003601, 0.006042 ],
      "X_12" : [ 0.000000, 0.000000, 0.000000, 0.000000 ],
      "X_13" : [ 0.000000, 0.000000, 0.000000, 0.000000 ],
      "X_14" : [ 0.000000, 0.000000, 0.000000, 0.000000 ],
      "X_15" : [ 0.000000, 0.000000, 0.000000, 0.000000 ],
      "X_16" : [ 0.000244, -0.000916, 0.000000, 0.000671 ],
      "X_17" : [ 0.000000, 0.000000, 0.000000, 0.000000 ],
      "X_18" : [ -0.000732, 0.000000, 0.000000, 0.000732 ],
      "X_19" : [ 0.000000, 0.000000, 0.000000, 0.000000 ],
      "X_20" : [ 0.000000, 0.000000, 0.000000, 0.000000 ],
      "X_21" : [ 0.000000, 0.000122, 0.000000, -0.000122 ],
      "X_22" : [ 0.000000, 0.000000, 0.000000, 0.000000 ],
      "X_23" : [ 0.000000, 0.000000, 0.000000, 0.000000 ],
      "X_24" : [ 0.000000, 0.000000, 0.000000, 0.000000 ],
      "X_25" : [ -0.002864, 0.000544, 0.002319, 0.000000 ],
      "X_26" : [ 0.000000, 0.000000, 0.000000, 0.000000 ],
      "X_27" : [ -0.000122, 0.000000, 0.000122, 0.000000 ],
      "X_28" : [ 0.000000, 0.000000, 0.000000, 0.000000 ],
      "X_29" : [ 0.000000, 0.000000, 0.000000, 0.000000 ],
      "X_30" : [ 0.000305, 0.000000, 0.000000, -0.000305 ],
      "X_31" : [ 0.017818, 0.008397, -0.012094, -0.014121 ],
      "X_32" : [ 0.000000, 0.000000, 0.000000, 0.000000 ],
      "X_33" : [ 0.000000, 0.000000, 0.000000, 0.000000 ],
      "X_34" : [ 0.000000, -0.001526, 0.002014, -0.000488 ],
      "X_35" : [ -0.002738, -0.001884, -0.009639, 0.014262 ],
      "X_36" : [ 0.000000, 0.000000, 0.000000, 0.000000 ],
      "X_37" : [ 0.000000, 0.000000, 0.000000, 0.000000 ],
      "X_38" : [ 0.000000, 0.000000, 0.000000, 0.000000 ],
      "X_39" : [ 0.000000, 0.000000, 0.000000, 0.000000 ],
      "X_40" : [ -0.001404, -0.003906, 0.000000, 0.005310 ],
      "X_41" : [ -0.001465, -0.000916, 0.003418, -0.001038 ],
      "X_42" : [ 0.000000, 0.002502, -0.002502, 0.000000 ],
      "X_43" : [ 0.000000, 0.000000, 0.000000, 0.000000 ],
      "X_44" : [ 0.000427, 0.002808, -0.000061, -0.003174 ],
      "X_45" : [ 0.000000, 0.000000, 0.000000, 0.000000 ],
      "X_46" : [ 0.001135, 0.003943, -0.002209, -0.002869 ],
      "X_47" : [ 0.000000, 0.000000, 0.000000, 0.000000 ],
      "X_48" : [ 0.000000, 0.000000, 0.000000, 0.000000 ],
      "X_49" : [ -0.032870, 0.023469, 0.002316, 0.007084 ],
      "X_50" : [ 0.000000, 0.000000, 0.000000, 0.000000 ],
      "X_51" : [ -0.003723, 0.000000, 0.000000, 0.003723 ],
      "X_52" : [ 0.000000, 0.000000, 0.000000, 0.000000 ],
      "X_53" : [ -0.002648, -0.000128, 0.019073, -0.016296 ],
      "X_54" : [ 0.000000, 0.000000, 0.000000, 0.000000 ],
      "X_55" : [ 0.000000, 0.012878, 0.000000, -0.012878 ],
      "X_56" : [ 0.000000, 0.000000, 0.000000, 0.000000 ],
      "X_57" : [ -0.000732, 0.000000, 0.000000, 0.000732 ],
      "X_58" : [ 0.000000, 0.000000, 0.000000, 0.000000 ],
      "X_59" : [ 0.000000, 0.000000, 0.000000, 0.000000 ],
      "X_60" : [ -0.008355, 0.003547, -0.016873, 0.021681 ],
      "X_61" : [ 0.000000, 0.000000, 0.000000, 0.000000 ],
      "X_62" : [ -0.002597, -0.021724, -0.017370, 0.041691 ],
      "X_63" : [ 0.000000, 0.000000, 0.000000, 0.000000 ],
      "X_64" : [ 0.000000, 0.000000, 0.000000, 0.000000 ],
      "X_65" : [ -0.007080, 0.013062, -0.008057, 0.002075 ],
      "X_66" : [ -0.037922, 0.011744, 0.022974, 0.003204 ],
      "X_67" : [ 0.002319, -0.019226, -0.002258, 0.019165 ],
      "X_68" : [ 0.000000, 0.000000, 0.000000, 0.000000 ],
      "X_69" : [ 0.000000, 0.000000, 0.000000, 0.000000 ],
      "X_70" : [ -0.001709, 0.001709, 0.000000, 0.000000 ],
      "X_71" : [ 0.000000, 0.001953, 0.000000, -0.001953 ],
      "X_72" : [ 0.000000, 0.000610, -0.000549, -0.000061 ],
      "X_73" : [ 0.000000, 0.000000, 0.000000, 0.000000 ],
      "X_74" : [ 0.000000, 0.000000, 0.000000, 0.000000 ],
      "X_75" : [ 0.000671, -0.001648, 0.000610, 0.000366 ],
      "X_76" : [ 0.000000, 0.000000, 0.000000, 0.000000 ],
      "X_77" : [ 0.000000, -0.001526, 0.001526, 0.000000 ],
      "X_78" : [ 0.000610, 0.003906, -0.006042, 0.001526 ],
      "X_79" : [ 0.000000, 0.000244, 0.000000, -0.000244 ],
      "X_80" : [ 0.000000, 0.000000, 0.000000, 0.000000 ],
      "X_81" : [ 0.000000, 0.000000, 0.000000, 0.000000 ],
      "X_82" : [ 0.000000, 0.000000, 0.000000, 0.000000 ],
      "X_83" : [ 0.000000, 0.000000, 0.000000, 0.000000 ],
      "X_84" : [ 0.000000, 0.000000, 0.000000, 0.000000 ],
      "X_85" : [ 0.000000, 0.000000, 0.000000, 0.000000 ],
      "X_86" : [ 0.000000, 0.000000, 0.000000, 0.000000 ],
      "X_87" : [ 0.000000, 0.000000, 0.000000, 0.000000 ],
      "X_88" : [ 0.000000, 0.000000, 0.000000, 0.000000 ],
      "X_89" : [ 0.000000, 0.000000, 0.000000, 0.000000 ],
      "X_90" : [ 0.000000, 0.000000, 0.000000, 0.000000 ],
      "X_91" : [ 0.002869, -0.008911, 0.004883, 0.001160 ],
      "X_92" : [ 0.000000, 0.000000, 0.000000, 0.000000 ],
      "X_93" : [ -0.003113, 0.003296, -0.000183, 0.000000 ],
      "X_94" : [ 0.000000, 0.000000, 0.000000, 0.000000 ],
      "X_95" : [ 0.002061, 0.000172, -0.004065, 0.001831 ],
      "X_96" : [ 0.000000, 0.000000, 0.000000, 0.000000 ],
      "X_97" : [ 0.004578, 0.000000, -0.004578, 0.000000 ],
      "X_98" : [ 0.001892, 0.000549, -0.001709, -0.000732 ],
      "X_99" : [ -0.001526, 0.002197, 0.000000, -0.000671 ]   
   },
   "Most_Contributive_Features_By_Class" : {
      "class_0" : [ 66, 49, 31, 60, 65, 97, 51, 93, 91, 25 ],
      "class_1" : [ 49, 62, 67, 65, 55, 66, 91, 31, 46, 78 ],
      "class_2" : [ 66, 53, 62, 60, 31, 35, 65, 78, 3, 91 ],
      "class_3" : [ 62, 60, 67, 53, 35, 31, 55, 49, 11, 40 ]
   }
}