{
   "Contributions" : {
      "X_0" : [ -0.012599, 0.012599 ],
      "X_1" : [ 0.000000, 0.000000 ],
      "X_2" : [ -0.002502, 0.002502 ],
      "X_3" : [ 0.000000, 0.000000 ],
      "X_4" : [ -0.001994, 0.001994 ],
      "X_5" : [ 0.000000, 0.000000 ],
      "X_6" : [ 0.000000, 0.000000 ],
      "X_7" : [ 0.000000, 0.000000 ],
      "X_8" : [ 0.000000, 0.000000 ],
      "X_9" : [ 0.000000, 0.000000 ],
      "X_10" : [ 0.000008, -0.000008 ],
      "X_11" : [ 0.000000, 0.000000 ],
      "X_12" : [ -0.004064, 0.004064 ],
      "X_13" : [ 0.000000, 0.000000 ]   
   },
   "Most_Contributive_Features_By_Class" : {
      "class_0" : [ 0, 12, 2, 4, 10 ],
      "class_1" : [ 0, 12, 2, 4, 10 ]
   }
}