{
   "Contributions" : {
      "X_0" : [ -0.010865, 0.010865 ],
      "X_1" : [ 0.000000, 0.000000 ],
      "X_2" : [ -0.001568, 0.001568 ],
      "X_3" : [ 0.000000, 0.000000 ],
      "X_4" : [ -0.003976, 0.003976 ],
      "X_5" : [ 0.000000, 0.000000 ],
      "X_6" : [ 0.000000, 0.000000 ],
      "X_7" : [ 0.000000, 0.000000 ],
      "X_8" : [ 0.000000, 0.000000 ],
      "X_9" : [ 0.000000, 0.000000 ],
      "X_10" : [ 0.000771, -0.000771 ],
      "X_11" : [ -0.002721, 0.002721 ],
      "X_12" : [ -0.004584, 0.004584 ],
      "X_13" : [ 0.000000, 0.000000 ]   
   },
   "Most_Contributive_Features_By_Class" : {
      "class_0" : [ 0, 12, 4, 11, 2, 10 ],
      "class_1" : [ 0, 12, 4, 11, 2, 10 ]
   }
}