{
   "Contributions" : {
      "X_0" : [ 0.000023 ],
      "X_1" : [ 0.109802 ],
      "X_2" : [ 0.000000 ],
      "X_3" : [ 0.000009 ]   
   },
   "Most_Contributive_Features" : {
      "y" : [ 1, 0, 3, 2 ]
   }
}