{
   "Contributions" : {
      "X_0" : [ 0.000137 ],
      "X_1" : [ 0.043105 ],
      "X_2" : [ 0.000000 ],
      "X_3" : [ -0.000000 ]   
   },
   "Most_Contributive_Features" : {
      "y" : [ 1, 0, 3 ]
   }
}