{
	"metadata" : { "model" : "Vapnik_NuSVR_RBF", "version" : "2024-W12", "signature" : "ff4_ff4"},
	"options" : {"svm_type" : "nu_svr", "kernel" : "rbf", "degree" : 3, "gamma" : 0.000001, "coef0" : 0.000000, "cache_size" : 300, "tol" : 0.001000, "nu" : 0.500000, "epsilon" : 0.000000, "shrinking" : 0, "probability" : 0, "C" : 1.000000, "max_iter" : 128, "random_state" : 1789 },
	"dataset" : { "dataset_rows" : 16, "dataset_features" : 4 },
	"svm_model" : {
	"classes" : 2,
	"L" : 8,
	"SupportVectors" : {
		"SV_0" : [ 17.761709, 423.498322, 0.135270, 10.148129 ],
		"SV_1" : [ 45.437614, 168.841202, 0.343817, 3.279963 ],
		"SV_2" : [ 55.118420, 1002.086060, 0.726658, 4.570618 ],
		"SV_3" : [ 52.067585, 534.256165, 0.155164, 8.526538 ],
		"SV_4" : [ 22.605108, 1660.837036, 0.731124, 9.374556 ],
		"SV_5" : [ 7.606344, 1112.226562, 0.732761, 6.140375 ],
		"SV_6" : [ 51.401745, 1161.331543, 0.618557, 2.218271 ],
		"SV_7" : [ 38.088467, 1321.297485, 0.052941, 10.429984 ]
	},
	"SupportVectorsCoefs" : {
		"SV_coef_0" : [ -1.000000, -1.000000, 1.000000, -1.000000, 1.000000, 1.000000, 1.000000, -1.000000 ]
	},
	"rho" : [ -405.843964 ],
	"nSV" : [ 8 ],
	"probA" : [ ],
	"probB" : [ ],
	"n_iter" : [ 7 ]
}
}