{
   "Contributions" : {
      "X_0" : [ -0.001182, 0.001182 ],
      "X_1" : [ -0.003322, 0.003322 ],
      "X_2" : [ 0.000000, 0.000000 ],
      "X_3" : [ 0.000000, 0.000000 ],
      "X_4" : [ 0.000383, -0.000383 ],
      "X_5" : [ -0.000285, 0.000285 ],
      "X_6" : [ 0.000636, -0.000636 ],
      "X_7" : [ -0.006020, 0.006020 ],
      "X_8" : [ -0.001567, 0.001567 ],
      "X_9" : [ 0.000000, 0.000000 ],
      "X_10" : [ 0.000000, 0.000000 ],
      "X_11" : [ 0.000000, 0.000000 ],
      "X_12" : [ 0.000000, 0.000000 ],
      "X_13" : [ 0.001687, -0.001687 ],
      "X_14" : [ 0.000000, 0.000000 ],
      "X_15" : [ 0.000000, 0.000000 ],
      "X_16" : [ 0.000000, 0.000000 ],
      "X_17" : [ 0.000000, 0.000000 ],
      "X_18" : [ 0.000000, 0.000000 ],
      "X_19" : [ 0.000559, -0.000559 ],
      "X_20" : [ 0.000000, 0.000000 ],
      "X_21" : [ 0.009498, -0.009498 ],
      "X_22" : [ 0.002634, -0.002634 ],
      "X_23" : [ 0.005367, -0.005367 ],
      "X_24" : [ 0.000000, 0.000000 ],
      "X_25" : [ 0.002189, -0.002189 ],
      "X_26" : [ -0.001128, 0.001128 ],
      "X_27" : [ -0.046993, 0.046993 ],
      "X_28" : [ 0.000000, 0.000000 ],
      "X_29" : [ 0.000051, -0.000051 ]   
   },
   "Most_Contributive_Features_By_Class" : {
      "class_0" : [ 27, 21, 7, 23, 1, 22, 25, 13, 8, 0 ],
      "class_1" : [ 27, 21, 7, 23, 1, 22, 25, 13, 8, 0 ]
   }
}