{
   "Contributions" : {
      "X_0" : [ -0.000488, 0.000488 ],
      "X_1" : [ 0.002342, -0.002342 ],
      "X_2" : [ 0.000000, 0.000000 ],
      "X_3" : [ 0.000000, 0.000000 ],
      "X_4" : [ 0.000000, 0.000000 ],
      "X_5" : [ -0.002535, 0.002535 ],
      "X_6" : [ -0.003376, 0.003376 ],
      "X_7" : [ -0.001820, 0.001820 ],
      "X_8" : [ -0.001409, 0.001409 ],
      "X_9" : [ 0.000000, 0.000000 ],
      "X_10" : [ 0.000000, 0.000000 ],
      "X_11" : [ 0.000000, 0.000000 ],
      "X_12" : [ 0.000000, 0.000000 ],
      "X_13" : [ 0.002325, -0.002325 ],
      "X_14" : [ 0.000000, 0.000000 ],
      "X_15" : [ 0.000000, 0.000000 ],
      "X_16" : [ 0.000000, 0.000000 ],
      "X_17" : [ 0.000000, 0.000000 ],
      "X_18" : [ 0.000000, 0.000000 ],
      "X_19" : [ 0.001832, -0.001832 ],
      "X_20" : [ 0.023701, -0.023701 ],
      "X_21" : [ -0.001686, 0.001686 ],
      "X_22" : [ 0.005203, -0.005203 ],
      "X_23" : [ 0.000000, 0.000000 ],
      "X_24" : [ 0.000000, 0.000000 ],
      "X_25" : [ 0.000346, -0.000346 ],
      "X_26" : [ 0.000000, 0.000000 ],
      "X_27" : [ -0.047007, 0.047007 ],
      "X_28" : [ 0.000000, 0.000000 ],
      "X_29" : [ 0.003118, -0.003118 ]   
   },
   "Most_Contributive_Features_By_Class" : {
      "class_0" : [ 27, 20, 22, 6, 29, 5, 1, 13, 19, 7 ],
      "class_1" : [ 27, 20, 22, 6, 29, 5, 1, 13, 19, 7 ]
   }
}