{
   "Contributions" : {
      "X_0" : [ 0.000000, 0.000000 ],
      "X_1" : [ 0.004883, -0.004883 ],
      "X_2" : [ 0.000000, 0.000000 ],
      "X_3" : [ 0.000000, 0.000000 ],
      "X_4" : [ 0.000000, 0.000000 ],
      "X_5" : [ 0.000000, 0.000000 ],
      "X_6" : [ 0.000000, 0.000000 ],
      "X_7" : [ 0.000000, 0.000000 ],
      "X_8" : [ 0.000000, 0.000000 ],
      "X_9" : [ -0.000416, 0.000416 ],
      "X_10" : [ 0.000000, 0.000000 ],
      "X_11" : [ 0.000000, 0.000000 ],
      "X_12" : [ 0.000000, 0.000000 ],
      "X_13" : [ 0.000000, 0.000000 ],
      "X_14" : [ 0.000000, 0.000000 ],
      "X_15" : [ 0.000000, 0.000000 ],
      "X_16" : [ -0.002470, 0.002470 ],
      "X_17" : [ 0.000000, 0.000000 ],
      "X_18" : [ 0.000000, 0.000000 ],
      "X_19" : [ 0.000000, 0.000000 ],
      "X_20" : [ 0.000606, -0.000606 ],
      "X_21" : [ 0.000000, 0.000000 ],
      "X_22" : [ 0.001094, -0.001094 ],
      "X_23" : [ 0.000000, 0.000000 ],
      "X_24" : [ 0.000000, 0.000000 ],
      "X_25" : [ 0.000000, 0.000000 ],
      "X_26" : [ 0.000000, 0.000000 ],
      "X_27" : [ -0.020427, 0.020427 ],
      "X_28" : [ 0.000000, 0.000000 ],
      "X_29" : [ 0.000000, 0.000000 ]   
   },
   "Most_Contributive_Features_By_Class" : {
      "class_0" : [ 27, 1, 16, 22, 20, 9 ],
      "class_1" : [ 27, 1, 16, 22, 20, 9 ]
   }
}