{
   "Contributions" : {
      "X_0" : [ -2.895703 ],
      "X_1" : [ -60.461052 ],
      "X_2" : [ 15.244089 ],
      "X_3" : [ 0.568831 ]   
   },
   "Most_Contributive_Features" : {
      "y" : [ 1, 2, 0, 3 ]
   }
}