{
   "Contributions" : {
      "X_0" : [ -0.003010, 0.003010 ],
      "X_1" : [ -0.001211, 0.001211 ],
      "X_2" : [ -0.003652, 0.003652 ],
      "X_3" : [ 0.000750, -0.000750 ],
      "X_4" : [ -0.002710, 0.002710 ],
      "X_5" : [ -0.002353, 0.002353 ],
      "X_6" : [ 0.002519, -0.002519 ],
      "X_7" : [ -0.001531, 0.001531 ],
      "X_8" : [ -0.004036, 0.004036 ],
      "X_9" : [ 0.001576, -0.001576 ],
      "X_10" : [ 0.000673, -0.000673 ],
      "X_11" : [ -0.005706, 0.005706 ],
      "X_12" : [ 0.004736, -0.004736 ],
      "X_13" : [ -0.000546, 0.000546 ],
      "X_14" : [ -0.000389, 0.000389 ],
      "X_15" : [ 0.001180, -0.001180 ],
      "X_16" : [ 0.001898, -0.001898 ],
      "X_17" : [ -0.000228, 0.000228 ],
      "X_18" : [ 0.003978, -0.003978 ],
      "X_19" : [ 0.002061, -0.002061 ],
      "X_20" : [ 0.000289, -0.000289 ],
      "X_21" : [ -0.004272, 0.004272 ],
      "X_22" : [ 0.000262, -0.000262 ],
      "X_23" : [ 0.000820, -0.000820 ],
      "X_24" : [ 0.000498, -0.000498 ],
      "X_25" : [ 0.000741, -0.000741 ],
      "X_26" : [ -0.001940, 0.001940 ],
      "X_27" : [ 0.001770, -0.001770 ],
      "X_28" : [ -0.000673, 0.000673 ],
      "X_29" : [ 0.001910, -0.001910 ],
      "X_30" : [ -0.001638, 0.001638 ],
      "X_31" : [ -0.002708, 0.002708 ],
      "X_32" : [ 0.001132, -0.001132 ],
      "X_33" : [ -0.001216, 0.001216 ],
      "X_34" : [ 0.001565, -0.001565 ],
      "X_35" : [ -0.000304, 0.000304 ],
      "X_36" : [ -0.000079, 0.000079 ],
      "X_37" : [ -0.000281, 0.000281 ],
      "X_38" : [ -0.000227, 0.000227 ],
      "X_39" : [ 0.005352, -0.005352 ],
      "X_40" : [ 0.005149, -0.005149 ],
      "X_41" : [ 0.005042, -0.005042 ],
      "X_42" : [ -0.000290, 0.000290 ],
      "X_43" : [ 0.006089, -0.006089 ],
      "X_44" : [ 0.004721, -0.004721 ],
      "X_45" : [ 0.002592, -0.002592 ],
      "X_46" : [ -0.002427, 0.002427 ],
      "X_47" : [ 0.001009, -0.001009 ],
      "X_48" : [ 0.000253, -0.000253 ],
      "X_49" : [ -0.003201, 0.003201 ],
      "X_50" : [ -0.002512, 0.002512 ],
      "X_51" : [ 0.002960, -0.002960 ],
      "X_52" : [ 0.009613, -0.009613 ],
      "X_53" : [ 0.000703, -0.000703 ],
      "X_54" : [ 0.000123, -0.000123 ],
      "X_55" : [ -0.006424, 0.006424 ],
      "X_56" : [ 0.000918, -0.000918 ],
      "X_57" : [ -0.000738, 0.000738 ],
      "X_58" : [ 0.001665, -0.001665 ],
      "X_59" : [ 0.001229, -0.001229 ],
      "X_60" : [ 0.014204, -0.014204 ],
      "X_61" : [ 0.012870, -0.012870 ],
      "X_62" : [ 0.000311, -0.000311 ],
      "X_63" : [ 0.000562, -0.000562 ],
      "X_64" : [ 0.001792, -0.001792 ],
      "X_65" : [ 0.000435, -0.000435 ],
      "X_66" : [ -0.003044, 0.003044 ],
      "X_67" : [ 0.004704, -0.004704 ],
      "X_68" : [ 0.007338, -0.007338 ],
      "X_69" : [ 0.000037, -0.000037 ],
      "X_70" : [ -0.000188, 0.000188 ],
      "X_71" : [ -0.003475, 0.003475 ],
      "X_72" : [ 0.001885, -0.001885 ],
      "X_73" : [ 0.002885, -0.002885 ],
      "X_74" : [ 0.000770, -0.000770 ],
      "X_75" : [ 0.000820, -0.000820 ],
      "X_76" : [ 0.001920, -0.001920 ],
      "X_77" : [ -0.005803, 0.005803 ],
      "X_78" : [ 0.005383, -0.005383 ],
      "X_79" : [ -0.001558, 0.001558 ],
      "X_80" : [ 0.003419, -0.003419 ],
      "X_81" : [ 0.000279, -0.000279 ],
      "X_82" : [ 0.003533, -0.003533 ],
      "X_83" : [ 0.000929, -0.000929 ],
      "X_84" : [ 0.000435, -0.000435 ],
      "X_85" : [ 0.001946, -0.001946 ],
      "X_86" : [ -0.002622, 0.002622 ],
      "X_87" : [ 0.002079, -0.002079 ],
      "X_88" : [ 0.003203, -0.003203 ],
      "X_89" : [ -0.002200, 0.002200 ],
      "X_90" : [ -0.003868, 0.003868 ],
      "X_91" : [ -0.000286, 0.000286 ],
      "X_92" : [ 0.002615, -0.002615 ],
      "X_93" : [ -0.000428, 0.000428 ],
      "X_94" : [ 0.002520, -0.002520 ],
      "X_95" : [ 0.011482, -0.011482 ],
      "X_96" : [ -0.000355, 0.000355 ],
      "X_97" : [ -0.003042, 0.003042 ],
      "X_98" : [ -0.001993, 0.001993 ],
      "X_99" : [ -0.001195, 0.001195 ]   
   },
   "Most_Contributive_Features_By_Class" : {
      "class_0" : [ 60, 61, 95, 52, 68, 55, 43, 77, 11, 78 ],
      "class_1" : [ 60, 61, 95, 52, 68, 55, 43, 77, 11, 78 ]
   }
}