{
	"metadata" : { "model" : "Tikhonov_Ridge", "version" : "2024-W13", "signature" : "ff4_ff4"},
	"options" : { "alpha" : 0.000000, "random_state" : 1789 },
	"dataset" : { "dataset_rows" : 128, "dataset_features" : 100 },
	"equations" : {
			"intercept" : 0.001728,
			"coeffs" : [ 0.000029, 0.000799, 0.000552, -0.000507, 0.000435, 0.000067, -0.000645, 0.001413, 0.001944, 0.001441, -0.001320, 0.000971, 0.001084, 0.000175, -0.000032, -0.000486, -0.001064, -0.001604, -0.002871, 0.001302, -0.000221, 0.001219, 32.341866, -0.001354, -0.000102, -0.000040, 0.002689, 0.000288, 0.000270, -0.000706, 66.237167, 0.000442, 44.681538, 4.637735, 0.000100, -0.000708, 46.949200, -0.000457, -0.001388, 0.000684, 0.002732, -0.000336, 0.000636, 0.000784, -0.000663, -0.002249, 73.852280, -0.001213, 0.000113, 0.000119, -0.000045, -0.000677, -0.000252, -0.001990, 0.002835, 0.000658, 0.001070, -0.001018, -0.000682, 45.258953, 0.001225, -0.001462, 0.001285, 0.001457, -0.002787, -0.000243, 0.000239, 0.001281, 0.000216, 0.000834, 0.000153, 0.001328, -0.000235, 0.001757, 0.001123, -0.001072, 0.001186, 66.567291, 0.000848, -0.000743, -0.000859, 0.000740, 0.001211, -0.000122, -0.000361, -0.000042, -0.001694, -0.003643, 0.000939, 0.000485, 18.801191, 0.001275, -0.002093, -0.001814, -0.000136, 31.014183, -0.000507, -0.001462, 0.000429, -0.000909 ]
		}
}