{
   "Contributions" : {
      "X_0" : [ -0.020142 ],
      "X_1" : [ -0.091829 ],
      "X_2" : [ -0.109172 ],
      "X_3" : [ -0.008674 ],
      "X_4" : [ 0.142011 ],
      "X_5" : [ 0.043312 ],
      "X_6" : [ 0.004995 ],
      "X_7" : [ -0.048047 ],
      "X_8" : [ -0.305865 ],
      "X_9" : [ 0.008018 ],
      "X_10" : [ 0.078490 ],
      "X_11" : [ -0.157088 ],
      "X_12" : [ 0.066983 ],
      "X_13" : [ -0.008921 ],
      "X_14" : [ 0.023115 ],
      "X_15" : [ 0.011059 ],
      "X_16" : [ -0.041022 ],
      "X_17" : [ 0.001816 ],
      "X_18" : [ -0.012116 ],
      "X_19" : [ 0.021628 ],
      "X_20" : [ 0.009903 ],
      "X_21" : [ -0.185537 ],
      "X_22" : [ 1.335203 ],
      "X_23" : [ 0.152001 ],
      "X_24" : [ -0.000346 ],
      "X_25" : [ 0.005341 ],
      "X_26" : [ -0.404052 ],
      "X_27" : [ 0.009448 ],
      "X_28" : [ 0.025129 ],
      "X_29" : [ -0.027051 ],
      "X_30" : [ -9.258931 ],
      "X_31" : [ 0.008377 ],
      "X_32" : [ 6.324634 ],
      "X_33" : [ 1.028042 ],
      "X_34" : [ -0.004063 ],
      "X_35" : [ -0.012010 ],
      "X_36" : [ 12.941542 ],
      "X_37" : [ 0.088827 ],
      "X_38" : [ -0.071221 ],
      "X_39" : [ -0.001178 ],
      "X_40" : [ 0.248047 ],
      "X_41" : [ 0.039311 ],
      "X_42" : [ -0.036967 ],
      "X_43" : [ -0.144574 ],
      "X_44" : [ 0.188138 ],
      "X_45" : [ 0.211022 ],
      "X_46" : [ 8.305862 ],
      "X_47" : [ -0.118637 ],
      "X_48" : [ 0.000717 ],
      "X_49" : [ 0.056908 ],
      "X_50" : [ 0.000471 ],
      "X_51" : [ -0.006232 ],
      "X_52" : [ -0.003047 ],
      "X_53" : [ -0.118163 ],
      "X_54" : [ -0.445437 ],
      "X_55" : [ 0.151144 ],
      "X_56" : [ 0.286390 ],
      "X_57" : [ -0.394739 ],
      "X_58" : [ -0.105258 ],
      "X_59" : [ 7.539057 ],
      "X_60" : [ -0.050055 ],
      "X_61" : [ -0.058482 ],
      "X_62" : [ -0.140527 ],
      "X_63" : [ 0.160149 ],
      "X_64" : [ 0.898675 ],
      "X_65" : [ -0.015878 ],
      "X_66" : [ 0.002659 ],
      "X_67" : [ 0.056165 ],
      "X_68" : [ 0.002567 ],
      "X_69" : [ 0.064472 ],
      "X_70" : [ 0.000835 ],
      "X_71" : [ -0.065217 ],
      "X_72" : [ 0.071606 ],
      "X_73" : [ -0.167060 ],
      "X_74" : [ 0.159421 ],
      "X_75" : [ -0.024549 ],
      "X_76" : [ -0.186863 ],
      "X_77" : [ 11.153611 ],
      "X_78" : [ -0.092959 ],
      "X_79" : [ 0.021395 ],
      "X_80" : [ -0.147390 ],
      "X_81" : [ -0.089779 ],
      "X_82" : [ -0.034835 ],
      "X_83" : [ -0.001650 ],
      "X_84" : [ -0.008928 ],
      "X_85" : [ 0.002563 ],
      "X_86" : [ -0.050159 ],
      "X_87" : [ 1.141916 ],
      "X_88" : [ 0.036822 ],
      "X_89" : [ 0.045727 ],
      "X_90" : [ 2.886903 ],
      "X_91" : [ 0.040926 ],
      "X_92" : [ 0.060566 ],
      "X_93" : [ 0.681910 ],
      "X_94" : [ -0.000669 ],
      "X_95" : [ -9.998730 ],
      "X_96" : [ -0.055552 ],
      "X_97" : [ -0.024471 ],
      "X_98" : [ 0.006173 ],
      "X_99" : [ -0.188096 ]   
   },
   "Most_Contributive_Features" : {
      "y" : [ 36, 77, 95, 30, 46, 59, 32, 90, 22, 87 ]
   }
}