{
	"metadata" : { "model" : "Tikhonov_Ridge", "version" : "2024-W13", "signature" : "ff4_ff4"},
	"options" : { "alpha" : 1.000000, "random_state" : 1789 },
	"dataset" : { "dataset_rows" : 128, "dataset_features" : 100 },
	"equations" : {
			"intercept" : 1.114459,
			"coeffs" : [ 0.113191, 0.867221, 0.483910, -0.511850, 0.346939, 0.241576, -0.330267, 1.122997, 1.556676, 0.869201, -0.817263, 0.797011, 0.764926, 0.134486, -0.143827, -0.294179, -0.849960, -1.087872, -2.147968, 0.933798, -0.385104, 0.884212, 32.159081, -0.929194, 0.125897, -0.093982, 1.905243, 0.421053, 0.074526, -0.632217, 64.258774, 0.350700, 43.027081, 3.915625, 0.024901, -0.169214, 44.467342, -0.273275, -0.965291, 0.525832, 1.858124, -0.299598, 0.483461, 0.432628, -0.760547, -1.667794, 73.190216, -0.751925, 0.004452, -0.102401, -0.060860, -0.426547, -0.066743, -1.287305, 2.041963, 0.458496, 0.819802, -0.661396, -0.595773, 42.710735, 0.839297, -1.067163, 1.116437, 0.987225, -1.832241, -0.314059, 0.033474, 0.646711, -0.033377, 0.477688, 0.186164, 0.670128, -0.218455, 1.151254, 0.629816, -0.681191, 1.062782, 64.371201, 0.645222, -0.596891, -0.817211, 0.493784, 0.663202, 0.021065, -0.154125, 0.060545, -1.028077, -2.529538, 0.705998, 0.530682, 17.932276, 1.034203, -1.701234, -1.452242, 0.019902, 29.950190, -0.448817, -0.930368, 0.199898, -0.714913 ]
		}
}