{
   "Contributions" : {
      "X_0" : [ 0.005637, -0.005637 ],
      "X_1" : [ 0.008809, -0.008809 ],
      "X_2" : [ -0.018640, 0.018640 ],
      "X_3" : [ -0.002682, 0.002682 ],
      "X_4" : [ 0.018452, -0.018452 ],
      "X_5" : [ -0.050044, 0.050044 ],
      "X_6" : [ 0.004426, -0.004426 ],
      "X_7" : [ -0.011907, 0.011907 ],
      "X_8" : [ 0.002061, -0.002061 ],
      "X_9" : [ 0.001614, -0.001614 ]   
   },
   "Most_Contributive_Features_By_Class" : {
      "class_0" : [ 5, 2, 4, 7, 1, 0, 6, 3, 8, 9 ],
      "class_1" : [ 5, 2, 4, 7, 1, 0, 6, 3, 8, 9 ]
   }
}