{
   "Contributions" : {
      "X_0" : [ 0.005392 ],
      "X_1" : [ 0.005965 ],
      "X_2" : [ 0.002249 ],
      "X_3" : [ -0.000086 ],
      "X_4" : [ -0.002537 ],
      "X_5" : [ -0.006491 ],
      "X_6" : [ 0.000204 ],
      "X_7" : [ 0.000640 ],
      "X_8" : [ 0.003106 ],
      "X_9" : [ 0.004057 ]   
   },
   "Most_Contributive_Features" : {
      "y" : [ 5, 1, 0, 9, 8, 4, 2, 7, 6, 3 ]
   }
}