{
   "Contributions" : {
      "X_0" : [ 0.000701 ],
      "X_1" : [ -0.000357 ],
      "X_2" : [ -0.000250 ],
      "X_3" : [ 0.000055 ],
      "X_4" : [ 0.000130 ],
      "X_5" : [ -0.000364 ],
      "X_6" : [ 0.000032 ],
      "X_7" : [ 0.000685 ],
      "X_8" : [ 0.000808 ],
      "X_9" : [ 0.001455 ]   
   },
   "Most_Contributive_Features" : {
      "y" : [ 9, 8, 0, 7, 5, 1, 2, 4, 3, 6 ]
   }
}