{
   "Contributions" : {
      "X_0" : [ -0.001092, 0.000635, 0.000457 ],
      "X_1" : [ 0.001089, -0.000928, -0.000162 ],
      "X_2" : [ -0.003773, -0.000337, 0.004110 ],
      "X_3" : [ -0.000397, -0.001658, 0.002054 ]   
   },
   "Most_Contributive_Features_By_Class" : {
      "class_0" : [ 2, 0, 1, 3 ],
      "class_1" : [ 3, 1, 0, 2 ],
      "class_2" : [ 2, 3, 0, 1 ]
   }
}