{
   "Contributions" : {
      "X_0" : [ -0.003788, 0.000138, 0.003650 ],
      "X_1" : [ 0.018216, -0.006076, -0.012140 ],
      "X_2" : [ -0.001677, -0.005470, 0.007147 ],
      "X_3" : [ -0.002764, 0.004917, -0.002153 ]   
   },
   "Most_Contributive_Features_By_Class" : {
      "class_0" : [ 1, 0, 3, 2 ],
      "class_1" : [ 1, 2, 3, 0 ],
      "class_2" : [ 1, 2, 0, 3 ]
   }
}