{
   "Contributions" : {
      "X_0" : [ -0.000099, 0.000152, -0.000053 ],
      "X_1" : [ -0.000170, 0.001053, -0.000883 ],
      "X_2" : [ -0.007028, -0.006037, 0.013065 ],
      "X_3" : [ -0.001831, 0.000982, 0.000849 ]   
   },
   "Most_Contributive_Features_By_Class" : {
      "class_0" : [ 2, 3, 1, 0 ],
      "class_1" : [ 2, 1, 3, 0 ],
      "class_2" : [ 2, 1, 3, 0 ]
   }
}