{
	"metadata" : { "model" : "Friedman_XGB", "version" : "2024-W13", "signature" : "ff4_il8"},
	"options" : { "base_score" : [ ], "early_stopping_rounds" : 0, "eval_metric" : "", "gamma" : 0.000000, "grow_policy" : 0, "learning_rate" : 0.300000, "max_bin" : 10, "max_depth" : 6, "max_leaves" : 32, "min_child_weight" : 5.000000, "n_estimators" : 5, "objective" : "reg:squarederror", "reg_alpha" : 0.000000, "reg_lambda" : 1.000000, "tree_method" : "auto" },
	"dataset" : { "dataset_rows" : 224, "dataset_features" : 64 },
	"classes" : [ 0, 1, 2, 3, 4, 5, 6, 7, 8, 9 ],
	"booster" : {
		"BaseScore" : [ 0.098214, 0.084821, 0.116071, 0.049107, 0.098214, 0.120536, 0.093750, 0.102679, 0.107143, 0.129464 ],
		"Trees" : 5,
		"Tree_0" : {
			"Node_00" : { "leaf_value" : [ ], "parent" : null, "left" : 1, "right" : 2, "svalue" : 1.000000, "sindex" : 53 },
			"Node_01" : { "leaf_value" : [ -0.147534, -0.008140, -0.148097, -0.146005, 0.024362, 0.088227, -0.147394, 0.640274, -0.079538, -0.081432 ], "parent" : 0, "left" : null, "right" : null, "svalue" : 0.000000, "sindex" : 0 },
			"Node_02" : { "leaf_value" : [ ], "parent" : 0, "left" : 3, "right" : 4, "svalue" : 1.000000, "sindex" : 28 },
			"Node_03" : { "leaf_value" : [ 0.743000, -0.142739, -0.143795, -0.141542, 0.025608, -0.060975, 0.153366, -0.143342, -0.143493, -0.144251 ], "parent" : 2, "left" : null, "right" : null, "svalue" : 0.000000, "sindex" : 0 },
			"Node_04" : { "leaf_value" : [ ], "parent" : 2, "left" : 5, "right" : 6, "svalue" : 15.000000, "sindex" : 29 },
			"Node_05" : { "leaf_value" : [ ], "parent" : 4, "left" : 7, "right" : 8, "svalue" : 6.000000, "sindex" : 45 },
			"Node_06" : { "leaf_value" : [ -0.146714, -0.037587, -0.041210, -0.145162, 0.140133, -0.076958, -0.146572, -0.146856, -0.111393, 0.692039 ], "parent" : 4, "left" : null, "right" : null, "svalue" : 0.000000, "sindex" : 0 },
			"Node_07" : { "leaf_value" : [ -0.145343, 0.164895, 0.610032, -0.143752, -0.145343, -0.070739, -0.029824, -0.145488, 0.006608, -0.108960 ], "parent" : 5, "left" : null, "right" : null, "svalue" : 0.000000, "sindex" : 0 },
			"Node_08" : { "leaf_value" : [ ], "parent" : 5, "left" : 9, "right" : 10, "svalue" : 4.000000, "sindex" : 21 },
			"Node_09" : { "leaf_value" : [ -0.141943, -0.096583, -0.054861, -0.048001, -0.053050, 0.469103, 0.304179, -0.142097, -0.098104, -0.143023 ], "parent" : 8, "left" : null, "right" : null, "svalue" : 0.000000, "sindex" : 0 },
			"Node_10" : { "leaf_value" : [ -0.104149, -0.022118, -0.105292, 0.232759, -0.023811, -0.145062, -0.103863, -0.144467, 0.493686, -0.066932 ], "parent" : 8, "left" : null, "right" : null, "svalue" : 0.000000, "sindex" : 0 }
		},
		"Tree_1" : {
			"Node_00" : { "leaf_value" : [ ], "parent" : null, "left" : 1, "right" : 2, "svalue" : 1.000000, "sindex" : 58 },
			"Node_01" : { "leaf_value" : [ -0.072245, 0.090580, -0.092952, -0.147631, 0.438792, -0.124353, 0.084692, -0.070713, -0.013935, -0.086021 ], "parent" : 0, "left" : null, "right" : null, "svalue" : 0.000000, "sindex" : 0 },
			"Node_02" : { "leaf_value" : [ ], "parent" : 0, "left" : 3, "right" : 4, "svalue" : 6.000000, "sindex" : 5 },
			"Node_03" : { "leaf_value" : [ ], "parent" : 2, "left" : 5, "right" : 6, "svalue" : 10.000000, "sindex" : 29 },
			"Node_04" : { "leaf_value" : [ ], "parent" : 2, "left" : 7, "right" : 8, "svalue" : 12.000000, "sindex" : 26 },
			"Node_05" : { "leaf_value" : [ ], "parent" : 3, "left" : 9, "right" : 10, "svalue" : 8.000000, "sindex" : 26 },
			"Node_06" : { "leaf_value" : [ 0.129686, -0.141840, -0.021530, -0.004181, -0.145144, -0.142690, -0.098002, -0.059812, -0.105143, 0.449329 ], "parent" : 3, "left" : null, "right" : null, "svalue" : 0.000000, "sindex" : 0 },
			"Node_07" : { "leaf_value" : [ -0.092854, -0.141131, -0.049510, 0.093863, -0.143156, -0.061780, -0.139213, 0.323818, 0.100953, 0.009346 ], "parent" : 4, "left" : null, "right" : null, "svalue" : 0.000000, "sindex" : 0 },
			"Node_08" : { "leaf_value" : [ 0.044371, -0.141345, -0.144422, -0.139495, -0.143250, 0.708583, -0.108388, -0.108225, -0.059355, -0.025545 ], "parent" : 4, "left" : null, "right" : null, "svalue" : 0.000000, "sindex" : 0 },
			"Node_09" : { "leaf_value" : [ -0.138385, 0.029445, 0.434836, 0.009513, -0.089751, -0.142389, -0.140598, -0.004633, 0.023043, -0.138612 ], "parent" : 5, "left" : null, "right" : null, "svalue" : 0.000000, "sindex" : 0 },
			"Node_10" : { "leaf_value" : [ 0.083392, 0.186254, -0.067918, -0.137312, -0.139365, -0.146081, 0.318333, -0.137858, 0.127001, -0.137836 ], "parent" : 5, "left" : null, "right" : null, "svalue" : 0.000000, "sindex" : 0 }
		},
		"Tree_2" : {
			"Node_0" : { "leaf_value" : [ ], "parent" : null, "left" : 1, "right" : 2, "svalue" : 2.000000, "sindex" : 36 },
			"Node_1" : { "leaf_value" : [ 0.385845, -0.142650, -0.078470, -0.140307, -0.042615, -0.023763, -0.148673, -0.141451, -0.144676, 0.208031 ], "parent" : 0, "left" : null, "right" : null, "svalue" : 0.000000, "sindex" : 0 },
			"Node_2" : { "leaf_value" : [ ], "parent" : 0, "left" : 3, "right" : 4, "svalue" : 16.000000, "sindex" : 27 },
			"Node_3" : { "leaf_value" : [ ], "parent" : 2, "left" : 5, "right" : 6, "svalue" : 4.000000, "sindex" : 33 },
			"Node_4" : { "leaf_value" : [ -0.141227, 0.493180, -0.120769, -0.095573, -0.146997, 0.060517, -0.070253, -0.108395, 0.096248, -0.001753 ], "parent" : 2, "left" : null, "right" : null, "svalue" : 0.000000, "sindex" : 0 },
			"Node_5" : { "leaf_value" : [ ], "parent" : 3, "left" : 7, "right" : 8, "svalue" : 3.000000, "sindex" : 61 },
			"Node_6" : { "leaf_value" : [ -0.147889, -0.144275, -0.140959, -0.136943, 0.425844, 0.014050, 0.297755, -0.067969, -0.144956, -0.112994 ], "parent" : 3, "left" : null, "right" : null, "svalue" : 0.000000, "sindex" : 0 },
			"Node_7" : { "leaf_value" : [ -0.142850, -0.141345, -0.144141, -0.057534, -0.105773, 0.143352, -0.139502, 0.316803, 0.106701, -0.107653 ], "parent" : 5, "left" : null, "right" : null, "svalue" : 0.000000, "sindex" : 0 },
			"Node_8" : { "leaf_value" : [ -0.149398, -0.099838, 0.297756, 0.084450, -0.151581, -0.100660, 0.011067, -0.147953, 0.083740, 0.041043 ], "parent" : 5, "left" : null, "right" : null, "svalue" : 0.000000, "sindex" : 0 }
		},
		"Tree_3" : {
			"Node_0" : { "leaf_value" : [ ], "parent" : null, "left" : 1, "right" : 2, "svalue" : 14.000000, "sindex" : 19 },
			"Node_1" : { "leaf_value" : [ ], "parent" : 0, "left" : 3, "right" : 4, "svalue" : 4.000000, "sindex" : 21 },
			"Node_2" : { "leaf_value" : [ -0.113819, 0.312183, -0.077112, -0.140818, 0.139756, -0.145752, 0.033020, -0.145811, 0.024217, -0.034649 ], "parent" : 0, "left" : null, "right" : null, "svalue" : 0.000000, "sindex" : 0 },
			"Node_3" : { "leaf_value" : [ -0.100826, -0.148238, 0.058321, -0.071752, -0.071183, 0.311385, 0.162896, -0.125388, -0.119182, -0.149061 ], "parent" : 1, "left" : null, "right" : null, "svalue" : 0.000000, "sindex" : 0 },
			"Node_4" : { "leaf_value" : [ ], "parent" : 1, "left" : 5, "right" : 6, "svalue" : 1.000000, "sindex" : 33 },
			"Node_5" : { "leaf_value" : [ ], "parent" : 4, "left" : 7, "right" : 8, "svalue" : 14.000000, "sindex" : 60 },
			"Node_6" : { "leaf_value" : [ 0.312857, -0.098506, -0.094440, -0.085066, 0.107088, -0.148965, -0.108676, 0.067418, -0.024138, -0.116693 ], "parent" : 4, "left" : null, "right" : null, "svalue" : 0.000000, "sindex" : 0 },
			"Node_7" : { "leaf_value" : [ -0.135521, -0.139172, 0.087058, 0.028786, -0.139951, -0.143710, -0.134749, 0.240543, 0.085630, 0.016137 ], "parent" : 5, "left" : null, "right" : null, "svalue" : 0.000000, "sindex" : 0 },
			"Node_8" : { "leaf_value" : [ -0.140589, -0.140651, 0.055197, 0.039253, -0.138371, -0.139196, -0.135762, -0.138436, 0.108629, 0.329370 ], "parent" : 5, "left" : null, "right" : null, "svalue" : 0.000000, "sindex" : 0 }
		},
		"Tree_4" : {
			"Node_0" : { "leaf_value" : [ ], "parent" : null, "left" : 1, "right" : 2, "svalue" : 1.000000, "sindex" : 43 },