{
   "Contributions" : {
      "X_0" : [ 0.005908 ],
      "X_1" : [ -4.424517 ],
      "X_2" : [ 0.000001 ],
      "X_3" : [ -0.000039 ]   
   },
   "Most_Contributive_Features" : {
      "y" : [ 1, 0, 3, 2 ]
   }
}