{
	"metadata" : { "model" : "Vapnik_SVR_RBF", "version" : "2024-W12", "signature" : "ff4_ff4"},
	"options" : {"svm_type" : "epsilon_svr", "kernel" : "rbf", "degree" : 3, "gamma" : 0.000001, "coef0" : 0.000000, "cache_size" : 300, "tol" : 0.001000, "nu" : 0.500000, "epsilon" : 0.100000, "shrinking" : 0, "probability" : 0, "C" : 2.000000, "max_iter" : 128, "random_state" : 1789 },
	"dataset" : { "dataset_rows" : 64, "dataset_features" : 4 },
	"svm_model" : {
	"classes" : 2,
	"L" : 64,
	"SupportVectors" : {
		"SV_00" : [ 17.761709, 423.498322, 0.135270, 10.148129 ],
		"SV_01" : [ 45.437614, 168.841202, 0.343817, 3.279963 ],
		"SV_02" : [ 69.792320, 473.447937, 0.233546, 3.411072 ],
		"SV_03" : [ 67.667091, 938.672607, 0.652046, 9.523154 ],
		"SV_04" : [ 55.118420, 1002.086060, 0.726658, 4.570618 ],
		"SV_05" : [ 52.067585, 534.256165, 0.155164, 8.526538 ],
		"SV_06" : [ 50.992905, 814.561340, 0.257439, 5.994627 ],
		"SV_07" : [ 34.347893, 205.928116, 0.720020, 9.414678 ],
		"SV_08" : [ 63.010204, 221.354385, 0.814630, 5.897069 ],
		"SV_09" : [ 22.605108, 1660.837036, 0.731124, 9.374556 ],
		"SV_10" : [ 13.280704, 643.716797, 0.520814, 4.842079 ],
		"SV_11" : [ 7.606344, 1112.226562, 0.732761, 6.140375 ],
		"SV_12" : [ 51.401745, 1161.331543, 0.618557, 2.218271 ],
		"SV_13" : [ 94.566437, 663.266418, 0.852323, 6.919084 ],
		"SV_14" : [ 14.282172, 1575.160400, 0.428596, 4.169882 ],
		"SV_15" : [ 38.088467, 1321.297485, 0.052941, 10.429984 ],
		"SV_16" : [ 97.111717, 715.890503, 0.509773, 4.410513 ],
		"SV_17" : [ 74.947220, 1754.316162, 0.366207, 1.961987 ],
		"SV_18" : [ 75.648438, 442.560303, 0.035123, 1.334146 ],
		"SV_19" : [ 80.410118, 294.009796, 0.728795, 1.686282 ],
		"SV_20" : [ 15.123654, 486.957489, 0.123542, 2.365677 ],
		"SV_21" : [ 55.340031, 215.592316, 0.588332, 4.610499 ],
		"SV_22" : [ 2.070305, 957.545105, 0.737876, 2.535709 ],
		"SV_23" : [ 85.409492, 865.747681, 0.002107, 1.657108 ],
		"SV_24" : [ 7.737632, 682.638123, 0.943330, 1.569080 ],
		"SV_25" : [ 22.116344, 1162.774048, 0.675740, 4.934592 ],
		"SV_26" : [ 35.417500, 933.556885, 0.674758, 8.628964 ],
		"SV_27" : [ 65.455681, 755.864746, 0.990681, 3.455762 ],
		"SV_28" : [ 42.679214, 472.756287, 0.481987, 2.150893 ],
		"SV_29" : [ 11.179132, 444.204834, 0.202220, 7.809537 ],
		"SV_30" : [ 14.083336, 1134.869141, 0.186105, 7.672650 ],
		"SV_31" : [ 95.999474, 1121.298950, 0.682591, 3.437388 ],
		"SV_32" : [ 91.832474, 611.998413, 0.771820, 5.897234 ],
		"SV_33" : [ 76.461021, 744.759766, 0.823855, 10.136035 ],
		"SV_34" : [ 74.577126, 1412.240356, 0.582418, 4.633062 ],
		"SV_35" : [ 78.244774, 702.214600, 0.183212, 9.434527 ],
		"SV_36" : [ 76.131752, 526.791992, 0.716619, 5.202790 ],
		"SV_37" : [ 18.503828, 532.344482, 0.721851, 10.655538 ],
		"SV_38" : [ 38.291386, 635.121277, 0.271890, 7.067709 ],
		"SV_39" : [ 97.541664, 130.009232, 0.366127, 5.345118 ],
		"SV_40" : [ 13.316919, 1592.958618, 0.993566, 7.946761 ],
		"SV_41" : [ 72.844986, 208.134521, 0.953115, 4.121809 ],
		"SV_42" : [ 44.357746, 674.885315, 0.220269, 3.032311 ],
		"SV_43" : [ 92.630493, 1621.621948, 0.997097, 3.905369 ],
		"SV_44" : [ 76.371201, 1620.264648, 0.622375, 3.062019 ],
		"SV_45" : [ 88.010742, 553.589050, 0.595422, 4.068089 ],
		"SV_46" : [ 39.016674, 895.294678, 0.992031, 3.333866 ],
		"SV_47" : [ 81.412109, 1254.374390, 0.194226, 8.164762 ],
		"SV_48" : [ 66.659485, 625.477356, 0.705919, 4.356689 ],
		"SV_49" : [ 40.067005, 524.247498, 0.463251, 1.522912 ],
		"SV_50" : [ 24.641842, 1358.054199, 0.264436, 10.968261 ],
		"SV_51" : [ 35.366142, 784.952942, 0.461541, 9.951669 ],
		"SV_52" : [ 15.098896, 889.292297, 0.382693, 8.700624 ],
		"SV_53" : [ 11.772216, 671.264099, 0.172757, 1.573729 ],
		"SV_54" : [ 67.252014, 1694.635620, 0.271050, 3.594086 ],
		"SV_55" : [ 39.873802, 428.048248, 0.235384, 2.176043 ],
		"SV_56" : [ 44.762737, 1255.201538, 0.591546, 2.754247 ],
		"SV_57" : [ 81.497955, 327.723633, 0.774569, 10.248817 ],
		"SV_58" : [ 85.125381, 1049.026855, 0.039136, 3.186899 ],
		"SV_59" : [ 82.923828, 1535.997559, 0.287537, 7.396835 ],
		"SV_60" : [ 17.167280, 1104.656250, 0.421381, 6.591000 ],
		"SV_61" : [ 48.198017, 353.104248, 0.725143, 10.405507 ],
		"SV_62" : [ 17.373148, 483.680237, 0.685229, 2.728044 ],
		"SV_63" : [ 7.321981, 487.752838, 0.993317, 5.340956 ]
	},
	"SupportVectorsCoefs" : {
		"SV_coef_0" : [ -2.000000, -2.000000, -2.000000, 2.000000, 2.000000, -2.000000, -2.000000, -2.000000, -2.000000, 2.000000, -2.000000, 2.000000, 2.000000, 2.000000, 2.000000, -2.000000, 2.000000, 2.000000, -2.000000, -2.000000, -2.000000, -2.000000, 2.000000, -2.000000, 2.000000, 2.000000, 2.000000, 2.000000, -2.000000, -2.000000, -2.000000, 2.000000, 2.000000, 2.000000, 2.000000, -2.000000, 2.000000, 2.000000, -2.000000, -2.000000, 2.000000, -2.000000, -2.000000, 2.000000, 2.000000, 2.000000, 2.000000, -2.000000, 2.000000, -2.000000, -2.000000, 2.000000, -2.000000, -2.000000, 2.000000, -2.000000, 2.000000, -2.000000, -2.000000, 2.000000, 2.000000, -2.000000, -2.000000, 2.000000 ]
	},
	"rho" : [ -351.164032 ],
	"nSV" : [ 64 ],
	"probA" : [ ],
	"probB" : [ ],
	"n_iter" : [ 39 ]
}
}