{
   "Contributions" : {
      "X_0" : [ -0.014245, 0.024853, -0.010608 ],
      "X_1" : [ 0.012687, -0.013837, 0.001150 ],
      "X_2" : [ 0.012899, -0.017306, 0.004407 ],
      "X_3" : [ 0.003174, 0.001293, -0.004466 ]   
   },
   "Most_Contributive_Features_By_Class" : {
      "class_0" : [ 0, 2, 1, 3 ],
      "class_1" : [ 0, 2, 1, 3 ],
      "class_2" : [ 0, 3, 2, 1 ]
   }
}