{
	"metadata" : { "model" : "Tikhonov_Ridge", "version" : "2024-W12", "signature" : "ff4_il8"},
	"options" : { "alpha" : 0.000000, "random_state" : 1789 },
	"dataset" : { "dataset_rows" : 150, "dataset_features" : 4 },
	"classes" : [ 0, 1, 2 ],
	"equations" : {
		"class_0" : {
			"intercept" : 0.087861,
			"coeffs" : [ -0.105409, 0.152266, -0.007001, -0.130613 ]
		},
		"class_1" : {
			"intercept" : 0.821441,
			"coeffs" : [ 0.254322, -0.214554, -0.266651, -0.022583 ]
		},
		"class_2" : {
			"intercept" : -1.909308,
			"coeffs" : [ -0.148914, 0.062288, 0.273655, 0.153195 ]
		}
	}
}