{
	"metadata" : { "model" : "Vapnik_NuSVC_RBF", "version" : "2024-W12", "signature" : "ff4_il8"},
	"options" : {"svm_type" : "nu_svc", "kernel" : "rbf", "degree" : 3, "gamma" : 0.030789, "coef0" : 0.000000, "cache_size" : 300, "tol" : 0.001000, "nu" : 0.500000, "epsilon" : 0.000000, "shrinking" : 0, "probability" : 1, "C" : 1.000000, "max_iter" : 128, "random_state" : 1789 },
	"dataset" : { "dataset_rows" : 150, "dataset_features" : 4 },
	"classes" : [ 0, 1, 2 ],
	"svm_model" : {
	"classes" : 3,
	"L" : 105,
	"SupportVectors" : {
		"SV_000" : [ 1.000000, 4.000000, 1.000000, 1.000000 ],
		"SV_001" : [ 0.000000, 5.000000, 2.000000, 1.000000 ],
		"SV_002" : [ 3.000000, 9.000000, 2.000000, 2.000000 ],
		"SV_003" : [ 0.000000, 3.000000, 1.000000, 1.000000 ],
		"SV_004" : [ 1.000000, 5.000000, 2.000000, 0.000000 ],
		"SV_005" : [ 3.000000, 9.000000, 2.000000, 1.000000 ],
		"SV_006" : [ 0.000000, 4.000000, 1.000000, 0.000000 ],
		"SV_007" : [ 0.000000, 4.000000, 0.000000, 0.000000 ],
		"SV_008" : [ 4.000000, 9.000000, 0.000000, 1.000000 ],
		"SV_009" : [ 4.000000, 10.000000, 2.000000, 2.000000 ],
		"SV_010" : [ 3.000000, 9.000000, 0.000000, 2.000000 ],
		"SV_011" : [ 4.000000, 9.000000, 2.000000, 2.000000 ],
		"SV_012" : [ 2.000000, 9.000000, 2.000000, 2.000000 ],
		"SV_013" : [ 3.000000, 7.000000, 2.000000, 1.000000 ],
		"SV_014" : [ 2.000000, 9.000000, 2.000000, 2.000000 ],
		"SV_015" : [ 0.000000, 8.000000, 0.000000, 1.000000 ],
		"SV_016" : [ 2.000000, 7.000000, 2.000000, 2.000000 ],
		"SV_017" : [ 1.000000, 4.000000, 2.000000, 1.000000 ],
		"SV_018" : [ 1.000000, 7.000000, 2.000000, 2.000000 ],
		"SV_019" : [ 0.000000, 6.000000, 2.000000, 1.000000 ],
		"SV_020" : [ 0.000000, 5.000000, 2.000000, 1.000000 ],
		"SV_021" : [ 3.000000, 7.000000, 2.000000, 2.000000 ],
		"SV_022" : [ 2.000000, 9.000000, 2.000000, 0.000000 ],
		"SV_023" : [ 3.000000, 9.000000, 1.000000, 1.000000 ],
		"SV_024" : [ 1.000000, 5.000000, 2.000000, 1.000000 ],
		"SV_025" : [ 3.000000, 8.000000, 0.000000, 1.000000 ],
		"SV_026" : [ 0.000000, 4.000000, 0.000000, 1.000000 ],
		"SV_027" : [ 0.000000, 0.000000, 0.000000, 2.000000 ],
		"SV_028" : [ 0.000000, 6.000000, 0.000000, 1.000000 ],
		"SV_029" : [ 2.000000, 9.000000, 2.000000, 2.000000 ],
		"SV_030" : [ 0.000000, 4.000000, 1.000000, 2.000000 ],
		"SV_031" : [ 9.000000, 6.000000, 6.000000, 5.000000 ],
		"SV_032" : [ 7.000000, 6.000000, 5.000000, 6.000000 ],
		"SV_033" : [ 8.000000, 5.000000, 6.000000, 6.000000 ],
		"SV_034" : [ 7.000000, 2.000000, 5.000000, 6.000000 ],
		"SV_035" : [ 6.000000, 7.000000, 6.000000, 6.000000 ],
		"SV_036" : [ 1.000000, 0.000000, 3.000000, 3.000000 ],
		"SV_037" : [ 8.000000, 3.000000, 5.000000, 4.000000 ],
		"SV_038" : [ 2.000000, 1.000000, 4.000000, 5.000000 ],
		"SV_039" : [ 1.000000, 0.000000, 3.000000, 3.000000 ],
		"SV_040" : [ 5.000000, 4.000000, 4.000000, 6.000000 ],
		"SV_041" : [ 5.000000, 3.000000, 6.000000, 5.000000 ],
		"SV_042" : [ 4.000000, 3.000000, 4.000000, 4.000000 ],
		"SV_043" : [ 8.000000, 5.000000, 5.000000, 5.000000 ],
		"SV_044" : [ 4.000000, 4.000000, 5.000000, 6.000000 ],
		"SV_045" : [ 4.000000, 1.000000, 4.000000, 3.000000 ],
		"SV_046" : [ 6.000000, 0.000000, 5.000000, 6.000000 ],
		"SV_047" : [ 4.000000, 1.000000, 4.000000, 3.000000 ],
		"SV_048" : [ 5.000000, 6.000000, 6.000000, 7.000000 ],
		"SV_049" : [ 6.000000, 1.000000, 6.000000, 6.000000 ],
		"SV_050" : [ 5.000000, 2.000000, 6.000000, 4.000000 ],
		"SV_051" : [ 8.000000, 4.000000, 5.000000, 5.000000 ],
		"SV_052" : [ 8.000000, 2.000000, 6.000000, 5.000000 ],
		"SV_053" : [ 8.000000, 4.000000, 7.000000, 7.000000 ],
		"SV_054" : [ 5.000000, 3.000000, 5.000000, 6.000000 ],
		"SV_055" : [ 4.000000, 1.000000, 3.000000, 3.000000 ],
		"SV_056" : [ 3.000000, 0.000000, 4.000000, 3.000000 ],
		"SV_057" : [ 3.000000, 0.000000, 4.000000, 3.000000 ],
		"SV_058" : [ 5.000000, 1.000000, 7.000000, 6.000000 ],
		"SV_059" : [ 3.000000, 4.000000, 5.000000, 6.000000 ],
		"SV_060" : [ 5.000000, 7.000000, 5.000000, 6.000000 ],
		"SV_061" : [ 8.000000, 5.000000, 6.000000, 6.000000 ],
		"SV_062" : [ 6.000000, 0.000000, 5.000000, 4.000000 ],
		"SV_063" : [ 4.000000, 4.000000, 4.000000, 4.000000 ],
		"SV_064" : [ 3.000000, 1.000000, 4.000000, 4.000000 ],
		"SV_065" : [ 3.000000, 1.000000, 5.000000, 4.000000 ],
		"SV_066" : [ 1.000000, 0.000000, 3.000000, 3.000000 ],
		"SV_067" : [ 4.000000, 4.000000, 4.000000, 4.000000 ],
		"SV_068" : [ 4.000000, 3.000000, 4.000000, 4.000000 ],
		"SV_069" : [ 2.000000, 1.000000, 3.000000, 3.000000 ],
		"SV_070" : [ 6.000000, 7.000000, 9.000000, 10.000000 ],
		"SV_071" : [ 4.000000, 1.000000, 7.000000, 7.000000 ],
		"SV_072" : [ 1.000000, 1.000000, 5.000000, 7.000000 ],
		"SV_073" : [ 9.000000, 3.000000, 9.000000, 7.000000 ],
		"SV_074" : [ 8.000000, 1.000000, 8.000000, 7.000000 ],
		"SV_075" : [ 9.000000, 8.000000, 9.000000, 10.000000 ],
		"SV_076" : [ 7.000000, 6.000000, 7.000000, 8.000000 ],
		"SV_077" : [ 4.000000, 1.000000, 7.000000, 8.000000 ],
		"SV_078" : [ 4.000000, 2.000000, 7.000000, 9.000000 ],
		"SV_079" : [ 7.000000, 4.000000, 8.000000, 7.000000 ],
		"SV_080" : [ 9.000000, 9.000000, 9.000000, 9.000000 ],
		"SV_081" : [ 9.000000, 1.000000, 10.000000, 9.000000 ],
		"SV_082" : [ 5.000000, 0.000000, 7.000000, 6.000000 ],
		"SV_083" : [ 4.000000, 2.000000, 6.000000, 8.000000 ],
		"SV_084" : [ 9.000000, 2.000000, 9.000000, 8.000000 ],
		"SV_085" : [ 6.000000, 1.000000, 6.000000, 7.000000 ],
		"SV_086" : [ 8.000000, 7.000000, 8.000000, 8.000000 ],
		"SV_087" : [ 9.000000, 6.000000, 9.000000, 7.000000 ],
		"SV_088" : [ 6.000000, 2.000000, 6.000000, 7.000000 ],
		"SV_089" : [ 5.000000, 4.000000, 6.000000, 7.000000 ],
		"SV_090" : [ 9.000000, 4.000000, 8.000000, 6.000000 ],
		"SV_091" : [ 9.000000, 2.000000, 9.000000, 7.000000 ],
		"SV_092" : [ 10.000000, 9.000000, 9.000000, 8.000000 ],
		"SV_093" : [ 6.000000, 2.000000, 7.000000, 6.000000 ],
		"SV_094" : [ 5.000000, 1.000000, 8.000000, 5.000000 ],
		"SV_095" : [ 6.000000, 7.000000, 8.000000, 9.000000 ],
		"SV_096" : [ 7.000000, 5.000000, 8.000000, 7.000000 ],
		"SV_097" : [ 5.000000, 4.000000, 6.000000, 7.000000 ],
		"SV_098" : [ 8.000000, 5.000000, 7.000000, 9.000000 ],
		"SV_099" : [ 4.000000, 1.000000, 7.000000, 7.000000 ],
		"SV_100" : [ 8.000000, 7.000000, 8.000000, 10.000000 ],
		"SV_101" : [ 6.000000, 1.000000, 7.000000, 7.000000 ],
		"SV_102" : [ 7.000000, 4.000000, 7.000000, 8.000000 ],
		"SV_103" : [ 6.000000, 7.000000, 8.000000, 9.000000 ],
		"SV_104" : [ 5.000000, 4.000000, 7.000000, 7.000000 ]
	},
	"SupportVectorsCoefs" : {
		"SV_coef_0" : [ 0.087369, 0.087369, 0.087369, 0.087369, 0.087369, 0.087369, 0.087369, 0.087369, 0.087369, 0.087369, 0.087369, 0.087369, 0.087369, 0.087369, 0.087369, 0.000000, 0.087369, 0.087369, 0.009995, 0.077374, 0.087369, 0.087369, 0.000000, 0.000000, 0.087369, 0.000000, 0.087369, 0.087369, 0.000000, 0.087369, 0.087369, -0.087369, -0.087369, -0.087369, -0.000000, -0.087369, -0.087369, -0.073896, -0.087369, -0.087369, -0.000000, -0.000000, -0.087369, -0.087369, -0.000000, -0.087369, -0.016943, -0.087369, -0.087369, -0.000000, -0.000000, -0.000000, -0.011185, -0.087369, -0.000000, -0.087369, -0.087369, -0.087369, -0.000000, -0.087369, -0.087369, -0.012089, -0.000000, -0.087369, -0.060624, -0.000000, -0.087369, -0.087369, -0.087369, -0.087369, -0.070485, -0.070485, -0.070485, -0.018894, -0.051591, -0.070485, -0.000000, -0.070485, -0.070485, -0.000000, -0.070485, -0.070485, -0.070485, -0.070485, -0.070485, -0.070485, -0.070485, -0.070485, -0.000000, -0.070485, -0.070485, -0.070485, -0.070485, -0.000000, -0.070485, -0.070485, -0.000000, -0.070485, -0.000000, -0.070485, -0.070485, -0.000000, -0.000000, -0.070485, -0.000000 ],