{
	"metadata" : { "model" : "Vapnik_NuSVC_RBF", "version" : "2024-W14", "signature" : "ff4_il8"},
	"options" : {"svm_type" : "nu_svc", "kernel" : "rbf", "degree" : 3, "gamma" : 0.030789, "coef0" : 0.000000, "cache_size" : 300, "tol" : 0.001000, "nu" : 0.100000, "epsilon" : 0.000000, "shrinking" : 0, "probability" : 1, "C" : 1.000000, "max_iter" : 128, "random_state" : 1789 },
	"dataset" : { "dataset_rows" : 150, "dataset_features" : 4 },
	"classes" : [ 0, 1, 2 ],
	"svm_model" : {
	"classes" : 3,
	"L" : 36,
	"SupportVectors" : {
		"SV_00" : [ 0.000000, 3.000000, 1.000000, 1.000000 ],
		"SV_01" : [ 4.000000, 9.000000, 0.000000, 1.000000 ],
		"SV_02" : [ 4.000000, 10.000000, 2.000000, 2.000000 ],
		"SV_03" : [ 4.000000, 9.000000, 2.000000, 2.000000 ],
		"SV_04" : [ 0.000000, 8.000000, 0.000000, 1.000000 ],
		"SV_05" : [ 1.000000, 4.000000, 2.000000, 1.000000 ],
		"SV_06" : [ 3.000000, 7.000000, 2.000000, 2.000000 ],
		"SV_07" : [ 0.000000, 0.000000, 0.000000, 2.000000 ],
		"SV_08" : [ 0.000000, 4.000000, 1.000000, 2.000000 ],
		"SV_09" : [ 9.000000, 6.000000, 6.000000, 5.000000 ],
		"SV_10" : [ 1.000000, 0.000000, 3.000000, 3.000000 ],
		"SV_11" : [ 6.000000, 0.000000, 5.000000, 6.000000 ],
		"SV_12" : [ 5.000000, 6.000000, 6.000000, 7.000000 ],
		"SV_13" : [ 6.000000, 1.000000, 6.000000, 6.000000 ],
		"SV_14" : [ 8.000000, 4.000000, 7.000000, 7.000000 ],
		"SV_15" : [ 5.000000, 3.000000, 5.000000, 6.000000 ],
		"SV_16" : [ 5.000000, 1.000000, 7.000000, 6.000000 ],
		"SV_17" : [ 3.000000, 4.000000, 5.000000, 6.000000 ],
		"SV_18" : [ 5.000000, 7.000000, 5.000000, 6.000000 ],
		"SV_19" : [ 8.000000, 5.000000, 6.000000, 6.000000 ],
		"SV_20" : [ 1.000000, 0.000000, 3.000000, 3.000000 ],
		"SV_21" : [ 4.000000, 4.000000, 4.000000, 4.000000 ],
		"SV_22" : [ 2.000000, 1.000000, 3.000000, 3.000000 ],
		"SV_23" : [ 6.000000, 7.000000, 9.000000, 10.000000 ],
		"SV_24" : [ 1.000000, 1.000000, 5.000000, 7.000000 ],
		"SV_25" : [ 7.000000, 6.000000, 7.000000, 8.000000 ],
		"SV_26" : [ 9.000000, 9.000000, 9.000000, 9.000000 ],
		"SV_27" : [ 9.000000, 1.000000, 10.000000, 9.000000 ],
		"SV_28" : [ 5.000000, 0.000000, 7.000000, 6.000000 ],
		"SV_29" : [ 6.000000, 1.000000, 6.000000, 7.000000 ],
		"SV_30" : [ 5.000000, 4.000000, 6.000000, 7.000000 ],
		"SV_31" : [ 9.000000, 4.000000, 8.000000, 6.000000 ],
		"SV_32" : [ 10.000000, 9.000000, 9.000000, 8.000000 ],
		"SV_33" : [ 6.000000, 2.000000, 7.000000, 6.000000 ],
		"SV_34" : [ 5.000000, 1.000000, 8.000000, 5.000000 ],
		"SV_35" : [ 5.000000, 4.000000, 6.000000, 7.000000 ]
	},
	"SupportVectorsCoefs" : {
		"SV_coef_0" : [ 0.824272, 0.000000, 0.824272, 0.110292, 0.000000, 0.824272, 0.518025, 0.824272, 0.195956, -0.406859, -0.824272, -0.000000, -0.000000, -0.000000, -0.000000, -0.000000, -0.000000, -0.000000, -0.824272, -0.000000, -0.690986, -0.550700, -0.824272, -0.249868, -0.483426, -0.000000, -0.097617, -0.483426, -0.000000, -0.000000, -0.000000, -0.000000, -0.483426, -0.000000, -0.349909, -0.269458 ],
		"SV_coef_1" : [ 0.355475, 0.176550, 0.483426, 0.259328, 0.342102, 0.316824, 0.000000, 0.483426, 0.000000, 0.000000, 0.000000, 0.271720, 15.106858, 15.106858, 15.106858, 8.648572, 15.106858, 4.675108, 0.000000, 1.511473, 0.000000, 0.000000, 0.000000, -0.000000, -1.600615, -5.053802, -0.000000, -0.000000, -10.535175, -7.904442, -15.106858, -7.875865, -0.967558, -11.007290, -0.375843, -15.106858 ]
	},
	"rho" : [ 0.103614, 0.164979, 0.017124 ],
	"nSV" : [ 9, 14, 13 ],
	"probA" : [ -3.345497, -3.760288, -1.549614 ],
	"probB" : [ -0.210701, -0.049535, 0.109906 ],
	"n_iter" : [ 38, 36, 103 ]
}
}