{
   "Contributions" : {
      "X_0" : [ 0.009919, 0.003880, -0.013799 ],
      "X_1" : [ -0.005937, -0.005023, 0.010960 ],
      "X_2" : [ -0.002926, 0.000923, 0.002003 ],
      "X_3" : [ -0.010707, -0.020548, 0.031254 ]   
   },
   "Most_Contributive_Features_By_Class" : {
      "class_0" : [ 3, 0, 1, 2 ],
      "class_1" : [ 3, 1, 0, 2 ],
      "class_2" : [ 3, 0, 1, 2 ]
   }
}