{
   "Contributions" : {
      "X_0" : [ 0.018249 ],
      "X_1" : [ 15.395658 ],
      "X_2" : [ 0.005538 ],
      "X_3" : [ 0.018271 ]   
   },
   "Most_Contributive_Features" : {
      "y" : [ 1, 3, 0, 2 ]
   }
}