{
   "Contributions" : {
      "X_0" : [ -0.001371, 0.001371 ],
      "X_1" : [ 0.000000, 0.000000 ],
      "X_2" : [ -0.022669, 0.022669 ],
      "X_3" : [ 0.000000, 0.000000 ],
      "X_4" : [ -0.007899, 0.007899 ],
      "X_5" : [ 0.000000, 0.000000 ],
      "X_6" : [ 0.000000, 0.000000 ],
      "X_7" : [ 0.000000, 0.000000 ],
      "X_8" : [ 0.000000, 0.000000 ],
      "X_9" : [ 0.000000, 0.000000 ],
      "X_10" : [ -0.015670, 0.015670 ],
      "X_11" : [ -0.000350, 0.000350 ],
      "X_12" : [ 0.003971, -0.003971 ],
      "X_13" : [ 0.000000, 0.000000 ]   
   },
   "Most_Contributive_Features_By_Class" : {
      "class_0" : [ 2, 10, 4, 12, 0, 11 ],
      "class_1" : [ 2, 10, 4, 12, 0, 11 ]
   }
}