{
   "Contributions" : {
      "X_0" : [ -0.020782, 0.020782 ],
      "X_1" : [ 0.000000, 0.000000 ],
      "X_2" : [ -0.027893, 0.027893 ],
      "X_3" : [ 0.000000, 0.000000 ],
      "X_4" : [ -0.011978, 0.011978 ],
      "X_5" : [ 0.000000, 0.000000 ],
      "X_6" : [ 0.000000, 0.000000 ],
      "X_7" : [ 0.000000, 0.000000 ],
      "X_8" : [ 0.000000, 0.000000 ],
      "X_9" : [ 0.000000, 0.000000 ],
      "X_10" : [ -0.007019, 0.007019 ],
      "X_11" : [ -0.003967, 0.003967 ],
      "X_12" : [ -0.003952, 0.003952 ],
      "X_13" : [ 0.000000, 0.000000 ]   
   },
   "Most_Contributive_Features_By_Class" : {
      "class_0" : [ 2, 0, 4, 10, 11, 12 ],
      "class_1" : [ 2, 0, 4, 10, 11, 12 ]
   }
}