{
   "Contributions" : {
      "X_0" : [ 0.000424, -0.000424 ],
      "X_1" : [ 0.000198, -0.000198 ],
      "X_2" : [ -0.000173, 0.000173 ],
      "X_3" : [ -0.000444, 0.000444 ],
      "X_4" : [ 0.000558, -0.000558 ],
      "X_5" : [ -0.000585, 0.000585 ],
      "X_6" : [ -0.003342, 0.003342 ],
      "X_7" : [ 0.000323, -0.000323 ],
      "X_8" : [ 0.000170, -0.000170 ],
      "X_9" : [ -0.000132, 0.000132 ],
      "X_10" : [ -0.002259, 0.002259 ],
      "X_11" : [ -0.000543, 0.000543 ],
      "X_12" : [ -0.002160, 0.002160 ],
      "X_13" : [ -0.000497, 0.000497 ],
      "X_14" : [ 0.000504, -0.000504 ],
      "X_15" : [ -0.000168, 0.000168 ],
      "X_16" : [ 0.002527, -0.002527 ],
      "X_17" : [ 0.002816, -0.002816 ],
      "X_18" : [ -0.000010, 0.000010 ],
      "X_19" : [ 0.000372, -0.000372 ],
      "X_20" : [ -0.000734, 0.000734 ],
      "X_21" : [ 0.000345, -0.000345 ],
      "X_22" : [ -0.002370, 0.002370 ],
      "X_23" : [ 0.002551, -0.002551 ],
      "X_24" : [ -0.000096, 0.000096 ],
      "X_25" : [ -0.004949, 0.004949 ],
      "X_26" : [ 0.001301, -0.001301 ],
      "X_27" : [ 0.001512, -0.001512 ],
      "X_28" : [ 0.001313, -0.001313 ],
      "X_29" : [ 0.000434, -0.000434 ],
      "X_30" : [ 0.000091, -0.000091 ],
      "X_31" : [ -0.000048, 0.000048 ],
      "X_32" : [ -0.001664, 0.001664 ],
      "X_33" : [ 0.000781, -0.000781 ],
      "X_34" : [ -0.000235, 0.000235 ],
      "X_35" : [ 0.000106, -0.000106 ],
      "X_36" : [ -0.001254, 0.001254 ],
      "X_37" : [ -0.000313, 0.000313 ],
      "X_38" : [ -0.000637, 0.000637 ],
      "X_39" : [ -0.000789, 0.000789 ],
      "X_40" : [ 0.002444, -0.002444 ],
      "X_41" : [ -0.000951, 0.000951 ],
      "X_42" : [ 0.000830, -0.000830 ],
      "X_43" : [ -0.000426, 0.000426 ],
      "X_44" : [ 0.000108, -0.000108 ],
      "X_45" : [ -0.001221, 0.001221 ],
      "X_46" : [ 0.000443, -0.000443 ],
      "X_47" : [ -0.000398, 0.000398 ],
      "X_48" : [ -0.000513, 0.000513 ],
      "X_49" : [ 0.000086, -0.000086 ],
      "X_50" : [ 0.000859, -0.000859 ],
      "X_51" : [ -0.000583, 0.000583 ],
      "X_52" : [ 0.001640, -0.001640 ],
      "X_53" : [ 0.000739, -0.000739 ],
      "X_54" : [ 0.000174, -0.000174 ],
      "X_55" : [ -0.000367, 0.000367 ],
      "X_56" : [ 0.000378, -0.000378 ],
      "X_57" : [ -0.000739, 0.000739 ],
      "X_58" : [ -0.000290, 0.000290 ],
      "X_59" : [ -0.002333, 0.002333 ],
      "X_60" : [ 0.002008, -0.002008 ],
      "X_61" : [ -0.000294, 0.000294 ],
      "X_62" : [ -0.000384, 0.000384 ],
      "X_63" : [ 0.000147, -0.000147 ],
      "X_64" : [ -0.002800, 0.002800 ],
      "X_65" : [ -0.000612, 0.000612 ],
      "X_66" : [ -0.001553, 0.001553 ],
      "X_67" : [ -0.000634, 0.000634 ],
      "X_68" : [ -0.000462, 0.000462 ],
      "X_69" : [ 0.001001, -0.001001 ],
      "X_70" : [ -0.000244, 0.000244 ],
      "X_71" : [ -0.002066, 0.002066 ],
      "X_72" : [ 0.000248, -0.000248 ],
      "X_73" : [ -0.000125, 0.000125 ],
      "X_74" : [ -0.000497, 0.000497 ],
      "X_75" : [ -0.000350, 0.000350 ],
      "X_76" : [ -0.000303, 0.000303 ],
      "X_77" : [ 0.000539, -0.000539 ],
      "X_78" : [ -0.000050, 0.000050 ],
      "X_79" : [ 0.000072, -0.000072 ],
      "X_80" : [ -0.003778, 0.003778 ],
      "X_81" : [ -0.000652, 0.000652 ],
      "X_82" : [ 0.000463, -0.000463 ],
      "X_83" : [ 0.000156, -0.000156 ],
      "X_84" : [ -0.000360, 0.000360 ],
      "X_85" : [ 0.000503, -0.000503 ],
      "X_86" : [ -0.000409, 0.000409 ],
      "X_87" : [ -0.000501, 0.000501 ],
      "X_88" : [ 0.000171, -0.000171 ],
      "X_89" : [ 0.000263, -0.000263 ],
      "X_90" : [ 0.000029, -0.000029 ],
      "X_91" : [ -0.000563, 0.000563 ],
      "X_92" : [ 0.000880, -0.000880 ],
      "X_93" : [ -0.002750, 0.002750 ],
      "X_94" : [ -0.000145, 0.000145 ],
      "X_95" : [ 0.001504, -0.001504 ],
      "X_96" : [ 0.001338, -0.001338 ],
      "X_97" : [ 0.000871, -0.000871 ],
      "X_98" : [ 0.000961, -0.000961 ],
      "X_99" : [ -0.000405, 0.000405 ]   
   },
   "Most_Contributive_Features_By_Class" : {
      "class_0" : [ 25, 80, 6, 17, 64, 93, 23, 16, 40, 22 ],
      "class_1" : [ 25, 80, 6, 17, 64, 93, 23, 16, 40, 22 ]
   }
}