{
   "Contributions" : {
      "X_0" : [ 0.001553, -0.001553 ],
      "X_1" : [ -0.028400, 0.028400 ],
      "X_2" : [ -0.006082, 0.006082 ],
      "X_3" : [ 0.000064, -0.000064 ],
      "X_4" : [ -0.008521, 0.008521 ],
      "X_5" : [ -0.000558, 0.000558 ],
      "X_6" : [ 0.000168, -0.000168 ],
      "X_7" : [ 0.000921, -0.000921 ],
      "X_8" : [ 0.000695, -0.000695 ],
      "X_9" : [ 0.000044, -0.000044 ],
      "X_10" : [ -0.000278, 0.000278 ],
      "X_11" : [ -0.001418, 0.001418 ],
      "X_12" : [ 0.002788, -0.002788 ],
      "X_13" : [ 0.001917, -0.001917 ],
      "X_14" : [ -0.000296, 0.000296 ],
      "X_15" : [ 0.000399, -0.000399 ],
      "X_16" : [ 0.000980, -0.000980 ],
      "X_17" : [ -0.001367, 0.001367 ],
      "X_18" : [ 0.000514, -0.000514 ],
      "X_19" : [ -0.005447, 0.005447 ],
      "X_20" : [ 0.001628, -0.001628 ],
      "X_21" : [ 0.001423, -0.001423 ],
      "X_22" : [ -0.001307, 0.001307 ],
      "X_23" : [ -0.016267, 0.016267 ],
      "X_24" : [ 0.001731, -0.001731 ],
      "X_25" : [ 0.000933, -0.000933 ],
      "X_26" : [ 0.001760, -0.001760 ],
      "X_27" : [ 0.007584, -0.007584 ],
      "X_28" : [ 0.000380, -0.000380 ],
      "X_29" : [ 0.001854, -0.001854 ],
      "X_30" : [ 0.001093, -0.001093 ],
      "X_31" : [ 0.000096, -0.000096 ],
      "X_32" : [ 0.000974, -0.000974 ],
      "X_33" : [ -0.000290, 0.000290 ],
      "X_34" : [ 0.000958, -0.000958 ],
      "X_35" : [ 0.000958, -0.000958 ],
      "X_36" : [ -0.000011, 0.000011 ],
      "X_37" : [ -0.007350, 0.007350 ],
      "X_38" : [ 0.002956, -0.002956 ],
      "X_39" : [ -0.002011, 0.002011 ],
      "X_40" : [ 0.000981, -0.000981 ],
      "X_41" : [ 0.002420, -0.002420 ],
      "X_42" : [ -0.002138, 0.002138 ],
      "X_43" : [ 0.001507, -0.001507 ],
      "X_44" : [ 0.000921, -0.000921 ],
      "X_45" : [ 0.000216, -0.000216 ],
      "X_46" : [ -0.000056, 0.000056 ],
      "X_47" : [ 0.001449, -0.001449 ],
      "X_48" : [ 0.001000, -0.001000 ],
      "X_49" : [ -0.003142, 0.003142 ],
      "X_50" : [ -0.003038, 0.003038 ],
      "X_51" : [ 0.001883, -0.001883 ],
      "X_52" : [ 0.005617, -0.005617 ],
      "X_53" : [ -0.001756, 0.001756 ],
      "X_54" : [ -0.001510, 0.001510 ],
      "X_55" : [ -0.000058, 0.000058 ],
      "X_56" : [ -0.000714, 0.000714 ],
      "X_57" : [ -0.006760, 0.006760 ],
      "X_58" : [ 0.000485, -0.000485 ],
      "X_59" : [ -0.001305, 0.001305 ],
      "X_60" : [ -0.000337, 0.000337 ],
      "X_61" : [ -0.015105, 0.015105 ],
      "X_62" : [ -0.000478, 0.000478 ],
      "X_63" : [ 0.003318, -0.003318 ],
      "X_64" : [ 0.003365, -0.003365 ],
      "X_65" : [ 0.003821, -0.003821 ],
      "X_66" : [ -0.000523, 0.000523 ],
      "X_67" : [ 0.010321, -0.010321 ],
      "X_68" : [ -0.000332, 0.000332 ],
      "X_69" : [ -0.000612, 0.000612 ],
      "X_70" : [ -0.001040, 0.001040 ],
      "X_71" : [ 0.000248, -0.000248 ],
      "X_72" : [ -0.001356, 0.001356 ],
      "X_73" : [ -0.004243, 0.004243 ],
      "X_74" : [ -0.000574, 0.000574 ],
      "X_75" : [ -0.000979, 0.000979 ],
      "X_76" : [ -0.001088, 0.001088 ],
      "X_77" : [ 0.003247, -0.003247 ],
      "X_78" : [ -0.004588, 0.004588 ],
      "X_79" : [ 0.001144, -0.001144 ],
      "X_80" : [ 0.000223, -0.000223 ],
      "X_81" : [ -0.002038, 0.002038 ],
      "X_82" : [ -0.000469, 0.000469 ],
      "X_83" : [ -0.000059, 0.000059 ],
      "X_84" : [ 0.003547, -0.003547 ],
      "X_85" : [ 0.002672, -0.002672 ],
      "X_86" : [ 0.001020, -0.001020 ],
      "X_87" : [ -0.000335, 0.000335 ],
      "X_88" : [ 0.000530, -0.000530 ],
      "X_89" : [ 0.001876, -0.001876 ],
      "X_90" : [ 0.000042, -0.000042 ],
      "X_91" : [ 0.002367, -0.002367 ],
      "X_92" : [ -0.000261, 0.000261 ],
      "X_93" : [ -0.000079, 0.000079 ],
      "X_94" : [ -0.000929, 0.000929 ],
      "X_95" : [ 0.001157, -0.001157 ],
      "X_96" : [ -0.000229, 0.000229 ],
      "X_97" : [ -0.000486, 0.000486 ],
      "X_98" : [ -0.001347, 0.001347 ],
      "X_99" : [ -0.006412, 0.006412 ]   
   },
   "Most_Contributive_Features_By_Class" : {
      "class_0" : [ 1, 23, 61, 67, 4, 27, 37, 57, 99, 2 ],
      "class_1" : [ 1, 23, 61, 67, 4, 27, 37, 57, 99, 2 ]
   }
}