{
   "Contributions" : {
      "X_0" : [ 0.567828 ],
      "X_1" : [ 20.624998 ],
      "X_2" : [ -7.530978 ],
      "X_3" : [ -1.705103 ]   
   },
   "Most_Contributive_Features" : {
      "y" : [ 1, 2, 3, 0 ]
   }
}