{
   "Contributions" : {
      "X_0" : [ -1.059608 ],
      "X_1" : [ 28.480036 ],
      "X_2" : [ -6.607936 ],
      "X_3" : [ -1.129766 ]   
   },
   "Most_Contributive_Features" : {
      "y" : [ 1, 2, 3, 0 ]
   }
}