{
   "Contributions" : {
      "X_0" : [ -0.006624, 0.005173, -0.000297, 0.001748 ],
      "X_1" : [ -0.043472, 0.004334, 0.002034, 0.037104 ],
      "X_2" : [ -0.009959, 0.002335, 0.000408, 0.007216 ],
      "X_3" : [ -0.000280, -0.002740, -0.002632, 0.005653 ],
      "X_4" : [ 0.009794, -0.001451, -0.000617, -0.007726 ],
      "X_5" : [ 0.004998, -0.012223, -0.009875, 0.017099 ],
      "X_6" : [ -0.045849, 0.000692, 0.003902, 0.041255 ],
      "X_7" : [ -0.028382, -0.002717, 0.010817, 0.020283 ],
      "X_8" : [ 0.015711, -0.005101, 0.004629, -0.015239 ],
      "X_9" : [ -0.005901, 0.003730, 0.004635, -0.002465 ]   
   },
   "Most_Contributive_Features_By_Class" : {
      "class_0" : [ 6, 1, 7, 8, 2, 4, 0, 9, 5, 3 ],
      "class_1" : [ 5, 0, 8, 1, 9, 3, 7, 2, 4, 6 ],
      "class_2" : [ 7, 5, 9, 8, 6, 3, 1, 4, 2, 0 ],
      "class_3" : [ 6, 1, 7, 5, 8, 4, 2, 3, 9, 0 ]
   }
}