{
   "Contributions" : {
      "X_0" : [ -0.019754, 0.008823, 0.003315, 0.007616 ],
      "X_1" : [ -0.048952, 0.009133, 0.004104, 0.035714 ],
      "X_2" : [ -0.005064, 0.002774, -0.001881, 0.004171 ],
      "X_3" : [ -0.017748, 0.004605, 0.004552, 0.008591 ],
      "X_4" : [ 0.012180, 0.003043, -0.000884, -0.014339 ],
      "X_5" : [ -0.000064, -0.004641, -0.001416, 0.006121 ],
      "X_6" : [ -0.032040, -0.003327, 0.001552, 0.033815 ],
      "X_7" : [ -0.023700, 0.005675, 0.008734, 0.009291 ],
      "X_8" : [ 0.005212, 0.000015, 0.006329, -0.011555 ],
      "X_9" : [ -0.004267, 0.001353, 0.001379, 0.001536 ]   
   },
   "Most_Contributive_Features_By_Class" : {
      "class_0" : [ 1, 6, 7, 0, 3, 4, 8, 2, 9, 5 ],
      "class_1" : [ 1, 0, 7, 5, 3, 6, 4, 2, 9, 8 ],
      "class_2" : [ 7, 8, 3, 1, 0, 2, 6, 5, 9, 4 ],
      "class_3" : [ 1, 6, 4, 8, 7, 3, 0, 5, 2, 9 ]
   }
}