{
	"metadata" : { "model" : "Vapnik_SVC_RBF", "version" : "2024-W13", "signature" : "ff4_il8"},
	"options" : {"svm_type" : "c_svc", "kernel" : "rbf", "degree" : 3, "gamma" : 0.046523, "coef0" : 0.000000, "cache_size" : 300, "tol" : 0.001000, "nu" : 0.500000, "epsilon" : 0.000000, "shrinking" : 0, "probability" : 1, "C" : 1.000000, "max_iter" : 128, "random_state" : 1789 },
	"dataset" : { "dataset_rows" : 64, "dataset_features" : 10 },
	"classes" : [ 0, 1, 2, 3 ],
	"svm_model" : {
	"classes" : 4,
	"L" : 60,
	"SupportVectors" : {
		"SV_00" : [ 0.928858, -1.177375, 0.542731, 1.248167, -0.732359, 0.692213, 0.362028, -0.053731, 0.485529, 1.106564 ],
		"SV_01" : [ -1.750210, 1.576099, 0.286503, -1.740885, -0.949967, -0.384233, 0.038996, -1.160993, -2.267550, 1.213184 ],
		"SV_02" : [ -0.649409, 1.030112, 0.590313, -1.432318, 0.032630, -0.008973, -0.488904, -0.064296, -0.635514, 0.255228 ],
		"SV_03" : [ -1.188768, 0.337391, 1.089971, -0.582258, -0.743904, -0.229958, 0.402639, -2.571504, -2.999698, -0.753200 ],
		"SV_04" : [ -1.839352, 2.261719, -0.549117, -2.560598, 0.729968, -0.786977, -3.115862, -1.393732, 0.133436, -0.008195 ],
		"SV_05" : [ 2.867865, -1.912016, 0.005109, -0.897717, -0.413690, 1.138185, -1.696764, -1.535723, -0.616466, -0.572385 ],
		"SV_06" : [ 0.565428, -1.269834, 0.635504, 2.015342, -0.065637, 1.535278, -0.567976, -0.752460, 1.491703, -1.376513 ],
		"SV_07" : [ 1.725204, -2.392022, -0.024752, 2.720746, -0.835031, -0.452338, 2.486438, 0.519174, -0.105711, -0.832824 ],
		"SV_08" : [ -1.705554, 0.634027, 1.788292, -0.654940, -0.263412, -1.061929, -2.404255, -4.245071, -1.567195, 1.138708 ],
		"SV_09" : [ -0.102391, 0.424823, -1.644819, -0.805329, 0.881708, 0.086143, 1.515527, 0.917662, -1.400397, 0.029573 ],
		"SV_10" : [ 0.774314, -1.319097, -0.425435, 1.480569, 0.566889, 1.119942, -2.539389, -2.031812, 1.957035, 0.702640 ],
		"SV_11" : [ 2.031553, -1.784385, 2.399862, 0.485730, 1.134490, -1.070227, -0.670047, -0.914140, 0.068923, 0.060765 ],
		"SV_12" : [ 1.360290, -2.420638, -2.330260, 3.185871, 0.879701, -1.961285, 0.656604, -0.778452, 1.063473, 0.943493 ],
		"SV_13" : [ -0.071107, 1.219655, 0.502317, -1.961473, 0.705807, 0.659755, -2.476790, 0.571177, 1.481645, 1.238595 ],
		"SV_14" : [ 0.081388, -0.911230, -1.420232, 1.773263, 0.302626, -0.692549, -3.248362, -2.278872, 2.782200, -0.049331 ],
		"SV_15" : [ -2.300030, 2.981089, 1.310992, -2.644979, 0.649899, 1.855226, -1.027931, 0.945393, 0.000418, 0.598406 ],
		"SV_16" : [ -0.124049, 0.768644, -1.040184, -1.041910, -0.515943, 1.480217, -1.720070, 0.342352, 1.247335, -1.413962 ],
		"SV_17" : [ -0.049861, 1.019062, -0.239901, -1.762634, 0.672174, 0.659128, -1.484999, 0.600685, 0.642133, 0.460004 ],
		"SV_18" : [ -1.368644, 0.716127, 0.307297, 0.899080, -0.303330, 1.272378, -0.112382, 0.215110, 1.172710, 1.728197 ],
		"SV_19" : [ -1.728087, 2.393295, 0.055107, -1.740847, -1.848529, -0.978944, 0.438442, 2.200070, 0.248741, 1.048002 ],
		"SV_20" : [ -1.211760, 1.142924, 1.339303, -0.829514, -0.248514, 1.220032, -1.777777, -0.916606, 0.495779, 0.931445 ],
		"SV_21" : [ -0.359051, 0.093840, -1.040202, 0.237889, -0.187741, 0.767880, 1.191305, 0.265512, -0.767644, -0.358049 ],
		"SV_22" : [ 1.076219, 0.555706, -0.310657, -1.854151, 1.736608, -0.380529, -0.269973, 2.328577, 0.702019, -0.746542 ],
		"SV_23" : [ 0.609771, 0.842384, 0.029904, -1.886410, 2.396950, 0.951369, -1.595453, 1.495704, 1.366675, 0.117515 ],
		"SV_24" : [ 1.953073, -0.650314, 0.920725, -0.838924, -1.476252, -0.535268, -0.650624, 1.355238, 0.969818, -0.487362 ],
		"SV_25" : [ 2.016849, -1.191537, -1.332499, -0.119352, 0.169375, 0.420555, -3.636702, -0.911384, 2.645946, -0.221895 ],
		"SV_26" : [ -0.191931, -0.162504, 1.151646, 1.053780, 0.043356, -0.163908, -2.428284, -0.792489, 2.682316, 0.789276 ],
		"SV_27" : [ -1.569218, 2.574346, 1.953913, -2.971349, 0.418451, 0.443428, -1.304433, 0.796727, -0.184424, 0.413981 ],
		"SV_28" : [ -2.936037, 2.067057, -0.795721, 1.232088, 0.034662, 1.141055, 2.088878, 2.590199, 1.407819, -0.067862 ],
		"SV_29" : [ -0.995873, 1.788268, -0.548994, -1.646569, 0.318899, 0.257747, -0.232644, 1.704262, 0.506640, -0.698733 ],
		"SV_30" : [ 1.914430, -1.187978, -1.908593, -0.003361, -0.783720, -1.616949, -1.228041, 0.100255, 1.147780, -0.640430 ],
		"SV_31" : [ 0.141928, -0.408314, 0.402207, 0.513474, 1.632655, 0.113585, -0.501597, -0.685914, 0.317499, -0.049391 ],
		"SV_32" : [ -1.050659, 0.920640, -0.455125, -0.050130, -0.191627, 0.584329, 0.943031, 1.021308, -0.010797, -1.586949 ],
		"SV_33" : [ 0.914030, -0.385815, 2.120265, -1.074814, 0.670472, -0.572071, -1.966973, -1.398672, -0.152956, -0.427271 ],
		"SV_34" : [ -0.128543, 1.029262, -1.338428, -2.145117, 1.119838, 0.882593, -0.514950, 0.340163, -0.885099, 0.307255 ],
		"SV_35" : [ 0.420960, 0.508218, 0.792587, -1.824423, -0.534459, -0.802783, -2.398403, -0.576551, 0.458008, 1.340859 ],
		"SV_36" : [ -1.744387, 1.663607, -2.320833, -0.977799, -1.353951, 1.243189, 2.957223, 1.604749, -2.252546, 1.174554 ],
		"SV_37" : [ -0.594587, 1.369676, 0.877953, -2.593040, 0.424603, 0.667879, -1.684506, -0.795299, -0.979715, -1.954555 ],
		"SV_38" : [ 1.900405, -1.479081, 0.125657, -0.313671, -2.103942, -0.193720, 0.040858, -0.894352, -1.276576, 0.145527 ],
		"SV_39" : [ -1.149210, 1.354812, -1.459610, -0.738516, -1.015174, 0.275448, 3.063931, 2.428513, -1.515062, 0.931701 ],
		"SV_40" : [ 1.395205, -0.687010, -0.918347, -1.586565, -0.054809, 0.371851, -1.795299, -1.874978, -1.208421, 0.434021 ],
		"SV_41" : [ -0.694214, 0.299522, 0.714899, 0.542021, 1.019968, 0.342609, 1.555436, 0.732274, -0.455815, 0.537001 ],
		"SV_42" : [ 3.395908, -4.726336, 0.970956, 2.775282, -0.056961, -0.984318, 5.312751, -2.457456, -5.750276, 1.529138 ],
		"SV_43" : [ -2.598929, 3.463445, -0.023906, -4.292647, 0.492410, 0.036822, 2.257645, 1.190452, -4.469301, 0.138775 ],
		"SV_44" : [ 0.365485, 1.000724, 0.492872, -2.667000, 2.644866, 0.112363, -4.855680, -1.163364, 1.808733, -1.585889 ],
		"SV_45" : [ 0.855164, -0.934582, -1.885349, -0.051859, 0.227505, -0.483269, 2.053155, -0.362082, -2.566222, 0.077759 ],
		"SV_46" : [ 1.869880, -2.312190, -1.153852, 1.292078, -1.061729, 2.042926, 1.284271, -1.335399, -1.648043, 2.109906 ],
		"SV_47" : [ -1.598324, 1.482463, 1.664691, -0.791131, -0.326916, -0.073560, -3.352625, -1.347481, 1.816532, 0.637000 ],
		"SV_48" : [ 0.476411, 0.555172, 2.004011, -1.439637, -0.087655, 0.899499, -1.289876, 0.803645, 0.821823, 0.485550 ],
		"SV_49" : [ -1.979466, 2.354344, -0.380747, -1.758169, -0.097531, 0.358732, -4.851546, -1.103278, 2.837784, 0.027100 ],
		"SV_50" : [ 1.184632, -1.691100, -0.781676, 1.327282, 0.194338, 2.642873, 1.366181, -0.742383, -1.114233, 0.622367 ],
		"SV_51" : [ 0.125473, -0.174283, 0.423296, -0.360852, -1.340787, 0.901386, -2.116680, -1.806991, 0.303962, 1.501806 ],
		"SV_52" : [ 2.064895, -1.945791, -2.029140, -0.311415, 0.442332, -0.193959, -2.111351, -3.219500, -1.099663, 0.012909 ],
		"SV_53" : [ -1.712743, 1.902913, -0.388714, -1.923115, -0.594852, -0.739416, -5.045153, -2.419770, 1.728457, -0.154601 ],
		"SV_54" : [ -0.071947, 0.242194, 2.321921, -0.381042, -0.250458, 0.848285, 0.370140, 0.366872, -0.360941, 0.290686 ],
		"SV_55" : [ -1.791246, 1.543989, -1.577224, -0.787527, -0.053480, -1.015344, -3.653436, -1.771331, 1.780666, 0.078939 ],
		"SV_56" : [ 0.116964, 0.764608, -0.834473, -1.648333, 1.616820, -0.216079, -4.621155, -1.207447, 2.374713, 0.080743 ],
		"SV_57" : [ 0.260177, -0.981335, 0.449974, 0.980600, 2.260404, 0.329801, 2.518242, -0.499781, -2.271735, 0.741921 ],
		"SV_58" : [ 1.557540, -2.478364, 0.248819, 2.184098, 1.700319, -0.140229, 3.644297, -0.479801, -2.585171, 0.530817 ],
		"SV_59" : [ -0.438059, -0.593217, 0.535711, 2.307372, -0.018147, 1.306160, 3.752574, 1.507209, -0.652815, -1.264657 ]
	},