{
   "Contributions" : {
      "X_0" : [ 0.170281 ],
      "X_1" : [ 0.024992 ],
      "X_2" : [ 0.170957 ],
      "X_3" : [ -0.007874 ],
      "X_4" : [ 0.000000 ],
      "X_5" : [ 0.109297 ],
      "X_6" : [ 0.007351 ],
      "X_7" : [ -0.012205 ],
      "X_8" : [ -0.147764 ],
      "X_9" : [ -0.083931 ],
      "X_10" : [ -0.261952 ],
      "X_11" : [ -0.148720 ],
      "X_12" : [ -1.179773 ],
      "X_13" : [ 0.099499 ],
      "X_14" : [ 0.485363 ],
      "X_15" : [ -0.046313 ],
      "X_16" : [ -0.420378 ],
      "X_17" : [ 0.009462 ],
      "X_18" : [ -0.092326 ],
      "X_19" : [ 0.139047 ],
      "X_20" : [ 0.213519 ],
      "X_21" : [ -0.543256 ],
      "X_22" : [ -0.065538 ],
      "X_23" : [ 0.007709 ],
      "X_24" : [ 0.010131 ],
      "X_25" : [ -0.250371 ],
      "X_26" : [ 0.204262 ],
      "X_27" : [ 0.263826 ],
      "X_28" : [ -0.029936 ],
      "X_29" : [ -0.350881 ],
      "X_30" : [ 1.083758 ],
      "X_31" : [ -0.566193 ],
      "X_32" : [ 1.677568 ],
      "X_33" : [ 0.355901 ],
      "X_34" : [ 0.099603 ],
      "X_35" : [ -0.070271 ],
      "X_36" : [ -0.671054 ],
      "X_37" : [ -0.015713 ],
      "X_38" : [ -0.095106 ],
      "X_39" : [ -0.812328 ],
      "X_40" : [ 0.004074 ],
      "X_41" : [ 0.109019 ],
      "X_42" : [ -0.003935 ],
      "X_43" : [ 0.646293 ],
      "X_44" : [ 0.063886 ],
      "X_45" : [ 0.094574 ],
      "X_46" : [ 0.688924 ],
      "X_47" : [ -0.189424 ],
      "X_48" : [ 0.000000 ],
      "X_49" : [ 0.050531 ],
      "X_50" : [ -0.302294 ],
      "X_51" : [ -0.005140 ],
      "X_52" : [ -0.135883 ],
      "X_53" : [ -0.000047 ],
      "X_54" : [ 0.185568 ],
      "X_55" : [ 0.857804 ],
      "X_56" : [ -0.180827 ],
      "X_57" : [ -0.883557 ],
      "X_58" : [ -0.453313 ],
      "X_59" : [ 0.526738 ],
      "X_60" : [ 0.105278 ],
      "X_61" : [ 0.074729 ],
      "X_62" : [ -0.109193 ],
      "X_63" : [ -0.194802 ],
      "X_64" : [ 0.782032 ],
      "X_65" : [ -0.045033 ],
      "X_66" : [ 0.000000 ],
      "X_67" : [ -0.556488 ],
      "X_68" : [ -0.389424 ],
      "X_69" : [ 0.041014 ],
      "X_70" : [ 0.045256 ],
      "X_71" : [ -0.008783 ],
      "X_72" : [ -1.026546 ],
      "X_73" : [ 0.045057 ],
      "X_74" : [ 0.220605 ],
      "X_75" : [ 0.029074 ],
      "X_76" : [ 0.067411 ],
      "X_77" : [ 0.286504 ],
      "X_78" : [ 0.000000 ],
      "X_79" : [ 0.001354 ],
      "X_80" : [ 1.940693 ],
      "X_81" : [ -0.267345 ],
      "X_82" : [ 0.000000 ],
      "X_83" : [ -0.016986 ],
      "X_84" : [ 0.553605 ],
      "X_85" : [ 0.749632 ],
      "X_86" : [ 0.031669 ],
      "X_87" : [ 0.000000 ],
      "X_88" : [ 0.000000 ],
      "X_89" : [ -0.191636 ],
      "X_90" : [ -0.017138 ],
      "X_91" : [ 0.069028 ],
      "X_92" : [ 0.000000 ],
      "X_93" : [ -0.185554 ],
      "X_94" : [ -0.262951 ],
      "X_95" : [ 0.879295 ],
      "X_96" : [ -1.359082 ],
      "X_97" : [ -0.106016 ],
      "X_98" : [ 0.055549 ],
      "X_99" : [ -0.063238 ]   
   },
   "Most_Contributive_Features" : {
      "y" : [ 80, 32, 96, 12, 30, 72, 57, 95, 55, 39 ]
   }
}