{
	"metadata" : { "model" : "Vapnik_NuSVC_RBF", "version" : "2024-W12", "signature" : "ff4_il8"},
	"options" : {"svm_type" : "nu_svc", "kernel" : "rbf", "degree" : 3, "gamma" : 0.086479, "coef0" : 0.000000, "cache_size" : 300, "tol" : 0.001000, "nu" : 0.100000, "epsilon" : 0.000000, "shrinking" : 0, "probability" : 1, "C" : 1.000000, "max_iter" : 128, "random_state" : 1789 },
	"dataset" : { "dataset_rows" : 512, "dataset_features" : 10 },
	"classes" : [ 0, 1 ],
	"svm_model" : {
	"classes" : 2,
	"L" : 128,
	"SupportVectors" : {
		"SV_000" : [ -0.044962, 1.210300, 0.837871, 0.036822, 0.980196, 0.281671, 0.777354, 0.492410, -0.036524, 0.927011 ],
		"SV_001" : [ -0.141452, 0.167350, -0.402363, 0.786182, 1.306840, -2.438576, -1.048340, -0.524826, 1.615264, 2.168024 ],
		"SV_002" : [ 0.881366, 1.399658, 0.516419, 0.292905, 1.319084, -0.752799, 0.207616, 1.779366, 0.534369, -0.207511 ],
		"SV_003" : [ 1.887507, 1.145229, -0.076887, 0.263624, 0.859369, -1.255951, -0.431844, 0.602390, -0.074771, -0.806014 ],
		"SV_004" : [ -1.954561, -1.845000, 0.508844, -0.224022, 0.663209, 0.083038, 0.446295, 0.532215, -1.374292, 2.746056 ],
		"SV_005" : [ 0.492202, -1.657995, -0.140611, 1.028648, -1.387754, 1.537800, 0.334086, 0.001805, 0.254472, -0.344175 ],
		"SV_006" : [ -1.922800, 0.299898, -0.336842, 0.147534, -0.196676, -0.369004, -0.387471, -0.932592, 2.691874, 0.259310 ],
		"SV_007" : [ 1.916087, -0.135315, -0.464949, 0.739451, 0.966370, -2.113315, -1.004914, -0.352297, 1.676792, -0.819829 ],
		"SV_008" : [ -0.951704, -0.590051, -0.835885, 0.287704, -0.494899, -0.906831, -0.958925, -0.967451, -1.576031, -1.250799 ],
		"SV_009" : [ 0.207149, 0.118302, -0.793585, 0.105090, -1.374022, 0.310660, -0.567034, -1.571705, 0.348569, -0.124040 ],
		"SV_010" : [ 1.238242, -1.292584, -0.088773, -1.923547, 0.967674, -1.418304, -0.489282, -1.161074, -0.260961, -1.102637 ],
		"SV_011" : [ -0.893038, 1.178377, -0.457822, -0.642240, 0.239036, -1.157652, -0.718925, 1.729494, -1.176722, -0.243805 ],
		"SV_012" : [ 0.907221, -0.489626, -0.252777, 1.071235, 0.566466, -1.202172, -0.561939, 0.200753, -0.977680, 0.222795 ],
		"SV_013" : [ 0.441366, -0.767481, -0.349474, -0.915853, -1.154481, 0.848705, -0.041069, -0.493502, 0.182158, -0.209842 ],
		"SV_014" : [ 0.632556, 0.062874, -1.078568, -0.324772, -0.585264, -1.239202, -1.257579, 0.637909, -0.648566, -1.608947 ],
		"SV_015" : [ 1.065818, -0.636733, -0.012748, -0.084446, 1.083539, -1.427637, -0.428973, 0.157528, -2.185526, 2.224059 ],
		"SV_016" : [ -0.263412, 1.788292, 0.201192, -0.339974, 1.169404, -1.142667, -0.168046, -0.413903, 1.138708, -1.061929 ],
		"SV_017" : [ 0.161201, -0.794545, 0.709537, 0.348623, 1.401939, -0.502496, 0.441115, 1.772862, -1.137358, -0.101282 ],
		"SV_018" : [ 0.663167, 0.417673, 0.522532, -0.780069, -0.363281, 1.438493, 0.854893, 1.580967, -0.282811, 1.205217 ],
		"SV_019" : [ 1.050769, 0.523799, 0.559831, 1.128912, 1.231978, -0.559530, 0.300257, -1.203015, -0.989711, -2.813570 ],
		"SV_020" : [ -1.917933, 0.897552, 0.753642, 0.024561, 0.427364, 0.842022, 0.871731, 0.375547, -0.585348, -0.876211 ],
		"SV_021" : [ -0.763004, 1.439044, 0.092168, -1.135180, 0.882385, -0.972675, -0.208635, -0.483706, 0.286213, -0.325520 ],
		"SV_022" : [ -0.129511, 0.996860, 0.073817, 0.359897, 0.888151, -1.014134, -0.236002, 2.004759, 0.599293, -1.045101 ],
		"SV_023" : [ 0.777269, 0.596671, -0.307377, 0.321773, -0.131082, -0.399427, -0.371953, -1.030974, -0.745758, -0.877383 ],
		"SV_024" : [ 0.065406, 1.087081, 0.425681, 0.780480, 0.865734, -0.333413, 0.255281, 0.534058, -0.089211, 1.315380 ],
		"SV_025" : [ -0.801233, 0.181047, 0.272896, -0.341897, 0.740004, -0.453461, 0.093402, 0.734150, -0.234633, -0.508986 ],
		"SV_026" : [ -0.253497, 1.032600, -0.335426, 1.542523, 1.028166, -1.953505, -0.850671, -0.687957, -0.062434, -1.210474 ],
		"SV_027" : [ 0.025352, 1.091216, -0.438659, 0.425302, -1.342398, 0.927026, -0.092072, 0.291900, 0.249386, -0.135896 ],
		"SV_028" : [ 0.006717, -0.639601, 0.540563, 0.217098, 0.858081, -0.110728, 0.415810, -0.427989, 0.214690, 1.278768 ],
		"SV_029" : [ 1.430708, 1.260270, 0.704607, 0.346571, 0.867090, 0.181418, 0.637464, 0.584152, 1.906117, -0.746882 ],
		"SV_030" : [ -0.370192, 0.094830, 1.003462, 0.941049, 0.965366, 0.607572, 1.010183, 0.432550, 0.064271, -0.902377 ],
		"SV_031" : [ 0.989920, -0.320205, 0.478699, -0.175386, 0.775139, -0.117829, 0.362428, 2.636853, -0.021523, 0.639712 ],
		"SV_032" : [ 1.057829, 0.616509, -1.116132, -0.744926, -0.837925, -0.981381, -1.213169, 2.126974, -1.590610, 0.033227 ],
		"SV_033" : [ 0.549095, -0.393391, -0.183711, 0.489826, -0.292501, 0.038773, -0.140979, -0.481661, 0.267929, -0.098876 ],
		"SV_034" : [ -1.185284, 0.847291, 0.801263, -0.657179, 1.116000, 0.037899, 0.675555, -1.093365, -0.955622, 1.750336 ],
		"SV_035" : [ 1.999844, -0.641099, -0.060026, -0.351197, -0.655991, 0.738847, 0.166760, -0.118726, -0.452301, -0.064584 ],
		"SV_036" : [ 0.219789, -0.710395, -0.159988, -0.898369, 0.558089, -1.019468, -0.431449, -0.820119, -0.856557, -0.103824 ],
		"SV_037" : [ -1.437801, -1.279199, 1.095962, -0.442130, 0.770463, 1.031438, 1.211112, 1.100284, -1.825507, -0.649406 ],
		"SV_038" : [ -0.120551, 0.359479, -0.312232, 0.155081, -0.575346, 0.167247, -0.209903, -2.015844, -1.863936, -1.407385 ],
		"SV_039" : [ -0.149553, -1.437827, -0.205293, -0.807086, -1.996938, 2.207373, 0.476682, -0.274419, 0.172991, -0.840230 ],
		"SV_040" : [ -0.455125, -1.353951, -0.084335, 1.174554, 0.764748, -1.147136, -0.406129, -2.320833, 1.243189, -1.586949 ],
		"SV_041" : [ 0.402525, -0.365506, 0.671943, -1.440930, 0.759143, 0.260798, 0.633641, -0.203361, 0.963563, 0.212135 ],
		"SV_042" : [ 0.583465, -0.723047, -0.597374, -0.594423, -0.197449, -0.850523, -0.744638, -0.253467, 0.417121, -1.184265 ],
		"SV_043" : [ 0.084607, 1.232242, -0.305805, 1.109497, 0.007571, -0.576180, -0.422452, -1.292571, -1.450482, 0.905218 ],
		"SV_044" : [ 2.533009, -0.797929, -0.747149, -0.617123, -0.479465, -0.762485, -0.843037, -2.688770, 0.809043, -0.738149 ],
		"SV_045" : [ 1.684683, 1.206950, 0.344897, 1.058610, 0.073804, 0.543136, 0.445184, -0.703913, -0.717647, 0.491219 ],
		"SV_046" : [ 1.035159, 0.787988, -0.182468, 0.279660, -0.476007, 0.278857, -0.069587, -0.199727, 0.318900, 0.347799 ],
		"SV_047" : [ -1.376695, 0.670420, 0.455685, -0.372278, 0.875303, -0.290242, 0.292815, 0.626017, 0.046635, -0.386433 ],
		"SV_048" : [ 0.106440, 0.753236, 1.021214, -0.570944, 0.845808, 0.795371, 1.079944, -0.673985, -1.497403, 1.174173 ],
		"SV_049" : [ 0.244549, -0.114573, 1.073664, 0.389901, 1.187633, 0.449582, 1.022096, -0.185604, 0.102623, -1.556498 ],
		"SV_050" : [ -0.023906, -0.281021, 0.698093, -0.026552, 1.179121, -0.234968, 0.510031, -0.066693, -1.655300, 0.138775 ],
		"SV_051" : [ -0.433196, 0.166770, 0.003328, 0.009323, 0.713744, -0.918690, -0.266484, -0.076302, -0.134608, 0.771021 ],
		"SV_052" : [ -0.861350, 0.262988, 0.874268, 1.165662, 1.285098, -0.046004, 0.711504, -0.033489, 0.298955, 2.835485 ],
		"SV_053" : [ -0.032368, -0.729920, -0.389224, -0.195272, -0.478890, -0.100331, -0.352168, 0.547406, -1.544599, -0.330377 ],
		"SV_054" : [ -0.135087, 1.326329, 0.340759, -2.533357, 1.107253, -0.803648, 0.047047, 1.263514, -2.571504, 0.800477 ],
		"SV_055" : [ 0.625613, 0.013541, -0.533543, -0.935175, 0.351757, -1.443954, -0.865624, 0.243428, 0.697505, 2.827898 ],
		"SV_056" : [ -0.485120, -0.776204, 0.450919, -0.118800, 1.145779, -0.649547, 0.183560, -0.462834, -0.325784, -0.565585 ],
		"SV_057" : [ -0.409265, 0.122513, -0.547327, 0.254159, -0.013538, -0.996141, -0.745813, -0.336252, -0.972778, 0.437569 ],
		"SV_058" : [ 2.465637, -0.399825, 1.161739, -1.664284, 1.552280, 0.140200, 1.004461, 1.036544, -1.013035, -2.511321 ],
		"SV_059" : [ 0.999864, -1.309848, 0.130094, -1.037358, -0.425384, 0.792146, 0.340037, 2.425021, -0.228479, -2.777180 ],
		"SV_060" : [ -0.790728, -0.335254, 0.339385, -0.073637, 0.681058, -0.253937, 0.207013, 0.655370, 1.207927, -0.665313 ],