{
   "Contributions" : {
      "X_0" : [ -0.005214, 0.005214 ],
      "X_1" : [ -0.005161, 0.005161 ],
      "X_2" : [ -0.025807, 0.025807 ],
      "X_3" : [ 0.007196, -0.007196 ],
      "X_4" : [ -0.018026, 0.018026 ],
      "X_5" : [ -0.003311, 0.003311 ],
      "X_6" : [ -0.019960, 0.019960 ],
      "X_7" : [ -0.008572, 0.008572 ],
      "X_8" : [ 0.015546, -0.015546 ],
      "X_9" : [ -0.010642, 0.010642 ]   
   },
   "Most_Contributive_Features_By_Class" : {
      "class_0" : [ 2, 6, 4, 8, 9, 7, 3, 0, 1, 5 ],
      "class_1" : [ 2, 6, 4, 8, 9, 7, 3, 0, 1, 5 ]
   }
}