{
   "Contributions" : {
      "X_0" : [ -0.005654, -0.002317, -0.004742, 0.012714 ],
      "X_1" : [ -0.014082, -0.004020, -0.006826, 0.024928 ],
      "X_2" : [ 0.000113, -0.000157, 0.000995, -0.000952 ],
      "X_3" : [ -0.004427, 0.003778, 0.008553, -0.007904 ],
      "X_4" : [ -0.007096, -0.008009, -0.003587, 0.018692 ],
      "X_5" : [ -0.006341, -0.004098, -0.001353, 0.011792 ],
      "X_6" : [ -0.002812, -0.004189, 0.001544, 0.005457 ],
      "X_7" : [ -0.009660, -0.019615, -0.002666, 0.031941 ],
      "X_8" : [ -0.008835, -0.006787, -0.001307, 0.016929 ],
      "X_9" : [ 0.000204, -0.000561, -0.000857, 0.001214 ]   
   },
   "Most_Contributive_Features_By_Class" : {
      "class_0" : [ 1, 7, 8, 4, 5, 0, 3, 6, 9, 2 ],
      "class_1" : [ 7, 4, 8, 6, 5, 1, 3, 0, 9, 2 ],
      "class_2" : [ 3, 1, 0, 4, 7, 6, 5, 8, 2, 9 ],
      "class_3" : [ 7, 1, 4, 8, 0, 5, 3, 6, 9, 2 ]
   }
}