{
	"metadata" : { "model" : "Vapnik_NuSVR_RBF", "version" : "2024-W14", "signature" : "ff4_ff4"},
	"options" : {"svm_type" : "nu_svr", "kernel" : "rbf", "degree" : 3, "gamma" : 1.117212, "coef0" : 0.000000, "cache_size" : 300, "tol" : 0.001000, "nu" : 0.500000, "epsilon" : 0.000000, "shrinking" : 0, "probability" : 0, "C" : 1.000000, "max_iter" : 128, "random_state" : 1789 },
	"dataset" : { "dataset_rows" : 64, "dataset_features" : 10 },
	"svm_model" : {
	"classes" : 2,
	"L" : 37,
	"SupportVectors" : {
		"SV_00" : [ 0.652811, 0.757719, 0.306902, 0.828286, 0.763064, 0.859003, 0.873377, 0.146070, 0.894295, 0.086598 ],
		"SV_01" : [ 0.226051, 0.939732, 0.731124, 0.837456, 0.782448, 0.352927, 0.183212, 0.843453, 0.185038, 0.248943 ],
		"SV_02" : [ 0.764610, 0.378970, 0.823855, 0.913603, 0.553400, 0.055048, 0.588332, 0.361050, 0.814980, 0.123688 ],
		"SV_03" : [ 0.368356, 0.189593, 0.403483, 0.670145, 0.411066, 0.464093, 0.307388, 0.840440, 0.462841, 0.813023 ],
		"SV_04" : [ 0.888102, 0.149216, 0.426902, 0.180039, 0.792176, 0.085835, 0.603319, 0.653572, 0.865909, 0.986362 ],
		"SV_05" : [ 0.235384, 0.117604, 0.514017, 0.633968, 0.618557, 0.121827, 0.576931, 0.091568, 0.527227, 0.211281 ],
		"SV_06" : [ 0.399336, 0.628863, 0.606025, 0.837489, 0.772643, 0.257624, 0.166252, 0.040244, 0.521303, 0.455322 ],
		"SV_07" : [ 0.634220, 0.486969, 0.969793, 0.441636, 0.814121, 0.690923, 0.194226, 0.716476, 0.697923, 0.212891 ],
		"SV_08" : [ 0.772433, 0.764512, 0.960643, 0.302594, 0.292439, 0.441128, 0.688884, 0.145406, 0.532042, 0.749330 ],
		"SV_09" : [ 0.604811, 0.984899, 0.598416, 0.783427, 0.739098, 0.893643, 0.193266, 0.096950, 0.547724, 0.389115 ],
		"SV_10" : [ 0.480054, 0.664308, 0.985340, 0.567078, 0.994149, 0.780890, 0.232756, 0.567089, 0.093123, 0.031981 ],
		"SV_11" : [ 0.257439, 0.499463, 0.260146, 0.239901, 0.156860, 0.590953, 0.077376, 0.340943, 0.943330, 0.056908 ],
		"SV_12" : [ 0.010500, 0.200190, 0.192366, 0.175831, 0.507530, 0.721218, 0.719388, 0.114770, 0.417354, 0.783886 ],
		"SV_13" : [ 0.341289, 0.059388, 0.275743, 0.885258, 0.018723, 0.985191, 0.272452, 0.138076, 0.832781, 0.073518 ],
		"SV_14" : [ 0.759884, 0.645603, 0.858346, 0.414192, 0.746659, 0.476919, 0.729435, 0.314409, 0.340241, 0.086284 ],
		"SV_15" : [ 0.361047, 0.160106, 0.219158, 0.010201, 0.471566, 0.488280, 0.020705, 0.852158, 0.667965, 0.378921 ],
		"SV_16" : [ 0.707837, 0.144074, 0.012616, 0.030879, 0.479881, 0.891077, 0.451813, 0.845402, 0.259907, 0.331544 ],
		"SV_17" : [ 0.387013, 0.186144, 0.843217, 0.273500, 0.175361, 0.010880, 0.338375, 0.530580, 0.739766, 0.316235 ],
		"SV_18" : [ 0.468597, 0.178458, 0.334268, 0.726481, 0.251948, 0.416145, 0.033750, 0.950958, 0.192608, 0.099539 ],
		"SV_19" : [ 0.705919, 0.335669, 0.829238, 0.863314, 0.287537, 0.639683, 0.745771, 0.787558, 0.582418, 0.363306 ],
		"SV_20" : [ 0.975417, 0.002660, 0.366127, 0.434512, 0.945664, 0.329085, 0.852323, 0.591908, 0.151237, 0.221160 ],
		"SV_21" : [ 0.479223, 0.684603, 0.324254, 0.801230, 0.871487, 0.937278, 0.292127, 0.900755, 0.827968, 0.568796 ],
		"SV_22" : [ 0.457487, 0.414129, 0.014223, 0.378696, 0.893256, 0.937627, 0.113897, 0.460844, 0.008495, 0.149271 ],
		"SV_23" : [ 0.734481, 0.482054, 0.789831, 0.806913, 0.681106, 0.602843, 0.333277, 0.147743, 0.020703, 0.509223 ],
		"SV_24" : [ 0.993297, 0.015448, 0.073074, 0.123516, 0.766918, 0.032547, 0.970468, 0.585911, 0.580508, 0.025791 ],
		"SV_25" : [ 0.774018, 0.202348, 0.142057, 0.873570, 0.310546, 0.683928, 0.650031, 0.492748, 0.253903, 0.786608 ],
		"SV_26" : [ 0.343479, 0.049133, 0.720020, 0.841468, 0.199002, 0.085445, 0.635873, 0.354635, 0.971117, 0.361298 ],
		"SV_27" : [ 0.366207, 0.096199, 0.520676, 0.250113, 0.155164, 0.752654, 0.007439, 0.025310, 0.924844, 0.961402 ],
		"SV_28" : [ 0.827680, 0.741216, 0.967589, 0.359411, 0.243325, 0.911669, 0.829354, 0.787352, 0.791034, 0.782214 ],
		"SV_29" : [ 0.663564, 0.399281, 0.158547, 0.930965, 0.846977, 0.986627, 0.132816, 0.426558, 0.999950, 0.674509 ],
		"SV_30" : [ 0.849990, 0.916139, 0.864912, 0.228437, 0.340806, 0.227606, 0.447862, 0.068150, 0.472487, 0.104133 ],
		"SV_31" : [ 0.823836, 0.504187, 0.034569, 0.308381, 0.003390, 0.039580, 0.879070, 0.101112, 0.747507, 0.958859 ],
		"SV_32" : [ 0.221163, 0.634851, 0.675740, 0.393459, 0.593254, 0.877299, 0.742170, 0.322286, 0.749472, 0.996954 ],
		"SV_33" : [ 0.509773, 0.341051, 0.395373, 0.566571, 0.346628, 0.931609, 0.107350, 0.085550, 0.260950, 0.128551 ],
		"SV_34" : [ 0.246418, 0.754389, 0.264436, 0.996826, 0.880107, 0.261948, 0.595422, 0.306809, 0.390167, 0.471118 ],
		"SV_35" : [ 0.804101, 0.103050, 0.728795, 0.068628, 0.567613, 0.648562, 0.495718, 0.628355, 0.398738, 0.185100 ],
		"SV_36" : [ 0.133169, 0.898182, 0.993566, 0.694676, 0.756484, 0.193983, 0.035123, 0.033415, 0.014059, 0.907372 ]
	},
	"SupportVectorsCoefs" : {
		"SV_coef_0" : [ 1.000000, 0.167186, 1.000000, -1.000000, -1.000000, -1.000000, 0.452518, 1.000000, 0.641231, 1.000000, 1.000000, -1.000000, -1.000000, -1.000000, 1.000000, -1.000000, -0.937348, -1.000000, -0.222402, 1.000000, -1.000000, 1.000000, 1.000000, 1.000000, -1.000000, 0.437265, -1.000000, -1.000000, 0.802660, 1.000000, -0.829068, 0.499141, -1.000000, -0.011183, 1.000000, -1.000000, 1.000000 ]
	},
	"rho" : [ -14.879629 ],
	"nSV" : [ 37 ],
	"probA" : [ ],
	"probB" : [ ],
	"n_iter" : [ 42 ]
}
}