{
   "Contributions" : {
      "X_0" : [ 0.005030 ],
      "X_1" : [ -0.054268 ],
      "X_2" : [ -0.018684 ],
      "X_3" : [ -0.071693 ],
      "X_4" : [ -0.030209 ],
      "X_5" : [ 0.013437 ],
      "X_6" : [ 0.000693 ],
      "X_7" : [ -0.000767 ],
      "X_8" : [ -0.010643 ],
      "X_9" : [ -0.028965 ]   
   },
   "Most_Contributive_Features" : {
      "y" : [ 3, 1, 4, 9, 2, 5, 8, 0, 7, 6 ]
   }
}