{
   "Contributions" : {
      "X_0" : [ -0.002796 ],
      "X_1" : [ -0.253742 ],
      "X_2" : [ -0.095810 ],
      "X_3" : [ -0.222482 ],
      "X_4" : [ -0.071238 ],
      "X_5" : [ 0.030711 ],
      "X_6" : [ -0.011387 ],
      "X_7" : [ -0.001457 ],
      "X_8" : [ -0.031407 ],
      "X_9" : [ 0.000607 ]   
   },
   "Most_Contributive_Features" : {
      "y" : [ 1, 3, 2, 4, 8, 5, 6, 0, 7, 9 ]
   }
}