{
	"metadata" : { "model" : "Vapnik_NuSVR_RBF", "version" : "2024-W12", "signature" : "ff4_ff4"},
	"options" : {"svm_type" : "nu_svr", "kernel" : "rbf", "degree" : 3, "gamma" : 1.117212, "coef0" : 0.000000, "cache_size" : 300, "tol" : 0.001000, "nu" : 0.100000, "epsilon" : 0.000000, "shrinking" : 0, "probability" : 0, "C" : 1.000000, "max_iter" : 128, "random_state" : 1789 },
	"dataset" : { "dataset_rows" : 64, "dataset_features" : 10 },
	"svm_model" : {
	"classes" : 2,
	"L" : 9,
	"SupportVectors" : {
		"SV_0" : [ 0.652811, 0.757719, 0.306902, 0.828286, 0.763064, 0.859003, 0.873377, 0.146070, 0.894295, 0.086598 ],
		"SV_1" : [ 0.764610, 0.378970, 0.823855, 0.913603, 0.553400, 0.055048, 0.588332, 0.361050, 0.814980, 0.123688 ],
		"SV_2" : [ 0.480054, 0.664308, 0.985340, 0.567078, 0.994149, 0.780890, 0.232756, 0.567089, 0.093123, 0.031981 ],
		"SV_3" : [ 0.010500, 0.200190, 0.192366, 0.175831, 0.507530, 0.721218, 0.719388, 0.114770, 0.417354, 0.783886 ],
		"SV_4" : [ 0.361047, 0.160106, 0.219158, 0.010201, 0.471566, 0.488280, 0.020705, 0.852158, 0.667965, 0.378921 ],
		"SV_5" : [ 0.734481, 0.482054, 0.789831, 0.806913, 0.681106, 0.602843, 0.333277, 0.147743, 0.020703, 0.509223 ],
		"SV_6" : [ 0.366207, 0.096199, 0.520676, 0.250113, 0.155164, 0.752654, 0.007439, 0.025310, 0.924844, 0.961402 ],
		"SV_7" : [ 0.663564, 0.399281, 0.158547, 0.930965, 0.846977, 0.986627, 0.132816, 0.426558, 0.999950, 0.674509 ],
		"SV_8" : [ 0.804101, 0.103050, 0.728795, 0.068628, 0.567613, 0.648562, 0.495718, 0.628355, 0.398738, 0.185100 ]
	},
	"SupportVectorsCoefs" : {
		"SV_coef_0" : [ 1.000000, 0.027869, 1.000000, -1.000000, -1.000000, 0.172130, -1.000000, 1.000000, -0.199998 ]
	},
	"rho" : [ -14.503784 ],
	"nSV" : [ 9 ],
	"probA" : [ ],
	"probB" : [ ],
	"n_iter" : [ 9 ]
}
}