{
   "Contributions" : {
      "X_0" : [ -0.002169 ],
      "X_1" : [ 0.006828 ],
      "X_2" : [ 0.021250 ],
      "X_3" : [ 0.000179 ]   
   },
   "Most_Contributive_Features" : {
      "y" : [ 2, 1, 0, 3 ]
   }
}