{
	"metadata" : { "model" : "Tikhonov_Ridge", "version" : "2024-W14", "signature" : "ff4_ff4"},
	"options" : { "alpha" : 1.000000, "random_state" : 1789 },
	"dataset" : { "dataset_rows" : 16, "dataset_features" : 100 },
	"equations" : {
			"intercept" : 25.886122,
			"coeffs" : [ -1.290956, 1.121498, -7.690050, -1.649620, -6.892511, 4.133846, -0.679299, 14.223087, 5.511638, -3.709194, -0.767171, 6.471190, 3.013078, -10.839190, 5.725629, 5.914690, -3.364897, 5.538644, -2.305380, -1.427389, -6.955196, 12.759958, 10.109994, 4.207901, -9.798366, -1.362888, 6.677388, 2.717241, 6.162190, 3.309771, 11.040243, -1.948051, 14.511501, -5.783782, 8.074210, -3.803150, 3.101975, -3.715777, 6.143843, -6.995973, 7.389888, -6.045675, -2.133979, -5.342076, -3.108168, -15.819291, 16.182127, 8.353917, 11.688150, -12.058825, -0.484051, -1.561430, -6.970072, 9.574152, 2.438553, -5.654925, -3.849045, 6.304163, -2.382997, 6.981254, -3.493163, -0.613352, 7.639600, -4.811016, 9.561032, 2.238349, 11.614104, 5.013224, 9.057299, -2.770084, -0.886854, -4.699414, 1.647829, 8.478578, -1.861753, -3.721231, 6.510406, 9.996015, -8.131359, 6.634007, -7.280452, -3.332745, 1.134869, -4.281098, -15.024531, -2.118644, -10.248626, -9.236107, -1.079210, 1.382576, 7.371418, 3.277084, -2.953186, -2.303676, 3.527118, -14.110859, 7.031977, 2.192146, 1.410200, 0.689352 ]
		}
}