{
   "Contributions" : {
      "X_0" : [ 0.142357 ],
      "X_1" : [ 0.401822 ],
      "X_2" : [ 0.181994 ],
      "X_3" : [ 0.185966 ],
      "X_4" : [ -0.488007 ],
      "X_5" : [ 1.158134 ],
      "X_6" : [ 0.124359 ],
      "X_7" : [ 1.601152 ],
      "X_8" : [ -0.059997 ],
      "X_9" : [ 0.227485 ],
      "X_10" : [ -0.091031 ],
      "X_11" : [ 0.799476 ],
      "X_12" : [ 0.169974 ],
      "X_13" : [ 1.828161 ],
      "X_14" : [ 1.412804 ],
      "X_15" : [ 0.041459 ],
      "X_16" : [ -0.212990 ],
      "X_17" : [ -0.699980 ],
      "X_18" : [ 0.008470 ],
      "X_19" : [ 0.022350 ],
      "X_20" : [ 1.369817 ],
      "X_21" : [ -0.508887 ],
      "X_22" : [ 0.751054 ],
      "X_23" : [ -0.629046 ],
      "X_24" : [ -1.410154 ],
      "X_25" : [ 0.383697 ],
      "X_26" : [ 0.843865 ],
      "X_27" : [ 0.066673 ],
      "X_28" : [ -0.683427 ],
      "X_29" : [ 0.304050 ],
      "X_30" : [ 1.717969 ],
      "X_31" : [ -0.302190 ],
      "X_32" : [ 0.483311 ],
      "X_33" : [ 0.918503 ],
      "X_34" : [ -1.076869 ],
      "X_35" : [ 0.587606 ],
      "X_36" : [ -0.574020 ],
      "X_37" : [ -0.013380 ],
      "X_38" : [ -0.540312 ],
      "X_39" : [ -0.191774 ],
      "X_40" : [ 0.178652 ],
      "X_41" : [ -0.066335 ],
      "X_42" : [ -0.258947 ],
      "X_43" : [ 1.442761 ],
      "X_44" : [ -0.536383 ],
      "X_45" : [ -2.448179 ],
      "X_46" : [ 5.232006 ],
      "X_47" : [ -0.916176 ],
      "X_48" : [ -2.286638 ],
      "X_49" : [ -1.874059 ],
      "X_50" : [ 0.076847 ],
      "X_51" : [ -0.188274 ],
      "X_52" : [ -0.481220 ],
      "X_53" : [ -1.613760 ],
      "X_54" : [ 0.377272 ],
      "X_55" : [ 1.166187 ],
      "X_56" : [ 1.335726 ],
      "X_57" : [ -2.038062 ],
      "X_58" : [ -0.096108 ],
      "X_59" : [ -0.211645 ],
      "X_60" : [ 0.399943 ],
      "X_61" : [ 0.065445 ],
      "X_62" : [ -0.335978 ],
      "X_63" : [ 1.090329 ],
      "X_64" : [ 1.582451 ],
      "X_65" : [ -0.152254 ],
      "X_66" : [ 3.314058 ],
      "X_67" : [ -1.026518 ],
      "X_68" : [ -1.877671 ],
      "X_69" : [ -0.621508 ],
      "X_70" : [ -0.024116 ],
      "X_71" : [ 0.751663 ],
      "X_72" : [ 0.056144 ],
      "X_73" : [ 0.572717 ],
      "X_74" : [ -0.128969 ],
      "X_75" : [ -0.423211 ],
      "X_76" : [ 1.662241 ],
      "X_77" : [ -2.257682 ],
      "X_78" : [ 1.387240 ],
      "X_79" : [ -0.761329 ],
      "X_80" : [ 1.125529 ],
      "X_81" : [ 0.036631 ],
      "X_82" : [ -0.189916 ],
      "X_83" : [ -0.295332 ],
      "X_84" : [ 1.791667 ],
      "X_85" : [ -0.054076 ],
      "X_86" : [ 0.990637 ],
      "X_87" : [ -1.348619 ],
      "X_88" : [ -0.044743 ],
      "X_89" : [ -0.317423 ],
      "X_90" : [ 0.537132 ],
      "X_91" : [ 0.240537 ],
      "X_92" : [ -0.264208 ],
      "X_93" : [ -0.149933 ],
      "X_94" : [ 1.142770 ],
      "X_95" : [ 0.908423 ],
      "X_96" : [ -0.436768 ],
      "X_97" : [ -0.160722 ],
      "X_98" : [ -0.568788 ],
      "X_99" : [ -0.167120 ]   
   },
   "Most_Contributive_Features" : {
      "y" : [ 46, 66, 45, 48, 77, 57, 68, 49, 13, 84 ]
   }
}