{
   "Contributions" : {
      "X_0" : [ 0.149869 ],
      "X_1" : [ -0.412411 ],
      "X_2" : [ 0.296418 ],
      "X_3" : [ -0.158758 ],
      "X_4" : [ -0.387865 ],
      "X_5" : [ 0.978122 ],
      "X_6" : [ 0.111671 ],
      "X_7" : [ 1.348821 ],
      "X_8" : [ -0.084894 ],
      "X_9" : [ 0.435211 ],
      "X_10" : [ -0.077024 ],
      "X_11" : [ 0.795982 ],
      "X_12" : [ 0.603035 ],
      "X_13" : [ 1.453932 ],
      "X_14" : [ 1.875042 ],
      "X_15" : [ 0.041177 ],
      "X_16" : [ -0.169908 ],
      "X_17" : [ -0.659230 ],
      "X_18" : [ 0.006368 ],
      "X_19" : [ 0.023739 ],
      "X_20" : [ 1.541169 ],
      "X_21" : [ -0.511094 ],
      "X_22" : [ 0.735682 ],
      "X_23" : [ -0.766279 ],
      "X_24" : [ -1.418204 ],
      "X_25" : [ 0.351563 ],
      "X_26" : [ 0.936390 ],
      "X_27" : [ 0.068718 ],
      "X_28" : [ -0.734641 ],
      "X_29" : [ 0.256887 ],
      "X_30" : [ 1.659510 ],
      "X_31" : [ -0.361134 ],
      "X_32" : [ 0.489288 ],
      "X_33" : [ 0.898302 ],
      "X_34" : [ -0.963360 ],
      "X_35" : [ 0.627159 ],
      "X_36" : [ -0.614004 ],
      "X_37" : [ -0.012694 ],
      "X_38" : [ -0.510617 ],
      "X_39" : [ -0.183597 ],
      "X_40" : [ 0.173503 ],
      "X_41" : [ -0.065163 ],
      "X_42" : [ -0.223674 ],
      "X_43" : [ 1.338311 ],
      "X_44" : [ -0.401802 ],
      "X_45" : [ -2.265063 ],
      "X_46" : [ 5.259751 ],
      "X_47" : [ -0.939990 ],
      "X_48" : [ -2.355119 ],
      "X_49" : [ -1.784679 ],
      "X_50" : [ 0.059543 ],
      "X_51" : [ -0.146566 ],
      "X_52" : [ -0.458693 ],
      "X_53" : [ -1.692989 ],
      "X_54" : [ 0.574685 ],
      "X_55" : [ 1.297986 ],
      "X_56" : [ 1.289472 ],
      "X_57" : [ -2.192235 ],
      "X_58" : [ -0.082135 ],
      "X_59" : [ -0.213467 ],
      "X_60" : [ 0.371764 ],
      "X_61" : [ -0.124825 ],
      "X_62" : [ -0.304800 ],
      "X_63" : [ 1.106932 ],
      "X_64" : [ 1.595635 ],
      "X_65" : [ -0.158895 ],
      "X_66" : [ 3.261389 ],
      "X_67" : [ -0.917039 ],
      "X_68" : [ -1.917756 ],
      "X_69" : [ -0.562638 ],
      "X_70" : [ -0.077736 ],
      "X_71" : [ 0.619793 ],
      "X_72" : [ 0.061489 ],
      "X_73" : [ 0.571508 ],
      "X_74" : [ -0.178381 ],
      "X_75" : [ -0.423826 ],
      "X_76" : [ 1.618788 ],
      "X_77" : [ -2.226926 ],
      "X_78" : [ 1.313650 ],
      "X_79" : [ -0.770917 ],
      "X_80" : [ 1.208047 ],
      "X_81" : [ 0.035580 ],
      "X_82" : [ -0.176592 ],
      "X_83" : [ -0.284765 ],
      "X_84" : [ 1.679456 ],
      "X_85" : [ -0.044298 ],
      "X_86" : [ 0.959612 ],
      "X_87" : [ -1.313411 ],
      "X_88" : [ -0.050676 ],
      "X_89" : [ -0.310370 ],
      "X_90" : [ 0.553331 ],
      "X_91" : [ 0.287530 ],
      "X_92" : [ -0.260026 ],
      "X_93" : [ -0.171402 ],
      "X_94" : [ 1.136500 ],
      "X_95" : [ 0.928547 ],
      "X_96" : [ -0.413259 ],
      "X_97" : [ -0.154305 ],
      "X_98" : [ -0.382611 ],
      "X_99" : [ -0.138643 ]   
   },
   "Most_Contributive_Features" : {
      "y" : [ 46, 66, 48, 45, 77, 57, 68, 14, 49, 53 ]
   }
}