{
	"metadata" : { "model" : "Vapnik_SVC_RBF", "version" : "2024-W13", "signature" : "ff4_il8"},
	"options" : {"svm_type" : "c_svc", "kernel" : "rbf", "degree" : 3, "gamma" : 0.063473, "coef0" : 0.000000, "cache_size" : 300, "tol" : 0.001000, "nu" : 0.500000, "epsilon" : 0.000000, "shrinking" : 0, "probability" : 1, "C" : 2.000000, "max_iter" : 128, "random_state" : 1789 },
	"dataset" : { "dataset_rows" : 16, "dataset_features" : 10 },
	"classes" : [ 0, 1, 2, 3 ],
	"svm_model" : {
	"classes" : 4,
	"L" : 16,
	"SupportVectors" : {
		"SV_00" : [ 0.928858, -1.177375, 0.542731, 1.248167, -0.732359, 0.692213, 0.362028, -0.053731, 0.485529, 1.106564 ],
		"SV_01" : [ -1.750210, 1.576099, 0.286503, -1.740885, -0.949967, -0.384233, 0.038996, -1.160993, -2.267550, 1.213184 ],
		"SV_02" : [ -0.649409, 1.030112, 0.590313, -1.432318, 0.032630, -0.008973, -0.488904, -0.064296, -0.635514, 0.255228 ],
		"SV_03" : [ -0.124049, 0.768644, -1.040184, -1.041910, -0.515943, 1.480217, -1.720070, 0.342352, 1.247335, -1.413962 ],
		"SV_04" : [ -0.049861, 1.019062, -0.239901, -1.762634, 0.672174, 0.659128, -1.484999, 0.600685, 0.642133, 0.460004 ],
		"SV_05" : [ -1.368644, 0.716127, 0.307297, 0.899080, -0.303330, 1.272378, -0.112382, 0.215110, 1.172710, 1.728197 ],
		"SV_06" : [ -1.728087, 2.393295, 0.055107, -1.740847, -1.848529, -0.978944, 0.438442, 2.200070, 0.248741, 1.048002 ],
		"SV_07" : [ -1.050659, 0.920640, -0.455125, -0.050130, -0.191627, 0.584329, 0.943031, 1.021308, -0.010797, -1.586949 ],
		"SV_08" : [ 0.914030, -0.385815, 2.120265, -1.074814, 0.670472, -0.572071, -1.966973, -1.398672, -0.152956, -0.427271 ],
		"SV_09" : [ -0.128543, 1.029262, -1.338428, -2.145117, 1.119838, 0.882593, -0.514950, 0.340163, -0.885099, 0.307255 ],
		"SV_10" : [ 0.420960, 0.508218, 0.792587, -1.824423, -0.534459, -0.802783, -2.398403, -0.576551, 0.458008, 1.340859 ],
		"SV_11" : [ 1.869880, -2.312190, -1.153852, 1.292078, -1.061729, 2.042926, 1.284271, -1.335399, -1.648043, 2.109906 ],
		"SV_12" : [ -1.598324, 1.482463, 1.664691, -0.791131, -0.326916, -0.073560, -3.352625, -1.347481, 1.816532, 0.637000 ],
		"SV_13" : [ 0.476411, 0.555172, 2.004011, -1.439637, -0.087655, 0.899499, -1.289876, 0.803645, 0.821823, 0.485550 ],
		"SV_14" : [ -1.979466, 2.354344, -0.380747, -1.758169, -0.097531, 0.358732, -4.851546, -1.103278, 2.837784, 0.027100 ],
		"SV_15" : [ 1.184632, -1.691100, -0.781676, 1.327282, 0.194338, 2.642873, 1.366181, -0.742383, -1.114233, 0.622367 ]
	},
	"SupportVectorsCoefs" : {
		"SV_coef_0" : [ 2.000000, 0.921813, 2.000000, -0.389006, -1.717513, -1.781277, -1.034018, -1.513407, -0.888687, -1.434361, -1.357582, -0.460020, -0.529708, -2.000000, -0.273882, -1.305732 ],
		"SV_coef_1" : [ 1.853795, 1.340241, 2.000000, 1.756134, 2.000000, 1.258352, 1.408533, -2.000000, -0.423019, -2.000000, -2.000000, -0.305490, -0.865822, -2.000000, -0.765265, -0.902995 ],
		"SV_coef_2" : [ 2.000000, 0.569342, 2.000000, 0.847718, 1.824648, 1.300883, 0.866323, 1.248652, 1.256964, 0.750321, 2.000000, -0.391854, -1.493596, -2.000000, -0.447836, -0.922652 ]
	},
	"rho" : [ 0.228815, 0.436097, 0.477607, 0.123268, 0.233189, 0.120232 ],
	"nSV" : [ 3, 4, 4, 5 ],
	"probA" : [ 0.124054, 1.478024, 2.089410, 2.061109, -1.066903, 0.046234 ],
	"probB" : [ 0.274655, 0.694521, 1.717939, 0.184145, 0.071471, 0.213752 ],
	"n_iter" : [ 14, 16, 14, 13, 23, 15 ]
}
}