{
   "Contributions" : {
      "X_0" : [ 0.003805, 0.002285, 0.002110, -0.008200 ],
      "X_1" : [ 0.004960, 0.003080, 0.006934, -0.014975 ],
      "X_2" : [ 0.001105, -0.016867, 0.002857, 0.012905 ],
      "X_3" : [ 0.003668, -0.002181, 0.006708, -0.008194 ],
      "X_4" : [ 0.003234, -0.003056, 0.000049, -0.000228 ],
      "X_5" : [ -0.000295, -0.007722, 0.017627, -0.009610 ],
      "X_6" : [ 0.018672, -0.007911, -0.000568, -0.010193 ],
      "X_7" : [ 0.007115, -0.010639, 0.005840, -0.002315 ],
      "X_8" : [ 0.016856, 0.006965, -0.008218, -0.015603 ],
      "X_9" : [ 0.003017, -0.007837, 0.001523, 0.003297 ]   
   },
   "Most_Contributive_Features_By_Class" : {
      "class_0" : [ 6, 8, 7, 1, 0, 3, 4, 9, 2, 5 ],
      "class_1" : [ 2, 7, 6, 9, 5, 8, 1, 4, 0, 3 ],
      "class_2" : [ 5, 8, 1, 3, 7, 2, 0, 9, 6, 4 ],
      "class_3" : [ 8, 1, 2, 6, 5, 0, 3, 9, 7, 4 ]
   }
}