{
   "Contributions" : {
      "X_0" : [ 0.000012 ],
      "X_1" : [ 0.000020 ],
      "X_2" : [ -0.009097 ],
      "X_3" : [ -2.537871 ],
      "X_4" : [ 0.397099 ],
      "X_5" : [ 0.095179 ],
      "X_6" : [ 0.786865 ],
      "X_7" : [ 0.001498 ],
      "X_8" : [ 0.000000 ]   
   },
   "Most_Contributive_Features" : {
      "y" : [ 3, 6, 4, 5, 2, 7, 1, 0 ]
   }
}