{
   "Contributions" : {
      "X_0" : [ 0.000000, 0.000000, 0.000000, 0.000000, 0.000000, 0.000000, 0.000000, 0.000000, 0.000000, 0.000000 ],
      "X_1" : [ -0.000015, -0.000009, -0.000010, 0.000012, -0.000019, -0.000007, -0.000020, 0.000043, 0.000021, 0.000005 ],
      "X_2" : [ -0.000291, -0.001127, -0.000173, -0.000204, -0.001952, -0.000247, -0.000280, 0.001366, 0.000125, 0.002784 ],
      "X_3" : [ -0.000116, -0.001001, 0.000187, 0.000142, -0.001015, 0.000710, 0.000141, -0.000119, 0.001157, -0.000086 ],
      "X_4" : [ -0.000146, 0.000427, -0.000256, -0.000196, -0.000289, -0.000522, -0.000376, -0.000211, 0.000310, 0.001259 ],
      "X_5" : [ -0.000742, -0.000804, -0.000378, -0.000939, -0.001094, 0.000535, -0.000905, 0.000197, -0.001086, 0.005217 ],
      "X_6" : [ 0.000218, -0.000304, -0.000035, -0.000204, -0.000284, 0.000197, 0.000435, -0.001391, 0.000014, 0.001354 ],
      "X_7" : [ -0.000001, -0.000027, -0.000031, -0.000000, -0.000039, 0.000086, 0.000016, -0.000249, 0.000046, 0.000200 ],
      "X_8" : [ -0.000000, 0.000000, -0.000000, 0.000003, -0.000000, -0.000000, 0.000001, -0.000001, 0.000012, -0.000014 ],
      "X_9" : [ -0.000282, -0.000099, -0.000069, 0.000053, -0.000225, -0.000317, 0.000025, 0.000106, 0.000681, 0.000126 ],
      "X_10" : [ -0.000521, -0.002245, -0.000182, 0.000066, -0.003276, 0.000569, 0.000097, 0.001100, 0.002617, 0.001776 ],
      "X_11" : [ -0.000687, -0.000203, 0.000011, 0.000104, -0.000073, -0.000066, -0.000281, -0.000257, 0.000338, 0.001114 ],
      "X_12" : [ -0.000335, -0.000331, -0.000486, -0.000468, -0.000004, 0.000281, 0.000330, 0.000324, -0.000163, 0.000852 ],
      "X_13" : [ -0.001806, -0.002205, -0.001180, -0.001174, -0.002564, -0.001003, -0.002025, 0.000373, 0.002209, 0.009374 ],
      "X_14" : [ -0.000106, -0.000315, -0.000086, -0.000178, -0.000148, -0.000430, -0.000065, -0.000084, -0.000535, 0.001947 ],
      "X_15" : [ -0.000005, -0.000045, -0.000017, -0.000019, 0.000002, 0.000038, -0.000001, 0.000019, -0.000061, 0.000090 ],
      "X_16" : [ -0.000000, -0.000000, -0.000000, -0.000000, 0.000000, -0.000000, -0.000000, 0.000000, 0.000000, -0.000000 ],
      "X_17" : [ -0.000190, -0.000414, -0.000272, -0.000423, -0.000689, -0.000260, -0.000680, -0.000018, 0.001158, 0.001789 ],
      "X_18" : [ -0.002149, -0.000174, -0.000373, -0.002084, -0.000930, -0.001090, 0.000408, 0.000427, -0.001931, 0.007896 ],
      "X_19" : [ -0.000453, -0.001608, 0.000287, 0.000792, -0.002199, 0.000514, -0.001299, 0.001664, 0.001827, 0.000474 ],
      "X_20" : [ -0.002037, -0.000870, 0.000178, -0.001063, 0.000622, 0.000390, 0.000024, 0.000164, 0.001820, 0.000771 ],
      "X_21" : [ -0.002571, -0.002441, -0.001591, -0.002034, -0.001738, -0.004518, -0.004248, 0.000280, 0.000592, 0.018270 ],
      "X_22" : [ -0.000320, -0.000195, -0.000136, -0.000057, -0.000539, -0.000426, 0.000370, 0.000671, -0.000953, 0.001586 ],
      "X_23" : [ 0.000001, 0.000001, 0.000002, 0.000001, -0.000004, 0.000005, 0.000000, -0.000011, -0.000011, 0.000015 ],
      "X_24" : [ 0.000000, 0.000000, 0.000000, 0.000000, 0.000000, 0.000000, 0.000000, 0.000000, 0.000000, 0.000000 ],
      "X_25" : [ -0.000409, -0.000063, 0.000081, -0.000395, 0.000072, 0.000263, -0.000165, 0.000325, -0.000536, 0.000829 ],
      "X_26" : [ -0.001709, -0.001404, -0.000351, -0.001369, -0.001118, -0.001360, -0.001106, -0.000704, 0.001262, 0.007859 ],
      "X_27" : [ -0.003488, -0.001167, -0.001005, -0.000661, -0.000178, 0.000112, -0.000853, -0.002839, 0.003059, 0.007019 ],
      "X_28" : [ -0.006241, -0.001194, -0.000488, -0.000072, -0.000329, -0.000156, 0.000399, -0.000387, 0.000163, 0.008306 ],
      "X_29" : [ -0.000969, -0.000267, -0.000500, -0.000767, -0.001597, -0.000218, 0.001886, -0.000936, -0.006549, 0.009917 ],
      "X_30" : [ -0.000680, -0.000273, -0.000082, -0.000413, -0.000969, 0.000432, 0.000889, 0.000056, -0.001049, 0.002090 ],
      "X_31" : [ -0.000000, 0.000000, 0.000000, 0.000000, 0.000000, 0.000000, -0.000000, 0.000000, -0.000000, -0.000000 ],
      "X_32" : [ 0.000000, 0.000000, 0.000000, 0.000000, 0.000000, 0.000000, 0.000000, 0.000000, 0.000000, 0.000000 ],
      "X_33" : [ -0.000810, -0.000312, -0.000102, -0.000170, -0.000116, 0.000140, 0.000187, 0.000385, -0.000824, 0.001622 ],
      "X_34" : [ -0.002010, -0.001400, -0.000243, -0.001733, -0.001787, -0.000654, 0.000556, 0.000369, -0.000117, 0.007019 ],
      "X_35" : [ -0.003910, -0.000644, -0.000324, -0.000815, -0.000822, 0.000154, 0.000592, 0.000324, -0.002834, 0.008280 ],
      "X_36" : [ -0.004413, -0.000790, -0.000994, -0.000981, -0.000303, -0.000688, 0.000016, -0.000387, -0.008725, 0.017265 ],
      "X_37" : [ -0.000472, -0.000591, -0.000118, -0.000522, -0.001984, 0.000672, 0.001039, -0.001212, -0.000961, 0.004149 ],
      "X_38" : [ -0.000633, -0.000153, -0.000040, -0.000271, -0.000384, 0.000192, 0.000094, -0.000992, -0.001407, 0.003594 ],
      "X_39" : [ 0.000000, 0.000000, 0.000000, 0.000000, 0.000000, 0.000000, 0.000000, 0.000000, 0.000000, 0.000000 ],
      "X_40" : [ -0.000002, 0.000007, -0.000002, 0.000003, 0.000000, -0.000003, 0.000002, 0.000001, -0.000001, -0.000005 ],
      "X_41" : [ -0.000629, 0.000014, 0.000139, -0.000147, -0.000344, 0.000205, 0.000231, 0.000243, -0.000120, 0.000407 ],
      "X_42" : [ -0.002604, -0.000843, -0.000912, -0.000402, -0.000669, 0.000344, -0.000390, 0.001258, 0.000117, 0.004102 ],
      "X_43" : [ -0.002167, -0.001484, -0.001474, -0.001142, -0.001758, -0.001399, -0.002562, -0.002731, -0.009436, 0.024153 ],
      "X_44" : [ -0.002150, -0.000885, -0.000517, -0.000741, -0.002942, 0.000339, -0.000360, -0.002709, -0.000395, 0.010360 ],
      "X_45" : [ -0.000767, -0.000316, -0.000280, -0.000079, -0.000547, -0.000775, 0.001054, -0.000397, 0.001411, 0.000697 ],
      "X_46" : [ -0.000173, -0.000236, -0.000028, -0.000572, -0.001020, -0.000263, -0.000235, -0.000782, -0.000054, 0.003364 ],
      "X_47" : [ -0.000001, -0.000005, -0.000005, -0.000002, -0.000011, -0.000015, -0.000021, 0.000003, -0.000013, 0.000070 ],
      "X_48" : [ 0.000015, -0.000001, 0.000008, 0.000001, 0.000004, 0.000007, 0.000007, -0.000004, -0.000026, -0.000010 ],
      "X_49" : [ 0.000070, 0.000124, -0.000177, 0.000035, -0.000028, 0.000090, 0.000013, -0.000090, 0.000019, -0.000056 ],
      "X_50" : [ 0.000391, -0.000305, -0.000200, 0.000562, -0.001047, 0.000795, 0.000990, 0.000053, 0.001757, -0.002997 ],
      "X_51" : [ -0.000680, -0.000498, -0.000575, -0.000661, -0.000784, -0.000293, -0.001174, -0.001761, -0.001233, 0.007660 ],
      "X_52" : [ -0.000208, -0.000598, 0.000189, -0.000250, -0.001166, 0.000180, 0.000142, -0.000411, 0.001287, 0.000835 ],
      "X_53" : [ 0.000111, -0.000034, -0.000293, -0.000564, -0.001899, -0.000020, 0.000365, -0.003774, 0.002652, 0.003457 ],
      "X_54" : [ -0.000360, -0.000491, -0.000452, -0.000578, -0.001274, 0.000253, 0.000748, -0.000362, 0.001165, 0.001352 ],
      "X_55" : [ -0.000034, -0.000019, 0.000025, 0.000026, -0.000025, -0.000013, -0.000042, -0.000029, 0.000030, 0.000082 ],
      "X_56" : [ -0.000000, 0.000000, 0.000000, -0.000000, 0.000000, 0.000000, 0.000000, 0.000000, -0.000000, -0.000000 ],
      "X_57" : [ -0.000002, -0.000029, -0.000015, -0.000024, -0.000068, -0.000041, -0.000038, -0.000022, 0.000048, 0.000191 ],
      "X_58" : [ -0.000340, -0.001027, -0.000116, 0.000161, -0.001537, -0.000298, -0.000096, 0.001187, 0.001449, 0.000617 ],
      "X_59" : [ -0.000189, -0.001023, 0.000103, -0.000224, -0.001168, 0.000492, 0.000364, 0.000454, 0.000690, 0.000502 ],
      "X_60" : [ -0.000031, -0.000178, 0.000055, -0.000219, -0.000763, 0.000460, -0.000081, -0.001577, -0.000325, 0.002658 ],
      "X_61" : [ -0.000653, -0.000305, 0.000432, -0.001575, -0.000909, 0.001284, -0.000980, -0.000154, 0.000735, 0.002124 ],
      "X_62" : [ -0.001373, -0.000184, 0.000764, -0.001394, -0.001470, -0.000325, -0.001064, -0.000325, 0.000265, 0.005106 ],