{
   "Contributions" : {
      "X_0" : [ 0.000000, 0.000000, 0.000000, 0.000000 ],
      "X_1" : [ 0.000000, 0.000000, 0.000000, 0.000000 ],
      "X_2" : [ 0.000000, 0.000000, 0.000000, 0.000000 ],
      "X_3" : [ 0.000000, 0.000000, 0.000000, 0.000000 ],
      "X_4" : [ 0.000000, 0.000000, 0.000000, 0.000000 ],
      "X_5" : [ 0.000000, 0.000000, 0.000000, 0.000000 ],
      "X_6" : [ 0.000000, 0.000000, 0.000000, 0.000000 ],
      "X_7" : [ 0.000000, 0.000000, 0.000000, 0.000000 ],
      "X_8" : [ -0.000696, 0.000178, -0.001515, 0.002032 ],
      "X_9" : [ 0.000000, 0.000000, 0.000000, 0.000000 ],
      "X_10" : [ 0.000000, 0.000000, 0.000000, 0.000000 ],
      "X_11" : [ -0.001306, -0.000110, 0.002688, -0.001272 ],
      "X_12" : [ 0.000000, 0.000000, 0.000000, 0.000000 ],
      "X_13" : [ 0.000000, 0.000000, 0.000000, 0.000000 ],
      "X_14" : [ 0.000000, 0.000000, 0.000000, 0.000000 ],
      "X_15" : [ 0.002060, -0.003581, 0.000427, 0.001094 ],
      "X_16" : [ -0.001851, 0.001056, 0.000118, 0.000677 ],
      "X_17" : [ 0.000000, 0.000000, 0.000000, 0.000000 ],
      "X_18" : [ 0.000061, 0.000071, -0.000179, 0.000047 ],
      "X_19" : [ 0.000200, 0.000081, -0.000218, -0.000064 ],
      "X_20" : [ 0.000000, 0.000000, 0.000000, 0.000000 ],
      "X_21" : [ 0.000000, 0.000000, 0.000000, 0.000000 ],
      "X_22" : [ -0.001744, -0.000912, 0.001927, 0.000729 ],
      "X_23" : [ 0.000000, 0.000000, 0.000000, 0.000000 ],
      "X_24" : [ 0.000000, 0.000000, 0.000000, 0.000000 ],
      "X_25" : [ 0.000600, -0.000368, 0.000013, -0.000245 ],
      "X_26" : [ 0.000000, 0.000000, 0.000000, 0.000000 ],
      "X_27" : [ 0.000000, 0.000000, 0.000000, 0.000000 ],
      "X_28" : [ 0.000000, 0.000000, 0.000000, 0.000000 ],
      "X_29" : [ 0.000000, 0.000000, 0.000000, 0.000000 ],
      "X_30" : [ 0.000000, 0.000000, 0.000000, 0.000000 ],
      "X_31" : [ -0.007090, -0.003644, 0.005337, 0.005396 ],
      "X_32" : [ 0.000000, 0.000000, 0.000000, 0.000000 ],
      "X_33" : [ 0.000000, 0.000000, 0.000000, 0.000000 ],
      "X_34" : [ 0.000000, 0.000000, 0.000000, 0.000000 ],
      "X_35" : [ 0.000000, 0.000000, 0.000000, 0.000000 ],
      "X_36" : [ 0.000000, 0.000000, 0.000000, 0.000000 ],
      "X_37" : [ 0.000956, 0.000251, -0.000600, -0.000608 ],
      "X_38" : [ 0.000000, 0.000000, 0.000000, 0.000000 ],
      "X_39" : [ 0.000000, 0.000000, 0.000000, 0.000000 ],
      "X_40" : [ 0.000000, 0.000000, 0.000000, 0.000000 ],
      "X_41" : [ 0.000000, 0.000000, 0.000000, 0.000000 ],
      "X_42" : [ 0.000000, 0.000000, 0.000000, 0.000000 ],
      "X_43" : [ 0.000000, 0.000000, 0.000000, 0.000000 ],
      "X_44" : [ 0.000000, 0.000000, 0.000000, 0.000000 ],
      "X_45" : [ 0.000000, 0.000000, 0.000000, 0.000000 ],
      "X_46" : [ 0.000000, 0.000000, 0.000000, 0.000000 ],
      "X_47" : [ -0.000256, -0.000698, 0.000016, 0.000939 ],
      "X_48" : [ 0.000000, 0.000000, 0.000000, 0.000000 ],
      "X_49" : [ 0.002940, -0.005685, -0.003962, 0.006707 ],
      "X_50" : [ 0.001522, -0.001575, 0.001695, -0.001643 ],
      "X_51" : [ -0.000882, 0.000899, 0.000575, -0.000591 ],
      "X_52" : [ 0.003385, -0.003592, 0.000306, -0.000099 ],
      "X_53" : [ -0.000287, 0.000175, -0.000646, 0.000758 ],
      "X_54" : [ 0.000000, 0.000000, 0.000000, 0.000000 ],
      "X_55" : [ 0.000000, 0.000000, 0.000000, 0.000000 ],
      "X_56" : [ 0.000000, 0.000000, 0.000000, 0.000000 ],
      "X_57" : [ -0.001644, 0.003876, 0.000076, -0.002308 ],
      "X_58" : [ 0.000000, 0.000000, 0.000000, 0.000000 ],
      "X_59" : [ 0.000000, 0.000000, 0.000000, 0.000000 ],
      "X_60" : [ 0.000000, 0.000000, 0.000000, 0.000000 ],
      "X_61" : [ 0.000000, 0.000000, 0.000000, 0.000000 ],
      "X_62" : [ 0.000000, 0.000000, 0.000000, 0.000000 ],
      "X_63" : [ 0.000219, 0.000391, -0.000750, 0.000139 ],
      "X_64" : [ 0.000000, 0.000000, 0.000000, 0.000000 ],
      "X_65" : [ 0.000000, 0.000000, 0.000000, 0.000000 ],
      "X_66" : [ 0.000000, 0.000000, 0.000000, 0.000000 ],
      "X_67" : [ 0.001387, 0.002497, 0.002819, -0.006703 ],
      "X_68" : [ -0.000013, 0.000007, 0.000284, -0.000277 ],
      "X_69" : [ 0.000000, 0.000000, 0.000000, 0.000000 ],
      "X_70" : [ 0.000000, 0.000000, 0.000000, 0.000000 ],
      "X_71" : [ 0.000000, 0.000000, 0.000000, 0.000000 ],
      "X_72" : [ 0.001619, -0.003898, 0.000976, 0.001304 ],
      "X_73" : [ 0.000000, 0.000000, 0.000000, 0.000000 ],
      "X_74" : [ -0.000222, 0.000026, 0.000161, 0.000034 ],
      "X_75" : [ -0.000062, 0.001700, -0.000705, -0.000933 ],
      "X_76" : [ 0.000000, 0.000000, 0.000000, 0.000000 ],
      "X_77" : [ 0.000000, 0.000000, 0.000000, 0.000000 ],
      "X_78" : [ 0.000298, -0.000398, 0.000050, 0.000050 ],
      "X_79" : [ 0.000000, 0.000000, 0.000000, 0.000000 ],
      "X_80" : [ -0.000084, 0.000336, -0.000261, 0.000009 ],
      "X_81" : [ -0.000830, 0.000694, 0.001323, -0.001187 ],
      "X_82" : [ -0.000270, 0.000848, -0.002211, 0.001633 ],
      "X_83" : [ 0.002475, -0.002691, -0.000332, 0.000548 ],
      "X_84" : [ 0.000000, 0.000000, 0.000000, 0.000000 ],
      "X_85" : [ -0.000873, -0.000398, 0.000062, 0.001209 ],
      "X_86" : [ 0.000000, 0.000000, 0.000000, 0.000000 ],
      "X_87" : [ 0.000000, 0.000000, 0.000000, 0.000000 ],
      "X_88" : [ 0.000318, -0.000477, 0.000034, 0.000125 ],
      "X_89" : [ -0.002725, -0.000552, 0.004871, -0.001593 ],
      "X_90" : [ 0.004444, 0.001440, -0.003198, -0.002686 ],
      "X_91" : [ -0.002096, 0.000271, -0.001435, 0.003259 ],
      "X_92" : [ 0.002018, -0.002176, -0.000151, 0.000309 ],
      "X_93" : [ -0.001309, -0.001272, 0.007268, -0.004687 ],
      "X_94" : [ -0.002519, 0.002331, -0.003501, 0.003688 ],
      "X_95" : [ 0.000200, -0.001756, 0.001038, 0.000518 ],
      "X_96" : [ -0.002452, -0.001319, 0.002285, 0.001486 ],
      "X_97" : [ 0.000188, -0.001034, -0.001034, 0.001879 ],
      "X_98" : [ 0.000114, -0.000364, 0.001143, -0.000893 ],
      "X_99" : [ 0.001459, 0.000005, -0.001322, -0.000142 ]   
   },
   "Most_Contributive_Features_By_Class" : {
      "class_0" : [ 31, 90, 52, 49, 89, 94, 83, 96, 91, 15 ],
      "class_1" : [ 49, 72, 57, 31, 52, 15, 83, 67, 94, 92 ],
      "class_2" : [ 93, 31, 89, 49, 94, 90, 67, 11, 96, 82 ],
      "class_3" : [ 49, 67, 31, 93, 94, 91, 90, 57, 8, 97 ]
   }
}