{
   "Contributions" : {
      "X_0" : [ -0.000014, -0.000065, 0.000041, 0.000038 ],
      "X_1" : [ 0.000525, -0.000404, 0.000075, -0.000196 ],
      "X_2" : [ -0.000313, -0.000363, -0.000019, 0.000695 ],
      "X_3" : [ 0.000140, -0.000225, 0.000255, -0.000170 ],
      "X_4" : [ -0.000454, 0.000041, 0.000392, 0.000020 ],
      "X_5" : [ 0.000145, -0.000129, -0.000016, -0.000000 ],
      "X_6" : [ -0.000125, 0.000001, 0.000011, 0.000113 ],
      "X_7" : [ -0.000086, 0.000245, -0.000210, 0.000051 ],
      "X_8" : [ 0.000914, -0.000364, -0.000289, -0.000260 ],
      "X_9" : [ 0.000588, -0.000021, -0.000306, -0.000260 ],
      "X_10" : [ 0.000063, -0.000270, -0.000009, 0.000216 ],
      "X_11" : [ -0.000178, -0.000162, 0.000355, -0.000015 ],
      "X_12" : [ 0.000057, -0.000254, 0.000181, 0.000016 ],
      "X_13" : [ -0.000060, -0.001115, 0.000643, 0.000532 ],
      "X_14" : [ 0.000010, -0.000034, 0.000005, 0.000020 ],
      "X_15" : [ -0.000685, 0.000168, -0.000097, 0.000615 ],
      "X_16" : [ -0.000401, 0.000418, -0.000017, -0.000000 ],
      "X_17" : [ -0.000211, 0.000009, -0.000010, 0.000213 ],
      "X_18" : [ -0.000055, 0.000119, -0.000104, 0.000040 ],
      "X_19" : [ 0.000033, 0.000373, -0.000259, -0.000148 ],
      "X_20" : [ 0.000780, -0.000899, -0.000145, 0.000263 ],
      "X_21" : [ -0.000001, 0.000000, 0.000024, -0.000023 ],
      "X_22" : [ 0.000462, -0.000116, 0.000454, -0.000800 ],
      "X_23" : [ -0.000274, 0.000109, 0.000162, 0.000002 ],
      "X_24" : [ 0.000201, -0.000099, 0.000001, -0.000103 ],
      "X_25" : [ -0.000136, -0.001164, 0.000535, 0.000765 ],
      "X_26" : [ 0.000000, 0.000000, 0.000000, 0.000000 ],
      "X_27" : [ -0.000726, -0.000224, 0.001525, -0.000575 ],
      "X_28" : [ 0.000232, 0.000325, -0.000237, -0.000321 ],
      "X_29" : [ 0.000004, 0.000219, -0.000256, 0.000032 ],
      "X_30" : [ -0.000245, -0.000026, 0.000071, 0.000201 ],
      "X_31" : [ -0.000960, -0.001096, 0.001028, 0.001029 ],
      "X_32" : [ 0.000007, 0.000047, 0.000000, -0.000053 ],
      "X_33" : [ -0.000026, 0.000093, -0.000125, 0.000057 ],
      "X_34" : [ -0.000283, -0.000949, 0.000555, 0.000677 ],
      "X_35" : [ 0.001613, -0.002215, 0.000808, -0.000205 ],
      "X_36" : [ -0.000348, 0.000000, 0.000096, 0.000252 ],
      "X_37" : [ 0.000384, -0.000150, -0.000181, -0.000054 ],
      "X_38" : [ 0.000047, -0.000643, 0.000045, 0.000551 ],
      "X_39" : [ 0.000127, 0.000379, 0.000035, -0.000542 ],
      "X_40" : [ -0.000221, 0.000358, -0.000080, -0.000056 ],
      "X_41" : [ -0.000084, -0.000021, 0.000035, 0.000070 ],
      "X_42" : [ 0.000011, 0.000050, -0.000178, 0.000118 ],
      "X_43" : [ -0.000165, -0.000325, 0.000452, 0.000038 ],
      "X_44" : [ -0.000231, -0.000028, 0.000237, 0.000021 ],
      "X_45" : [ -0.000249, -0.000378, 0.000758, -0.000131 ],
      "X_46" : [ -0.000707, -0.000150, 0.001084, -0.000227 ],
      "X_47" : [ -0.000001, -0.000244, -0.000192, 0.000437 ],
      "X_48" : [ 0.000315, -0.000424, 0.000101, 0.000009 ],
      "X_49" : [ 0.001847, -0.001724, -0.003134, 0.003011 ],
      "X_50" : [ -0.000348, -0.000476, 0.000169, 0.000656 ],
      "X_51" : [ 0.000206, 0.000097, -0.000581, 0.000278 ],
      "X_52" : [ 0.000142, -0.000105, -0.000673, 0.000636 ],
      "X_53" : [ 0.001210, -0.001836, -0.000916, 0.001542 ],
      "X_54" : [ 0.000047, -0.000071, 0.000013, 0.000011 ],
      "X_55" : [ 0.000006, -0.000156, 0.000107, 0.000044 ],
      "X_56" : [ -0.000250, -0.000112, -0.000234, 0.000596 ],
      "X_57" : [ -0.000574, -0.000053, 0.000558, 0.000069 ],
      "X_58" : [ -0.000084, -0.000549, 0.000602, 0.000032 ],
      "X_59" : [ -0.000020, -0.000041, 0.000015, 0.000046 ],
      "X_60" : [ -0.000270, 0.000365, -0.000240, 0.000145 ],
      "X_61" : [ -0.000127, 0.000437, -0.000025, -0.000285 ],
      "X_62" : [ -0.000780, -0.000824, 0.000707, 0.000896 ],
      "X_63" : [ 0.000502, 0.000248, -0.000180, -0.000571 ],
      "X_64" : [ -0.000037, -0.000209, 0.000135, 0.000111 ],
      "X_65" : [ -0.000027, -0.000208, 0.000790, -0.000554 ],
      "X_66" : [ 0.001958, -0.002313, 0.001340, -0.000986 ],
      "X_67" : [ -0.000163, -0.000104, -0.000284, 0.000551 ],
      "X_68" : [ 0.000027, -0.001385, 0.000328, 0.001030 ],
      "X_69" : [ -0.000052, -0.000032, -0.000015, 0.000099 ],
      "X_70" : [ 0.000316, -0.000115, 0.000142, -0.000343 ],
      "X_71" : [ 0.000379, -0.000243, -0.000254, 0.000118 ],
      "X_72" : [ -0.000546, 0.000544, 0.000265, -0.000263 ],
      "X_73" : [ 0.000133, -0.000026, 0.000062, -0.000169 ],
      "X_74" : [ -0.000170, 0.000164, 0.000034, -0.000029 ],
      "X_75" : [ -0.000348, -0.000099, 0.001575, -0.001128 ],
      "X_76" : [ -0.000003, 0.000403, 0.000277, -0.000677 ],
      "X_77" : [ 0.000000, -0.000029, -0.000002, 0.000031 ],
      "X_78" : [ 0.001132, -0.001485, 0.000304, 0.000049 ],
      "X_79" : [ 0.000643, -0.003509, 0.000548, 0.002317 ],
      "X_80" : [ 0.000233, -0.000283, 0.000000, 0.000051 ],
      "X_81" : [ 0.000048, -0.000316, 0.000338, -0.000069 ],
      "X_82" : [ -0.000167, 0.000031, 0.000309, -0.000174 ],
      "X_83" : [ -0.000245, 0.000589, -0.000467, 0.000124 ],
      "X_84" : [ -0.000388, -0.000091, 0.000197, 0.000282 ],
      "X_85" : [ -0.000012, 0.000005, 0.000118, -0.000111 ],
      "X_86" : [ -0.000161, 0.000125, -0.000289, 0.000326 ],
      "X_87" : [ 0.000421, -0.000696, 0.000427, -0.000153 ],
      "X_88" : [ 0.000311, 0.000060, 0.000547, -0.000919 ],
      "X_89" : [ 0.000337, -0.000692, 0.001020, -0.000666 ],
      "X_90" : [ -0.000018, -0.002050, 0.000821, 0.001246 ],
      "X_91" : [ 0.000347, -0.000938, 0.001714, -0.001122 ],
      "X_92" : [ 0.001562, -0.001524, 0.000825, -0.000863 ],
      "X_93" : [ -0.000672, -0.000511, 0.001896, -0.000713 ],
      "X_94" : [ -0.001152, 0.001232, 0.000075, -0.000155 ],
      "X_95" : [ 0.000209, -0.001889, 0.000434, 0.001246 ],
      "X_96" : [ -0.000352, -0.001162, 0.000884, 0.000630 ],
      "X_97" : [ 0.000878, -0.001770, 0.000355, 0.000537 ],
      "X_98" : [ -0.001105, -0.002560, 0.002351, 0.001315 ],
      "X_99" : [ 0.000908, -0.000297, 0.001181, -0.001791 ]   
   },
   "Most_Contributive_Features_By_Class" : {
      "class_0" : [ 66, 49, 35, 92, 53, 94, 78, 98, 31, 8 ],
      "class_1" : [ 79, 98, 66, 35, 90, 95, 53, 97, 49, 92 ],
      "class_2" : [ 49, 98, 93, 91, 75, 27, 66, 99, 46, 31 ],
      "class_3" : [ 49, 79, 99, 53, 98, 90, 95, 75, 91, 68 ]
   }
}