{
   "Contributions" : {
      "X_0" : [ 0.001189 ],
      "X_1" : [ 0.003103 ],
      "X_2" : [ 0.000386 ],
      "X_3" : [ 0.001061 ],
      "X_4" : [ -0.000536 ],
      "X_5" : [ 0.000407 ],
      "X_6" : [ -0.001431 ],
      "X_7" : [ 0.002594 ],
      "X_8" : [ -0.000351 ],
      "X_9" : [ 0.001845 ],
      "X_10" : [ -0.000396 ],
      "X_11" : [ 0.003336 ],
      "X_12" : [ 0.000894 ],
      "X_13" : [ 0.000013 ],
      "X_14" : [ 0.001217 ],
      "X_15" : [ 0.000163 ],
      "X_16" : [ 0.000162 ],
      "X_17" : [ -0.000817 ],
      "X_18" : [ 0.000120 ],
      "X_19" : [ 0.000501 ],
      "X_20" : [ 0.001262 ],
      "X_21" : [ -0.001190 ],
      "X_22" : [ 0.001384 ],
      "X_23" : [ -0.000605 ],
      "X_24" : [ -0.001919 ],
      "X_25" : [ 0.006481 ],
      "X_26" : [ 0.001171 ],
      "X_27" : [ 0.000365 ],
      "X_28" : [ -0.000660 ],
      "X_29" : [ 0.000663 ],
      "X_30" : [ 0.003249 ],
      "X_31" : [ -0.001199 ],
      "X_32" : [ 0.001165 ],
      "X_33" : [ 0.001668 ],
      "X_34" : [ -0.002858 ],
      "X_35" : [ 0.002124 ],
      "X_36" : [ -0.003109 ],
      "X_37" : [ -0.000192 ],
      "X_38" : [ 0.000307 ],
      "X_39" : [ -0.001608 ],
      "X_40" : [ 0.000800 ],
      "X_41" : [ 0.001231 ],
      "X_42" : [ -0.000709 ],
      "X_43" : [ 0.006820 ],
      "X_44" : [ -0.001120 ],
      "X_45" : [ -0.001743 ],
      "X_46" : [ 0.010321 ],
      "X_47" : [ -0.001045 ],
      "X_48" : [ -0.001128 ],
      "X_49" : [ -0.000638 ],
      "X_50" : [ -0.000008 ],
      "X_51" : [ 0.000984 ],
      "X_52" : [ 0.000819 ],
      "X_53" : [ -0.000412 ],
      "X_54" : [ 0.000440 ],
      "X_55" : [ 0.003219 ],
      "X_56" : [ 0.004473 ],
      "X_57" : [ -0.004017 ],
      "X_58" : [ 0.000308 ],
      "X_59" : [ -0.000748 ],
      "X_60" : [ 0.000010 ],
      "X_61" : [ -0.000300 ],
      "X_62" : [ -0.000691 ],
      "X_63" : [ 0.003036 ],
      "X_64" : [ 0.006313 ],
      "X_65" : [ -0.000593 ],
      "X_66" : [ -0.000653 ],
      "X_67" : [ -0.001138 ],
      "X_68" : [ -0.002415 ],
      "X_69" : [ 0.000242 ],
      "X_70" : [ 0.000555 ],
      "X_71" : [ 0.000026 ],
      "X_72" : [ 0.001528 ],
      "X_73" : [ 0.003793 ],
      "X_74" : [ 0.000007 ],
      "X_75" : [ -0.000249 ],
      "X_76" : [ 0.010419 ],
      "X_77" : [ 0.000477 ],
      "X_78" : [ 0.004065 ],
      "X_79" : [ -0.001755 ],
      "X_80" : [ 0.003336 ],
      "X_81" : [ 0.001995 ],
      "X_82" : [ -0.003918 ],
      "X_83" : [ -0.000283 ],
      "X_84" : [ 0.002892 ],
      "X_85" : [ 0.000090 ],
      "X_86" : [ 0.001452 ],
      "X_87" : [ -0.002603 ],
      "X_88" : [ -0.000090 ],
      "X_89" : [ -0.000076 ],
      "X_90" : [ 0.002553 ],
      "X_91" : [ 0.000086 ],
      "X_92" : [ -0.000102 ],
      "X_93" : [ -0.001186 ],
      "X_94" : [ 0.002894 ],
      "X_95" : [ 0.000944 ],
      "X_96" : [ -0.000769 ],
      "X_97" : [ 0.000228 ],
      "X_98" : [ 0.001214 ],
      "X_99" : [ 0.002837 ]   
   },
   "Most_Contributive_Features" : {
      "y" : [ 76, 46, 43, 25, 64, 56, 78, 57, 82, 73 ]
   }
}