{
	"metadata" : { "model" : "Vapnik_SVR_RBF", "version" : "2024-W14", "signature" : "ff4_ff4"},
	"options" : {"svm_type" : "epsilon_svr", "kernel" : "rbf", "degree" : 3, "gamma" : 0.010529, "coef0" : 0.000000, "cache_size" : 300, "tol" : 0.001000, "nu" : 0.500000, "epsilon" : 0.100000, "shrinking" : 0, "probability" : 0, "C" : 1.000000, "max_iter" : 128, "random_state" : 1789 },
	"dataset" : { "dataset_rows" : 16, "dataset_features" : 100 },
	"svm_model" : {
	"classes" : 2,
	"L" : 16,
	"SupportVectors" : {
		"SV_00" : [ -0.301125, 1.387725, 1.263659, -0.682733, -1.346831, 0.514777, 0.162561, -1.087747, 0.271218, 1.010939, -0.249382, -1.650619, -0.993424, 0.109921, -0.543386, 1.325297, 1.884960, 0.749242, 1.605944, 1.608417, 0.963200, -0.033293, 1.827302, -0.088904, 0.103327, 1.232027, -1.629398, 0.868012, 0.437752, 0.541353, 0.458517, -0.181859, -0.124956, -0.049060, 1.275408, 0.360171, 0.901617, -0.270373, 0.528253, 0.162673, -0.075916, -1.014597, -0.011520, 1.092134, 1.629216, -0.438634, -1.369512, -0.369844, -0.860606, -0.575633, 1.274698, 0.484667, -1.515425, 0.116384, -0.854174, -0.789358, -0.320155, 0.683035, -0.490488, -1.721528, -0.588556, 0.226808, 1.357707, -0.794542, -2.149676, -0.236073, -0.844687, -1.261113, -0.860300, 1.045351, 0.155022, 0.335658, -1.933931, -0.361083, 0.109404, -0.199066, 0.423870, 0.172599, 0.843244, 0.328669, 0.597396, -3.461473, -1.118535, 0.195145, 1.274754, -0.644127, 0.199323, -0.313881, 0.867388, 1.605378, -0.046932, 2.434326, 1.976707, -2.164164, -0.369843, -0.387633, -1.220070, -1.981716, -0.345798, 0.839573 ],
		"SV_01" : [ -0.155583, -1.181091, 2.934304, -0.694847, 0.765347, -0.138266, -1.871978, -0.547256, -1.021963, -0.240618, 0.001536, -1.306972, 1.125717, -0.609563, 1.842505, 0.526185, -0.134199, -0.464436, -0.208943, -0.725073, -0.343274, -0.416673, -0.143185, -1.582279, 0.583838, -0.671795, 1.482075, 0.087998, -1.444967, -1.047191, -0.073363, 0.797347, -1.494339, -0.477036, 0.196963, 0.963585, -1.068938, 0.063568, -0.222822, 2.682296, -1.224322, 0.233571, 0.337047, -0.880938, 0.374312, 0.475478, -0.431406, -1.492779, -0.705679, 0.841879, -0.939537, -0.132262, 1.274740, -0.245601, -1.095005, -1.124514, -1.688313, -1.660382, 0.883513, -2.127996, 1.853016, 1.063518, -1.559323, -0.331428, -0.471284, -0.842893, 0.266878, -2.195654, -1.286103, 0.207864, 0.021272, -0.187917, 0.203329, -1.136586, 0.713959, 0.034840, 0.087523, -0.198538, 0.898727, -1.003550, 0.302104, 0.583664, -1.106319, -0.753618, 0.025474, -0.573982, 0.641987, 1.076644, 0.875027, -0.493790, 0.725374, 0.876517, 1.121960, 2.010630, 0.710270, 0.398255, -0.109352, -0.649000, -1.884572, -0.938959 ],
		"SV_02" : [ 1.079390, -0.496549, -1.240677, 0.276985, -0.875898, 0.370610, 0.294699, 2.082564, 1.132522, 1.227516, -1.095238, 0.595501, 1.121857, 0.754166, -0.805530, -1.030342, 1.092796, 1.504353, 0.111762, 0.107450, -1.024015, -0.184642, 0.077271, -0.499782, -0.227677, 0.064966, 0.101748, 0.019807, 0.562928, 1.235367, -0.195975, -0.240674, 0.445345, 0.592051, 1.022698, -0.017435, -0.173934, -0.062926, -0.220695, 1.294626, 0.252113, -2.170397, 0.985382, -0.744955, 1.575469, 0.503207, -0.972602, -0.684497, 0.057272, -0.453426, 0.594904, 1.222559, 0.785898, 0.681237, 0.101943, 0.492853, 0.566515, -1.176364, 0.535347, 1.329214, 1.243662, -0.573699, 1.011026, 0.836100, -2.342814, -0.967369, 0.225749, -0.094475, -0.309641, -1.304522, 0.280700, -1.330848, -0.954967, -1.044185, -2.228390, -1.095608, 1.247829, 0.180284, -1.252386, 0.714607, 1.959574, 2.532166, -0.083478, 0.111374, -0.884591, 1.048346, -0.554076, 0.874013, 0.528820, -0.434727, 0.874115, 0.512598, 1.897011, -0.248368, 1.545282, 0.961922, 0.333937, 0.679748, -0.569426, 0.970424 ],
		"SV_03" : [ -1.027789, -0.022726, 0.110301, 0.179547, -0.049077, 0.596661, 1.158108, 0.627954, 0.170029, -1.791827, 1.670222, -0.681340, -1.447405, 0.185647, 0.388607, -1.278542, -1.108376, -0.775743, 0.263236, 1.528360, -0.364445, -0.731039, 1.158231, 0.490438, -0.565740, -0.917869, 0.485316, -0.530029, -0.388955, -0.946970, 2.027920, -1.984177, 0.203697, 0.272669, 0.871521, 0.161162, -0.535239, 0.795006, -1.758095, -1.275388, 0.649031, 0.776763, -1.383657, 0.220103, -0.678639, 0.055647, -0.288347, -0.960101, 0.668293, 0.341510, 1.589408, 0.842410, -0.810968, 0.720736, 0.103319, -1.997747, -0.500028, -0.831592, 0.586176, 1.269943, 1.112854, -2.345080, 1.845253, -0.289479, 2.724528, -0.185729, -0.057373, 0.377986, 0.777928, 0.163456, -0.848518, -1.211945, 0.950056, 0.642497, 0.555374, -0.859388, 1.780579, 0.359947, 1.225011, 0.428558, -0.943535, 1.481584, 2.294137, -1.712462, -0.768941, -1.055953, -0.825688, 0.438418, -1.345538, -0.307022, -0.285520, 1.299078, 0.293988, 0.837068, 0.393039, -0.351285, 0.880326, 0.799355, 2.721471, -0.697773 ],
		"SV_04" : [ 0.155319, 0.126152, 0.905780, 0.081899, -0.129864, 0.224428, -0.133974, 0.419007, 1.312964, -0.132973, -0.044727, -0.172328, -0.781215, 1.237400, -0.191514, -0.137163, -0.032786, 0.796586, -1.013321, 0.938049, -0.992036, -1.934101, 0.583720, -0.121998, -0.761241, 0.007485, -1.035347, -0.308910, 0.518409, -0.392305, -2.049703, 1.691213, -0.920890, -0.347138, -1.206137, 0.300528, 0.943905, -1.598083, 1.407884, 1.417244, 0.880907, -0.056852, -1.040514, 0.945278, 0.077642, 0.656549, -0.662872, -0.630390, -0.890351, -0.324518, -0.822051, -0.751261, 0.196293, 0.701369, -1.392381, -0.668632, 1.553450, 0.497449, 0.980282, 0.571125, -0.232236, 0.078423, -0.850019, 0.546521, -0.393892, 1.124046, -0.427607, -0.023318, -0.929678, -1.256601, -0.716506, -0.150908, -1.593496, -1.106068, -0.274965, -0.146610, -2.047840, 0.057825, 1.452062, -0.906187, -0.490492, 0.579008, 2.222338, 0.266923, -0.162423, -0.291490, -0.597359, 0.306709, -1.825582, 0.138705, -1.577237, -0.551333, -0.292213, -0.008046, -0.076546, 0.814916, -1.610399, -0.735563, 1.218228, 0.672223 ],
		"SV_05" : [ -1.133144, -1.651195, -0.342055, -0.689277, -0.655278, 1.294175, -1.287940, 0.934605, 0.739369, -0.229221, 0.753582, 2.125253, -0.338444, -0.213734, 0.798616, -0.569449, -0.895222, -1.416174, -1.075825, 1.214864, 0.648015, 0.946268, -0.180459, 0.534869, -0.029672, 0.221046, -0.570902, 0.085198, 0.071136, -0.308474, -1.461540, 1.029051, -0.093567, 0.357279, 0.765478, 0.949225, 2.360126, 0.561924, 0.428436, -0.283161, 2.166735, -2.139877, -0.487314, -1.059566, 0.793578, -0.295330, 1.630725, 0.464210, -0.804990, 1.258824, -0.626441, -0.284660, -0.274104, 0.380656, -0.811111, -0.205179, 0.440265, 0.249119, -1.653892, 0.686944, -0.712150, 0.627505, -0.154004, -0.806436, 1.031674, -0.164087, 0.513889, -0.841227, 1.764650, -0.312744, -1.801053, -0.011023, 0.428372, -1.179228, 0.974831, 0.071374, 1.332869, -1.332362, 0.583835, 0.163777, 1.879927, -2.227422, -1.362146, 0.965548, -0.165010, -0.249767, -1.152295, -0.388149, 0.973737, 0.166219, 2.439873, 0.922142, -0.086390, -1.268280, -0.399640, 1.149888, 0.448919, -0.719715, -2.102751, 0.912526 ],
		"SV_06" : [ 0.019270, -1.217387, -0.758529, -0.910266, 1.614820, -0.984432, -0.242116, 1.417506, -0.365262, 0.753420, 1.536321, -0.984560, -0.624265, -0.920748, 0.246210, -0.101600, -1.406136, -1.440788, -1.295690, -0.745429, -0.657950, -0.527426, -0.733464, 0.378268, 1.315650, 1.637470, 0.269698, 0.411118, -0.090024, -0.878524, -0.031120, -0.143033, -0.106405, 0.744705, -0.978448, 1.509615, 0.468484, 0.895889, 1.115243, 0.781455, -0.468726, -0.238863, 0.241947, 2.036519, -0.029150, -1.147616, -0.768473, -0.850839, 1.737557, -0.577707, 0.626743, -0.901834, -0.739416, 0.495839, -0.254096, -0.116766, 0.962167, 0.161740, -0.494365, 0.041460, 0.064302, 0.054897, -0.456734, 0.637580, 0.201077, 0.911344, -0.139043, 1.137413, 0.626265, -1.043267, -1.426875, 0.717301, -2.605754, -0.899949, -0.499699, -0.644372, -0.154601, 0.637564, -0.750818, 1.262047, 1.065277, 0.552253, -1.536383, -0.594852, 0.532632, 0.020075, 0.576312, 0.390744, 1.914362, 0.097845, 0.392360, -0.388714, 1.127509, -0.646202, -0.990992, 0.536154, 0.723786, 1.549164, 2.781903, 1.876952 ],