{
   "Contributions" : {
      "X_0" : [ 0.007413, -0.007413 ],
      "X_1" : [ 0.000383, -0.000383 ],
      "X_2" : [ 0.000929, -0.000929 ],
      "X_3" : [ 0.001385, -0.001385 ],
      "X_4" : [ 0.001008, -0.001008 ],
      "X_5" : [ -0.000429, 0.000429 ],
      "X_6" : [ -0.000081, 0.000081 ],
      "X_7" : [ -0.000557, 0.000557 ],
      "X_8" : [ 0.005007, -0.005007 ],
      "X_9" : [ 0.000765, -0.000765 ],
      "X_10" : [ 0.002146, -0.002146 ],
      "X_11" : [ 0.003222, -0.003222 ],
      "X_12" : [ -0.000497, 0.000497 ],
      "X_13" : [ -0.000352, 0.000352 ],
      "X_14" : [ 0.000241, -0.000241 ],
      "X_15" : [ 0.000024, -0.000024 ],
      "X_16" : [ 0.004677, -0.004677 ],
      "X_17" : [ 0.000222, -0.000222 ],
      "X_18" : [ -0.000993, 0.000993 ],
      "X_19" : [ 0.000060, -0.000060 ],
      "X_20" : [ 0.001177, -0.001177 ],
      "X_21" : [ 0.000103, -0.000103 ],
      "X_22" : [ -0.000032, 0.000032 ],
      "X_23" : [ 0.000000, 0.000000 ],
      "X_24" : [ -0.000617, 0.000617 ],
      "X_25" : [ 0.000345, -0.000345 ],
      "X_26" : [ 0.000250, -0.000250 ],
      "X_27" : [ 0.001105, -0.001105 ],
      "X_28" : [ 0.000300, -0.000300 ],
      "X_29" : [ 0.000122, -0.000122 ],
      "X_30" : [ -0.000321, 0.000321 ],
      "X_31" : [ 0.001906, -0.001906 ],
      "X_32" : [ 0.000508, -0.000508 ],
      "X_33" : [ -0.000132, 0.000132 ],
      "X_34" : [ -0.000611, 0.000611 ],
      "X_35" : [ 0.000079, -0.000079 ],
      "X_36" : [ 0.001332, -0.001332 ],
      "X_37" : [ 0.000007, -0.000007 ],
      "X_38" : [ 0.000903, -0.000903 ],
      "X_39" : [ 0.001516, -0.001516 ],
      "X_40" : [ 0.000000, 0.000000 ],
      "X_41" : [ 0.002700, -0.002700 ],
      "X_42" : [ 0.000228, -0.000228 ],
      "X_43" : [ 0.000670, -0.000670 ],
      "X_44" : [ -0.002167, 0.002167 ],
      "X_45" : [ 0.003595, -0.003595 ],
      "X_46" : [ 0.000032, -0.000032 ],
      "X_47" : [ 0.000021, -0.000021 ],
      "X_48" : [ 0.000044, -0.000044 ],
      "X_49" : [ 0.000106, -0.000106 ],
      "X_50" : [ 0.000010, -0.000010 ],
      "X_51" : [ -0.001210, 0.001210 ],
      "X_52" : [ 0.000797, -0.000797 ]   
   },
   "Most_Contributive_Features_By_Class" : {
      "class_0" : [ 0, 8, 16, 45, 11, 41, 44, 10, 31, 39 ],
      "class_1" : [ 0, 8, 16, 45, 11, 41, 44, 10, 31, 39 ]
   }
}