{
	"metadata" : { "model" : "Tikhonov_Ridge", "version" : "2024-W14", "signature" : "ff4_OO8"},
	"options" : { "alpha" : 0.000000, "random_state" : 1789 },
	"dataset" : { "dataset_rows" : 512, "dataset_features" : 14 },
	"classes" : [ "<=50K", ">50K" ],
	"equations" : {
		"class_1" : {
			"intercept" : 6932.774414,
			"coeffs" : [ -224.609360, 0.000000, -0.029862, 0.000000, -84.369881, 0.000000, 0.000000, 0.000000, 0.000000, 0.000000, 88.484940, -90.602547, 82.159500, 0.000000 ]
		}
	}
}