{
   "Contributions" : {
      "X_0" : [ -0.022814, 0.022814 ],
      "X_1" : [ 0.000000, 0.000000 ],
      "X_2" : [ -0.019713, 0.019713 ],
      "X_3" : [ 0.000000, 0.000000 ],
      "X_4" : [ -0.006317, 0.006317 ],
      "X_5" : [ 0.000000, 0.000000 ],
      "X_6" : [ 0.000000, 0.000000 ],
      "X_7" : [ 0.000000, 0.000000 ],
      "X_8" : [ 0.000000, 0.000000 ],
      "X_9" : [ 0.000000, 0.000000 ],
      "X_10" : [ -0.002611, 0.002611 ],
      "X_11" : [ 0.001909, -0.001909 ],
      "X_12" : [ 0.003620, -0.003620 ],
      "X_13" : [ 0.000000, 0.000000 ]   
   },
   "Most_Contributive_Features_By_Class" : {
      "class_0" : [ 0, 2, 4, 12, 10, 11 ],
      "class_1" : [ 0, 2, 4, 12, 10, 11 ]
   }
}