{
   "Contributions" : {
      "X_0" : [ -0.023488, 0.023488 ],
      "X_1" : [ 0.000000, 0.000000 ],
      "X_2" : [ -0.020027, 0.020027 ],
      "X_3" : [ 0.000000, 0.000000 ],
      "X_4" : [ -0.006339, 0.006339 ],
      "X_5" : [ 0.000000, 0.000000 ],
      "X_6" : [ 0.000000, 0.000000 ],
      "X_7" : [ 0.000000, 0.000000 ],
      "X_8" : [ 0.000000, 0.000000 ],
      "X_9" : [ 0.000000, 0.000000 ],
      "X_10" : [ -0.002608, 0.002608 ],
      "X_11" : [ 0.001901, -0.001901 ],
      "X_12" : [ 0.003582, -0.003582 ],
      "X_13" : [ 0.000000, 0.000000 ]   
   },
   "Most_Contributive_Features_By_Class" : {
      "class_0" : [ 0, 2, 4, 12, 10, 11 ],
      "class_1" : [ 0, 2, 4, 12, 10, 11 ]
   }
}