{
	"metadata" : { "model" : "Tikhonov_Ridge", "version" : "2024-W14", "signature" : "ff4_OO8"},
	"options" : { "alpha" : 1.000000, "random_state" : 1789 },
	"dataset" : { "dataset_rows" : 512, "dataset_features" : 14 },
	"classes" : [ "<=50K", ">50K" ],
	"equations" : {
		"class_1" : {
			"intercept" : 6916.925781,
			"coeffs" : [ -223.718094, 0.000000, -0.029803, 0.000000, -84.013741, 0.000000, 0.000000, 0.000000, 0.000000, 0.000000, 88.042557, -90.334686, 81.679558, 0.000000 ]
		}
	}
}