{
   "Contributions" : {
      "X_0" : [ 0.000000, 0.000000 ],
      "X_1" : [ -0.006774, 0.006774 ],
      "X_2" : [ 0.000000, 0.000000 ],
      "X_3" : [ 0.000000, 0.000000 ],
      "X_4" : [ -0.015790, 0.015790 ],
      "X_5" : [ -0.000751, 0.000751 ],
      "X_6" : [ 0.000000, 0.000000 ],
      "X_7" : [ 0.000000, 0.000000 ],
      "X_8" : [ -0.001019, 0.001019 ],
      "X_9" : [ 0.000000, 0.000000 ],
      "X_10" : [ 0.000000, 0.000000 ],
      "X_11" : [ 0.000000, 0.000000 ],
      "X_12" : [ -0.000005, 0.000005 ],
      "X_13" : [ 0.000000, 0.000000 ],
      "X_14" : [ 0.000000, 0.000000 ],
      "X_15" : [ 0.002148, -0.002148 ],
      "X_16" : [ -0.001155, 0.001155 ],
      "X_17" : [ 0.000000, 0.000000 ],
      "X_18" : [ 0.000000, 0.000000 ],
      "X_19" : [ 0.000000, 0.000000 ],
      "X_20" : [ -0.004083, 0.004083 ],
      "X_21" : [ 0.000000, 0.000000 ],
      "X_22" : [ 0.001749, -0.001749 ],
      "X_23" : [ 0.000388, -0.000388 ],
      "X_24" : [ 0.000000, 0.000000 ],
      "X_25" : [ -0.000536, 0.000536 ],
      "X_26" : [ 0.000000, 0.000000 ],
      "X_27" : [ 0.000000, 0.000000 ],
      "X_28" : [ 0.000000, 0.000000 ],
      "X_29" : [ 0.000000, 0.000000 ],
      "X_30" : [ 0.000000, 0.000000 ],
      "X_31" : [ 0.000000, 0.000000 ],
      "X_32" : [ -0.000708, 0.000708 ],
      "X_33" : [ 0.000000, 0.000000 ],
      "X_34" : [ 0.002801, -0.002801 ],
      "X_35" : [ 0.000000, 0.000000 ],
      "X_36" : [ 0.000000, 0.000000 ],
      "X_37" : [ -0.000573, 0.000573 ],
      "X_38" : [ 0.000937, -0.000937 ],
      "X_39" : [ -0.000556, 0.000556 ],
      "X_40" : [ 0.000000, 0.000000 ],
      "X_41" : [ -0.001592, 0.001592 ],
      "X_42" : [ 0.000000, 0.000000 ],
      "X_43" : [ 0.000000, 0.000000 ],
      "X_44" : [ 0.000000, 0.000000 ],
      "X_45" : [ 0.000738, -0.000738 ],
      "X_46" : [ 0.002622, -0.002622 ],
      "X_47" : [ 0.000000, 0.000000 ],
      "X_48" : [ 0.000000, 0.000000 ],
      "X_49" : [ 0.001373, -0.001373 ],
      "X_50" : [ 0.000000, 0.000000 ],
      "X_51" : [ -0.006616, 0.006616 ],
      "X_52" : [ 0.000000, 0.000000 ],
      "X_53" : [ 0.000000, 0.000000 ],
      "X_54" : [ 0.000225, -0.000225 ],
      "X_55" : [ 0.000381, -0.000381 ],
      "X_56" : [ 0.000000, 0.000000 ],
      "X_57" : [ -0.000399, 0.000399 ],
      "X_58" : [ 0.000426, -0.000426 ],
      "X_59" : [ -0.001709, 0.001709 ],
      "X_60" : [ 0.000000, 0.000000 ],
      "X_61" : [ 0.016871, -0.016871 ],
      "X_62" : [ 0.000103, -0.000103 ],
      "X_63" : [ 0.000997, -0.000997 ],
      "X_64" : [ 0.000000, 0.000000 ],
      "X_65" : [ -0.001414, 0.001414 ],
      "X_66" : [ 0.001247, -0.001247 ],
      "X_67" : [ 0.008219, -0.008219 ],
      "X_68" : [ -0.001789, 0.001789 ],
      "X_69" : [ -0.001021, 0.001021 ],
      "X_70" : [ 0.000000, 0.000000 ],
      "X_71" : [ 0.000000, 0.000000 ],
      "X_72" : [ 0.000000, 0.000000 ],
      "X_73" : [ 0.000000, 0.000000 ],
      "X_74" : [ 0.000000, 0.000000 ],
      "X_75" : [ 0.000252, -0.000252 ],
      "X_76" : [ -0.001159, 0.001159 ],
      "X_77" : [ 0.000000, 0.000000 ],
      "X_78" : [ 0.000679, -0.000679 ],
      "X_79" : [ 0.001115, -0.001115 ],
      "X_80" : [ 0.000000, 0.000000 ],
      "X_81" : [ 0.000000, 0.000000 ],
      "X_82" : [ 0.000000, 0.000000 ],
      "X_83" : [ 0.000000, 0.000000 ],
      "X_84" : [ 0.000000, 0.000000 ],
      "X_85" : [ 0.000000, 0.000000 ],
      "X_86" : [ 0.000000, 0.000000 ],
      "X_87" : [ 0.000000, 0.000000 ],
      "X_88" : [ 0.000089, -0.000089 ],
      "X_89" : [ 0.000000, 0.000000 ],
      "X_90" : [ 0.000000, 0.000000 ],
      "X_91" : [ 0.000000, 0.000000 ],
      "X_92" : [ 0.000000, 0.000000 ],
      "X_93" : [ 0.000961, -0.000961 ],
      "X_94" : [ 0.000000, 0.000000 ],
      "X_95" : [ -0.000845, 0.000845 ],
      "X_96" : [ 0.000395, -0.000395 ],
      "X_97" : [ 0.000000, 0.000000 ],
      "X_98" : [ 0.001077, -0.001077 ],
      "X_99" : [ 0.000000, 0.000000 ]   
   },
   "Most_Contributive_Features_By_Class" : {
      "class_0" : [ 61, 4, 67, 1, 51, 20, 34, 46, 15, 68 ],
      "class_1" : [ 61, 4, 67, 1, 51, 20, 34, 46, 15, 68 ]
   }
}