{
   "Contributions" : {
      "X_0" : [ 0.120735 ],
      "X_1" : [ -0.907202 ],
      "X_2" : [ -0.226781 ],
      "X_3" : [ -1.058050 ],
      "X_4" : [ -0.215568 ],
      "X_5" : [ 0.017981 ],
      "X_6" : [ -0.003096 ],
      "X_7" : [ 0.016318 ],
      "X_8" : [ -0.023116 ],
      "X_9" : [ 0.064765 ]   
   },
   "Most_Contributive_Features" : {
      "y" : [ 3, 1, 2, 4, 0, 9, 8, 5, 7, 6 ]
   }
}