{
	"metadata" : { "model" : "Tikhonov_Ridge", "version" : "2024-W14", "signature" : "ff4_ff4"},
	"options" : { "alpha" : 1.000000, "random_state" : 1789 },
	"dataset" : { "dataset_rows" : 64, "dataset_features" : 10 },
	"equations" : {
			"intercept" : -0.722079,
			"coeffs" : [ 6.700471, 6.992838, 2.551959, 9.775468, 4.682700, 0.711830, -0.067216, -0.342154, -0.687014, 0.571429 ]
		}
}