{
	"metadata" : { "model" : "Tikhonov_Ridge", "version" : "2024-W12", "signature" : "ff4_ff4"},
	"options" : { "alpha" : 0.000000, "random_state" : 1789 },
	"dataset" : { "dataset_rows" : 64, "dataset_features" : 10 },
	"equations" : {
			"intercept" : -1.030058,
			"coeffs" : [ 6.909731, 7.129270, 2.563079, 9.977987, 4.739046, 0.685318, -0.092252, -0.337384, -0.674652, 0.604707 ]
		}
}