{
   "Contributions" : {
      "X_0" : [ 0.117079 ],
      "X_1" : [ -0.889841 ],
      "X_2" : [ -0.225797 ],
      "X_3" : [ -1.036576 ],
      "X_4" : [ -0.213005 ],
      "X_5" : [ 0.018677 ],
      "X_6" : [ -0.002256 ],
      "X_7" : [ 0.016549 ],
      "X_8" : [ -0.023539 ],
      "X_9" : [ 0.061201 ]   
   },
   "Most_Contributive_Features" : {
      "y" : [ 3, 1, 2, 4, 0, 9, 8, 5, 7, 6 ]
   }
}