{
   "Contributions" : {
      "X_0" : [ 0.668746 ],
      "X_1" : [ -0.001972 ],
      "X_2" : [ 0.566332 ],
      "X_3" : [ 0.513179 ],
      "X_4" : [ -0.254160 ],
      "X_5" : [ 0.000000 ],
      "X_6" : [ 0.361911 ],
      "X_7" : [ 0.000000 ],
      "X_8" : [ 4.354230 ],
      "X_9" : [ -0.518824 ]   
   },
   "Most_Contributive_Features" : {
      "y" : [ 8, 0, 2, 9, 3, 6, 4, 1 ]
   }
}