{
   "Contributions" : {
      "X_0" : [ 0.001282, -0.001282 ],
      "X_1" : [ 0.003479, -0.003479 ],
      "X_2" : [ 0.002502, -0.002502 ],
      "X_3" : [ 0.003662, -0.003662 ],
      "X_4" : [ 0.000977, -0.000977 ],
      "X_5" : [ -0.010376, 0.010376 ],
      "X_6" : [ -0.002502, 0.002502 ],
      "X_7" : [ -0.009216, 0.009216 ],
      "X_8" : [ 0.004333, -0.004333 ],
      "X_9" : [ 0.000854, -0.000854 ]   
   },
   "Most_Contributive_Features_By_Class" : {
      "class_0" : [ 5, 7, 8, 3, 1, 2, 6, 0, 4, 9 ],
      "class_1" : [ 5, 7, 8, 3, 1, 2, 6, 0, 4, 9 ]
   }
}