{
   "Contributions" : {
      "X_0" : [ 0.000000, 0.000000 ],
      "X_1" : [ 0.000000, 0.000000 ],
      "X_2" : [ 0.000000, 0.000000 ],
      "X_3" : [ 0.000000, 0.000000 ],
      "X_4" : [ 0.006250, -0.006250 ],
      "X_5" : [ -0.005859, 0.005859 ],
      "X_6" : [ -0.004297, 0.004297 ],
      "X_7" : [ 0.000000, 0.000000 ],
      "X_8" : [ 0.010156, -0.010156 ],
      "X_9" : [ 0.000781, -0.000781 ]   
   },
   "Most_Contributive_Features_By_Class" : {
      "class_0" : [ 8, 4, 5, 6, 9 ],
      "class_1" : [ 8, 4, 5, 6, 9 ]
   }
}