{
   "Contributions" : {
      "X_0" : [ -0.004309, -0.003682, 0.007991 ],
      "X_1" : [ -0.001280, -0.000021, 0.001301 ],
      "X_2" : [ 0.004475, -0.022437, 0.017963 ],
      "X_3" : [ 0.009478, 0.005207, -0.014685 ]   
   },
   "Most_Contributive_Features_By_Class" : {
      "class_0" : [ 3, 2, 0, 1 ],
      "class_1" : [ 2, 3, 0, 1 ],
      "class_2" : [ 2, 3, 0, 1 ]
   }
}