{
   "Contributions" : {
      "X_0" : [ -0.004800, -0.017419, 0.022219 ],
      "X_1" : [ -0.002737, 0.006355, -0.003618 ],
      "X_2" : [ 0.002740, -0.013658, 0.010918 ],
      "X_3" : [ 0.009427, 0.013214, -0.022641 ]   
   },
   "Most_Contributive_Features_By_Class" : {
      "class_0" : [ 3, 0, 2, 1 ],
      "class_1" : [ 0, 2, 3, 1 ],
      "class_2" : [ 3, 0, 2, 1 ]
   }
}