{
   "Contributions" : {
      "X_0" : [ 0.015020 ],
      "X_1" : [ 0.207364 ],
      "X_2" : [ 0.013589 ],
      "X_3" : [ -0.000832 ],
      "X_4" : [ 0.020906 ],
      "X_5" : [ 0.006588 ],
      "X_6" : [ 0.133756 ],
      "X_7" : [ -0.034795 ],
      "X_8" : [ 0.066589 ],
      "X_9" : [ -0.045362 ]   
   },
   "Most_Contributive_Features" : {
      "y" : [ 1, 6, 8, 9, 7, 4, 0, 2, 5, 3 ]
   }
}