{
   "Contributions" : {
      "X_0" : [ 0.006089 ],
      "X_1" : [ 0.001016 ],
      "X_2" : [ 0.004667 ],
      "X_3" : [ 0.002710 ],
      "X_4" : [ -0.015480 ],
      "X_5" : [ 0.003725 ],
      "X_6" : [ 0.023586 ],
      "X_7" : [ -0.024003 ],
      "X_8" : [ 0.009736 ],
      "X_9" : [ 0.002571 ]   
   },
   "Most_Contributive_Features" : {
      "y" : [ 7, 6, 4, 8, 0, 2, 5, 3, 9, 1 ]
   }
}