{
   "Contributions" : {
      "X_0" : [ -6.002236 ],
      "X_1" : [ 6.881694 ],
      "X_2" : [ 18.443447 ],
      "X_3" : [ 0.112150 ],
      "X_4" : [ -0.368384 ],
      "X_5" : [ -1.314997 ],
      "X_6" : [ 10.881812 ],
      "X_7" : [ -2.564562 ],
      "X_8" : [ 0.082409 ],
      "X_9" : [ -0.340518 ]   
   },
   "Most_Contributive_Features" : {
      "y" : [ 2, 6, 1, 0, 7, 5, 4, 9, 3, 8 ]
   }
}