{
   "Contributions" : {
      "X_0" : [ -3.476487 ],
      "X_1" : [ 6.110585 ],
      "X_2" : [ 20.775888 ],
      "X_3" : [ -0.884181 ],
      "X_4" : [ 0.061752 ],
      "X_5" : [ -0.721583 ],
      "X_6" : [ 14.575462 ],
      "X_7" : [ -0.501893 ],
      "X_8" : [ 1.037728 ],
      "X_9" : [ 0.625119 ]   
   },
   "Most_Contributive_Features" : {
      "y" : [ 2, 6, 1, 0, 8, 3, 5, 9, 7, 4 ]
   }
}