{
   "Contributions" : {
      "X_0" : [ -0.002210 ],
      "X_1" : [ -0.003722 ],
      "X_2" : [ 0.000277 ],
      "X_3" : [ -0.002439 ],
      "X_4" : [ 0.005346 ],
      "X_5" : [ -0.002934 ],
      "X_6" : [ 0.010491 ],
      "X_7" : [ -0.003401 ],
      "X_8" : [ 0.000313 ],
      "X_9" : [ -0.007188 ],
      "X_10" : [ 0.000135 ],
      "X_11" : [ 0.001508 ],
      "X_12" : [ 0.000512 ],
      "X_13" : [ 0.002908 ],
      "X_14" : [ -0.004732 ],
      "X_15" : [ -0.005575 ],
      "X_16" : [ 0.002081 ],
      "X_17" : [ -0.004617 ],
      "X_18" : [ 0.005789 ],
      "X_19" : [ -0.004280 ],
      "X_20" : [ 0.001366 ],
      "X_21" : [ -0.001020 ],
      "X_22" : [ -0.001502 ],
      "X_23" : [ -0.003827 ],
      "X_24" : [ -0.016299 ],
      "X_25" : [ 0.001116 ],
      "X_26" : [ -0.000218 ],
      "X_27" : [ -0.000145 ],
      "X_28" : [ 0.010333 ],
      "X_29" : [ -0.001666 ],
      "X_30" : [ -0.125190 ],
      "X_31" : [ 0.000048 ],
      "X_32" : [ -0.004691 ],
      "X_33" : [ -0.000085 ],
      "X_34" : [ -0.005473 ],
      "X_35" : [ 0.000550 ],
      "X_36" : [ 0.020497 ],
      "X_37" : [ -0.010977 ],
      "X_38" : [ -0.005570 ],
      "X_39" : [ -0.000067 ],
      "X_40" : [ 0.008910 ],
      "X_41" : [ -0.000187 ],
      "X_42" : [ -0.000463 ],
      "X_43" : [ 0.002101 ],
      "X_44" : [ -0.000081 ],
      "X_45" : [ -0.001351 ],
      "X_46" : [ 0.005110 ],
      "X_47" : [ -0.001692 ],
      "X_48" : [ -0.001372 ],
      "X_49" : [ 0.002043 ],
      "X_50" : [ 0.002021 ],
      "X_51" : [ -0.000743 ],
      "X_52" : [ 0.000448 ],
      "X_53" : [ 0.017374 ],
      "X_54" : [ 0.002717 ],
      "X_55" : [ -0.001646 ],
      "X_56" : [ 0.001590 ],
      "X_57" : [ -0.000189 ],
      "X_58" : [ 0.017150 ],
      "X_59" : [ -0.031046 ],
      "X_60" : [ -0.004703 ],
      "X_61" : [ 0.003153 ],
      "X_62" : [ 0.000114 ],
      "X_63" : [ 0.008826 ],
      "X_64" : [ 0.007894 ],
      "X_65" : [ -0.001923 ],
      "X_66" : [ 0.001429 ],
      "X_67" : [ 0.001890 ],
      "X_68" : [ 0.005521 ],
      "X_69" : [ 0.001376 ],
      "X_70" : [ -0.000471 ],
      "X_71" : [ -0.001763 ],
      "X_72" : [ -0.000414 ],
      "X_73" : [ -0.002912 ],
      "X_74" : [ 0.001755 ],
      "X_75" : [ -0.001241 ],
      "X_76" : [ 0.001789 ],
      "X_77" : [ 0.017505 ],
      "X_78" : [ -0.000021 ],
      "X_79" : [ 0.000446 ],
      "X_80" : [ 0.006901 ],
      "X_81" : [ 0.000266 ],
      "X_82" : [ -0.001795 ],
      "X_83" : [ 0.006705 ],
      "X_84" : [ 0.002946 ],
      "X_85" : [ -0.005101 ],
      "X_86" : [ -0.008823 ],
      "X_87" : [ 0.000651 ],
      "X_88" : [ -0.004891 ],
      "X_89" : [ -0.015514 ],
      "X_90" : [ -0.003970 ],
      "X_91" : [ 0.001520 ],
      "X_92" : [ -0.000651 ],
      "X_93" : [ -0.004333 ],
      "X_94" : [ -0.000534 ],
      "X_95" : [ 0.022152 ],
      "X_96" : [ -0.003231 ],
      "X_97" : [ -0.000491 ],
      "X_98" : [ 0.000989 ],
      "X_99" : [ -0.000644 ]   
   },
   "Most_Contributive_Features" : {
      "y" : [ 30, 59, 95, 36, 77, 53, 58, 24, 89, 37 ]
   }
}