{
   "Contributions" : {
      "X_0" : [ 0.000000, 0.000000 ],
      "X_1" : [ 0.000000, 0.000000 ],
      "X_2" : [ 0.000000, 0.000000 ],
      "X_3" : [ 0.000000, 0.000000 ],
      "X_4" : [ 0.000000, 0.000000 ],
      "X_5" : [ 0.000000, 0.000000 ],
      "X_6" : [ 0.000000, 0.000000 ],
      "X_7" : [ 0.049377, -0.049377 ],
      "X_8" : [ 0.000000, 0.000000 ],
      "X_9" : [ 0.000000, 0.000000 ],
      "X_10" : [ 0.001312, -0.001312 ],
      "X_11" : [ 0.000000, 0.000000 ],
      "X_12" : [ 0.000000, 0.000000 ],
      "X_13" : [ 0.003510, -0.003510 ],
      "X_14" : [ 0.000000, 0.000000 ],
      "X_15" : [ 0.000000, 0.000000 ],
      "X_16" : [ -0.013000, 0.013000 ],
      "X_17" : [ 0.000000, 0.000000 ],
      "X_18" : [ 0.000000, 0.000000 ],
      "X_19" : [ -0.001343, 0.001343 ],
      "X_20" : [ 0.003826, -0.003826 ],
      "X_21" : [ -0.011505, 0.011505 ],
      "X_22" : [ -0.036861, 0.036861 ],
      "X_23" : [ -0.000793, 0.000793 ],
      "X_24" : [ 0.004279, -0.004279 ],
      "X_25" : [ 0.000000, 0.000000 ],
      "X_26" : [ 0.000000, 0.000000 ],
      "X_27" : [ -0.066014, 0.066014 ],
      "X_28" : [ -0.035461, 0.035461 ],
      "X_29" : [ 0.000000, 0.000000 ]   
   },
   "Most_Contributive_Features_By_Class" : {
      "class_0" : [ 27, 7, 22, 28, 16, 21, 24, 20, 13, 19 ],
      "class_1" : [ 27, 7, 22, 28, 16, 21, 24, 20, 13, 19 ]
   }
}