{
   "Contributions" : {
      "X_0" : [ 0.000000, 0.000000 ],
      "X_1" : [ 0.000000, 0.000000 ],
      "X_2" : [ 0.000000, 0.000000 ],
      "X_3" : [ 0.000000, 0.000000 ],
      "X_4" : [ 0.000000, 0.000000 ],
      "X_5" : [ 0.000000, 0.000000 ],
      "X_6" : [ 0.000000, 0.000000 ],
      "X_7" : [ 0.049377, -0.049377 ],
      "X_8" : [ 0.000000, 0.000000 ],
      "X_9" : [ 0.000000, 0.000000 ],
      "X_10" : [ 0.000549, -0.000549 ],
      "X_11" : [ 0.000000, 0.000000 ],
      "X_12" : [ 0.000000, 0.000000 ],
      "X_13" : [ 0.010315, -0.010315 ],
      "X_14" : [ 0.000000, 0.000000 ],
      "X_15" : [ 0.000000, 0.000000 ],
      "X_16" : [ -0.013000, 0.013000 ],
      "X_17" : [ 0.000000, 0.000000 ],
      "X_18" : [ -0.004639, 0.004639 ],
      "X_19" : [ -0.001343, 0.001343 ],
      "X_20" : [ 0.000366, -0.000366 ],
      "X_21" : [ -0.010620, 0.010620 ],
      "X_22" : [ -0.045227, 0.045227 ],
      "X_23" : [ -0.000793, 0.000793 ],
      "X_24" : [ 0.003052, -0.003052 ],
      "X_25" : [ 0.000000, 0.000000 ],
      "X_26" : [ 0.000000, 0.000000 ],
      "X_27" : [ -0.078674, 0.078674 ],
      "X_28" : [ -0.035461, 0.035461 ],
      "X_29" : [ 0.000000, 0.000000 ]   
   },
   "Most_Contributive_Features_By_Class" : {
      "class_0" : [ 27, 7, 22, 28, 16, 21, 13, 18, 24, 19 ],
      "class_1" : [ 27, 7, 22, 28, 16, 21, 13, 18, 24, 19 ]
   }
}