{
   "Contributions" : {
      "X_0" : [ 0.198868 ],
      "X_1" : [ 0.353510 ],
      "X_2" : [ 0.247660 ],
      "X_3" : [ -0.384450 ],
      "X_4" : [ 0.208225 ],
      "X_5" : [ -0.130262 ],
      "X_6" : [ -0.298064 ],
      "X_7" : [ -0.063246 ],
      "X_8" : [ 0.000000 ],
      "X_9" : [ -0.213526 ],
      "X_10" : [ -0.825098 ],
      "X_11" : [ -0.006183 ],
      "X_12" : [ -0.039634 ],
      "X_13" : [ 0.091859 ],
      "X_14" : [ 0.055456 ],
      "X_15" : [ 0.785084 ],
      "X_16" : [ -0.048184 ],
      "X_17" : [ -0.361278 ],
      "X_18" : [ 0.230215 ],
      "X_19" : [ 0.233623 ],
      "X_20" : [ 2.513951 ],
      "X_21" : [ -0.292042 ],
      "X_22" : [ -0.015878 ],
      "X_23" : [ -0.036038 ],
      "X_24" : [ -0.994949 ],
      "X_25" : [ 2.150916 ],
      "X_26" : [ -0.898693 ],
      "X_27" : [ -0.128566 ],
      "X_28" : [ 0.006414 ],
      "X_29" : [ 0.264241 ],
      "X_30" : [ -3.098577 ],
      "X_31" : [ -0.241240 ],
      "X_32" : [ 7.329451 ],
      "X_33" : [ 0.026016 ],
      "X_34" : [ -0.306819 ],
      "X_35" : [ 0.000000 ],
      "X_36" : [ -0.401626 ],
      "X_37" : [ 0.023605 ],
      "X_38" : [ 0.000000 ],
      "X_39" : [ -0.073044 ],
      "X_40" : [ -0.013512 ],
      "X_41" : [ -0.572514 ],
      "X_42" : [ -0.011822 ],
      "X_43" : [ -0.685614 ],
      "X_44" : [ -0.001452 ],
      "X_45" : [ -0.001299 ],
      "X_46" : [ -10.844714 ],
      "X_47" : [ 2.031220 ],
      "X_48" : [ -0.111683 ],
      "X_49" : [ -0.039730 ],
      "X_50" : [ 0.000471 ],
      "X_51" : [ -0.066775 ],
      "X_52" : [ 0.077476 ],
      "X_53" : [ 0.136499 ],
      "X_54" : [ -0.003539 ],
      "X_55" : [ 1.410658 ],
      "X_56" : [ -1.398602 ],
      "X_57" : [ 0.120681 ],
      "X_58" : [ -0.293603 ],
      "X_59" : [ 0.535712 ],
      "X_60" : [ 0.361018 ],
      "X_61" : [ -0.064376 ],
      "X_62" : [ 0.006788 ],
      "X_63" : [ 0.004670 ],
      "X_64" : [ 0.000000 ],
      "X_65" : [ -0.068372 ],
      "X_66" : [ 2.516936 ],
      "X_67" : [ 0.000000 ],
      "X_68" : [ 0.102521 ],
      "X_69" : [ 0.000000 ],
      "X_70" : [ 0.004121 ],
      "X_71" : [ 0.006242 ],
      "X_72" : [ 0.000000 ],
      "X_73" : [ -1.516421 ],
      "X_74" : [ -0.053571 ],
      "X_75" : [ -0.488833 ],
      "X_76" : [ -0.001857 ],
      "X_77" : [ -0.082362 ],
      "X_78" : [ 0.044588 ],
      "X_79" : [ -0.032092 ],
      "X_80" : [ 0.245249 ],
      "X_81" : [ -3.010378 ],
      "X_82" : [ -0.002831 ],
      "X_83" : [ 0.009152 ],
      "X_84" : [ 0.000000 ],
      "X_85" : [ -0.099661 ],
      "X_86" : [ -0.157276 ],
      "X_87" : [ -0.327054 ],
      "X_88" : [ 0.000000 ],
      "X_89" : [ 0.032103 ],
      "X_90" : [ 0.020813 ],
      "X_91" : [ 0.000000 ],
      "X_92" : [ -0.008388 ],
      "X_93" : [ 0.022104 ],
      "X_94" : [ -0.009415 ],
      "X_95" : [ -1.365538 ],
      "X_96" : [ -0.012314 ],
      "X_97" : [ 0.005445 ],
      "X_98" : [ -0.612069 ],
      "X_99" : [ 0.351913 ]   
   },
   "Most_Contributive_Features" : {
      "y" : [ 46, 32, 30, 81, 66, 20, 25, 47, 73, 55 ]
   }
}