{
   "Contributions" : {
      "X_0" : [ 0.000000 ],
      "X_1" : [ 0.000000 ],
      "X_2" : [ 0.000000 ],
      "X_3" : [ 0.067108 ],
      "X_4" : [ -0.052979 ],
      "X_5" : [ 0.000000 ],
      "X_6" : [ 0.000000 ],
      "X_7" : [ 0.000000 ],
      "X_8" : [ 0.000000 ],
      "X_9" : [ -0.157452 ],
      "X_10" : [ 0.000000 ],
      "X_11" : [ 0.000000 ],
      "X_12" : [ 0.000000 ],
      "X_13" : [ 0.000000 ],
      "X_14" : [ 0.043535 ],
      "X_15" : [ 0.000000 ],
      "X_16" : [ 0.000000 ],
      "X_17" : [ 0.000000 ],
      "X_18" : [ 0.000000 ],
      "X_19" : [ 0.000000 ],
      "X_20" : [ 0.000000 ],
      "X_21" : [ 0.000000 ],
      "X_22" : [ 0.122822 ],
      "X_23" : [ 0.000000 ],
      "X_24" : [ -0.422713 ],
      "X_25" : [ -0.429360 ],
      "X_26" : [ 1.176782 ],
      "X_27" : [ -1.415337 ],
      "X_28" : [ 0.000000 ],
      "X_29" : [ 0.000000 ],
      "X_30" : [ 0.386934 ],
      "X_31" : [ 0.000000 ],
      "X_32" : [ 4.137177 ],
      "X_33" : [ 0.000000 ],
      "X_34" : [ 0.599293 ],
      "X_35" : [ 0.000000 ],
      "X_36" : [ -0.510426 ],
      "X_37" : [ 0.000000 ],
      "X_38" : [ 0.000000 ],
      "X_39" : [ 0.000000 ],
      "X_40" : [ 0.000000 ],
      "X_41" : [ 0.099386 ],
      "X_42" : [ 0.000000 ],
      "X_43" : [ 0.000000 ],
      "X_44" : [ 0.649620 ],
      "X_45" : [ 0.000000 ],
      "X_46" : [ -8.512816 ],
      "X_47" : [ 0.650614 ],
      "X_48" : [ 0.000000 ],
      "X_49" : [ 0.000000 ],
      "X_50" : [ -0.853267 ],
      "X_51" : [ 0.000000 ],
      "X_52" : [ 0.440059 ],
      "X_53" : [ 0.000000 ],
      "X_54" : [ 0.000000 ],
      "X_55" : [ 0.000000 ],
      "X_56" : [ 0.000000 ],
      "X_57" : [ 0.000000 ],
      "X_58" : [ 0.000000 ],
      "X_59" : [ -1.199492 ],
      "X_60" : [ 0.000000 ],
      "X_61" : [ 0.000000 ],
      "X_62" : [ 0.000000 ],
      "X_63" : [ 0.000000 ],
      "X_64" : [ 0.000000 ],
      "X_65" : [ 0.000000 ],
      "X_66" : [ 0.027232 ],
      "X_67" : [ 0.000000 ],
      "X_68" : [ 0.000000 ],
      "X_69" : [ 0.000000 ],
      "X_70" : [ 0.000000 ],
      "X_71" : [ 0.676061 ],
      "X_72" : [ 0.000000 ],
      "X_73" : [ 0.000000 ],
      "X_74" : [ 0.000000 ],
      "X_75" : [ 0.000000 ],
      "X_76" : [ 0.000000 ],
      "X_77" : [ -0.526369 ],
      "X_78" : [ 0.000000 ],
      "X_79" : [ 0.000000 ],
      "X_80" : [ 0.365066 ],
      "X_81" : [ -4.799597 ],
      "X_82" : [ 0.000000 ],
      "X_83" : [ 0.000000 ],
      "X_84" : [ 0.000000 ],
      "X_85" : [ 0.000000 ],
      "X_86" : [ 0.000000 ],
      "X_87" : [ 0.000000 ],
      "X_88" : [ 0.049290 ],
      "X_89" : [ 0.000000 ],
      "X_90" : [ -0.187009 ],
      "X_91" : [ 0.000000 ],
      "X_92" : [ 0.000000 ],
      "X_93" : [ 0.000000 ],
      "X_94" : [ 0.000000 ],
      "X_95" : [ -1.052126 ],
      "X_96" : [ 0.000000 ],
      "X_97" : [ 0.000000 ],
      "X_98" : [ 0.000000 ],
      "X_99" : [ 0.000000 ]   
   },
   "Most_Contributive_Features" : {
      "y" : [ 46, 81, 32, 27, 59, 26, 95, 50, 71, 47 ]
   }
}