{
   "Contributions" : {
      "X_0" : [ -6.328233 ],
      "X_1" : [ 0.242415 ],
      "X_2" : [ 17.120039 ],
      "X_3" : [ 0.000000 ],
      "X_4" : [ -0.404996 ],
      "X_5" : [ 0.000000 ],
      "X_6" : [ 16.882183 ],
      "X_7" : [ -0.390955 ],
      "X_8" : [ -0.086530 ],
      "X_9" : [ -0.074740 ]   
   },
   "Most_Contributive_Features" : {
      "y" : [ 2, 6, 0, 4, 7, 1, 8, 9 ]
   }
}