{
   "Contributions" : {
      "X_0" : [ -7.781226 ],
      "X_1" : [ 1.531458 ],
      "X_2" : [ 21.760605 ],
      "X_3" : [ 0.306959 ],
      "X_4" : [ -0.778620 ],
      "X_5" : [ -0.153279 ],
      "X_6" : [ 16.004610 ],
      "X_7" : [ -0.903663 ],
      "X_8" : [ 0.275621 ],
      "X_9" : [ 0.372841 ]   
   },
   "Most_Contributive_Features" : {
      "y" : [ 2, 6, 0, 1, 7, 4, 9, 3, 8, 5 ]
   }
}