{
   "Contributions" : {
      "X_0" : [ -0.000341, 0.001281, -0.000867, -0.000073 ],
      "X_1" : [ 0.000298, 0.000008, -0.000007, -0.000300 ],
      "X_2" : [ 0.000235, -0.000480, 0.000020, 0.000225 ],
      "X_3" : [ 0.000134, -0.000329, 0.000667, -0.000471 ],
      "X_4" : [ 0.000004, -0.000178, 0.000111, 0.000063 ],
      "X_5" : [ -0.000224, 0.000193, -0.000036, 0.000067 ],
      "X_6" : [ -0.000013, 0.000010, -0.000000, 0.000004 ],
      "X_7" : [ 0.000140, -0.000229, -0.000420, 0.000508 ],
      "X_8" : [ 0.001482, -0.001681, 0.000809, -0.000610 ],
      "X_9" : [ -0.000372, 0.000234, -0.000022, 0.000160 ],
      "X_10" : [ -0.000390, 0.000436, -0.000339, 0.000293 ],
      "X_11" : [ -0.000179, 0.000915, -0.001094, 0.000357 ],
      "X_12" : [ -0.000052, -0.000669, 0.000257, 0.000464 ],
      "X_13" : [ 0.000400, -0.000943, 0.000344, 0.000199 ],
      "X_14" : [ -0.000007, -0.000312, 0.000072, 0.000246 ],
      "X_15" : [ 0.000315, -0.000035, 0.000604, -0.000883 ],
      "X_16" : [ -0.000031, -0.000109, 0.000639, -0.000499 ],
      "X_17" : [ -0.000481, 0.000311, 0.000334, -0.000164 ],
      "X_18" : [ -0.000069, 0.000022, -0.000122, 0.000169 ],
      "X_19" : [ -0.000050, 0.000095, 0.000058, -0.000103 ],
      "X_20" : [ 0.000246, -0.000468, 0.000105, 0.000118 ],
      "X_21" : [ 0.000110, 0.000114, -0.000011, -0.000213 ],
      "X_22" : [ -0.000333, 0.000289, 0.000292, -0.000248 ],
      "X_23" : [ 0.000006, 0.000079, 0.000012, -0.000097 ],
      "X_24" : [ 0.000245, -0.000113, -0.000381, 0.000248 ],
      "X_25" : [ 0.000023, -0.000191, 0.000141, 0.000027 ],
      "X_26" : [ 0.000070, 0.000351, -0.000118, -0.000303 ],
      "X_27" : [ -0.000374, -0.000755, 0.001748, -0.000619 ],
      "X_28" : [ -0.000650, -0.000522, 0.000593, 0.000579 ],
      "X_29" : [ 0.000087, 0.000236, -0.000466, 0.000143 ],
      "X_30" : [ 0.000042, 0.000033, -0.000086, 0.000010 ],
      "X_31" : [ -0.000576, -0.001483, 0.000564, 0.001495 ],
      "X_32" : [ 0.000000, -0.000040, -0.000028, 0.000068 ],
      "X_33" : [ 0.000133, -0.000509, 0.000314, 0.000062 ],
      "X_34" : [ 0.000507, -0.000721, 0.000053, 0.000160 ],
      "X_35" : [ 0.000238, -0.001878, 0.000081, 0.001559 ],
      "X_36" : [ -0.000023, 0.000104, -0.000049, -0.000032 ],
      "X_37" : [ 0.000218, -0.000146, 0.000066, -0.000138 ],
      "X_38" : [ 0.000070, -0.000002, -0.000276, 0.000208 ],
      "X_39" : [ 0.000050, 0.000007, 0.000267, -0.000324 ],
      "X_40" : [ 0.000058, 0.000059, -0.000247, 0.000129 ],
      "X_41" : [ -0.000138, 0.000259, -0.000156, 0.000035 ],
      "X_42" : [ 0.000022, -0.000622, 0.000320, 0.000280 ],
      "X_43" : [ -0.000016, 0.000081, -0.000057, -0.000008 ],
      "X_44" : [ -0.000073, -0.000059, 0.000188, -0.000055 ],
      "X_45" : [ 0.000002, -0.000746, 0.000661, 0.000083 ],
      "X_46" : [ -0.000824, 0.001087, 0.000041, -0.000304 ],
      "X_47" : [ 0.000036, -0.000436, 0.000249, 0.000151 ],
      "X_48" : [ -0.000123, 0.000231, -0.000212, 0.000104 ],
      "X_49" : [ 0.003959, -0.001665, -0.005493, 0.003198 ],
      "X_50" : [ -0.000122, 0.000416, -0.000781, 0.000487 ],
      "X_51" : [ 0.000580, -0.000313, 0.000249, -0.000516 ],
      "X_52" : [ -0.000277, 0.000427, 0.000149, -0.000298 ],
      "X_53" : [ 0.001640, -0.002511, 0.000150, 0.000722 ],
      "X_54" : [ -0.000234, -0.000130, 0.000269, 0.000095 ],
      "X_55" : [ -0.000190, 0.000013, -0.000009, 0.000186 ],
      "X_56" : [ 0.000526, -0.000683, 0.000499, -0.000342 ],
      "X_57" : [ -0.000020, -0.000478, 0.000258, 0.000240 ],
      "X_58" : [ 0.000141, -0.000183, 0.000349, -0.000307 ],
      "X_59" : [ 0.000132, 0.000029, -0.000009, -0.000152 ],
      "X_60" : [ 0.000524, 0.000415, -0.000278, -0.000661 ],
      "X_61" : [ -0.000055, -0.000149, 0.000114, 0.000090 ],
      "X_62" : [ -0.000856, -0.002350, 0.001586, 0.001620 ],
      "X_63" : [ 0.000148, 0.000009, 0.000163, -0.000320 ],
      "X_64" : [ -0.000501, 0.000553, 0.000227, -0.000279 ],
      "X_65" : [ -0.000041, 0.000003, 0.000015, 0.000023 ],
      "X_66" : [ -0.002059, 0.000915, 0.002896, -0.001752 ],
      "X_67" : [ 0.000181, -0.000109, -0.000322, 0.000250 ],
      "X_68" : [ 0.000668, 0.000397, -0.000868, -0.000196 ],
      "X_69" : [ -0.000520, 0.000013, 0.000281, 0.000226 ],
      "X_70" : [ 0.000148, 0.000410, -0.000147, -0.000411 ],
      "X_71" : [ -0.000256, -0.000037, 0.000101, 0.000191 ],
      "X_72" : [ -0.000724, -0.000071, -0.000513, 0.001308 ],
      "X_73" : [ -0.000022, -0.000137, 0.000148, 0.000011 ],
      "X_74" : [ -0.000383, 0.000776, -0.000328, -0.000065 ],
      "X_75" : [ 0.000226, -0.000645, 0.001382, -0.000963 ],
      "X_76" : [ 0.000559, 0.000262, -0.000314, -0.000506 ],
      "X_77" : [ -0.000236, 0.000032, 0.000145, 0.000059 ],
      "X_78" : [ 0.001249, -0.001541, 0.000149, 0.000143 ],
      "X_79" : [ -0.002682, -0.001346, 0.001971, 0.002057 ],
      "X_80" : [ -0.000212, -0.000075, 0.000093, 0.000194 ],
      "X_81" : [ 0.000139, -0.000135, -0.000030, 0.000027 ],
      "X_82" : [ -0.000015, -0.000385, -0.000153, 0.000553 ],
      "X_83" : [ -0.000099, 0.000172, -0.000715, 0.000642 ],
      "X_84" : [ -0.000273, 0.000206, 0.000396, -0.000329 ],
      "X_85" : [ -0.000067, -0.000004, 0.000102, -0.000031 ],
      "X_86" : [ -0.000053, 0.000293, -0.000396, 0.000157 ],
      "X_87" : [ -0.000243, 0.000055, -0.000027, 0.000215 ],
      "X_88" : [ -0.000010, -0.000122, 0.000018, 0.000114 ],
      "X_89" : [ 0.000774, -0.000707, 0.000696, -0.000764 ],
      "X_90" : [ -0.000344, -0.000464, 0.000180, 0.000628 ],
      "X_91" : [ -0.003596, -0.000391, 0.002160, 0.001827 ],
      "X_92" : [ 0.003043, -0.001366, 0.000164, -0.001840 ],
      "X_93" : [ -0.000617, 0.000702, 0.003125, -0.003210 ],
      "X_94" : [ -0.000993, -0.000271, 0.000756, 0.000508 ],
      "X_95" : [ 0.000679, -0.000276, 0.000587, -0.000990 ],
      "X_96" : [ 0.001079, -0.001858, -0.000427, 0.001206 ],
      "X_97" : [ -0.000041, -0.001464, 0.000139, 0.001366 ],
      "X_98" : [ 0.001210, -0.001538, 0.000949, -0.000621 ],
      "X_99" : [ -0.000442, 0.000716, -0.000351, 0.000077 ]   
   },
   "Most_Contributive_Features_By_Class" : {
      "class_0" : [ 49, 91, 92, 79, 66, 53, 8, 78, 98, 96 ],
      "class_1" : [ 53, 62, 35, 96, 8, 49, 78, 98, 31, 97 ],
      "class_2" : [ 49, 93, 66, 91, 79, 27, 62, 75, 11, 98 ],
      "class_3" : [ 93, 49, 79, 92, 91, 66, 62, 35, 31, 97 ]
   }
}