{
   "Contributions" : {
      "X_0" : [ -0.000431, 0.000134, 0.000421, -0.000123 ],
      "X_1" : [ 0.000000, 0.000000, 0.000000, 0.000000 ],
      "X_2" : [ 0.000000, 0.000000, 0.000000, 0.000000 ],
      "X_3" : [ 0.000000, 0.000000, 0.000000, 0.000000 ],
      "X_4" : [ 0.000000, 0.000000, 0.000000, 0.000000 ],
      "X_5" : [ 0.000000, 0.000000, 0.000000, 0.000000 ],
      "X_6" : [ 0.000000, 0.000000, 0.000000, 0.000000 ],
      "X_7" : [ 0.000000, 0.000000, 0.000000, 0.000000 ],
      "X_8" : [ 0.001362, -0.002253, 0.001551, -0.000661 ],
      "X_9" : [ 0.000000, 0.000000, 0.000000, 0.000000 ],
      "X_10" : [ 0.000000, 0.000000, 0.000000, 0.000000 ],
      "X_11" : [ 0.000819, 0.002035, -0.002953, 0.000100 ],
      "X_12" : [ 0.000000, 0.000000, 0.000000, 0.000000 ],
      "X_13" : [ 0.000000, 0.000000, 0.000000, 0.000000 ],
      "X_14" : [ 0.000000, 0.000000, 0.000000, 0.000000 ],
      "X_15" : [ 0.001579, -0.002571, 0.000457, 0.000536 ],
      "X_16" : [ -0.000839, 0.000357, 0.000148, 0.000335 ],
      "X_17" : [ 0.000000, 0.000000, 0.000000, 0.000000 ],
      "X_18" : [ 0.000000, 0.000000, 0.000000, 0.000000 ],
      "X_19" : [ -0.001610, 0.001019, 0.000155, 0.000435 ],
      "X_20" : [ 0.000000, 0.000000, 0.000000, 0.000000 ],
      "X_21" : [ 0.000000, 0.000000, 0.000000, 0.000000 ],
      "X_22" : [ 0.001909, -0.003463, 0.000953, 0.000600 ],
      "X_23" : [ 0.000000, 0.000000, 0.000000, 0.000000 ],
      "X_24" : [ 0.000000, 0.000000, 0.000000, 0.000000 ],
      "X_25" : [ 0.000000, 0.000000, 0.000000, 0.000000 ],
      "X_26" : [ 0.000000, 0.000000, 0.000000, 0.000000 ],
      "X_27" : [ 0.000000, 0.000000, 0.000000, 0.000000 ],
      "X_28" : [ 0.000000, 0.000000, 0.000000, 0.000000 ],
      "X_29" : [ 0.000000, 0.000000, 0.000000, 0.000000 ],
      "X_30" : [ -0.000167, 0.000133, -0.000714, 0.000749 ],
      "X_31" : [ -0.008262, -0.002875, 0.003757, 0.007381 ],
      "X_32" : [ 0.000000, 0.000000, 0.000000, 0.000000 ],
      "X_33" : [ 0.000000, 0.000000, 0.000000, 0.000000 ],
      "X_34" : [ 0.000000, 0.000000, 0.000000, 0.000000 ],
      "X_35" : [ 0.000000, 0.000000, 0.000000, 0.000000 ],
      "X_36" : [ 0.000000, 0.000000, 0.000000, 0.000000 ],
      "X_37" : [ 0.000746, -0.000396, -0.000715, 0.000365 ],
      "X_38" : [ 0.000000, 0.000000, 0.000000, 0.000000 ],
      "X_39" : [ 0.000000, 0.000000, 0.000000, 0.000000 ],
      "X_40" : [ 0.000000, 0.000000, 0.000000, 0.000000 ],
      "X_41" : [ 0.000000, 0.000000, 0.000000, 0.000000 ],
      "X_42" : [ 0.000000, 0.000000, 0.000000, 0.000000 ],
      "X_43" : [ 0.000000, 0.000000, 0.000000, 0.000000 ],
      "X_44" : [ 0.000000, 0.000000, 0.000000, 0.000000 ],
      "X_45" : [ 0.000000, 0.000000, 0.000000, 0.000000 ],
      "X_46" : [ 0.000000, 0.000000, 0.000000, 0.000000 ],
      "X_47" : [ -0.000809, 0.000029, 0.001716, -0.000936 ],
      "X_48" : [ 0.000000, 0.000000, 0.000000, 0.000000 ],
      "X_49" : [ 0.008846, -0.002056, -0.011106, 0.004316 ],
      "X_50" : [ 0.000201, -0.000747, 0.000761, -0.000215 ],
      "X_51" : [ -0.001232, 0.001389, -0.000840, 0.000683 ],
      "X_52" : [ -0.000037, 0.000522, -0.000428, -0.000057 ],
      "X_53" : [ 0.001547, -0.000226, 0.000185, -0.001506 ],
      "X_54" : [ 0.000000, 0.000000, 0.000000, 0.000000 ],
      "X_55" : [ 0.000000, 0.000000, 0.000000, 0.000000 ],
      "X_56" : [ 0.000000, 0.000000, 0.000000, 0.000000 ],
      "X_57" : [ 0.000000, 0.000000, 0.000000, 0.000000 ],
      "X_58" : [ 0.000000, 0.000000, 0.000000, 0.000000 ],
      "X_59" : [ 0.000000, 0.000000, 0.000000, 0.000000 ],
      "X_60" : [ 0.000000, 0.000000, 0.000000, 0.000000 ],
      "X_61" : [ 0.000000, 0.000000, 0.000000, 0.000000 ],
      "X_62" : [ 0.000000, 0.000000, 0.000000, 0.000000 ],
      "X_63" : [ 0.000000, 0.000000, 0.000000, 0.000000 ],
      "X_64" : [ 0.000000, 0.000000, 0.000000, 0.000000 ],
      "X_65" : [ 0.000000, 0.000000, 0.000000, 0.000000 ],
      "X_66" : [ 0.000000, 0.000000, 0.000000, 0.000000 ],
      "X_67" : [ -0.000314, 0.001274, 0.000085, -0.001046 ],
      "X_68" : [ 0.000203, 0.001820, -0.001074, -0.000949 ],
      "X_69" : [ 0.000548, -0.000704, -0.000084, 0.000239 ],
      "X_70" : [ -0.000157, 0.000395, -0.000138, -0.000100 ],
      "X_71" : [ -0.000136, 0.000242, -0.001035, 0.000929 ],
      "X_72" : [ 0.001148, 0.001206, -0.000429, -0.001926 ],
      "X_73" : [ 0.000000, 0.000000, 0.000000, 0.000000 ],
      "X_74" : [ 0.000000, 0.000000, 0.000000, 0.000000 ],
      "X_75" : [ 0.000198, 0.000760, -0.001148, 0.000190 ],
      "X_76" : [ 0.000000, 0.000000, 0.000000, 0.000000 ],
      "X_77" : [ 0.000000, 0.000000, 0.000000, 0.000000 ],
      "X_78" : [ 0.000000, 0.000000, 0.000000, 0.000000 ],
      "X_79" : [ 0.000000, 0.000000, 0.000000, 0.000000 ],
      "X_80" : [ 0.000000, 0.000000, 0.000000, 0.000000 ],
      "X_81" : [ -0.000130, 0.001382, -0.001053, -0.000198 ],
      "X_82" : [ -0.000743, -0.001309, 0.000800, 0.001253 ],
      "X_83" : [ 0.001237, -0.000742, -0.000247, -0.000247 ],
      "X_84" : [ 0.000000, 0.000000, 0.000000, 0.000000 ],
      "X_85" : [ -0.001461, 0.000303, 0.000926, 0.000231 ],
      "X_86" : [ 0.001012, 0.000793, -0.002765, 0.000959 ],
      "X_87" : [ 0.000000, 0.000000, 0.000000, 0.000000 ],
      "X_88" : [ -0.000253, -0.001051, -0.000784, 0.002088 ],
      "X_89" : [ -0.003911, -0.003046, 0.007443, -0.000486 ],
      "X_90" : [ -0.002198, -0.001535, 0.002561, 0.001172 ],
      "X_91" : [ -0.001813, 0.000660, -0.000038, 0.001191 ],
      "X_92" : [ 0.001017, -0.000243, 0.000412, -0.001186 ],
      "X_93" : [ -0.003000, -0.001790, 0.008069, -0.003280 ],
      "X_94" : [ 0.000180, 0.000312, -0.000327, -0.000165 ],
      "X_95" : [ 0.001479, -0.004012, -0.000462, 0.002994 ],
      "X_96" : [ -0.002183, 0.001738, -0.001139, 0.001584 ],
      "X_97" : [ -0.000841, 0.000664, 0.000627, -0.000449 ],
      "X_98" : [ 0.001956, 0.000144, -0.000235, -0.001865 ],
      "X_99" : [ 0.006500, -0.003483, -0.000509, -0.002508 ]   
   },
   "Most_Contributive_Features_By_Class" : {
      "class_0" : [ 49, 31, 99, 89, 93, 90, 96, 98, 22, 91 ],
      "class_1" : [ 95, 99, 22, 89, 31, 15, 8, 49, 11, 68 ],
      "class_2" : [ 49, 93, 89, 31, 11, 86, 90, 47, 8, 75 ],
      "class_3" : [ 31, 49, 93, 95, 99, 88, 72, 98, 96, 53 ]
   }
}