{
	"metadata" : { "model" : "Breiman_CART", "version" : "2024-W14", "signature" : "ff4_OO8"},
	"options" : { "ccp_alpha" : 0.000000, "criterion" : "", "max_depth" : 6, "max_features" : null, "max_leaf_nodes" : 32, "min_impurity_decrease" : 0.000000, "min_samples_leaf" : 1, "min_samples_split" : 2, "min_weight_fraction_leaf" : 0.000000, "random_state" : 1789, "splitter" : "best" },
	"dataset" : { "dataset_rows" : 48842, "dataset_features" : 14 },
	"classes" : [ "<=50K", ">50K" ],
	"tree" : {
	"features" : 14,
	"outputs" : 2,
	"max_depth" : 5,
	"node_count" : 63,
	"nodes" : {
		"node_00" : {"left" : 1, "right" : 2, "feature" : 4, "threshold" : 7.500000, "impurity" : 0.364052, "n_samples" : 48842, "w_samples" : 48842.000000, "value" : [0.760718, 0.239282]},
		"node_01" : {"left" : 19, "right" : 20, "feature" : 0, "threshold" : 4.500000, "impurity" : 0.268425, "n_samples" : 36732, "w_samples" : 36732.000000, "value" : [0.840276, 0.159724]},
		"node_02" : {"left" : 3, "right" : 4, "feature" : 0, "threshold" : 4.500000, "impurity" : 0.499247, "n_samples" : 12110, "w_samples" : 12110.000000, "value" : [0.519405, 0.480595]},
		"node_03" : {"left" : 5, "right" : 6, "feature" : 0, "threshold" : 1.500000, "impurity" : 0.407972, "n_samples" : 4487, "w_samples" : 4487.000000, "value" : [0.714509, 0.285491]},
		"node_04" : {"left" : 7, "right" : 8, "feature" : 10, "threshold" : 4.500000, "impurity" : 0.481784, "n_samples" : 7623, "w_samples" : 7623.000000, "value" : [0.404565, 0.595435]},
		"node_05" : {"left" : 45, "right" : 46, "feature" : 10, "threshold" : 9.500000, "impurity" : 0.093362, "n_samples" : 1100, "w_samples" : 1100.000000, "value" : [0.950909, 0.049091]},
		"node_06" : {"left" : 11, "right" : 12, "feature" : 10, "threshold" : 4.500000, "impurity" : 0.462059, "n_samples" : 3387, "w_samples" : 3387.000000, "value" : [0.637733, 0.362267]},
		"node_07" : {"left" : 15, "right" : 16, "feature" : 12, "threshold" : 2.500000, "impurity" : 0.496922, "n_samples" : 6322, "w_samples" : 6322.000000, "value" : [0.460772, 0.539228]},
		"node_08" : {"left" : 9, "right" : 10, "feature" : 10, "threshold" : 9.500000, "impurity" : 0.228323, "n_samples" : 1301, "w_samples" : 1301.000000, "value" : [0.131437, 0.868563]},
		"node_09" : {"left" : 29, "right" : 30, "feature" : 12, "threshold" : 0.500000, "impurity" : 0.388278, "n_samples" : 641, "w_samples" : 641.000000, "value" : [0.263651, 0.736349]},
		"node_10" : {"left" : null, "right" : null, "feature" : null, "threshold" : null, "impurity" : 0.006042, "n_samples" : 660, "w_samples" : 660.000000, "value" : [0.003030, 0.996970]},
		"node_11" : {"left" : 17, "right" : 18, "feature" : 12, "threshold" : 6.000000, "impurity" : 0.437157, "n_samples" : 3052, "w_samples" : 3052.000000, "value" : [0.677261, 0.322739]},
		"node_12" : {"left" : 13, "right" : 14, "feature" : 10, "threshold" : 9.500000, "impurity" : 0.401087, "n_samples" : 335, "w_samples" : 335.000000, "value" : [0.277612, 0.722388]},
		"node_13" : {"left" : 55, "right" : 56, "feature" : 12, "threshold" : 2.500000, "impurity" : 0.486235, "n_samples" : 223, "w_samples" : 223.000000, "value" : [0.417040, 0.582960]},
		"node_14" : {"left" : null, "right" : null, "feature" : null, "threshold" : null, "impurity" : 0.000000, "n_samples" : 112, "w_samples" : 112.000000, "value" : [0.000000, 1.000000]},
		"node_15" : {"left" : 35, "right" : 36, "feature" : 11, "threshold" : 4.500000, "impurity" : 0.436453, "n_samples" : 892, "w_samples" : 892.000000, "value" : [0.678251, 0.321749]},
		"node_16" : {"left" : 39, "right" : 40, "feature" : 11, "threshold" : 4.500000, "impurity" : 0.488764, "n_samples" : 5430, "w_samples" : 5430.000000, "value" : [0.425046, 0.574954]},
		"node_17" : {"left" : 47, "right" : 48, "feature" : 11, "threshold" : 4.500000, "impurity" : 0.388522, "n_samples" : 2103, "w_samples" : 2103.000000, "value" : [0.736091, 0.263909]},
		"node_18" : {"left" : 43, "right" : 44, "feature" : 11, "threshold" : 4.500000, "impurity" : 0.495602, "n_samples" : 949, "w_samples" : 949.000000, "value" : [0.546891, 0.453109]},
		"node_19" : {"left" : 59, "right" : 60, "feature" : 0, "threshold" : 1.500000, "impurity" : 0.131823, "n_samples" : 17859, "w_samples" : 17859.000000, "value" : [0.929055, 0.070945]},
		"node_20" : {"left" : 21, "right" : 22, "feature" : 10, "threshold" : 4.500000, "impurity" : 0.368656, "n_samples" : 18873, "w_samples" : 18873.000000, "value" : [0.756266, 0.243734]},
		"node_21" : {"left" : 49, "right" : 50, "feature" : 4, "threshold" : 2.000000, "impurity" : 0.337877, "n_samples" : 17256, "w_samples" : 17256.000000, "value" : [0.784713, 0.215287]},
		"node_22" : {"left" : 23, "right" : 24, "feature" : 10, "threshold" : 9.500000, "impurity" : 0.495524, "n_samples" : 1617, "w_samples" : 1617.000000, "value" : [0.452690, 0.547310]},
		"node_23" : {"left" : 25, "right" : 26, "feature" : 12, "threshold" : 2.500000, "impurity" : 0.496327, "n_samples" : 1330, "w_samples" : 1330.000000, "value" : [0.542857, 0.457143]},
		"node_24" : {"left" : null, "right" : null, "feature" : null, "threshold" : null, "impurity" : 0.067258, "n_samples" : 287, "w_samples" : 287.000000, "value" : [0.034843, 0.965157]},
		"node_25" : {"left" : 27, "right" : 28, "feature" : 12, "threshold" : 0.500000, "impurity" : 0.250865, "n_samples" : 204, "w_samples" : 204.000000, "value" : [0.852941, 0.147059]},
		"node_26" : {"left" : 33, "right" : 34, "feature" : 4, "threshold" : 0.500000, "impurity" : 0.499645, "n_samples" : 1126, "w_samples" : 1126.000000, "value" : [0.486679, 0.513322]},
		"node_27" : {"left" : null, "right" : null, "feature" : null, "threshold" : null, "impurity" : 0.096835, "n_samples" : 98, "w_samples" : 98.000000, "value" : [0.948980, 0.051020]},
		"node_28" : {"left" : null, "right" : null, "feature" : null, "threshold" : null, "impurity" : 0.360449, "n_samples" : 106, "w_samples" : 106.000000, "value" : [0.764151, 0.235849]},
		"node_29" : {"left" : 31, "right" : 32, "feature" : 0, "threshold" : 8.500000, "impurity" : 0.477839, "n_samples" : 38, "w_samples" : 38.000000, "value" : [0.605263, 0.394737]},
		"node_30" : {"left" : null, "right" : null, "feature" : null, "threshold" : null, "impurity" : 0.366999, "n_samples" : 603, "w_samples" : 603.000000, "value" : [0.242123, 0.757877]},
		"node_31" : {"left" : null, "right" : null, "feature" : null, "threshold" : null, "impurity" : 0.486111, "n_samples" : 12, "w_samples" : 12.000000, "value" : [0.416667, 0.583333]},
		"node_32" : {"left" : null, "right" : null, "feature" : null, "threshold" : null, "impurity" : 0.426036, "n_samples" : 26, "w_samples" : 26.000000, "value" : [0.692308, 0.307692]},
		"node_33" : {"left" : null, "right" : null, "feature" : null, "threshold" : null, "impurity" : 0.388264, "n_samples" : 110, "w_samples" : 110.000000, "value" : [0.736364, 0.263636]},
		"node_34" : {"left" : null, "right" : null, "feature" : null, "threshold" : null, "impurity" : 0.496743, "n_samples" : 1016, "w_samples" : 1016.000000, "value" : [0.459646, 0.540354]},
		"node_35" : {"left" : null, "right" : null, "feature" : null, "threshold" : null, "impurity" : 0.418831, "n_samples" : 824, "w_samples" : 824.000000, "value" : [0.701456, 0.298544]},
		"node_36" : {"left" : 37, "right" : 38, "feature" : 4, "threshold" : 9.500000, "impurity" : 0.478806, "n_samples" : 68, "w_samples" : 68.000000, "value" : [0.397059, 0.602941]},
		"node_37" : {"left" : null, "right" : null, "feature" : null, "threshold" : null, "impurity" : 0.495000, "n_samples" : 60, "w_samples" : 60.000000, "value" : [0.450000, 0.550000]},
		"node_38" : {"left" : null, "right" : null, "feature" : null, "threshold" : null, "impurity" : 0.000000, "n_samples" : 8, "w_samples" : 8.000000, "value" : [0.000000, 1.000000]},
		"node_39" : {"left" : 53, "right" : 54, "feature" : 4, "threshold" : 8.500000, "impurity" : 0.495469, "n_samples" : 4832, "w_samples" : 4832.000000, "value" : [0.452401, 0.547599]},
		"node_40" : {"left" : 41, "right" : 42,