{
   "Contributions" : {
      "X_0" : [ -0.012463, 0.012463 ],
      "X_1" : [ 0.000000, 0.000000 ],
      "X_2" : [ 0.000000, 0.000000 ],
      "X_3" : [ 0.000000, 0.000000 ],
      "X_4" : [ -0.036725, 0.036725 ],
      "X_5" : [ 0.000000, 0.000000 ],
      "X_6" : [ 0.000000, 0.000000 ],
      "X_7" : [ 0.000000, 0.000000 ],
      "X_8" : [ 0.000000, 0.000000 ],
      "X_9" : [ 0.000000, 0.000000 ],
      "X_10" : [ 0.001067, -0.001067 ],
      "X_11" : [ -0.005908, 0.005908 ],
      "X_12" : [ 0.004240, -0.004240 ],
      "X_13" : [ 0.000000, 0.000000 ]   
   },
   "Most_Contributive_Features_By_Class" : {
      "class_0" : [ 4, 0, 11, 12, 10 ],
      "class_1" : [ 4, 0, 11, 12, 10 ]
   }
}