{
   "Contributions" : {
      "X_0" : [ -0.010047, 0.010047 ],
      "X_1" : [ 0.000000, 0.000000 ],
      "X_2" : [ -0.000960, 0.000960 ],
      "X_3" : [ 0.000000, 0.000000 ],
      "X_4" : [ -0.034153, 0.034153 ],
      "X_5" : [ 0.000000, 0.000000 ],
      "X_6" : [ 0.000000, 0.000000 ],
      "X_7" : [ 0.000000, 0.000000 ],
      "X_8" : [ 0.000000, 0.000000 ],
      "X_9" : [ 0.000000, 0.000000 ],
      "X_10" : [ 0.002282, -0.002282 ],
      "X_11" : [ -0.000141, 0.000141 ],
      "X_12" : [ 0.006008, -0.006008 ],
      "X_13" : [ 0.000000, 0.000000 ]   
   },
   "Most_Contributive_Features_By_Class" : {
      "class_0" : [ 4, 0, 12, 10, 2, 11 ],
      "class_1" : [ 4, 0, 12, 10, 2, 11 ]
   }
}