{
	"metadata" : { "model" : "Breiman_CART", "version" : "2024-W13", "signature" : "ff4_ff4"},
	"options" : { "ccp_alpha" : 0.000000, "criterion" : "", "max_depth" : null, "max_features" : null, "max_leaf_nodes" : 64, "min_impurity_decrease" : 0.000000, "min_samples_leaf" : 1, "min_samples_split" : 2, "min_weight_fraction_leaf" : 0.000000, "random_state" : 1789, "splitter" : "best" },
	"dataset" : { "dataset_rows" : 16, "dataset_features" : 9 },
	"tree" : {
	"features" : 9,
	"outputs" : 1,
	"max_depth" : 6,
	"node_count" : 31,
	"nodes" : {
		"node_00" : {"left" : 1, "right" : 2, "feature" : 2, "threshold" : 35.500000, "impurity" : 8012425216.000000, "n_samples" : 16, "w_samples" : 16.000000, "value" : [180418.750000]},
		"node_01" : {"left" : 3, "right" : 4, "feature" : 7, "threshold" : 4.496550, "impurity" : 4097163264.000000, "n_samples" : 12, "w_samples" : 12.000000, "value" : [141350.000000]},
		"node_02" : {"left" : 5, "right" : 6, "feature" : 0, "threshold" : -122.445000, "impurity" : 1441808384.000000, "n_samples" : 4, "w_samples" : 4.000000, "value" : [297625.000000]},
		"node_03" : {"left" : 7, "right" : 8, "feature" : 5, "threshold" : 792.000000, "impurity" : 1227004928.000000, "n_samples" : 9, "w_samples" : 9.000000, "value" : [109822.218750]},
		"node_04" : {"left" : 9, "right" : 10, "feature" : 4, "threshold" : 388.000000, "impurity" : 779640832.000000, "n_samples" : 3, "w_samples" : 3.000000, "value" : [235933.328125]},
		"node_05" : {"left" : null, "right" : null, "feature" : null, "threshold" : null, "impurity" : 0.000000, "n_samples" : 1, "w_samples" : 1.000000, "value" : [246400.000000]},
		"node_06" : {"left" : 11, "right" : 12, "feature" : 1, "threshold" : 36.904999, "impurity" : 756170752.000000, "n_samples" : 3, "w_samples" : 3.000000, "value" : [314700.000000]},
		"node_07" : {"left" : 13, "right" : 14, "feature" : 0, "threshold" : -121.485001, "impurity" : 320411648.000000, "n_samples" : 2, "w_samples" : 2.000000, "value" : [162900.000000]},
		"node_08" : {"left" : 15, "right" : 16, "feature" : 4, "threshold" : 407.000000, "impurity" : 451121152.000000, "n_samples" : 7, "w_samples" : 7.000000, "value" : [94657.140625]},
		"node_09" : {"left" : null, "right" : null, "feature" : null, "threshold" : null, "impurity" : 0.000000, "n_samples" : 1, "w_samples" : 1.000000, "value" : [198000.000000]},
		"node_10" : {"left" : 23, "right" : 24, "feature" : 5, "threshold" : 1403.000000, "impurity" : 90255360.000000, "n_samples" : 2, "w_samples" : 2.000000, "value" : [254900.000000]},
		"node_11" : {"left" : null, "right" : null, "feature" : null, "threshold" : null, "impurity" : 0.000000, "n_samples" : 1, "w_samples" : 1.000000, "value" : [279200.000000]},
		"node_12" : {"left" : 17, "right" : 18, "feature" : 7, "threshold" : 4.139600, "impurity" : 189063168.000000, "n_samples" : 2, "w_samples" : 2.000000, "value" : [332450.000000]},
		"node_13" : {"left" : null, "right" : null, "feature" : null, "threshold" : null, "impurity" : 0.000000, "n_samples" : 1, "w_samples" : 1.000000, "value" : [145000.000000]},
		"node_14" : {"left" : null, "right" : null, "feature" : null, "threshold" : null, "impurity" : 2048.000000, "n_samples" : 1, "w_samples" : 1.000000, "value" : [180800.000000]},
		"node_15" : {"left" : 19, "right" : 20, "feature" : 6, "threshold" : 354.500000, "impurity" : 171843072.000000, "n_samples" : 3, "w_samples" : 3.000000, "value" : [75666.664062]},
		"node_16" : {"left" : 21, "right" : 22, "feature" : 4, "threshold" : 783.000000, "impurity" : 187244544.000000, "n_samples" : 4, "w_samples" : 4.000000, "value" : [108900.000000]},
		"node_17" : {"left" : null, "right" : null, "feature" : null, "threshold" : null, "impurity" : 0.000000, "n_samples" : 1, "w_samples" : 1.000000, "value" : [346200.000000]},
		"node_18" : {"left" : null, "right" : null, "feature" : null, "threshold" : null, "impurity" : -8192.000000, "n_samples" : 1, "w_samples" : 1.000000, "value" : [318700.000000]},
		"node_19" : {"left" : null, "right" : null, "feature" : null, "threshold" : null, "impurity" : 0.000000, "n_samples" : 1, "w_samples" : 1.000000, "value" : [57600.000000]},
		"node_20" : {"left" : 27, "right" : 28, "feature" : 1, "threshold" : 38.459999, "impurity" : 12959232.000000, "n_samples" : 2, "w_samples" : 2.000000, "value" : [84700.000000]},
		"node_21" : {"left" : 25, "right" : 26, "feature" : 0, "threshold" : -120.040001, "impurity" : 36499456.000000, "n_samples" : 3, "w_samples" : 3.000000, "value" : [116200.000000]},
		"node_22" : {"left" : null, "right" : null, "feature" : null, "threshold" : null, "impurity" : -1536.000000, "n_samples" : 1, "w_samples" : 1.000000, "value" : [87000.000000]},
		"node_23" : {"left" : null, "right" : null, "feature" : null, "threshold" : null, "impurity" : 0.000000, "n_samples" : 1, "w_samples" : 1.000000, "value" : [245400.000000]},
		"node_24" : {"left" : null, "right" : null, "feature" : null, "threshold" : null, "impurity" : 0.000000, "n_samples" : 1, "w_samples" : 1.000000, "value" : [264400.000000]},
		"node_25" : {"left" : null, "right" : null, "feature" : null, "threshold" : null, "impurity" : 0.000000, "n_samples" : 1, "w_samples" : 1.000000, "value" : [124700.000000]},
		"node_26" : {"left" : 29, "right" : 30, "feature" : 4, "threshold" : 453.000000, "impurity" : 562176.000000, "n_samples" : 2, "w_samples" : 2.000000, "value" : [111950.000000]},
		"node_27" : {"left" : null, "right" : null, "feature" : null, "threshold" : null, "impurity" : 0.000000, "n_samples" : 1, "w_samples" : 1.000000, "value" : [88300.000000]},
		"node_28" : {"left" : null, "right" : null, "feature" : null, "threshold" : null, "impurity" : 0.000000, "n_samples" : 1, "w_samples" : 1.000000, "value" : [81100.000000]},
		"node_29" : {"left" : null, "right" : null, "feature" : null, "threshold" : null, "impurity" : 0.000000, "n_samples" : 1, "w_samples" : 1.000000, "value" : [112700.000000]},
		"node_30" : {"left" : null, "right" : null, "feature" : null, "threshold" : null, "impurity" : -1024.000000, "n_samples" : 1, "w_samples" : 1.000000, "value" : [111200.000000]}
		}
	}
}