{
   "Contributions" : {
      "X_0" : [ -3469.335938 ],
      "X_1" : [ 1374.218750 ],
      "X_2" : [ -35898.437500 ],
      "X_3" : [ 0.000000 ],
      "X_4" : [ 1506.640625 ],
      "X_5" : [ -1271.093750 ],
      "X_6" : [ 1019.335938 ],
      "X_7" : [ 4565.820312 ],
      "X_8" : [ 0.000000 ]   
   },
   "Most_Contributive_Features" : {
      "y" : [ 2, 7, 0, 4, 1, 5, 6 ]
   }
}