{
   "Contributions" : {
      "X_0" : [ 1.223284 ],
      "X_1" : [ 8.996594 ],
      "X_2" : [ 36.417847 ],
      "X_3" : [ 7.910585 ]   
   },
   "Most_Contributive_Features" : {
      "y" : [ 2, 1, 3, 0 ]
   }
}