{
   "Contributions" : {
      "X_0" : [ -0.000800, -0.017124, 0.017924 ],
      "X_1" : [ 0.000056, -0.009679, 0.009622 ],
      "X_2" : [ 0.002571, -0.022963, 0.020393 ],
      "X_3" : [ -0.006585, -0.016177, 0.022761 ]   
   },
   "Most_Contributive_Features_By_Class" : {
      "class_0" : [ 3, 2, 0, 1 ],
      "class_1" : [ 2, 0, 3, 1 ],
      "class_2" : [ 3, 2, 0, 1 ]
   }
}