{
	"metadata" : { "model" : "Vapnik_SVC_RBF", "version" : "2024-W12", "signature" : "ff4_il8"},
	"options" : {"svm_type" : "c_svc", "kernel" : "rbf", "degree" : 3, "gamma" : 0.067644, "coef0" : 0.000000, "cache_size" : 300, "tol" : 0.001000, "nu" : 0.500000, "epsilon" : 0.000000, "shrinking" : 0, "probability" : 1, "C" : 2.000000, "max_iter" : 128, "random_state" : 1789 },
	"dataset" : { "dataset_rows" : 18, "dataset_features" : 4 },
	"classes" : [ 0, 1, 2 ],
	"svm_model" : {
	"classes" : 3,
	"L" : 13,
	"SupportVectors" : {
		"SV_00" : [ 4.800000, 3.400000, 1.600000, 0.200000 ],
		"SV_01" : [ 5.400000, 3.400000, 1.500000, 0.400000 ],
		"SV_02" : [ 6.300000, 3.300000, 4.700000, 1.600000 ],
		"SV_03" : [ 5.800000, 2.700000, 4.100000, 1.000000 ],
		"SV_04" : [ 6.100000, 2.800000, 4.000000, 1.300000 ],
		"SV_05" : [ 6.000000, 3.400000, 4.500000, 1.600000 ],
		"SV_06" : [ 5.900000, 3.000000, 4.200000, 1.500000 ],
		"SV_07" : [ 5.100000, 2.500000, 3.000000, 1.100000 ],
		"SV_08" : [ 6.200000, 2.900000, 4.300000, 1.300000 ],
		"SV_09" : [ 6.400000, 3.200000, 5.300000, 2.300000 ],
		"SV_10" : [ 6.100000, 2.600000, 5.600000, 1.400000 ],
		"SV_11" : [ 6.800000, 3.200000, 5.900000, 2.300000 ],
		"SV_12" : [ 6.700000, 3.300000, 5.700000, 2.100000 ]
	},
	"SupportVectorsCoefs" : {
		"SV_coef_0" : [ 1.170876, 2.000000, -0.000000, -0.397518, -0.773358, -0.000000, -0.000000, -2.000000, -0.000000, -0.678509, -0.746916, -0.000000, -0.000000 ],
		"SV_coef_1" : [ 0.141281, 1.284144, 2.000000, 0.000000, 0.000000, 2.000000, 0.684211, 0.000000, 2.000000, -2.000000, -2.000000, -0.684211, -2.000000 ]
	},
	"rho" : [ -0.090057, 0.027411, -0.001722 ],
	"nSV" : [ 2, 7, 4 ],
	"probA" : [ -1.978797, -1.777841, -2.266994 ],
	"probB" : [ 0.322553, 0.009580, 0.109777 ],
	"n_iter" : [ 8, 7, 4 ]
}
}