{
	"metadata" : { "model" : "Vapnik_SVC_RBF", "version" : "2024-W14", "signature" : "ff4_il8"},
	"options" : {"svm_type" : "c_svc", "kernel" : "rbf", "degree" : 3, "gamma" : 0.067644, "coef0" : 0.000000, "cache_size" : 300, "tol" : 0.001000, "nu" : 0.500000, "epsilon" : 0.000000, "shrinking" : 0, "probability" : 1, "C" : 1.000000, "max_iter" : 128, "random_state" : 1789 },
	"dataset" : { "dataset_rows" : 18, "dataset_features" : 4 },
	"classes" : [ 0, 1, 2 ],
	"svm_model" : {
	"classes" : 3,
	"L" : 15,
	"SupportVectors" : {
		"SV_00" : [ 5.400000, 3.700000, 1.500000, 0.200000 ],
		"SV_01" : [ 4.800000, 3.400000, 1.600000, 0.200000 ],
		"SV_02" : [ 5.400000, 3.400000, 1.500000, 0.400000 ],
		"SV_03" : [ 6.300000, 3.300000, 4.700000, 1.600000 ],
		"SV_04" : [ 5.800000, 2.700000, 4.100000, 1.000000 ],
		"SV_05" : [ 6.100000, 2.800000, 4.000000, 1.300000 ],
		"SV_06" : [ 6.000000, 3.400000, 4.500000, 1.600000 ],
		"SV_07" : [ 5.900000, 3.000000, 4.200000, 1.500000 ],
		"SV_08" : [ 5.100000, 2.500000, 3.000000, 1.100000 ],
		"SV_09" : [ 6.200000, 2.900000, 4.300000, 1.300000 ],
		"SV_10" : [ 6.400000, 3.200000, 5.300000, 2.300000 ],
		"SV_11" : [ 7.100000, 3.000000, 5.900000, 2.100000 ],
		"SV_12" : [ 6.100000, 2.600000, 5.600000, 1.400000 ],
		"SV_13" : [ 6.800000, 3.200000, 5.900000, 2.300000 ],
		"SV_14" : [ 6.700000, 3.300000, 5.700000, 2.100000 ]
	},
	"SupportVectorsCoefs" : {
		"SV_coef_0" : [ 0.681559, 1.000000, 1.000000, -0.000000, -1.000000, -0.681559, -0.000000, -0.000000, -1.000000, -0.000000, -0.658061, -0.000000, -0.758579, -0.000000, -0.000000 ],
		"SV_coef_1" : [ 0.000000, 0.416639, 1.000000, 1.000000, 0.000000, 0.936175, 1.000000, 1.000000, 0.000000, 1.000000, -1.000000, -0.936175, -1.000000, -1.000000, -1.000000 ]
	},
	"rho" : [ -0.028200, 0.027654, 0.045231 ],
	"nSV" : [ 3, 7, 5 ],
	"probA" : [ -2.023247, -1.791268, -2.905602 ],
	"probB" : [ 0.287278, 0.013379, 0.774489 ],
	"n_iter" : [ 4, 8, 5 ]
}
}