{
   "Contributions" : {
      "X_0" : [ -0.003828, -0.005938, 0.009766 ],
      "X_1" : [ -0.000319, -0.001924, 0.002243 ],
      "X_2" : [ 0.004693, -0.030538, 0.025845 ],
      "X_3" : [ -0.011493, 0.020569, -0.009076 ]   
   },
   "Most_Contributive_Features_By_Class" : {
      "class_0" : [ 3, 2, 0, 1 ],
      "class_1" : [ 2, 3, 0, 1 ],
      "class_2" : [ 2, 0, 3, 1 ]
   }
}