{
   "Contributions" : {
      "X_0" : [ 0.005702 ],
      "X_1" : [ -0.002918 ],
      "X_2" : [ 0.016093 ],
      "X_3" : [ -0.000329 ]   
   },
   "Most_Contributive_Features" : {
      "y" : [ 2, 0, 1, 3 ]
   }
}