{
   "Contributions" : {
      "X_0" : [ 0.002364, -0.002364 ],
      "X_1" : [ -0.003511, 0.003511 ],
      "X_2" : [ 0.002714, -0.002714 ],
      "X_3" : [ 0.000000, 0.000000 ],
      "X_4" : [ 0.001862, -0.001862 ],
      "X_5" : [ -0.001022, 0.001022 ],
      "X_6" : [ -0.001721, 0.001721 ],
      "X_7" : [ -0.001446, 0.001446 ],
      "X_8" : [ 0.010926, -0.010926 ],
      "X_9" : [ 0.000514, -0.000514 ]   
   },
   "Most_Contributive_Features_By_Class" : {
      "class_0" : [ 8, 1, 2, 0, 4, 6, 7, 5, 9 ],
      "class_1" : [ 8, 1, 2, 0, 4, 6, 7, 5, 9 ]
   }
}