{
   "Contributions" : {
      "X_0" : [ -0.004563 ],
      "X_1" : [ 0.019745 ],
      "X_2" : [ 0.009730 ],
      "X_3" : [ -0.014422 ]   
   },
   "Most_Contributive_Features" : {
      "y" : [ 1, 3, 2, 0 ]
   }
}