{
   "Contributions" : {
      "X_0" : [ -3.265722 ],
      "X_1" : [ 42.691700 ],
      "X_2" : [ 1.608795 ],
      "X_3" : [ 1.469128 ]   
   },
   "Most_Contributive_Features" : {
      "y" : [ 1, 0, 2, 3 ]
   }
}