{
	"metadata" : { "model" : "Vapnik_SVR_RBF", "version" : "2024-W13", "signature" : "ff4_ff4"},
	"options" : {"svm_type" : "epsilon_svr", "kernel" : "rbf", "degree" : 3, "gamma" : 0.030193, "coef0" : 0.000000, "cache_size" : 300, "tol" : 0.001000, "nu" : 0.500000, "epsilon" : 0.100000, "shrinking" : 0, "probability" : 0, "C" : 2.000000, "max_iter" : 128, "random_state" : 1789 },
	"dataset" : { "dataset_rows" : 100, "dataset_features" : 4 },
	"svm_model" : {
	"classes" : 2,
	"L" : 35,
	"SupportVectors" : {
		"SV_00" : [ 9.000000, 9.000000, 10.000000, 3.000000 ],
		"SV_01" : [ 3.000000, 2.000000, 4.000000, 0.000000 ],
		"SV_02" : [ 1.000000, 6.000000, 1.000000, 7.000000 ],
		"SV_03" : [ 6.000000, 6.000000, 0.000000, 7.000000 ],
		"SV_04" : [ 7.000000, 8.000000, 0.000000, 5.000000 ],
		"SV_05" : [ 9.000000, 3.000000, 8.000000, 5.000000 ],
		"SV_06" : [ 5.000000, 6.000000, 7.000000, 4.000000 ],
		"SV_07" : [ 3.000000, 7.000000, 0.000000, 9.000000 ],
		"SV_08" : [ 7.000000, 9.000000, 6.000000, 2.000000 ],
		"SV_09" : [ 2.000000, 1.000000, 6.000000, 4.000000 ],
		"SV_10" : [ 9.000000, 4.000000, 4.000000, 4.000000 ],
		"SV_11" : [ 0.000000, 1.000000, 2.000000, 1.000000 ],
		"SV_12" : [ 1.000000, 8.000000, 9.000000, 7.000000 ],
		"SV_13" : [ 7.000000, 2.000000, 0.000000, 0.000000 ],
		"SV_14" : [ 2.000000, 7.000000, 2.000000, 10.000000 ],
		"SV_15" : [ 8.000000, 2.000000, 2.000000, 0.000000 ],
		"SV_16" : [ 1.000000, 9.000000, 2.000000, 3.000000 ],
		"SV_17" : [ 1.000000, 2.000000, 6.000000, 1.000000 ],
		"SV_18" : [ 0.000000, 2.000000, 1.000000, 7.000000 ],
		"SV_19" : [ 7.000000, 4.000000, 8.000000, 9.000000 ],
		"SV_20" : [ 5.000000, 0.000000, 5.000000, 4.000000 ],
		"SV_21" : [ 8.000000, 1.000000, 8.000000, 9.000000 ],
		"SV_22" : [ 8.000000, 7.000000, 1.000000, 7.000000 ],
		"SV_23" : [ 7.000000, 2.000000, 1.000000, 2.000000 ],
		"SV_24" : [ 8.000000, 1.000000, 7.000000, 0.000000 ],
		"SV_25" : [ 3.000000, 1.000000, 1.000000, 1.000000 ],
		"SV_26" : [ 5.000000, 6.000000, 5.000000, 1.000000 ],
		"SV_27" : [ 4.000000, 4.000000, 1.000000, 2.000000 ],
		"SV_28" : [ 10.000000, 0.000000, 3.000000, 5.000000 ],
		"SV_29" : [ 4.000000, 0.000000, 3.000000, 2.000000 ],
		"SV_30" : [ 9.000000, 5.000000, 0.000000, 0.000000 ],
		"SV_31" : [ 5.000000, 4.000000, 2.000000, 5.000000 ],
		"SV_32" : [ 0.000000, 4.000000, 9.000000, 0.000000 ],
		"SV_33" : [ 7.000000, 9.000000, 3.000000, 0.000000 ],
		"SV_34" : [ 0.000000, 0.000000, 9.000000, 9.000000 ]
	},
	"SupportVectorsCoefs" : {
		"SV_coef_0" : [ 0.162394, 0.016023, 0.271527, -1.228126, -0.125929, 0.105560, -0.057466, -0.117612, -0.098112, 0.137273, 0.081868, 0.243940, 0.150395, -2.000000, 0.329043, 1.818510, 0.039186, 0.117714, 0.012078, 0.011185, 0.466649, 0.050333, 1.025067, 2.000000, -0.093018, 0.638881, -0.088803, 0.139738, -1.246904, -1.914203, -2.000000, 0.028168, 0.173861, 0.734556, 0.216223 ]
	},
	"rho" : [ -1.145874 ],
	"nSV" : [ 35 ],
	"probA" : [ ],
	"probB" : [ ],
	"n_iter" : [ 128 ]
}
}