{
   "Contributions" : {
      "X_0" : [ -0.002703 ],
      "X_1" : [ 0.013469 ],
      "X_2" : [ 0.014544 ],
      "X_3" : [ 0.005387 ]   
   },
   "Most_Contributive_Features" : {
      "y" : [ 2, 1, 3, 0 ]
   }
}