{
   "Contributions" : {
      "X_0" : [ -0.001338 ],
      "X_1" : [ 0.014653 ],
      "X_2" : [ 0.017668 ],
      "X_3" : [ 0.007982 ]   
   },
   "Most_Contributive_Features" : {
      "y" : [ 2, 1, 3, 0 ]
   }
}