{
	"metadata" : { "model" : "Vapnik_SVR_RBF", "version" : "2024-W13", "signature" : "ff4_ff4"},
	"options" : {"svm_type" : "epsilon_svr", "kernel" : "rbf", "degree" : 3, "gamma" : 0.030193, "coef0" : 0.000000, "cache_size" : 300, "tol" : 0.001000, "nu" : 0.500000, "epsilon" : 0.100000, "shrinking" : 0, "probability" : 0, "C" : 1.000000, "max_iter" : 128, "random_state" : 1789 },
	"dataset" : { "dataset_rows" : 100, "dataset_features" : 4 },
	"svm_model" : {
	"classes" : 2,
	"L" : 34,
	"SupportVectors" : {
		"SV_00" : [ 9.000000, 9.000000, 10.000000, 3.000000 ],
		"SV_01" : [ 3.000000, 2.000000, 4.000000, 0.000000 ],
		"SV_02" : [ 1.000000, 6.000000, 1.000000, 7.000000 ],
		"SV_03" : [ 6.000000, 6.000000, 0.000000, 7.000000 ],
		"SV_04" : [ 7.000000, 8.000000, 0.000000, 5.000000 ],
		"SV_05" : [ 7.000000, 8.000000, 5.000000, 4.000000 ],
		"SV_06" : [ 4.000000, 10.000000, 0.000000, 7.000000 ],
		"SV_07" : [ 6.000000, 9.000000, 2.000000, 3.000000 ],
		"SV_08" : [ 6.000000, 1.000000, 8.000000, 4.000000 ],
		"SV_09" : [ 9.000000, 6.000000, 0.000000, 2.000000 ],
		"SV_10" : [ 5.000000, 6.000000, 7.000000, 4.000000 ],
		"SV_11" : [ 3.000000, 7.000000, 0.000000, 9.000000 ],
		"SV_12" : [ 2.000000, 1.000000, 6.000000, 4.000000 ],
		"SV_13" : [ 9.000000, 4.000000, 4.000000, 4.000000 ],
		"SV_14" : [ 0.000000, 1.000000, 2.000000, 1.000000 ],
		"SV_15" : [ 1.000000, 8.000000, 9.000000, 7.000000 ],
		"SV_16" : [ 7.000000, 2.000000, 0.000000, 0.000000 ],
		"SV_17" : [ 2.000000, 7.000000, 2.000000, 10.000000 ],
		"SV_18" : [ 8.000000, 2.000000, 2.000000, 0.000000 ],
		"SV_19" : [ 1.000000, 9.000000, 2.000000, 3.000000 ],
		"SV_20" : [ 1.000000, 2.000000, 6.000000, 1.000000 ],
		"SV_21" : [ 7.000000, 4.000000, 8.000000, 9.000000 ],
		"SV_22" : [ 5.000000, 0.000000, 5.000000, 4.000000 ],
		"SV_23" : [ 8.000000, 7.000000, 1.000000, 7.000000 ],
		"SV_24" : [ 7.000000, 2.000000, 1.000000, 2.000000 ],
		"SV_25" : [ 3.000000, 1.000000, 1.000000, 1.000000 ],
		"SV_26" : [ 4.000000, 4.000000, 1.000000, 2.000000 ],
		"SV_27" : [ 10.000000, 0.000000, 3.000000, 5.000000 ],
		"SV_28" : [ 4.000000, 0.000000, 3.000000, 2.000000 ],
		"SV_29" : [ 9.000000, 5.000000, 0.000000, 0.000000 ],
		"SV_30" : [ 5.000000, 4.000000, 2.000000, 5.000000 ],
		"SV_31" : [ 0.000000, 4.000000, 9.000000, 0.000000 ],
		"SV_32" : [ 7.000000, 9.000000, 3.000000, 0.000000 ],
		"SV_33" : [ 0.000000, 0.000000, 9.000000, 9.000000 ]
	},
	"SupportVectorsCoefs" : {
		"SV_coef_0" : [ 0.112189, 0.046555, 0.246034, -1.000000, -0.132656, -0.023488, 0.000607, 0.073625, 0.064451, -0.473176, -0.108277, -0.257275, 0.072028, 0.350022, 0.267379, 0.131081, -1.000000, 0.354917, 0.925854, 0.014969, 0.009820, 0.025293, 0.118615, 0.836780, 1.000000, 0.113867, 0.159486, -1.000000, -1.000000, -1.000000, 0.228962, 0.178570, 0.450299, 0.213470 ]
	},
	"rho" : [ -1.187776 ],
	"nSV" : [ 34 ],
	"probA" : [ ],
	"probB" : [ ],
	"n_iter" : [ 118 ]
}
}