{
	"metadata" : { "model" : "Vapnik_NuSVR_RBF", "version" : "2024-W14", "signature" : "ff4_ff4"},
	"options" : {"svm_type" : "nu_svr", "kernel" : "rbf", "degree" : 3, "gamma" : 0.094043, "coef0" : 0.000000, "cache_size" : 300, "tol" : 0.001000, "nu" : 0.100000, "epsilon" : 0.000000, "shrinking" : 0, "probability" : 0, "C" : 1.000000, "max_iter" : 128, "random_state" : 1789 },
	"dataset" : { "dataset_rows" : 128, "dataset_features" : 10 },
	"svm_model" : {
	"classes" : 2,
	"L" : 14,
	"SupportVectors" : {
		"SV_00" : [ 2.688408, -0.118800, 0.359897, -0.489429, 0.996860, 0.599293, -1.045101, 2.004759, -0.462834, -0.129511 ],
		"SV_01" : [ 0.375851, 2.459666, 2.331842, 1.801873, 0.883058, -1.030525, 2.246760, -1.930692, 0.035418, -1.673652 ],
		"SV_02" : [ 1.310308, 0.643712, -0.298097, -1.490154, -0.054971, -0.032850, 1.903817, 1.941130, -0.032541, 1.639231 ],
		"SV_03" : [ -0.442130, 1.306160, -1.825507, 1.100284, -1.437801, -0.649406, -1.264657, -1.279199, -0.018147, 0.535711 ],
		"SV_04" : [ -1.311457, -1.061103, -0.365120, 0.276259, 0.280019, 0.855360, -0.769762, 0.012511, -0.557793, -1.045207 ],
		"SV_05" : [ -3.011217, -0.237807, -2.809668, 0.002221, 0.782830, 1.331153, 1.409284, 0.359371, -1.268436, 0.620385 ],
		"SV_06" : [ -2.405949, -0.596539, -1.128497, -0.106956, 1.527979, 1.407338, -0.548176, -1.147983, 0.530755, -1.229026 ],
		"SV_07" : [ 1.452620, 0.705628, 0.216214, -0.906795, -1.136883, 0.741056, 0.189440, 1.620434, 0.030137, -0.426529 ],
		"SV_08" : [ -1.700999, -1.245986, -0.797353, -0.003768, 0.299899, -1.131430, -0.597494, -0.864654, 0.602584, -0.224870 ],
		"SV_09" : [ -1.769224, -1.166158, -0.095046, 0.337465, -0.252757, -0.331412, -0.408593, 0.186620, -0.383287, -0.100959 ],
		"SV_10" : [ 0.633331, -0.491662, 1.202712, 1.286438, 0.522782, -1.325794, 1.753920, 1.384409, 1.091936, 2.598730 ],
		"SV_11" : [ 0.764710, -0.131963, 2.929883, 0.541185, 0.398369, 0.432224, -0.203324, -0.310808, -0.580665, 1.869243 ],
		"SV_12" : [ 2.499587, -0.341454, 0.891432, 1.111856, 1.535207, -0.643536, 0.520371, -1.605136, -0.505035, 1.338524 ],
		"SV_13" : [ -0.219555, -0.642240, -1.664284, -0.318518, -0.399825, -1.013035, -2.511321, 1.036544, 1.729494, 2.465637 ]
	},
	"SupportVectorsCoefs" : {
		"SV_coef_0" : [ 0.400006, 1.000000, 1.000000, -0.560567, -0.839440, -1.000000, -1.000000, 1.000000, -1.000000, -1.000000, 1.000000, 1.000000, 1.000000, -1.000000 ]
	},
	"rho" : [ 3.322845 ],
	"nSV" : [ 14 ],
	"probA" : [ ],
	"probB" : [ ],
	"n_iter" : [ 22 ]
}
}