{
   "Contributions" : {
      "X_0" : [ 0.254171 ],
      "X_1" : [ 0.155014 ],
      "X_2" : [ -0.018376 ],
      "X_3" : [ 0.012138 ],
      "X_4" : [ 0.036488 ],
      "X_5" : [ 0.149823 ],
      "X_6" : [ 0.314712 ],
      "X_7" : [ -0.088987 ],
      "X_8" : [ 0.019127 ],
      "X_9" : [ -0.040648 ]   
   },
   "Most_Contributive_Features" : {
      "y" : [ 6, 0, 1, 5, 7, 9, 4, 8, 2, 3 ]
   }
}