{
   "Contributions" : {
      "X_0" : [ 0.063051 ],
      "X_1" : [ 0.042506 ],
      "X_2" : [ -0.003559 ],
      "X_3" : [ 0.003667 ],
      "X_4" : [ 0.006900 ],
      "X_5" : [ 0.013419 ],
      "X_6" : [ 0.041408 ],
      "X_7" : [ -0.018628 ],
      "X_8" : [ -0.001216 ],
      "X_9" : [ -0.032858 ]   
   },
   "Most_Contributive_Features" : {
      "y" : [ 0, 1, 6, 9, 7, 5, 4, 3, 2, 8 ]
   }
}