{
	"metadata" : { "model" : "Vapnik_NuSVR_RBF", "version" : "2024-W12", "signature" : "ff4_ff4"},
	"options" : {"svm_type" : "nu_svr", "kernel" : "rbf", "degree" : 3, "gamma" : 0.094043, "coef0" : 0.000000, "cache_size" : 300, "tol" : 0.001000, "nu" : 0.500000, "epsilon" : 0.000000, "shrinking" : 0, "probability" : 0, "C" : 1.000000, "max_iter" : 128, "random_state" : 1789 },
	"dataset" : { "dataset_rows" : 128, "dataset_features" : 10 },
	"svm_model" : {
	"classes" : 2,
	"L" : 65,
	"SupportVectors" : {
		"SV_00" : [ -0.648732, -0.880620, 0.202193, 0.525953, 0.655148, -0.647661, 0.272122, -2.437228, -0.548644, -0.541692 ],
		"SV_01" : [ -0.304252, -2.418750, 0.148738, -1.156809, 1.856268, 1.161673, 0.542158, -1.733213, -0.113479, -1.359821 ],
		"SV_02" : [ 2.688408, -0.118800, 0.359897, -0.489429, 0.996860, 0.599293, -1.045101, 2.004759, -0.462834, -0.129511 ],
		"SV_03" : [ 0.375851, 2.459666, 2.331842, 1.801873, 0.883058, -1.030525, 2.246760, -1.930692, 0.035418, -1.673652 ],
		"SV_04" : [ 1.174554, -0.660511, 1.243189, -2.320833, -0.455125, -1.586949, 0.584329, -1.353951, 0.417907, -0.191627 ],
		"SV_05" : [ -1.273629, 0.460004, 0.682084, 1.147776, 0.922568, 1.290484, 1.237666, 0.035166, -0.239901, 0.264996 ],
		"SV_06" : [ -0.633869, 0.649171, -0.429065, 0.272523, 0.196698, -2.142921, -0.339599, 1.631220, -0.304749, -1.457891 ],
		"SV_07" : [ 1.310308, 0.643712, -0.298097, -1.490154, -0.054971, -0.032850, 1.903817, 1.941130, -0.032541, 1.639231 ],
		"SV_08" : [ 0.335262, -0.707462, -1.092152, 0.398819, 0.575255, 2.060126, -0.139413, -0.972146, -0.959073, -0.534026 ],
		"SV_09" : [ 0.747064, -2.223174, -1.482916, -0.259218, 1.071458, 2.057120, 2.348745, -0.150693, 0.774286, 0.948420 ],
		"SV_10" : [ -0.442130, 1.306160, -1.825507, 1.100284, -1.437801, -0.649406, -1.264657, -1.279199, -0.018147, 0.535711 ],
		"SV_11" : [ -0.128471, 1.252242, -0.897563, -1.315457, -0.515139, -1.523841, 2.153701, 1.226570, 1.315538, 0.499118 ],
		"SV_12" : [ -1.198866, 0.482600, 0.476120, -0.286784, 0.512076, -2.769409, 0.302831, 0.379012, -1.783432, 0.156183 ],
		"SV_13" : [ 0.756962, -0.248595, -0.982614, -0.114596, -0.829428, 1.586725, 0.939967, 1.024227, -0.034959, 0.652720 ],
		"SV_14" : [ 0.060826, -0.170877, -0.139461, 0.539132, -0.188248, 1.301965, -1.535071, -1.050273, -1.064890, 1.796465 ],
		"SV_15" : [ -0.187884, 0.376811, 0.964727, 1.419989, -1.552071, -1.074179, 1.707673, -0.037415, -1.786444, 0.682144 ],
		"SV_16" : [ -1.715822, -0.023007, -0.007626, -0.506174, -0.354594, -0.697372, -0.307631, -0.587886, -0.643622, 1.632221 ],
		"SV_17" : [ -1.971602, -0.938173, 2.226125, -0.003377, 0.215672, -0.208693, -1.630048, -0.303311, 0.340269, -1.330856 ],
		"SV_18" : [ 0.415124, -0.371661, -0.969137, -1.446053, 0.028876, -1.039658, -0.850981, -0.761545, 0.315557, 1.207732 ],
		"SV_19" : [ 0.524310, 0.014469, 1.595374, -0.296571, -0.273733, -0.154071, -0.038919, 0.520472, -1.351202, 2.054339 ],
		"SV_20" : [ 1.155595, 1.467125, -0.901383, -1.745011, -0.084406, -0.070069, 0.792448, -0.187857, -0.004986, -0.696601 ],
		"SV_21" : [ -0.885169, 0.848285, 1.501806, 0.327893, -1.340787, 0.901386, 0.290686, 0.423296, -0.250458, 2.321921 ],
		"SV_22" : [ 2.843495, 0.378264, -0.761153, -0.411312, -0.412171, -1.011106, -1.256169, -0.738574, 1.715647, 1.915487 ],
		"SV_23" : [ -1.311457, -1.061103, -0.365120, 0.276259, 0.280019, 0.855360, -0.769762, 0.012511, -0.557793, -1.045207 ],
		"SV_24" : [ -0.459859, -1.121887, 0.246469, -0.555671, 0.273551, -0.290018, -1.027835, -1.036359, 0.868149, 0.335445 ],
		"SV_25" : [ 0.424181, 0.811608, -0.540987, -0.571047, 1.436532, 0.264788, 0.487881, 1.055724, 0.861992, -1.562200 ],
		"SV_26" : [ 1.021716, -1.179920, -0.153318, -0.899906, -0.345148, 0.995313, 0.912151, 0.737222, -1.214633, -0.051075 ],
		"SV_27" : [ 1.254984, -0.885393, -0.478961, -1.236692, -1.555016, -0.583413, 1.485080, 0.601391, 0.456315, -2.114021 ],
		"SV_28" : [ -3.011217, -0.237807, -2.809668, 0.002221, 0.782830, 1.331153, 1.409284, 0.359371, -1.268436, 0.620385 ],
		"SV_29" : [ 0.693461, 0.067277, -0.590666, 0.203376, 0.216461, -0.498485, 1.064389, 1.318963, -0.714298, -0.807691 ],
		"SV_30" : [ -2.209772, 1.659902, 0.534130, -0.216920, -1.602769, -0.729682, -0.855423, 0.785937, 0.657501, 0.892502 ],
		"SV_31" : [ 0.946236, 0.224542, 0.563936, -0.866098, -1.133546, -0.038214, 0.153602, 0.261961, 1.581772, 1.090296 ],
		"SV_32" : [ 1.612639, 0.137010, 0.240862, -0.977647, -0.844649, 1.151000, -0.252873, 0.974510, -1.655895, -0.763196 ],
		"SV_33" : [ -0.298941, 2.979427, -0.648334, -2.380690, 1.529984, -0.616551, -1.916239, -1.084344, -0.697196, -0.576447 ],
		"SV_34" : [ -0.949039, -0.622020, -0.116107, -0.779248, -1.497360, -0.673836, -0.997786, -1.144583, 0.638942, 0.178647 ],
		"SV_35" : [ 1.326070, 0.524081, 0.079805, -0.452211, -2.538231, 1.326972, -0.258162, -0.813953, 1.179245, 1.232050 ],
		"SV_36" : [ -2.405949, -0.596539, -1.128497, -0.106956, 1.527979, 1.407338, -0.548176, -1.147983, 0.530755, -1.229026 ],
		"SV_37" : [ -0.127645, -1.415597, 0.189105, 0.677687, -0.175369, -1.337310, -0.330152, -0.351191, -0.277215, 0.556343 ],
		"SV_38" : [ 1.452620, 0.705628, 0.216214, -0.906795, -1.136883, 0.741056, 0.189440, 1.620434, 0.030137, -0.426529 ],
		"SV_39" : [ -1.700999, -1.245986, -0.797353, -0.003768, 0.299899, -1.131430, -0.597494, -0.864654, 0.602584, -0.224870 ],
		"SV_40" : [ -0.507328, 2.039658, 0.340708, 1.854352, -0.552528, 0.162848, 1.359676, -1.207968, -0.026892, -0.044482 ],
		"SV_41" : [ -1.467998, -0.174562, 0.118430, -0.535004, -0.511882, -2.109080, -0.262456, 1.736880, -1.075503, -0.324785 ],
		"SV_42" : [ -1.769224, -1.166158, -0.095046, 0.337465, -0.252757, -0.331412, -0.408593, 0.186620, -0.383287, -0.100959 ],
		"SV_43" : [ 0.633331, -0.491662, 1.202712, 1.286438, 0.522782, -1.325794, 1.753920, 1.384409, 1.091936, 2.598730 ],
		"SV_44" : [ -0.900380, 0.301181, -0.980283, -1.842340, 0.854715, -0.066711, -0.151060, 1.140195, -0.097234, 1.106599 ],
		"SV_45" : [ 0.102174, 1.273097, -0.407573, -0.568025, -0.054702, 0.398208, 0.879137, 1.433457, 1.034127, -1.247617 ],
		"SV_46" : [ -1.516481, 0.244067, -0.841790, 1.161233, 0.424393, 0.159596, -0.551305, -0.435383, 0.331110, 0.009439 ],
		"SV_47" : [ 0.610623, -0.975684, -0.559904, -0.006026, 0.068502, -0.479809, -2.144871, 0.474430, -0.178466, -0.498425 ],
		"SV_48" : [ -1.211765, -0.495684, -1.097931, -1.186133, -0.424517, 0.927788, 0.937034, 0.617983, -1.065573, 0.698033 ],
		"SV_49" : [ 1.734685, -0.600885, 0.017007, 2.556288, -0.730615, 0.283637, 0.362679, 0.344474, 0.658571, -1.038015 ],
		"SV_50" : [ 0.764710, -0.131963, 2.929883, 0.541185, 0.398369, 0.432224, -0.203324, -0.310808, -0.580665, 1.869243 ],
		"SV_51" : [ 2.499587, -0.341454, 0.891432, 1.111856, 1.535207, -0.643536, 0.520371, -1.605136, -0.505035, 1.338524 ],
		"SV_52" : [ -0.680067, 0.341840, -0.356485, -1.184388, -1.019673, -0.047720, 1.149795, -1.400137, -2.695808, -0.152515 ],
		"SV_53" : [ -0.219555, -0.642240, -1.664284, -0.318518, -0.399825, -1.013035, -2.511321, 1.036544, 1.729494, 2.465637 ],
		"SV_54" : [ 0.336069, 2.633529, -0.656871, 1.068770, 0.709615, -0.069356, 0.424737, 0.507780, -1.191376, -0.430199 ],
		"SV_55" : [ -0.166372, -0.130838, -1.004811, 0.378066, -1.769074, -1.274597, -0.348532, -1.408014, 1.694823, -1.391582 ],
		"SV_56" : [ 1.972422, -1.549817, -0.971554, -0.308196, 0.511942, 1.477210, 0.605879, 0.952018, 1.797731, 0.343225 ],
		"SV_57" : [ -1.314494, -0.648566, 0.589049, 0.538790, 0.527542, -1.364554, -0.324772, 0.110675, 0.062874, 0.637909 ],
		"SV_58" : [ 1.874425, 0.992036, -0.551415, -1.370129, 0.120467, 0.812942, 0.036991, -0.741349, -1.886467, 1.654243 ],
		"SV_59" : [ 0.489235, 0.400164, 1.293302, 0.296031, 0.045590, 0.677102, 0.347311, 0.088336, -0.465157, 0.657557 ],
		"SV_60" : [ -1.195755, -0.821789, 0.664526, -0.838979, -0.912095, 0.900980, -0.866091, 0.101323, 0.629155, -0.737221 ],