{
   "Contributions" : {
      "X_0" : [ -0.108205 ],
      "X_1" : [ -0.056464 ],
      "X_2" : [ -0.004741 ],
      "X_3" : [ -0.874906 ],
      "X_4" : [ -0.004758 ],
      "X_5" : [ 0.017707 ],
      "X_6" : [ -0.030596 ],
      "X_7" : [ -0.039847 ],
      "X_8" : [ -0.025897 ],
      "X_9" : [ 0.000199 ]   
   },
   "Most_Contributive_Features" : {
      "y" : [ 3, 0, 1, 7, 6, 8, 5, 4, 2, 9 ]
   }
}