{
   "Contributions" : {
      "X_0" : [ 0.062800 ],
      "X_1" : [ -0.245430 ],
      "X_2" : [ 0.028314 ],
      "X_3" : [ -0.980012 ],
      "X_4" : [ 0.052193 ],
      "X_5" : [ 0.041620 ],
      "X_6" : [ 0.009189 ],
      "X_7" : [ -0.004314 ],
      "X_8" : [ -0.051909 ],
      "X_9" : [ 0.012157 ]   
   },
   "Most_Contributive_Features" : {
      "y" : [ 3, 1, 0, 4, 8, 5, 2, 9, 6, 7 ]
   }
}