{
   "Contributions" : {
      "X_0" : [ -0.000914, 0.001446, -0.000532 ],
      "X_1" : [ 0.002904, 0.002287, -0.005191 ],
      "X_2" : [ 0.036620, 0.008021, -0.044642 ],
      "X_3" : [ 0.008948, -0.003511, -0.005438 ]   
   },
   "Most_Contributive_Features_By_Class" : {
      "class_0" : [ 2, 3, 1, 0 ],
      "class_1" : [ 2, 3, 1, 0 ],
      "class_2" : [ 2, 3, 1, 0 ]
   }
}