{
   "Contributions" : {
      "X_0" : [ 0.001160, 0.000000, 0.000000, -0.001160 ],
      "X_1" : [ 0.000000, 0.000000, 0.000000, 0.000000 ],
      "X_2" : [ 0.000000, 0.000000, 0.000000, 0.000000 ],
      "X_3" : [ 0.000000, 0.000000, 0.000000, 0.000000 ],
      "X_4" : [ 0.000000, 0.000000, 0.000000, 0.000000 ],
      "X_5" : [ 0.000000, 0.000000, 0.000000, 0.000000 ],
      "X_6" : [ 0.000000, 0.000000, 0.000000, 0.000000 ],
      "X_7" : [ 0.000000, 0.000000, 0.000000, 0.000000 ],
      "X_8" : [ -0.001221, -0.001648, 0.002869, 0.000000 ],
      "X_9" : [ 0.000000, 0.000000, 0.000000, 0.000000 ],
      "X_10" : [ 0.000061, -0.001343, 0.000305, 0.000977 ],
      "X_11" : [ 0.003113, -0.001465, -0.001404, -0.000244 ],
      "X_12" : [ 0.000977, -0.000061, -0.000916, 0.000000 ],
      "X_13" : [ 0.000549, -0.000549, 0.000000, 0.000000 ],
      "X_14" : [ 0.000000, 0.000000, 0.000000, 0.000000 ],
      "X_15" : [ 0.003845, -0.001282, -0.002136, -0.000427 ],
      "X_16" : [ 0.000000, 0.000000, 0.000000, 0.000000 ],
      "X_17" : [ 0.000000, 0.000000, 0.000000, 0.000000 ],
      "X_18" : [ 0.000000, 0.000000, 0.000000, 0.000000 ],
      "X_19" : [ 0.000000, 0.000000, 0.000000, 0.000000 ],
      "X_20" : [ 0.002136, 0.000305, 0.000488, -0.002930 ],
      "X_21" : [ 0.000000, 0.000000, 0.000000, 0.000000 ],
      "X_22" : [ 0.000000, 0.000000, 0.000000, 0.000000 ],
      "X_23" : [ 0.000000, 0.000000, 0.000000, 0.000000 ],
      "X_24" : [ 0.000000, 0.000000, 0.000000, 0.000000 ],
      "X_25" : [ -0.002991, -0.001648, 0.002747, 0.001892 ],
      "X_26" : [ 0.000000, 0.000000, 0.000000, 0.000000 ],
      "X_27" : [ 0.000916, -0.004028, 0.000000, 0.003113 ],
      "X_28" : [ 0.001160, -0.000916, 0.000122, -0.000366 ],
      "X_29" : [ 0.000000, 0.000000, 0.000000, 0.000000 ],
      "X_30" : [ 0.002197, -0.003906, 0.000549, 0.001160 ],
      "X_31" : [ 0.000000, 0.000000, 0.000000, 0.000000 ],
      "X_32" : [ 0.000000, 0.000000, 0.000000, 0.000000 ],
      "X_33" : [ 0.000000, -0.002441, 0.002441, 0.000000 ],
      "X_34" : [ 0.000000, 0.000000, 0.000000, 0.000000 ],
      "X_35" : [ 0.000000, -0.001282, 0.000000, 0.001282 ],
      "X_36" : [ 0.000000, 0.000000, 0.000000, 0.000000 ],
      "X_37" : [ 0.000000, 0.000000, 0.000000, 0.000000 ],
      "X_38" : [ 0.000000, 0.000000, 0.000000, 0.000000 ],
      "X_39" : [ 0.002930, -0.002136, -0.001038, 0.000244 ],
      "X_40" : [ -0.000549, -0.000244, 0.001953, -0.001160 ],
      "X_41" : [ 0.000000, 0.000000, 0.000000, 0.000000 ],
      "X_42" : [ -0.000671, -0.001343, 0.001953, 0.000061 ],
      "X_43" : [ 0.000000, 0.000000, 0.000000, 0.000000 ],
      "X_44" : [ 0.000000, 0.000000, 0.000000, 0.000000 ],
      "X_45" : [ -0.000671, 0.000000, 0.000000, 0.000671 ],
      "X_46" : [ -0.000183, -0.000977, 0.000916, 0.000244 ],
      "X_47" : [ 0.000000, 0.000000, 0.000000, 0.000000 ],
      "X_48" : [ -0.000122, 0.000000, 0.000000, 0.000122 ],
      "X_49" : [ 0.002136, -0.000977, -0.001038, -0.000122 ],
      "X_50" : [ 0.000000, 0.000000, 0.000000, 0.000000 ],
      "X_51" : [ -0.000427, 0.000000, 0.000000, 0.000427 ],
      "X_52" : [ 0.002441, -0.005371, 0.007385, -0.004456 ],
      "X_53" : [ 0.003906, -0.005493, 0.000244, 0.001343 ],
      "X_54" : [ 0.000000, 0.000000, 0.000000, 0.000000 ],
      "X_55" : [ 0.000000, 0.000000, 0.000000, 0.000000 ],
      "X_56" : [ 0.000000, -0.000427, 0.000000, 0.000427 ],
      "X_57" : [ 0.000427, -0.000244, 0.000244, -0.000427 ],
      "X_58" : [ 0.002930, -0.002258, -0.000793, 0.000122 ],
      "X_59" : [ 0.000000, 0.000000, 0.000000, 0.000000 ],
      "X_60" : [ 0.000000, 0.000000, 0.000000, 0.000000 ],
      "X_61" : [ 0.000000, 0.000000, -0.000427, 0.000427 ],
      "X_62" : [ 0.001282, 0.001648, -0.003845, 0.000916 ],
      "X_63" : [ 0.000000, 0.000000, 0.000000, 0.000000 ],
      "X_64" : [ 0.000000, 0.000000, 0.000000, 0.000000 ],
      "X_65" : [ 0.000000, 0.000000, 0.000000, 0.000000 ],
      "X_66" : [ 0.005676, -0.002197, -0.003235, -0.000244 ],
      "X_67" : [ 0.000000, 0.000000, 0.000000, 0.000000 ],
      "X_68" : [ 0.002441, -0.000183, -0.002258, 0.000000 ],
      "X_69" : [ 0.001221, 0.000000, -0.001221, 0.000000 ],
      "X_70" : [ 0.000000, 0.000000, 0.000000, 0.000000 ],
      "X_71" : [ -0.000366, 0.000000, 0.000366, 0.000000 ],
      "X_72" : [ 0.005920, -0.004211, -0.003052, 0.001343 ],
      "X_73" : [ 0.000000, 0.000000, 0.000000, 0.000000 ],
      "X_74" : [ 0.001465, -0.000183, -0.000427, -0.000854 ],
      "X_75" : [ 0.000000, -0.000549, 0.001648, -0.001099 ],
      "X_76" : [ 0.002502, 0.000000, 0.000000, -0.002502 ],
      "X_77" : [ 0.000000, 0.000000, 0.000000, 0.000000 ],
      "X_78" : [ 0.000000, -0.000977, 0.000000, 0.000977 ],
      "X_79" : [ 0.000000, 0.000000, 0.000000, 0.000000 ],
      "X_80" : [ 0.000000, 0.000000, 0.000000, 0.000000 ],
      "X_81" : [ 0.000305, 0.000671, -0.000977, 0.000000 ],
      "X_82" : [ 0.000000, 0.000000, 0.000000, 0.000000 ],
      "X_83" : [ -0.001953, 0.000366, 0.001587, 0.000000 ],
      "X_84" : [ 0.000122, -0.000061, 0.001953, -0.002014 ],
      "X_85" : [ 0.000000, 0.000000, 0.000000, 0.000000 ],
      "X_86" : [ 0.000000, 0.000000, 0.000000, 0.000000 ],
      "X_87" : [ 0.000610, 0.000000, -0.000610, 0.000000 ],
      "X_88" : [ -0.000610, 0.001038, -0.000732, 0.000305 ],
      "X_89" : [ 0.000000, 0.000000, 0.000000, 0.000000 ],
      "X_90" : [ 0.007385, -0.001648, -0.000244, -0.005493 ],
      "X_91" : [ 0.000000, 0.000732, -0.000732, 0.000000 ],
      "X_92" : [ 0.003967, -0.000610, -0.000488, -0.002869 ],
      "X_93" : [ 0.000000, -0.001160, 0.000000, 0.001160 ],
      "X_94" : [ 0.000122, -0.000183, -0.001282, 0.001343 ],
      "X_95" : [ 0.009399, -0.002136, -0.006409, -0.000854 ],
      "X_96" : [ -0.000610, -0.004883, 0.006653, -0.001160 ],
      "X_97" : [ 0.003601, -0.025574, 0.010986, 0.010986 ],
      "X_98" : [ 0.000183, -0.000366, 0.000122, 0.000061 ],
      "X_99" : [ -0.000427, -0.007080, 0.011353, -0.003845 ]   
   },
   "Most_Contributive_Features_By_Class" : {
      "class_0" : [ 95, 90, 72, 66, 92, 53, 15, 97, 11, 25 ],
      "class_1" : [ 97, 99, 53, 52, 96, 72, 27, 30, 33, 58 ],
      "class_2" : [ 99, 97, 52, 96, 95, 62, 66, 72, 8, 25 ],
      "class_3" : [ 97, 90, 52, 99, 27, 20, 92, 76, 84, 25 ]
   }
}