{
	"metadata" : { "model" : "Tikhonov_Ridge", "version" : "2024-W12", "signature" : "ff4_ff4"},
	"options" : { "alpha" : 1.000000, "random_state" : 1789 },
	"dataset" : { "dataset_rows" : 100, "dataset_features" : 10 },
	"equations" : {
			"intercept" : -1.052393,
			"coeffs" : [ 6.345413, 7.447799, 1.872425, 10.319371, 4.512089, 0.862391, -0.339141, 0.239347, -0.654346, 0.905860 ]
		}
}