{
   "Contributions" : {
      "X_0" : [ -0.125933 ],
      "X_1" : [ 0.068577 ],
      "X_2" : [ -0.017206 ],
      "X_3" : [ -0.908250 ],
      "X_4" : [ 0.061104 ],
      "X_5" : [ -0.071033 ],
      "X_6" : [ -0.015781 ],
      "X_7" : [ -0.023150 ],
      "X_8" : [ -0.014405 ],
      "X_9" : [ 0.004830 ]   
   },
   "Most_Contributive_Features" : {
      "y" : [ 3, 0, 5, 1, 4, 7, 2, 6, 8, 9 ]
   }
}