{
   "Contributions" : {
      "X_0" : [ -0.127926 ],
      "X_1" : [ 0.069165 ],
      "X_2" : [ -0.017417 ],
      "X_3" : [ -0.917787 ],
      "X_4" : [ 0.061533 ],
      "X_5" : [ -0.071207 ],
      "X_6" : [ -0.015732 ],
      "X_7" : [ -0.024512 ],
      "X_8" : [ -0.014782 ],
      "X_9" : [ 0.004916 ]   
   },
   "Most_Contributive_Features" : {
      "y" : [ 3, 0, 5, 1, 4, 7, 2, 6, 8, 9 ]
   }
}