{
   "Contributions" : {
      "X_0" : [ -2.735548 ],
      "X_1" : [ 11.501392 ],
      "X_2" : [ 25.936247 ],
      "X_3" : [ -0.834491 ],
      "X_4" : [ 0.761646 ],
      "X_5" : [ -7.813864 ],
      "X_6" : [ 12.476892 ],
      "X_7" : [ -9.928643 ],
      "X_8" : [ 1.602118 ],
      "X_9" : [ -2.949884 ]   
   },
   "Most_Contributive_Features" : {
      "y" : [ 2, 6, 1, 7, 5, 9, 0, 8, 3, 4 ]
   }
}