{
	"metadata" : { "model" : "Tikhonov_Ridge", "version" : "2024-W14", "signature" : "ff4_ff4"},
	"options" : { "alpha" : 0.000000, "random_state" : 1789 },
	"dataset" : { "dataset_rows" : 512, "dataset_features" : 10 },
	"equations" : {
			"intercept" : 0.000014,
			"coeffs" : [ 89.170647, 48.855709, 73.118607, 7.017595, 4.637187, 27.396866, 77.385178, 35.203297, 26.482380, 17.608105 ]
		}
}