{
	"metadata" : { "model" : "Tikhonov_Ridge", "version" : "2024-W13", "signature" : "ff4_ff4"},
	"options" : { "alpha" : 1.000000, "random_state" : 1789 },
	"dataset" : { "dataset_rows" : 512, "dataset_features" : 10 },
	"equations" : {
			"intercept" : 0.022406,
			"coeffs" : [ 88.993675, 48.779442, 72.965805, 7.024037, 4.641862, 27.341997, 77.243912, 35.143356, 26.439499, 17.556599 ]
		}
}