{
   "Contributions" : {
      "X_0" : [ -2.730119 ],
      "X_1" : [ 11.483436 ],
      "X_2" : [ 25.882048 ],
      "X_3" : [ -0.835256 ],
      "X_4" : [ 0.762414 ],
      "X_5" : [ -7.798216 ],
      "X_6" : [ 12.454111 ],
      "X_7" : [ -9.911748 ],
      "X_8" : [ 1.599524 ],
      "X_9" : [ -2.941254 ]   
   },
   "Most_Contributive_Features" : {
      "y" : [ 2, 6, 1, 7, 5, 9, 0, 8, 3, 4 ]
   }
}