{
   "Contributions" : {
      "X_0" : [ 0.000300 ],
      "X_1" : [ 0.000016 ],
      "X_2" : [ 0.001047 ],
      "X_3" : [ -0.000106 ],
      "X_4" : [ 0.000028 ],
      "X_5" : [ -0.000309 ],
      "X_6" : [ 0.000913 ],
      "X_7" : [ -0.001486 ],
      "X_8" : [ 0.002319 ],
      "X_9" : [ -0.000053 ],
      "X_10" : [ 0.000306 ],
      "X_11" : [ 0.000074 ],
      "X_12" : [ 0.003035 ],
      "X_13" : [ 0.001936 ],
      "X_14" : [ 0.000042 ],
      "X_15" : [ -0.000949 ],
      "X_16" : [ -0.000442 ],
      "X_17" : [ -0.000180 ],
      "X_18" : [ 0.003268 ],
      "X_19" : [ -0.000375 ],
      "X_20" : [ -0.002037 ],
      "X_21" : [ -0.000312 ],
      "X_22" : [ -0.003227 ],
      "X_23" : [ 0.000016 ],
      "X_24" : [ -0.000281 ],
      "X_25" : [ -0.003199 ],
      "X_26" : [ 0.000520 ],
      "X_27" : [ 0.000188 ],
      "X_28" : [ 0.001302 ],
      "X_29" : [ -0.000632 ],
      "X_30" : [ -0.000614 ],
      "X_31" : [ -0.000037 ],
      "X_32" : [ 0.005940 ],
      "X_33" : [ 0.000306 ],
      "X_34" : [ -0.000410 ],
      "X_35" : [ 0.001113 ],
      "X_36" : [ -0.002085 ],
      "X_37" : [ 0.000054 ],
      "X_38" : [ 0.000910 ],
      "X_39" : [ -0.000673 ],
      "X_40" : [ 0.000570 ],
      "X_41" : [ 0.000234 ],
      "X_42" : [ 0.000836 ],
      "X_43" : [ -0.000325 ],
      "X_44" : [ -0.000341 ],
      "X_45" : [ 0.000906 ],
      "X_46" : [ -0.002080 ],
      "X_47" : [ 0.003376 ],
      "X_48" : [ -0.000844 ],
      "X_49" : [ -0.000008 ],
      "X_50" : [ 0.000774 ],
      "X_51" : [ -0.000054 ],
      "X_52" : [ -0.000130 ],
      "X_53" : [ 0.001847 ],
      "X_54" : [ 0.000000 ],
      "X_55" : [ -0.000126 ],
      "X_56" : [ 0.000148 ],
      "X_57" : [ -0.000164 ],
      "X_58" : [ -0.000346 ],
      "X_59" : [ 0.002217 ],
      "X_60" : [ -0.000017 ],
      "X_61" : [ -0.000570 ],
      "X_62" : [ 0.001880 ],
      "X_63" : [ 0.000119 ],
      "X_64" : [ 0.000436 ],
      "X_65" : [ -0.000070 ],
      "X_66" : [ 0.000884 ],
      "X_67" : [ 0.000186 ],
      "X_68" : [ -0.000723 ],
      "X_69" : [ 0.001586 ],
      "X_70" : [ 0.000137 ],
      "X_71" : [ 0.000818 ],
      "X_72" : [ 0.000953 ],
      "X_73" : [ 0.000398 ],
      "X_74" : [ -0.000311 ],
      "X_75" : [ -0.001571 ],
      "X_76" : [ -0.000720 ],
      "X_77" : [ -0.001487 ],
      "X_78" : [ 0.003231 ],
      "X_79" : [ -0.000089 ],
      "X_80" : [ 0.001313 ],
      "X_81" : [ -0.008810 ],
      "X_82" : [ 0.000535 ],
      "X_83" : [ 0.000068 ],
      "X_84" : [ 0.001486 ],
      "X_85" : [ -0.001116 ],
      "X_86" : [ 0.003491 ],
      "X_87" : [ -0.003129 ],
      "X_88" : [ -0.000344 ],
      "X_89" : [ -0.000101 ],
      "X_90" : [ 0.000475 ],
      "X_91" : [ -0.000566 ],
      "X_92" : [ 0.000789 ],
      "X_93" : [ 0.001406 ],
      "X_94" : [ -0.000920 ],
      "X_95" : [ 0.000981 ],
      "X_96" : [ 0.000659 ],
      "X_97" : [ -0.000348 ],
      "X_98" : [ 0.000377 ],
      "X_99" : [ -0.001172 ]   
   },
   "Most_Contributive_Features" : {
      "y" : [ 81, 32, 86, 47, 18, 78, 22, 25, 87, 12 ]
   }
}