{
   "Contributions" : {
      "X_0" : [ -0.025216 ],
      "X_1" : [ -0.083131 ],
      "X_2" : [ 0.004619 ],
      "X_3" : [ -0.123214 ],
      "X_4" : [ -0.162679 ],
      "X_5" : [ 0.132983 ],
      "X_6" : [ -0.074662 ],
      "X_7" : [ 0.016997 ],
      "X_8" : [ 0.000000 ]   
   },
   "Most_Contributive_Features" : {
      "y" : [ 4, 5, 3, 1, 6, 0, 7, 2 ]
   }
}