{
   "Contributions" : {
      "X_0" : [ -0.008911 ],
      "X_1" : [ -0.049842 ],
      "X_2" : [ 0.002429 ],
      "X_3" : [ -0.033302 ],
      "X_4" : [ -0.079373 ],
      "X_5" : [ 0.084367 ],
      "X_6" : [ -0.048666 ],
      "X_7" : [ -0.001879 ],
      "X_8" : [ 0.000000 ]   
   },
   "Most_Contributive_Features" : {
      "y" : [ 5, 4, 1, 6, 3, 0, 2, 7 ]
   }
}