{
   "Contributions" : {
      "X_0" : [ 0.004870, -0.002633, 0.000549, -0.002786 ],
      "X_1" : [ 0.001692, -0.009825, 0.005005, 0.003128 ],
      "X_2" : [ 0.000224, -0.000474, -0.000080, 0.000330 ],
      "X_3" : [ -0.001908, -0.000990, -0.002451, 0.005349 ],
      "X_4" : [ -0.000991, -0.006990, 0.019236, -0.011255 ],
      "X_5" : [ -0.000713, 0.000598, -0.001132, 0.001247 ],
      "X_6" : [ 0.000583, 0.000367, -0.001582, 0.000633 ],
      "X_7" : [ 0.001310, -0.000447, 0.001608, -0.002471 ],
      "X_8" : [ 0.004137, -0.003944, -0.002028, 0.001836 ],
      "X_9" : [ 0.001123, -0.000067, -0.000134, -0.000921 ],
      "X_10" : [ -0.000127, -0.001367, -0.002974, 0.004468 ],
      "X_11" : [ 0.002290, -0.000547, -0.002912, 0.001169 ],
      "X_12" : [ -0.006040, 0.008908, -0.007817, 0.004949 ],
      "X_13" : [ 0.001242, -0.003955, 0.006299, -0.003587 ],
      "X_14" : [ -0.001368, 0.001369, -0.000993, 0.000992 ],
      "X_15" : [ -0.004284, 0.002717, 0.004889, -0.003322 ],
      "X_16" : [ 0.000353, -0.002787, 0.000380, 0.002054 ],
      "X_17" : [ 0.000114, 0.000021, -0.000128, -0.000007 ],
      "X_18" : [ -0.000571, 0.002259, -0.003050, 0.001361 ],
      "X_19" : [ 0.001303, -0.003686, -0.001872, 0.004256 ],
      "X_20" : [ -0.002126, 0.001254, -0.002008, 0.002880 ],
      "X_21" : [ -0.001811, -0.000210, 0.000471, 0.001550 ],
      "X_22" : [ 0.001138, -0.000144, 0.000474, -0.001468 ],
      "X_23" : [ -0.001149, 0.003295, -0.001718, -0.000429 ],
      "X_24" : [ -0.004750, 0.003818, 0.001499, -0.000567 ],
      "X_25" : [ 0.000580, -0.009813, 0.005761, 0.003472 ],
      "X_26" : [ -0.000930, -0.001137, 0.002174, -0.000107 ],
      "X_27" : [ 0.001228, 0.003905, 0.000049, -0.005182 ],
      "X_28" : [ -0.000721, -0.002369, 0.003096, -0.000006 ],
      "X_29" : [ -0.000503, 0.006158, -0.004208, -0.001447 ],
      "X_30" : [ 0.000412, -0.001238, 0.000654, 0.000172 ],
      "X_31" : [ 0.006215, -0.002341, -0.002230, -0.001644 ],
      "X_32" : [ 0.002486, -0.005646, 0.005597, -0.002437 ],
      "X_33" : [ 0.001185, 0.003738, -0.001305, -0.003618 ],
      "X_34" : [ 0.001119, -0.012260, 0.006977, 0.004163 ],
      "X_35" : [ 0.001424, -0.000877, -0.001256, 0.000709 ],
      "X_36" : [ -0.001834, 0.005018, -0.001594, -0.001590 ],
      "X_37" : [ -0.001394, 0.001092, -0.003448, 0.003750 ],
      "X_38" : [ 0.001552, -0.008507, 0.008104, -0.001150 ],
      "X_39" : [ 0.004768, -0.000243, -0.004418, -0.000107 ],
      "X_40" : [ 0.000599, 0.001061, -0.009583, 0.007923 ],
      "X_41" : [ -0.000465, 0.002205, 0.001275, -0.003014 ],
      "X_42" : [ 0.001217, -0.001444, -0.006829, 0.007055 ],
      "X_43" : [ 0.000232, 0.000394, 0.000410, -0.001036 ],
      "X_44" : [ 0.000280, -0.001962, 0.000998, 0.000684 ],
      "X_45" : [ 0.003118, 0.000239, -0.003298, -0.000059 ],
      "X_46" : [ -0.003804, 0.005130, -0.001420, 0.000095 ],
      "X_47" : [ 0.005418, -0.008782, -0.002497, 0.005861 ],
      "X_48" : [ -0.000236, -0.006319, -0.000853, 0.007408 ],
      "X_49" : [ -0.000648, -0.000174, -0.008432, 0.009255 ],
      "X_50" : [ -0.003241, 0.000185, 0.001137, 0.001920 ],
      "X_51" : [ 0.001510, -0.001751, -0.001173, 0.001414 ],
      "X_52" : [ 0.002044, -0.001239, 0.002908, -0.003713 ],
      "X_53" : [ 0.001913, -0.003224, -0.000645, 0.001957 ],
      "X_54" : [ -0.006470, 0.013747, -0.014659, 0.007381 ],
      "X_55" : [ 0.007819, -0.003471, 0.003381, -0.007729 ],
      "X_56" : [ 0.000266, 0.000195, -0.000812, 0.000351 ],
      "X_57" : [ -0.000999, -0.003827, 0.004480, 0.000346 ],
      "X_58" : [ -0.002739, -0.004709, -0.004123, 0.011571 ],
      "X_59" : [ 0.000425, -0.002320, 0.003576, -0.001680 ],
      "X_60" : [ -0.000906, -0.000471, 0.000709, 0.000668 ],
      "X_61" : [ -0.001661, -0.001024, 0.002990, -0.000305 ],
      "X_62" : [ -0.005643, 0.000962, 0.002383, 0.002298 ],
      "X_63" : [ 0.001050, 0.000238, -0.001895, 0.000606 ],
      "X_64" : [ 0.000648, -0.001499, 0.000589, 0.000261 ],
      "X_65" : [ -0.001394, 0.000505, 0.000644, 0.000246 ],
      "X_66" : [ 0.002135, -0.000479, -0.002313, 0.000658 ],
      "X_67" : [ -0.001108, -0.000358, 0.003831, -0.002365 ],
      "X_68" : [ -0.000012, -0.000326, 0.000193, 0.000144 ],
      "X_69" : [ 0.000639, 0.003662, 0.002226, -0.006527 ],
      "X_70" : [ 0.001223, -0.000353, 0.000147, -0.001017 ],
      "X_71" : [ 0.000915, -0.000312, -0.000484, -0.000119 ],
      "X_72" : [ -0.000532, 0.002255, -0.000022, -0.001701 ],
      "X_73" : [ 0.000197, 0.003655, 0.000637, -0.004489 ],
      "X_74" : [ -0.000217, 0.000883, 0.000350, -0.001017 ],
      "X_75" : [ 0.002086, -0.000489, -0.000529, -0.001068 ],
      "X_76" : [ 0.005894, -0.000172, -0.001056, -0.004667 ],
      "X_77" : [ -0.000698, -0.000026, 0.001289, -0.000565 ],
      "X_78" : [ -0.000510, 0.000444, -0.000063, 0.000128 ],
      "X_79" : [ 0.005615, 0.001554, -0.003653, -0.003516 ],
      "X_80" : [ -0.001260, 0.000405, 0.000288, 0.000568 ],
      "X_81" : [ 0.003535, 0.000892, -0.002654, -0.001773 ],
      "X_82" : [ -0.000382, -0.000522, 0.000235, 0.000669 ],
      "X_83" : [ 0.000010, 0.000662, -0.000218, -0.000453 ],
      "X_84" : [ -0.000006, 0.002938, -0.000659, -0.002272 ],
      "X_85" : [ 0.002388, 0.001309, 0.000351, -0.004047 ],
      "X_86" : [ -0.001096, 0.003129, -0.003930, 0.001896 ],
      "X_87" : [ 0.007592, -0.004775, 0.001446, -0.004263 ],
      "X_88" : [ 0.001265, -0.000316, -0.001147, 0.000197 ],
      "X_89" : [ -0.001279, -0.008528, 0.004585, 0.005221 ],
      "X_90" : [ -0.000740, 0.003640, -0.004166, 0.001265 ],
      "X_91" : [ -0.001898, -0.000006, 0.002715, -0.000811 ],
      "X_92" : [ 0.001955, 0.000536, -0.001670, -0.000821 ],
      "X_93" : [ -0.002973, 0.007316, -0.002018, -0.002325 ],
      "X_94" : [ 0.001784, -0.004898, 0.000640, 0.002474 ],
      "X_95" : [ 0.001806, -0.000860, 0.001148, -0.002094 ],
      "X_96" : [ 0.005793, -0.001377, -0.001515, -0.002901 ],
      "X_97" : [ -0.003152, -0.002858, 0.005523, 0.000487 ],
      "X_98" : [ 0.003052, -0.004778, -0.000576, 0.002301 ],
      "X_99" : [ 0.000356, -0.003886, -0.000292, 0.003822 ]   
   },
   "Most_Contributive_Features_By_Class" : {
      "class_0" : [ 55, 87, 54, 31, 12, 76, 96, 62, 79, 47 ],
      "class_1" : [ 54, 34, 1, 25, 12, 47, 89, 38, 93, 4 ],
      "class_2" : [ 4, 54, 40, 49, 38, 12, 34, 42, 13, 25 ],
      "class_3" : [ 58, 4, 49, 40, 55, 48, 54, 42, 69, 47 ]
   }
}