{
   "Contributions" : {
      "X_0" : [ 0.004081, -0.001893, 0.000269, -0.002457 ],
      "X_1" : [ 0.001536, -0.007618, 0.003498, 0.002583 ],
      "X_2" : [ 0.000218, -0.000481, -0.000057, 0.000320 ],
      "X_3" : [ -0.001849, -0.001076, -0.002315, 0.005240 ],
      "X_4" : [ -0.001167, -0.005765, 0.017017, -0.010084 ],
      "X_5" : [ -0.000715, 0.000770, -0.001409, 0.001354 ],
      "X_6" : [ 0.000495, 0.000274, -0.001366, 0.000598 ],
      "X_7" : [ 0.001232, -0.000477, 0.001647, -0.002402 ],
      "X_8" : [ 0.003933, -0.004431, -0.001507, 0.002006 ],
      "X_9" : [ 0.001130, -0.000086, -0.000104, -0.000941 ],
      "X_10" : [ -0.000580, -0.000465, -0.003558, 0.004603 ],
      "X_11" : [ 0.002098, -0.000572, -0.002471, 0.000945 ],
      "X_12" : [ -0.005390, 0.008152, -0.007381, 0.004618 ],
      "X_13" : [ 0.000598, -0.003153, 0.005662, -0.003107 ],
      "X_14" : [ -0.001245, 0.001281, -0.000992, 0.000957 ],
      "X_15" : [ -0.003925, 0.002520, 0.005068, -0.003663 ],
      "X_16" : [ 0.000063, -0.001746, 0.000023, 0.001661 ],
      "X_17" : [ 0.000126, -0.000044, -0.000107, 0.000025 ],
      "X_18" : [ -0.000226, 0.001350, -0.002357, 0.001233 ],
      "X_19" : [ 0.001330, -0.003900, -0.001678, 0.004248 ],
      "X_20" : [ -0.001723, 0.000991, -0.001853, 0.002586 ],
      "X_21" : [ -0.001906, -0.000138, 0.000339, 0.001705 ],
      "X_22" : [ 0.001113, 0.000015, 0.000474, -0.001602 ],
      "X_23" : [ -0.001106, 0.002257, -0.000795, -0.000356 ],
      "X_24" : [ -0.004274, 0.002979, 0.001418, -0.000122 ],
      "X_25" : [ 0.000457, -0.009092, 0.005520, 0.003115 ],
      "X_26" : [ -0.000801, -0.001150, 0.002153, -0.000202 ],
      "X_27" : [ 0.001185, 0.003915, 0.000298, -0.005399 ],
      "X_28" : [ -0.000537, -0.002130, 0.002754, -0.000087 ],
      "X_29" : [ -0.000442, 0.005340, -0.004022, -0.000876 ],
      "X_30" : [ 0.000703, -0.000955, 0.000015, 0.000237 ],
      "X_31" : [ 0.005834, -0.002171, -0.002030, -0.001633 ],
      "X_32" : [ 0.002133, -0.004270, 0.005342, -0.003205 ],
      "X_33" : [ 0.001415, 0.003631, -0.001699, -0.003346 ],
      "X_34" : [ 0.000703, -0.010175, 0.006025, 0.003447 ],
      "X_35" : [ 0.000825, -0.000518, -0.000792, 0.000485 ],
      "X_36" : [ -0.001692, 0.004199, -0.001140, -0.001367 ],
      "X_37" : [ -0.001463, 0.001521, -0.003756, 0.003699 ],
      "X_38" : [ 0.001207, -0.008170, 0.007898, -0.000935 ],
      "X_39" : [ 0.004993, -0.000455, -0.004134, -0.000403 ],
      "X_40" : [ 0.001404, -0.000103, -0.008513, 0.007211 ],
      "X_41" : [ -0.000207, 0.001687, 0.001139, -0.002620 ],
      "X_42" : [ 0.000706, -0.001444, -0.006051, 0.006788 ],
      "X_43" : [ 0.000523, 0.000257, 0.000162, -0.000943 ],
      "X_44" : [ 0.000334, -0.002070, 0.001085, 0.000651 ],
      "X_45" : [ 0.002934, 0.000710, -0.003527, -0.000116 ],
      "X_46" : [ -0.003256, 0.004269, -0.001039, 0.000026 ],
      "X_47" : [ 0.004849, -0.007562, -0.002969, 0.005683 ],
      "X_48" : [ -0.000503, -0.005879, -0.000694, 0.007076 ],
      "X_49" : [ -0.000478, 0.000041, -0.008933, 0.009370 ],
      "X_50" : [ -0.002479, -0.000211, 0.001138, 0.001552 ],
      "X_51" : [ 0.001556, -0.001765, -0.001271, 0.001480 ],
      "X_52" : [ 0.001813, -0.000952, 0.002382, -0.003243 ],
      "X_53" : [ 0.001434, -0.002772, -0.000386, 0.001724 ],
      "X_54" : [ -0.006422, 0.012304, -0.012100, 0.006218 ],
      "X_55" : [ 0.007784, -0.004049, 0.003406, -0.007140 ],
      "X_56" : [ 0.000186, 0.000113, -0.000573, 0.000274 ],
      "X_57" : [ -0.000994, -0.003035, 0.004133, -0.000105 ],
      "X_58" : [ -0.002431, -0.004799, -0.004142, 0.011372 ],
      "X_59" : [ 0.000320, -0.001851, 0.003560, -0.002029 ],
      "X_60" : [ -0.000710, -0.000668, 0.001172, 0.000206 ],
      "X_61" : [ -0.001892, -0.000848, 0.002917, -0.000177 ],
      "X_62" : [ -0.004782, -0.000010, 0.002314, 0.002478 ],
      "X_63" : [ 0.001242, -0.000026, -0.001560, 0.000343 ],
      "X_64" : [ 0.000614, -0.000610, 0.000267, -0.000270 ],
      "X_65" : [ -0.001177, 0.000380, 0.000981, -0.000184 ],
      "X_66" : [ 0.001753, -0.000263, -0.002169, 0.000679 ],
      "X_67" : [ -0.001032, -0.000907, 0.004346, -0.002406 ],
      "X_68" : [ 0.000058, -0.000120, 0.000070, -0.000009 ],
      "X_69" : [ 0.001406, 0.002440, 0.002731, -0.006577 ],
      "X_70" : [ 0.001132, 0.000091, -0.000078, -0.001145 ],
      "X_71" : [ 0.000978, -0.000311, -0.000621, -0.000046 ],
      "X_72" : [ -0.000342, 0.001745, 0.000079, -0.001482 ],
      "X_73" : [ 0.000326, 0.003368, 0.000738, -0.004432 ],
      "X_74" : [ 0.000071, 0.000288, 0.000374, -0.000732 ],
      "X_75" : [ 0.001979, -0.000615, -0.000380, -0.000984 ],
      "X_76" : [ 0.005350, 0.000343, -0.001478, -0.004216 ],
      "X_77" : [ -0.000736, 0.000154, 0.001351, -0.000768 ],
      "X_78" : [ -0.000433, 0.000306, -0.000054, 0.000181 ],
      "X_79" : [ 0.005407, 0.001404, -0.003337, -0.003473 ],
      "X_80" : [ -0.001172, 0.000374, 0.000237, 0.000561 ],
      "X_81" : [ 0.003344, 0.001033, -0.002533, -0.001844 ],
      "X_82" : [ -0.000571, -0.000109, 0.000237, 0.000443 ],
      "X_83" : [ -0.000109, 0.000474, 0.000103, -0.000468 ],
      "X_84" : [ 0.000084, 0.002669, -0.000623, -0.002131 ],
      "X_85" : [ 0.002438, 0.001203, 0.000242, -0.003884 ],
      "X_86" : [ -0.000931, 0.003051, -0.003435, 0.001315 ],
      "X_87" : [ 0.007466, -0.003831, 0.001062, -0.004696 ],
      "X_88" : [ 0.001202, -0.000554, -0.000848, 0.000199 ],
      "X_89" : [ -0.002227, -0.006686, 0.003556, 0.005357 ],
      "X_90" : [ -0.000552, 0.003261, -0.003928, 0.001219 ],
      "X_91" : [ -0.001707, 0.000217, 0.002339, -0.000849 ],
      "X_92" : [ 0.001948, 0.000313, -0.001662, -0.000598 ],
      "X_93" : [ -0.002366, 0.005981, -0.001259, -0.002356 ],
      "X_94" : [ 0.001816, -0.004303, 0.000416, 0.002071 ],
      "X_95" : [ 0.001542, -0.000605, 0.001193, -0.002131 ],
      "X_96" : [ 0.005079, -0.001539, -0.001248, -0.002292 ],
      "X_97" : [ -0.003484, -0.002347, 0.004953, 0.000878 ],
      "X_98" : [ 0.003110, -0.004760, -0.000396, 0.002046 ],
      "X_99" : [ 0.000115, -0.002858, -0.000535, 0.003278 ]   
   },
   "Most_Contributive_Features_By_Class" : {
      "class_0" : [ 55, 87, 54, 31, 79, 12, 76, 96, 39, 47 ],
      "class_1" : [ 54, 34, 25, 38, 12, 1, 47, 89, 93, 48 ],
      "class_2" : [ 4, 54, 49, 40, 38, 12, 42, 34, 13, 25 ],
      "class_3" : [ 58, 4, 49, 40, 55, 48, 42, 69, 54, 47 ]
   }
}