{
	"metadata" : { "model" : "Tikhonov_Ridge", "version" : "2024-W12", "signature" : "ff4_il8"},
	"options" : { "alpha" : 0.000000, "random_state" : 1789 },
	"dataset" : { "dataset_rows" : 64, "dataset_features" : 100 },
	"classes" : [ 0, 1, 2, 3 ],
	"equations" : {
		"class_0" : {
			"intercept" : -0.435129,
			"coeffs" : [ -0.127077, -0.023887, 0.019792, 0.103184, -0.000815, -0.054984, -0.092606, 0.031880, 0.121656, 0.127582, 0.025043, 0.030587, -0.224390, -0.013324, 0.108654, -0.079534, 0.013791, -0.021706, -0.040479, -0.087536, 0.123308, -0.128571, -0.075455, 0.138907, 0.083402, 0.054466, 0.093221, -0.006129, -0.098559, 0.022455, 0.026622, 0.079315, -0.288348, -0.062907, -0.007246, 0.068529, 0.115250, 0.065285, 0.031246, -0.139562, 0.008812, 0.026396, 0.054456, 0.154191, -0.029918, 0.209451, 0.108563, 0.082673, -0.071687, 0.003505, 0.164674, -0.054657, 0.125674, 0.015642, -0.125092, 0.088222, 0.000340, 0.341885, -0.042288, 0.047248, -0.062865, -0.068922, 0.062898, -0.025419, 0.019380, -0.022319, 0.022348, 0.056203, 0.074000, 0.007232, -0.082984, 0.268603, 0.026739, -0.018651, 0.049696, -0.078912, 0.163569, 0.078687, -0.029914, 0.036294, 0.112161, 0.126607, -0.030653, -0.139751, -0.008447, 0.221852, 0.067197, -0.261728, -0.106293, 0.047002, 0.062248, 0.094120, 0.137783, 0.058173, 0.159349, 0.119879, 0.138297, 0.030865, -0.086884, 0.023403 ]
		},
		"class_1" : {
			"intercept" : -0.433021,
			"coeffs" : [ 0.080538, 0.141068, -0.062487, 0.006480, 0.086815, 0.221964, -0.035803, -0.012916, -0.097352, -0.049706, 0.046845, -0.004375, 0.318698, 0.125815, 0.088545, 0.038321, -0.064736, 0.004343, 0.114600, 0.099331, -0.188813, 0.050080, 0.061740, -0.150895, -0.072718, -0.307821, -0.079103, -0.033297, 0.137517, 0.123901, -0.064300, 0.022150, 0.348872, -0.090649, 0.146655, 0.067745, -0.140724, -0.014965, -0.128241, -0.198717, -0.038615, -0.060168, 0.034947, 0.090740, 0.096386, -0.036253, -0.128247, -0.144989, -0.099176, 0.030065, -0.236397, -0.082631, -0.135031, -0.078797, 0.217942, -0.052383, -0.043052, -0.307823, -0.088039, -0.117330, 0.130218, -0.127306, -0.003515, -0.031211, 0.044346, 0.012311, 0.005000, -0.002834, -0.090538, 0.042996, 0.027662, -0.249407, -0.076723, 0.134339, 0.033500, 0.004907, -0.028286, -0.155601, 0.121882, 0.012604, 0.022563, 0.024824, -0.075840, 0.054813, -0.078673, 0.030070, -0.180748, 0.139711, 0.023224, 0.086383, -0.185182, 0.070039, -0.014072, -0.217434, -0.236594, -0.237216, -0.166385, 0.202992, 0.107184, -0.200990 ]
		},
		"class_2" : {
			"intercept" : -0.423530,
			"coeffs" : [ -0.057571, -0.078732, 0.025226, 0.116521, -0.228911, -0.033892, 0.111908, 0.040092, -0.075213, 0.035072, 0.083748, -0.036012, -0.215996, -0.223991, 0.004416, 0.102519, 0.013081, 0.019211, -0.171149, 0.101925, 0.214460, -0.065342, -0.054862, 0.038481, -0.027071, 0.184550, 0.112134, 0.003661, -0.110651, -0.139454, 0.019331, -0.008560, -0.259826, 0.066098, -0.116584, -0.157794, 0.013979, 0.077130, 0.120879, 0.167423, 0.147875, -0.036611, -0.299725, -0.079307, -0.036963, -0.133081, 0.035050, -0.053635, -0.015081, 0.069963, 0.083166, 0.070031, 0.163036, 0.034086, -0.186636, 0.035129, 0.047718, 0.108787, -0.064169, 0.172658, 0.006399, 0.124341, -0.046058, 0.073143, -0.086476, 0.010065, -0.035354, -0.108086, -0.021805, 0.036670, -0.018847, 0.175822, 0.016566, -0.017982, -0.078618, 0.002758, -0.049671, -0.014502, -0.055525, -0.030858, -0.005778, -0.089843, 0.106541, 0.026556, 0.046365, -0.021996, 0.085414, -0.025577, 0.072207, -0.096143, 0.169835, -0.206673, -0.075153, 0.061601, 0.060134, -0.003382, 0.046287, -0.164698, 0.082987, 0.093149 ]
		},
		"class_3" : {
			"intercept" : -0.707113,
			"coeffs" : [ 0.101541, -0.036851, 0.017233, -0.221424, 0.141113, -0.134412, 0.015450, -0.055733, 0.052091, -0.114315, -0.153941, 0.010524, 0.122124, 0.111848, -0.203551, -0.062520, 0.039659, -0.002989, 0.096863, -0.115187, -0.150955, 0.142688, 0.069685, -0.027939, 0.015862, 0.071665, -0.126446, 0.035014, 0.074211, -0.007403, 0.017462, -0.093941, 0.199324, 0.085578, -0.022180, 0.021783, 0.009538, -0.127669, -0.022256, 0.171081, -0.117727, 0.071705, 0.213117, -0.167696, -0.029212, -0.037986, -0.015679, 0.115041, 0.182350, -0.105233, -0.009607, 0.070201, -0.154000, 0.030111, 0.090549, -0.071895, -0.005634, -0.143060, 0.193096, -0.102873, -0.074606, 0.071870, -0.013539, -0.017617, 0.020470, 0.000748, 0.007729, 0.055896, 0.038131, -0.085340, 0.075417, -0.197474, 0.031507, -0.099638, -0.005046, 0.072427, -0.086544, 0.092816, -0.034024, -0.017945, -0.127496, -0.058986, -0.000056, 0.058882, 0.041094, -0.230523, 0.028643, 0.145635, 0.012601, -0.033719, -0.048383, 0.042234, -0.047507, 0.097602, 0.017162, 0.121182, -0.021482, -0.070214, -0.102324, 0.082418 ]
		}
	}
}