{
   "Contributions" : {
      "X_0" : [ 1.764394 ],
      "X_1" : [ 0.395271 ],
      "X_2" : [ -9.586463 ],
      "X_3" : [ 1.090174 ],
      "X_4" : [ -1.845616 ],
      "X_5" : [ 0.537951 ],
      "X_6" : [ -20.306137 ],
      "X_7" : [ -4.593544 ],
      "X_8" : [ -1.345837 ],
      "X_9" : [ 0.644820 ]   
   },
   "Most_Contributive_Features" : {
      "y" : [ 6, 2, 7, 4, 0, 8, 3, 9, 5, 1 ]
   }
}