{
	"metadata" : { "model" : "Vapnik_NuSVC_RBF", "version" : "2024-W14", "signature" : "ff4_il8"},
	"options" : {"svm_type" : "nu_svc", "kernel" : "rbf", "degree" : 3, "gamma" : 0.075211, "coef0" : 0.000000, "cache_size" : 300, "tol" : 0.001000, "nu" : 0.500000, "epsilon" : 0.000000, "shrinking" : 0, "probability" : 1, "C" : 1.000000, "max_iter" : 128, "random_state" : 1789 },
	"dataset" : { "dataset_rows" : 16, "dataset_features" : 10 },
	"classes" : [ 0, 1 ],
	"svm_model" : {
	"classes" : 2,
	"L" : 16,
	"SupportVectors" : {
		"SV_00" : [ -1.064559, -0.820872, -0.723270, -0.096420, -0.404633, -0.815225, -0.838692, 0.652010, -0.319080, -0.383915 ],
		"SV_01" : [ -0.960957, -1.294560, -0.778172, 0.835975, -1.018968, -0.120865, -0.680721, -0.518959, 0.207019, -0.945521 ],
		"SV_02" : [ -1.954561, -1.845000, 0.508844, -0.224022, 0.663209, 0.083038, 0.446295, 0.532215, -1.374292, 2.746056 ],
		"SV_03" : [ 0.509511, -0.339445, -0.100619, 0.563929, 1.613860, -2.277556, -0.750928, 0.303728, 0.213285, -1.199707 ],
		"SV_04" : [ -0.366856, -2.698274, 0.045788, 0.314876, 0.963445, -1.163608, -0.303052, -0.850652, 0.057282, -0.702300 ],
		"SV_05" : [ -1.388256, -0.178366, 0.039211, 0.978269, 0.961760, -1.173605, -0.311436, -0.225993, -1.172041, -0.253551 ],
		"SV_06" : [ 1.360494, 0.682985, -1.812859, -0.395256, -1.719778, -1.129074, -1.834214, -0.935174, 2.206119, -1.293514 ],
		"SV_07" : [ 0.983214, -0.343181, -0.498688, 0.163199, -0.733125, 0.026367, -0.405810, -0.797164, 0.430213, 0.588898 ],
		"SV_08" : [ -1.406136, -0.242116, 1.301289, -0.494365, 1.026426, 1.080046, 1.395626, -1.043267, -1.426875, 1.876952 ],
		"SV_09" : [ -0.098659, -1.731538, 2.272470, 0.118096, 1.083412, 2.804890, 2.706482, 0.845839, 1.740497, 0.199837 ],
		"SV_10" : [ -2.816561, -1.091985, -0.089846, -1.001222, 0.245099, -0.483993, -0.216350, -0.176273, 0.481645, -0.115846 ],
		"SV_11" : [ -2.525896, -0.477894, -0.273729, 1.188786, -1.104002, 0.923579, 0.043686, 1.096727, -0.136594, 0.296252 ],
		"SV_12" : [ -2.810322, 0.803423, 0.052149, -2.649015, -1.775187, 2.396832, 0.745691, -0.584702, 1.221721, 1.307240 ],
		"SV_13" : [ 0.444082, -0.224036, -0.126428, 0.204438, -0.991489, 1.050597, 0.203061, -0.491621, 1.706341, -0.190966 ],
		"SV_14" : [ -0.143033, -0.745429, 1.941176, 0.378268, 1.105095, 2.163219, 2.243701, 1.262047, 0.532632, -2.605754 ],
		"SV_15" : [ -0.890672, 0.398898, -0.046821, -0.951328, -0.764308, 0.903657, 0.226011, -2.143014, 0.973574, -0.299585 ]
	},
	"SupportVectorsCoefs" : {
		"SV_coef_0" : [ 0.708866, 1.729820, 2.104920, 0.017662, 0.246422, 0.982022, 0.850742, 1.779226, -1.627098, -0.217255, -1.965086, -1.575139, -0.056339, -2.104920, -0.441195, -0.432648 ]
	},
	"rho" : [ 0.172011 ],
	"nSV" : [ 8, 8 ],
	"probA" : [ -2.219952 ],
	"probB" : [ -0.064865 ],
	"n_iter" : [ 30 ]
}
}