{
   "Contributions" : {
      "X_0" : [ -0.008330, 0.008330 ],
      "X_1" : [ -0.040026, 0.040026 ],
      "X_2" : [ -0.004585, 0.004585 ],
      "X_3" : [ -0.020491, 0.020491 ],
      "X_4" : [ -0.001814, 0.001814 ],
      "X_5" : [ -0.077147, 0.077147 ],
      "X_6" : [ -0.034933, 0.034933 ],
      "X_7" : [ -0.000595, 0.000595 ],
      "X_8" : [ -0.027760, 0.027760 ],
      "X_9" : [ 0.009194, -0.009194 ]   
   },
   "Most_Contributive_Features_By_Class" : {
      "class_0" : [ 5, 1, 6, 8, 3, 9, 0, 2, 4, 7 ],
      "class_1" : [ 5, 1, 6, 8, 3, 9, 0, 2, 4, 7 ]
   }
}