{
   "Contributions" : {
      "X_0" : [ -0.006085, 0.006085 ],
      "X_1" : [ -0.028500, 0.028500 ],
      "X_2" : [ -0.007009, 0.007009 ],
      "X_3" : [ -0.013870, 0.013870 ],
      "X_4" : [ -0.006489, 0.006489 ],
      "X_5" : [ -0.076149, 0.076149 ],
      "X_6" : [ -0.039775, 0.039775 ],
      "X_7" : [ -0.013633, 0.013633 ],
      "X_8" : [ -0.028544, 0.028544 ],
      "X_9" : [ 0.019989, -0.019989 ]   
   },
   "Most_Contributive_Features_By_Class" : {
      "class_0" : [ 5, 6, 8, 1, 9, 3, 7, 2, 4, 0 ],
      "class_1" : [ 5, 6, 8, 1, 9, 3, 7, 2, 4, 0 ]
   }
}