{
   "Contributions" : {
      "X_0" : [ -0.000746, 0.000746 ],
      "X_1" : [ -0.002504, 0.002504 ],
      "X_2" : [ 0.000752, -0.000752 ],
      "X_3" : [ 0.001636, -0.001636 ],
      "X_4" : [ -0.000295, 0.000295 ],
      "X_5" : [ 0.000050, -0.000050 ],
      "X_6" : [ 0.000132, -0.000132 ],
      "X_7" : [ -0.000816, 0.000816 ],
      "X_8" : [ 0.000490, -0.000490 ],
      "X_9" : [ 0.000429, -0.000429 ],
      "X_10" : [ -0.000059, 0.000059 ],
      "X_11" : [ 0.000791, -0.000791 ],
      "X_12" : [ 0.000216, -0.000216 ],
      "X_13" : [ 0.001439, -0.001439 ],
      "X_14" : [ -0.000549, 0.000549 ],
      "X_15" : [ 0.000751, -0.000751 ],
      "X_16" : [ -0.000156, 0.000156 ],
      "X_17" : [ 0.001102, -0.001102 ],
      "X_18" : [ 0.001110, -0.001110 ],
      "X_19" : [ 0.000845, -0.000845 ],
      "X_20" : [ 0.000547, -0.000547 ],
      "X_21" : [ 0.000802, -0.000802 ],
      "X_22" : [ 0.000910, -0.000910 ],
      "X_23" : [ 0.001137, -0.001137 ],
      "X_24" : [ 0.000309, -0.000309 ],
      "X_25" : [ -0.000774, 0.000774 ],
      "X_26" : [ 0.000000, 0.000000 ],
      "X_27" : [ 0.000078, -0.000078 ],
      "X_28" : [ -0.000016, 0.000016 ],
      "X_29" : [ 0.000057, -0.000057 ],
      "X_30" : [ -0.000545, 0.000545 ],
      "X_31" : [ 0.000127, -0.000127 ],
      "X_32" : [ 0.000493, -0.000493 ],
      "X_33" : [ -0.000427, 0.000427 ],
      "X_34" : [ -0.000159, 0.000159 ],
      "X_35" : [ 0.000794, -0.000794 ],
      "X_36" : [ 0.000324, -0.000324 ],
      "X_37" : [ 0.000075, -0.000075 ],
      "X_38" : [ 0.001089, -0.001089 ],
      "X_39" : [ 0.000272, -0.000272 ],
      "X_40" : [ -0.000101, 0.000101 ],
      "X_41" : [ -0.000701, 0.000701 ],
      "X_42" : [ 0.000350, -0.000350 ],
      "X_43" : [ -0.000499, 0.000499 ],
      "X_44" : [ 0.000267, -0.000267 ],
      "X_45" : [ -0.000188, 0.000188 ],
      "X_46" : [ 0.001468, -0.001468 ],
      "X_47" : [ 0.002492, -0.002492 ],
      "X_48" : [ 0.000118, -0.000118 ],
      "X_49" : [ 0.003710, -0.003710 ],
      "X_50" : [ -0.000376, 0.000376 ],
      "X_51" : [ 0.000241, -0.000241 ],
      "X_52" : [ 0.000513, -0.000513 ],
      "X_53" : [ 0.002140, -0.002140 ],
      "X_54" : [ 0.000756, -0.000756 ],
      "X_55" : [ -0.000053, 0.000053 ],
      "X_56" : [ 0.000408, -0.000408 ],
      "X_57" : [ 0.001496, -0.001496 ],
      "X_58" : [ 0.000475, -0.000475 ],
      "X_59" : [ 0.000068, -0.000068 ],
      "X_60" : [ 0.000748, -0.000748 ],
      "X_61" : [ 0.003892, -0.003892 ],
      "X_62" : [ 0.000802, -0.000802 ],
      "X_63" : [ 0.004119, -0.004119 ],
      "X_64" : [ 0.001651, -0.001651 ],
      "X_65" : [ 0.000000, 0.000000 ],
      "X_66" : [ -0.000414, 0.000414 ],
      "X_67" : [ 0.004246, -0.004246 ],
      "X_68" : [ 0.000267, -0.000267 ],
      "X_69" : [ -0.000994, 0.000994 ],
      "X_70" : [ -0.000939, 0.000939 ],
      "X_71" : [ 0.000073, -0.000073 ],
      "X_72" : [ -0.001528, 0.001528 ],
      "X_73" : [ -0.000115, 0.000115 ],
      "X_74" : [ 0.000361, -0.000361 ],
      "X_75" : [ 0.001857, -0.001857 ],
      "X_76" : [ 0.000450, -0.000450 ],
      "X_77" : [ 0.000000, 0.000000 ],
      "X_78" : [ -0.000825, 0.000825 ],
      "X_79" : [ 0.000610, -0.000610 ],
      "X_80" : [ -0.000058, 0.000058 ],
      "X_81" : [ 0.000010, -0.000010 ],
      "X_82" : [ -0.000034, 0.000034 ],
      "X_83" : [ -0.001707, 0.001707 ],
      "X_84" : [ -0.000061, 0.000061 ],
      "X_85" : [ 0.000488, -0.000488 ],
      "X_86" : [ 0.001050, -0.001050 ],
      "X_87" : [ -0.000940, 0.000940 ],
      "X_88" : [ -0.001806, 0.001806 ],
      "X_89" : [ 0.000103, -0.000103 ],
      "X_90" : [ -0.001164, 0.001164 ],
      "X_91" : [ 0.002909, -0.002909 ],
      "X_92" : [ -0.003210, 0.003210 ],
      "X_93" : [ 0.001604, -0.001604 ],
      "X_94" : [ -0.000122, 0.000122 ],
      "X_95" : [ 0.007587, -0.007587 ],
      "X_96" : [ 0.004229, -0.004229 ],
      "X_97" : [ -0.001052, 0.001052 ],
      "X_98" : [ 0.001195, -0.001195 ],
      "X_99" : [ -0.003255, 0.003255 ]   
   },
   "Most_Contributive_Features_By_Class" : {
      "class_0" : [ 95, 67, 96, 63, 61, 49, 99, 92, 91, 1 ],
      "class_1" : [ 95, 67, 96, 63, 61, 49, 99, 92, 91, 1 ]
   }
}