{
   "Contributions" : {
      "X_0" : [ -0.002311, 0.002311 ],
      "X_1" : [ -0.001100, 0.001100 ],
      "X_2" : [ -0.016692, 0.016692 ],
      "X_3" : [ -0.013136, 0.013136 ],
      "X_4" : [ -0.001871, 0.001871 ],
      "X_5" : [ -0.091302, 0.091302 ],
      "X_6" : [ -0.031723, 0.031723 ],
      "X_7" : [ 0.001341, -0.001341 ],
      "X_8" : [ -0.000576, 0.000576 ],
      "X_9" : [ 0.002164, -0.002164 ]   
   },
   "Most_Contributive_Features_By_Class" : {
      "class_0" : [ 5, 6, 2, 3, 0, 9, 4, 7, 1, 8 ],
      "class_1" : [ 5, 6, 2, 3, 0, 9, 4, 7, 1, 8 ]
   }
}