{
   "Contributions" : {
      "X_0" : [ 0.007898, -0.007898 ],
      "X_1" : [ 0.000000, 0.000000 ],
      "X_2" : [ 0.000000, 0.000000 ],
      "X_3" : [ 0.000000, 0.000000 ],
      "X_4" : [ -0.000782, 0.000782 ],
      "X_5" : [ -0.032163, 0.032163 ],
      "X_6" : [ -0.001141, 0.001141 ],
      "X_7" : [ 0.000000, 0.000000 ],
      "X_8" : [ -0.008116, 0.008116 ],
      "X_9" : [ 0.000000, 0.000000 ]   
   },
   "Most_Contributive_Features_By_Class" : {
      "class_0" : [ 5, 8, 0, 6, 4 ],
      "class_1" : [ 5, 8, 0, 6, 4 ]
   }
}