{
   "Contributions" : {
      "X_0" : [ 0.000585, 0.000204, -0.000789 ],
      "X_1" : [ 0.005002, -0.000687, -0.004315 ],
      "X_2" : [ 0.064480, 0.064972, -0.129452 ],
      "X_3" : [ 0.032312, 0.015541, -0.047853 ]   
   },
   "Most_Contributive_Features_By_Class" : {
      "class_0" : [ 2, 3, 1, 0 ],
      "class_1" : [ 2, 3, 1, 0 ],
      "class_2" : [ 2, 3, 1, 0 ]
   }
}