{
   "Contributions" : {
      "X_0" : [ 0.006802, -0.005174, -0.001628 ],
      "X_1" : [ 0.000693, -0.000283, -0.000410 ],
      "X_2" : [ 0.054690, 0.056779, -0.111469 ],
      "X_3" : [ 0.010435, -0.001133, -0.009302 ]   
   },
   "Most_Contributive_Features_By_Class" : {
      "class_0" : [ 2, 3, 0, 1 ],
      "class_1" : [ 2, 0, 3, 1 ],
      "class_2" : [ 2, 3, 0, 1 ]
   }
}