{
   "Contributions" : {
      "X_0" : [ 0.001499, 0.000380, -0.001879 ],
      "X_1" : [ 0.013196, -0.027815, 0.014619 ],
      "X_2" : [ -0.009981, 0.009711, 0.000271 ],
      "X_3" : [ 0.001930, 0.001974, -0.003904 ]   
   },
   "Most_Contributive_Features_By_Class" : {
      "class_0" : [ 1, 2, 3, 0 ],
      "class_1" : [ 1, 2, 3, 0 ],
      "class_2" : [ 1, 3, 0, 2 ]
   }
}