{
   "Contributions" : {
      "X_0" : [ 0.000778, -0.000229, -0.000313, -0.000237 ],
      "X_1" : [ 0.000900, 0.000092, -0.001472, 0.000481 ],
      "X_2" : [ 0.000160, 0.000221, 0.000053, -0.000435 ],
      "X_3" : [ 0.000786, -0.000961, 0.000305, -0.000130 ],
      "X_4" : [ 0.000275, -0.001595, 0.001068, 0.000252 ],
      "X_5" : [ -0.000015, 0.000233, -0.000252, 0.000034 ],
      "X_6" : [ 0.000000, 0.000000, 0.000000, 0.000000 ],
      "X_7" : [ 0.000153, -0.000290, 0.000763, -0.000626 ],
      "X_8" : [ 0.000069, -0.001320, 0.000664, 0.000587 ],
      "X_9" : [ 0.000603, 0.001045, -0.000053, -0.001595 ],
      "X_10" : [ -0.000008, 0.000214, -0.000053, -0.000153 ],
      "X_11" : [ 0.000877, -0.000984, -0.001076, 0.001183 ],
      "X_12" : [ 0.000031, -0.000015, 0.000008, -0.000023 ],
      "X_13" : [ 0.002464, -0.000748, -0.000908, -0.000809 ],
      "X_14" : [ 0.000015, 0.000000, -0.000046, 0.000031 ],
      "X_15" : [ -0.000237, 0.000893, -0.000771, 0.000114 ],
      "X_16" : [ 0.000725, -0.000160, 0.000755, -0.001320 ],
      "X_17" : [ -0.000366, 0.000206, -0.000122, 0.000282 ],
      "X_18" : [ 0.000786, 0.000534, -0.000580, -0.000740 ],
      "X_19" : [ -0.000832, 0.000320, -0.000664, 0.001175 ],
      "X_20" : [ 0.001045, -0.000347, -0.000496, -0.000202 ],
      "X_21" : [ 0.001404, -0.001236, -0.001022, 0.000854 ],
      "X_22" : [ 0.002129, -0.001572, -0.000435, -0.000122 ],
      "X_23" : [ 0.000229, -0.000496, 0.001167, -0.000900 ],
      "X_24" : [ 0.000793, -0.000694, 0.000641, -0.000740 ],
      "X_25" : [ 0.002663, 0.000092, -0.001312, -0.001442 ],
      "X_26" : [ 0.000000, 0.000000, 0.000000, 0.000000 ],
      "X_27" : [ -0.000053, -0.000526, 0.000938, -0.000359 ],
      "X_28" : [ 0.000084, 0.000000, 0.000069, -0.000153 ],
      "X_29" : [ -0.000519, -0.000046, 0.000153, 0.000412 ],
      "X_30" : [ -0.001205, 0.000427, 0.000359, 0.000420 ],
      "X_31" : [ 0.000618, -0.000610, 0.000931, -0.000938 ],
      "X_32" : [ 0.000000, 0.000000, 0.000000, 0.000000 ],
      "X_33" : [ -0.000023, 0.000000, 0.000023, 0.000000 ],
      "X_34" : [ 0.000038, 0.000095, 0.002090, -0.002224 ],
      "X_35" : [ 0.001137, -0.000832, -0.000290, -0.000015 ],
      "X_36" : [ 0.000191, 0.000076, 0.000000, -0.000267 ],
      "X_37" : [ 0.000801, -0.000534, 0.002235, -0.002502 ],
      "X_38" : [ 0.000900, -0.000740, -0.001747, 0.001587 ],
      "X_39" : [ 0.002167, -0.002220, 0.001060, -0.001007 ],
      "X_40" : [ 0.001442, -0.002144, -0.000626, 0.001328 ],
      "X_41" : [ 0.000000, -0.000008, 0.000000, 0.000008 ],
      "X_42" : [ 0.001930, -0.001205, -0.001221, 0.000496 ],
      "X_43" : [ -0.001305, -0.000244, 0.001465, 0.000084 ],
      "X_44" : [ 0.000000, 0.000053, 0.000076, -0.000130 ],
      "X_45" : [ 0.000000, -0.000694, 0.000496, 0.000198 ],
      "X_46" : [ -0.000458, 0.000084, -0.000587, 0.000961 ],
      "X_47" : [ 0.000931, 0.000008, 0.000305, -0.001244 ],
      "X_48" : [ 0.000000, -0.000214, 0.000008, 0.000206 ],
      "X_49" : [ 0.002441, -0.001907, -0.002632, 0.002098 ],
      "X_50" : [ 0.000366, 0.000000, -0.000328, -0.000038 ],
      "X_51" : [ 0.002495, -0.004795, 0.003170, -0.000870 ],
      "X_52" : [ 0.001434, -0.000664, -0.000717, -0.000053 ],
      "X_53" : [ 0.000061, 0.000099, 0.000618, -0.000778 ],
      "X_54" : [ 0.001244, -0.000130, -0.001862, 0.000748 ],
      "X_55" : [ 0.000504, -0.000183, -0.000381, 0.000061 ],
      "X_56" : [ 0.000603, 0.000374, -0.000481, -0.000496 ],
      "X_57" : [ 0.000359, 0.000679, 0.002312, -0.003349 ],
      "X_58" : [ 0.000374, 0.000870, 0.000008, -0.001251 ],
      "X_59" : [ 0.000130, -0.001312, 0.000282, 0.000900 ],
      "X_60" : [ 0.001747, -0.000168, -0.000542, -0.001038 ],
      "X_61" : [ 0.001869, -0.000412, 0.001251, -0.002708 ],
      "X_62" : [ 0.000816, -0.000862, 0.000031, 0.000015 ],
      "X_63" : [ 0.001419, 0.000740, -0.002197, 0.000038 ],
      "X_64" : [ 0.000900, 0.000793, -0.000549, -0.001144 ],
      "X_65" : [ -0.000252, -0.000023, 0.000687, -0.000412 ],
      "X_66" : [ 0.006233, 0.001846, -0.006592, -0.001488 ],
      "X_67" : [ 0.000404, -0.001659, 0.000580, 0.000675 ],
      "X_68" : [ -0.000656, -0.000175, 0.000450, 0.000381 ],
      "X_69" : [ 0.000107, -0.000175, 0.000031, 0.000038 ],
      "X_70" : [ 0.000008, -0.000938, 0.000015, 0.000916 ],
      "X_71" : [ 0.000465, -0.000328, -0.000008, -0.000130 ],
      "X_72" : [ 0.000282, -0.000717, 0.001648, -0.001213 ],
      "X_73" : [ 0.000290, 0.000114, -0.000122, -0.000282 ],
      "X_74" : [ -0.000114, 0.000145, -0.000076, 0.000046 ],
      "X_75" : [ -0.000229, -0.001110, 0.002754, -0.001415 ],
      "X_76" : [ 0.000000, 0.000153, -0.000191, 0.000038 ],
      "X_77" : [ 0.000061, 0.000000, -0.000099, 0.000038 ],
      "X_78" : [ 0.000435, 0.000290, 0.000412, -0.001137 ],
      "X_79" : [ 0.002411, 0.000549, -0.001259, -0.001701 ],
      "X_80" : [ 0.000359, 0.000000, 0.000000, -0.000359 ],
      "X_81" : [ -0.001762, 0.000000, 0.000870, 0.000893 ],
      "X_82" : [ -0.002075, 0.000664, 0.000305, 0.001106 ],
      "X_83" : [ -0.000282, 0.000221, 0.001556, -0.001495 ],
      "X_84" : [ 0.000854, -0.000038, -0.000771, -0.000046 ],
      "X_85" : [ 0.000267, -0.000969, -0.000771, 0.001472 ],
      "X_86" : [ 0.000496, 0.000130, -0.000374, -0.000252 ],
      "X_87" : [ 0.001518, 0.000957, -0.000359, -0.002117 ],
      "X_88" : [ -0.000603, -0.000763, 0.000412, 0.000954 ],
      "X_89" : [ -0.000900, 0.000618, -0.000061, 0.000343 ],
      "X_90" : [ -0.000610, -0.003422, 0.007645, -0.003613 ],
      "X_91" : [ 0.001556, -0.000572, 0.000885, -0.001869 ],
      "X_92" : [ 0.000351, -0.001289, 0.001419, -0.000481 ],
      "X_93" : [ -0.001083, -0.005722, -0.010887, 0.017693 ],
      "X_94" : [ 0.000130, -0.002026, 0.001698, 0.000198 ],
      "X_95" : [ 0.003265, -0.004303, 0.001633, -0.000595 ],
      "X_96" : [ 0.002861, -0.001671, 0.000298, -0.001488 ],
      "X_97" : [ -0.001518, -0.004040, 0.001114, 0.004444 ],
      "X_98" : [ -0.000565, -0.003540, 0.004265, -0.000160 ],
      "X_99" : [ 0.005119, 0.004223, -0.009109, -0.000233 ]   
   },
   "Most_Contributive_Features_By_Class" : {
      "class_0" : [ 66, 99, 95, 96, 25, 51, 13, 49, 79, 39 ],
      "class_1" : [ 93, 51, 95, 99, 97, 98, 90, 39, 40, 94 ],
      "class_2" : [ 93, 99, 90, 66, 98, 51, 75, 49, 57, 37 ],
      "class_3" : [ 93, 97, 90, 57, 61, 37, 34, 87, 49, 91 ]
   }
}