{
   "Contributions" : {
      "X_0" : [ 0.000000, 0.000000, 0.000000, 0.000000 ],
      "X_1" : [ 0.000000, 0.000000, 0.000000, 0.000000 ],
      "X_2" : [ 0.000000, 0.000000, 0.000000, 0.000000 ],
      "X_3" : [ 0.000000, 0.000000, 0.000000, 0.000000 ],
      "X_4" : [ 0.000000, 0.000000, 0.000000, 0.000000 ],
      "X_5" : [ 0.000000, 0.000000, 0.000000, 0.000000 ],
      "X_6" : [ 0.000000, 0.000000, 0.000000, 0.000000 ],
      "X_7" : [ 0.000000, 0.000000, 0.000000, 0.000000 ],
      "X_8" : [ 0.000750, -0.004597, 0.000436, 0.003411 ],
      "X_9" : [ 0.000000, 0.000000, 0.000000, 0.000000 ],
      "X_10" : [ 0.000000, 0.000000, 0.000000, 0.000000 ],
      "X_11" : [ 0.000000, 0.000000, 0.000000, 0.000000 ],
      "X_12" : [ 0.000000, 0.000000, 0.000000, 0.000000 ],
      "X_13" : [ 0.000000, 0.000000, 0.000000, 0.000000 ],
      "X_14" : [ 0.000000, 0.000000, 0.000000, 0.000000 ],
      "X_15" : [ 0.003522, 0.001125, -0.009715, 0.005068 ],
      "X_16" : [ 0.007565, 0.000364, 0.003677, -0.011606 ],
      "X_17" : [ 0.000000, 0.000000, 0.000000, 0.000000 ],
      "X_18" : [ 0.004199, 0.002100, 0.000000, -0.006299 ],
      "X_19" : [ 0.000000, 0.001611, -0.001709, 0.000098 ],
      "X_20" : [ 0.000000, 0.000000, 0.000000, 0.000000 ],
      "X_21" : [ 0.000000, 0.000000, 0.000000, 0.000000 ],
      "X_22" : [ 0.003011, -0.004232, -0.002132, 0.003353 ],
      "X_23" : [ 0.000000, 0.000000, 0.000000, 0.000000 ],
      "X_24" : [ 0.000000, 0.000000, 0.000000, 0.000000 ],
      "X_25" : [ -0.000623, -0.000220, 0.001379, -0.000537 ],
      "X_26" : [ 0.000000, 0.000000, 0.000000, 0.000000 ],
      "X_27" : [ 0.000000, 0.000000, 0.000000, 0.000000 ],
      "X_28" : [ -0.001855, 0.001855, 0.000000, 0.000000 ],
      "X_29" : [ 0.000000, 0.000000, 0.000000, 0.000000 ],
      "X_30" : [ -0.003661, -0.002351, -0.002062, 0.008074 ],
      "X_31" : [ 0.004872, 0.005113, 0.002085, -0.012070 ],
      "X_32" : [ 0.000000, 0.000000, 0.000000, 0.000000 ],
      "X_33" : [ 0.000000, 0.000000, 0.000000, 0.000000 ],
      "X_34" : [ 0.000000, 0.000000, 0.000000, 0.000000 ],
      "X_35" : [ 0.000000, 0.000000, 0.000000, 0.000000 ],
      "X_36" : [ 0.000000, 0.000000, 0.000000, 0.000000 ],
      "X_37" : [ -0.000949, -0.002335, 0.006222, -0.002939 ],
      "X_38" : [ 0.000000, 0.000000, 0.000000, 0.000000 ],
      "X_39" : [ 0.000000, 0.000000, 0.000000, 0.000000 ],
      "X_40" : [ 0.000000, 0.000000, 0.000000, 0.000000 ],
      "X_41" : [ 0.000000, 0.000000, 0.000000, 0.000000 ],
      "X_42" : [ 0.000000, 0.000000, 0.000000, 0.000000 ],
      "X_43" : [ 0.000000, 0.000000, 0.000000, 0.000000 ],
      "X_44" : [ 0.000000, 0.000000, 0.000000, 0.000000 ],
      "X_45" : [ 0.000000, 0.000000, 0.000000, 0.000000 ],
      "X_46" : [ 0.000000, 0.000000, 0.000000, 0.000000 ],
      "X_47" : [ 0.006306, 0.002579, -0.000028, -0.008857 ],
      "X_48" : [ -0.001807, -0.000244, 0.000000, 0.002051 ],
      "X_49" : [ 0.003191, -0.005287, 0.000317, 0.001779 ],
      "X_50" : [ 0.000366, 0.000000, 0.000684, -0.001050 ],
      "X_51" : [ 0.000662, -0.009424, 0.005756, 0.003006 ],
      "X_52" : [ -0.000537, 0.000000, 0.000000, 0.000537 ],
      "X_53" : [ -0.000391, 0.000000, 0.000000, 0.000391 ],
      "X_54" : [ 0.000000, 0.000000, 0.000000, 0.000000 ],
      "X_55" : [ 0.000000, 0.000000, 0.000000, 0.000000 ],
      "X_56" : [ 0.000000, 0.000000, 0.000000, 0.000000 ],
      "X_57" : [ -0.000423, 0.001701, 0.006299, -0.007576 ],
      "X_58" : [ 0.000000, 0.000000, 0.000000, 0.000000 ],
      "X_59" : [ 0.000000, 0.000000, 0.000000, 0.000000 ],
      "X_60" : [ 0.000000, 0.000000, 0.000000, 0.000000 ],
      "X_61" : [ 0.000000, 0.000000, 0.000000, 0.000000 ],
      "X_62" : [ 0.000000, 0.000000, 0.000000, 0.000000 ],
      "X_63" : [ 0.010592, 0.000767, -0.005242, -0.006117 ],
      "X_64" : [ 0.000000, 0.000000, 0.000000, 0.000000 ],
      "X_65" : [ 0.000000, 0.000000, 0.000000, 0.000000 ],
      "X_66" : [ 0.000000, 0.000000, 0.000000, 0.000000 ],
      "X_67" : [ 0.000000, 0.000000, 0.000000, 0.000000 ],
      "X_68" : [ 0.000586, 0.000537, -0.000903, -0.000220 ],
      "X_69" : [ 0.001497, 0.000000, 0.000000, -0.001497 ],
      "X_70" : [ 0.000000, 0.000000, 0.000000, 0.000000 ],
      "X_71" : [ 0.000073, -0.000879, 0.000732, 0.000073 ],
      "X_72" : [ 0.008436, -0.000147, 0.006027, -0.014315 ],
      "X_73" : [ 0.000000, 0.000000, 0.000000, 0.000000 ],
      "X_74" : [ 0.000000, 0.000000, 0.000000, 0.000000 ],
      "X_75" : [ -0.001001, 0.001807, -0.000806, 0.000000 ],
      "X_76" : [ 0.000000, 0.000000, 0.000000, 0.000000 ],
      "X_77" : [ 0.000000, 0.000000, 0.000000, 0.000000 ],
      "X_78" : [ 0.002681, 0.004206, -0.008427, 0.001540 ],
      "X_79" : [ 0.000000, 0.000000, 0.000000, 0.000000 ],
      "X_80" : [ 0.000000, 0.000000, 0.000000, 0.000000 ],
      "X_81" : [ 0.000000, 0.000000, 0.000513, -0.000513 ],
      "X_82" : [ -0.011060, 0.003668, 0.001056, 0.006335 ],
      "X_83" : [ 0.000000, 0.000000, 0.000000, 0.000000 ],
      "X_84" : [ 0.000000, 0.000000, 0.000000, 0.000000 ],
      "X_85" : [ -0.001683, -0.000615, -0.007304, 0.009602 ],
      "X_86" : [ 0.000000, 0.000000, 0.000000, 0.000000 ],
      "X_87" : [ 0.000000, 0.000000, 0.000000, 0.000000 ],
      "X_88" : [ 0.000000, 0.000000, 0.000391, -0.000391 ],
      "X_89" : [ -0.001302, 0.001758, 0.000000, -0.000456 ],
      "X_90" : [ -0.004377, -0.009981, 0.020342, -0.005984 ],
      "X_91" : [ -0.000830, 0.000000, 0.000977, -0.000146 ],
      "X_92" : [ -0.003729, 0.006270, -0.006130, 0.003589 ],
      "X_93" : [ -0.003644, -0.009477, -0.009262, 0.022382 ],
      "X_94" : [ -0.003538, 0.000755, 0.004012, -0.001229 ],
      "X_95" : [ -0.003788, -0.003006, 0.002862, 0.003932 ],
      "X_96" : [ 0.007429, 0.002498, -0.005815, -0.004112 ],
      "X_97" : [ 0.004365, -0.002592, -0.009559, 0.007786 ],
      "X_98" : [ 0.002664, 0.002663, -0.002537, -0.002789 ],
      "X_99" : [ 0.008767, 0.003235, -0.016920, 0.004918 ]   
   },
   "Most_Contributive_Features_By_Class" : {
      "class_0" : [ 82, 63, 99, 72, 16, 96, 47, 31, 90, 97 ],
      "class_1" : [ 90, 93, 51, 92, 49, 31, 8, 22, 78, 82 ],
      "class_2" : [ 90, 99, 15, 97, 93, 78, 85, 57, 37, 92 ],
      "class_3" : [ 93, 72, 31, 16, 85, 47, 30, 97, 57, 82 ]
   }
}