{
   "Contributions" : {
      "X_0" : [ 0.000175, 0.000205, -0.000159, -0.000220 ],
      "X_1" : [ -0.000203, 0.000394, -0.000123, -0.000067 ],
      "X_2" : [ 0.000224, -0.000221, 0.000447, -0.000450 ],
      "X_3" : [ 0.000165, -0.000439, -0.000078, 0.000353 ],
      "X_4" : [ -0.000051, -0.001015, -0.000178, 0.001244 ],
      "X_5" : [ 0.000111, -0.000204, 0.000001, 0.000091 ],
      "X_6" : [ -0.000053, -0.000653, 0.000344, 0.000362 ],
      "X_7" : [ 0.000324, -0.000120, 0.000423, -0.000627 ],
      "X_8" : [ 0.000001, 0.002517, -0.004398, 0.001879 ],
      "X_9" : [ 0.000518, -0.000226, -0.000859, 0.000567 ],
      "X_10" : [ -0.000261, 0.000496, -0.000090, -0.000145 ],
      "X_11" : [ 0.000007, -0.001686, -0.000717, 0.002396 ],
      "X_12" : [ -0.000727, 0.000761, -0.000058, 0.000024 ],
      "X_13" : [ -0.000358, 0.000342, -0.000590, 0.000606 ],
      "X_14" : [ 0.000130, -0.001000, -0.000105, 0.000975 ],
      "X_15" : [ -0.000128, -0.000107, 0.000035, 0.000201 ],
      "X_16" : [ -0.000450, 0.000891, -0.000512, 0.000070 ],
      "X_17" : [ 0.000202, -0.000909, 0.002615, -0.001908 ],
      "X_18" : [ 0.000739, -0.001515, 0.000458, 0.000318 ],
      "X_19" : [ -0.000006, -0.000181, 0.000369, -0.000182 ],
      "X_20" : [ 0.000028, 0.000492, 0.000643, -0.001162 ],
      "X_21" : [ 0.000882, -0.000660, -0.000050, -0.000172 ],
      "X_22" : [ -0.000271, 0.000132, 0.000252, -0.000114 ],
      "X_23" : [ 0.002006, -0.000599, -0.000530, -0.000877 ],
      "X_24" : [ 0.000100, -0.000023, -0.000326, 0.000249 ],
      "X_25" : [ 0.000087, -0.000472, 0.000200, 0.000185 ],
      "X_26" : [ 0.000443, -0.000777, 0.000369, -0.000035 ],
      "X_27" : [ 0.006433, -0.006598, 0.007224, -0.007060 ],
      "X_28" : [ -0.000826, 0.000057, 0.000182, 0.000587 ],
      "X_29" : [ 0.000200, -0.000866, 0.000528, 0.000138 ],
      "X_30" : [ -0.000192, -0.000327, 0.000331, 0.000188 ],
      "X_31" : [ -0.014174, -0.012431, 0.003827, 0.022778 ],
      "X_32" : [ 0.001840, -0.001581, 0.000621, -0.000881 ],
      "X_33" : [ 0.000264, 0.000684, -0.000314, -0.000634 ],
      "X_34" : [ 0.000062, -0.000357, -0.000060, 0.000355 ],
      "X_35" : [ -0.004286, -0.006613, 0.002527, 0.008371 ],
      "X_36" : [ -0.000039, -0.000304, -0.000158, 0.000500 ],
      "X_37" : [ 0.000748, -0.000269, -0.000888, 0.000409 ],
      "X_38" : [ 0.000561, 0.000193, 0.000137, -0.000891 ],
      "X_39" : [ 0.000832, 0.000144, 0.000079, -0.001055 ],
      "X_40" : [ -0.000199, -0.000246, 0.000223, 0.000222 ],
      "X_41" : [ 0.000201, -0.000005, -0.000072, -0.000124 ],
      "X_42" : [ -0.000366, -0.001099, -0.000302, 0.001766 ],
      "X_43" : [ -0.001001, -0.000047, 0.000112, 0.000936 ],
      "X_44" : [ 0.000316, -0.000053, 0.000292, -0.000556 ],
      "X_45" : [ 0.000176, -0.000213, -0.001282, 0.001319 ],
      "X_46" : [ -0.004502, 0.001306, 0.000072, 0.003125 ],
      "X_47" : [ 0.001118, 0.000592, -0.001299, -0.000411 ],
      "X_48" : [ -0.000385, -0.000347, 0.000348, 0.000384 ],
      "X_49" : [ 0.042030, -0.015742, -0.047705, 0.021418 ],
      "X_50" : [ 0.000352, -0.000431, 0.000207, -0.000128 ],
      "X_51" : [ 0.001549, -0.000173, -0.001603, 0.000226 ],
      "X_52" : [ 0.000077, -0.000099, -0.000024, 0.000047 ],
      "X_53" : [ -0.000863, -0.001120, 0.001574, 0.000409 ],
      "X_54" : [ -0.001002, 0.000704, 0.000335, -0.000037 ],
      "X_55" : [ 0.000506, -0.000203, 0.000258, -0.000561 ],
      "X_56" : [ 0.000799, -0.002996, 0.001325, 0.000872 ],
      "X_57" : [ -0.000273, 0.000293, -0.000052, 0.000031 ],
      "X_58" : [ -0.000608, 0.000512, -0.000234, 0.000330 ],
      "X_59" : [ 0.000449, 0.000064, -0.000084, -0.000428 ],
      "X_60" : [ 0.002188, -0.022293, -0.000311, 0.020416 ],
      "X_61" : [ -0.000509, 0.000349, -0.000014, 0.000174 ],
      "X_62" : [ -0.016155, -0.013318, 0.017703, 0.011770 ],
      "X_63" : [ -0.000479, -0.000850, 0.000453, 0.000876 ],
      "X_64" : [ -0.000225, -0.000170, 0.000222, 0.000173 ],
      "X_65" : [ -0.004936, 0.007536, -0.002327, -0.000273 ],
      "X_66" : [ -0.005107, -0.012597, 0.019937, -0.002233 ],
      "X_67" : [ -0.000535, -0.000940, -0.000179, 0.001654 ],
      "X_68" : [ 0.000165, 0.000124, -0.000313, 0.000025 ],
      "X_69" : [ 0.000261, 0.000253, -0.000792, 0.000278 ],
      "X_70" : [ -0.000404, -0.000667, 0.000867, 0.000205 ],
      "X_71" : [ 0.000118, -0.000508, 0.000298, 0.000092 ],
      "X_72" : [ 0.000173, -0.001023, 0.000925, -0.000074 ],
      "X_73" : [ -0.000079, 0.000665, -0.000442, -0.000145 ],
      "X_74" : [ -0.000303, 0.000030, 0.000454, -0.000181 ],
      "X_75" : [ 0.000586, -0.000612, 0.000312, -0.000285 ],
      "X_76" : [ 0.000383, 0.001332, -0.000939, -0.000776 ],
      "X_77" : [ 0.001018, 0.000662, -0.001891, 0.000211 ],
      "X_78" : [ 0.000821, 0.000743, -0.001528, -0.000035 ],
      "X_79" : [ -0.002536, 0.001131, 0.000176, 0.001229 ],
      "X_80" : [ 0.000454, -0.000360, -0.001679, 0.001585 ],
      "X_81" : [ -0.000397, 0.000441, -0.000926, 0.000882 ],
      "X_82" : [ 0.000084, 0.000401, -0.000404, -0.000081 ],
      "X_83" : [ -0.000871, 0.000045, -0.000631, 0.001458 ],
      "X_84" : [ 0.000262, -0.000081, -0.000207, 0.000026 ],
      "X_85" : [ -0.002159, 0.000233, 0.001020, 0.000907 ],
      "X_86" : [ -0.000211, 0.000328, -0.000351, 0.000235 ],
      "X_87" : [ 0.000118, -0.000122, -0.000662, 0.000666 ],
      "X_88" : [ 0.000333, -0.000107, 0.000058, -0.000284 ],
      "X_89" : [ 0.000111, 0.000067, -0.000575, 0.000396 ],
      "X_90" : [ -0.000340, 0.000348, -0.000382, 0.000374 ],
      "X_91" : [ -0.001165, 0.000239, 0.000374, 0.000552 ],
      "X_92" : [ 0.000960, -0.000603, -0.000268, -0.000090 ],
      "X_93" : [ 0.000320, 0.000497, 0.000772, -0.001589 ],
      "X_94" : [ 0.000057, -0.000012, 0.000106, -0.000151 ],
      "X_95" : [ 0.000035, 0.000045, 0.000260, -0.000339 ],
      "X_96" : [ -0.000680, 0.000678, 0.000144, -0.000142 ],
      "X_97" : [ -0.000045, -0.000018, -0.000009, 0.000072 ],
      "X_98" : [ -0.000340, -0.000850, 0.000916, 0.000274 ],
      "X_99" : [ 0.000078, 0.000606, -0.000540, -0.000144 ]   
   },
   "Most_Contributive_Features_By_Class" : {
      "class_0" : [ 49, 62, 31, 27, 66, 65, 46, 35, 79, 60 ],
      "class_1" : [ 60, 49, 62, 66, 31, 65, 35, 27, 56, 8 ],
      "class_2" : [ 49, 66, 62, 27, 8, 31, 17, 35, 65, 77 ],
      "class_3" : [ 31, 49, 60, 62, 35, 27, 46, 11, 66, 17 ]
   }
}