{
   "Contributions" : {
      "X_0" : [ 0.000000, 0.000000, 0.000000, 0.000000 ],
      "X_1" : [ 0.000000, 0.000000, 0.000000, 0.000000 ],
      "X_2" : [ 0.000000, 0.000000, 0.000000, 0.000000 ],
      "X_3" : [ 0.000000, 0.000000, 0.000000, 0.000000 ],
      "X_4" : [ 0.000000, 0.000000, 0.000000, 0.000000 ],
      "X_5" : [ 0.000000, 0.000000, 0.000000, 0.000000 ],
      "X_6" : [ 0.000000, 0.000000, 0.000000, 0.000000 ],
      "X_7" : [ 0.000618, -0.000036, -0.000093, -0.000489 ],
      "X_8" : [ 0.000000, 0.000000, 0.000000, 0.000000 ],
      "X_9" : [ 0.000000, 0.000000, 0.000000, 0.000000 ],
      "X_10" : [ 0.000000, 0.000000, 0.000000, 0.000000 ],
      "X_11" : [ -0.002696, 0.002328, 0.000800, -0.000432 ],
      "X_12" : [ 0.000000, 0.000000, 0.000000, 0.000000 ],
      "X_13" : [ 0.000000, 0.000000, 0.000000, 0.000000 ],
      "X_14" : [ -0.000077, -0.000149, -0.000213, 0.000440 ],
      "X_15" : [ 0.000000, 0.000000, 0.000000, 0.000000 ],
      "X_16" : [ 0.000000, 0.000000, 0.000000, 0.000000 ],
      "X_17" : [ 0.000263, -0.000109, 0.000359, -0.000513 ],
      "X_18" : [ 0.000000, 0.000000, 0.000000, 0.000000 ],
      "X_19" : [ 0.000000, 0.000000, 0.000000, 0.000000 ],
      "X_20" : [ 0.000000, 0.000000, 0.000000, 0.000000 ],
      "X_21" : [ 0.000001, -0.000020, 0.000049, -0.000030 ],
      "X_22" : [ 0.000017, 0.000063, -0.000084, 0.000004 ],
      "X_23" : [ 0.000000, 0.000000, 0.000000, 0.000000 ],
      "X_24" : [ 0.000461, 0.000016, -0.000079, -0.000397 ],
      "X_25" : [ 0.000000, 0.000000, 0.000000, 0.000000 ],
      "X_26" : [ -0.000119, 0.000178, -0.000052, -0.000007 ],
      "X_27" : [ 0.002023, 0.000100, 0.000591, -0.002714 ],
      "X_28" : [ 0.000000, 0.000000, 0.000000, 0.000000 ],
      "X_29" : [ 0.000000, 0.000000, 0.000000, 0.000000 ],
      "X_30" : [ 0.000000, 0.000000, 0.000000, 0.000000 ],
      "X_31" : [ -0.007159, -0.006387, 0.001471, 0.012076 ],
      "X_32" : [ 0.000000, 0.000000, 0.000000, 0.000000 ],
      "X_33" : [ 0.000000, 0.000000, 0.000000, 0.000000 ],
      "X_34" : [ 0.000000, 0.000000, 0.000000, 0.000000 ],
      "X_35" : [ 0.000070, -0.006196, 0.002461, 0.003664 ],
      "X_36" : [ 0.000582, 0.000173, 0.000021, -0.000776 ],
      "X_37" : [ -0.000049, 0.000294, -0.000064, -0.000181 ],
      "X_38" : [ 0.000151, -0.000076, -0.000051, -0.000023 ],
      "X_39" : [ 0.000000, 0.000000, 0.000000, 0.000000 ],
      "X_40" : [ 0.000000, 0.000000, 0.000000, 0.000000 ],
      "X_41" : [ 0.000000, 0.000000, 0.000000, 0.000000 ],
      "X_42" : [ -0.000107, -0.000789, -0.000222, 0.001118 ],
      "X_43" : [ 0.000000, 0.000000, 0.000000, 0.000000 ],
      "X_44" : [ 0.000000, 0.000000, 0.000000, 0.000000 ],
      "X_45" : [ 0.000021, -0.000052, 0.000037, -0.000006 ],
      "X_46" : [ -0.002400, 0.006526, -0.001126, -0.003000 ],
      "X_47" : [ -0.000072, 0.000138, 0.000226, -0.000292 ],
      "X_48" : [ -0.000065, 0.000015, 0.000012, 0.000038 ],
      "X_49" : [ 0.013167, -0.001556, -0.021563, 0.009952 ],
      "X_50" : [ 0.000000, 0.000000, 0.000000, 0.000000 ],
      "X_51" : [ 0.000000, 0.000000, 0.000000, 0.000000 ],
      "X_52" : [ 0.000000, 0.000000, 0.000000, 0.000000 ],
      "X_53" : [ -0.000277, 0.000913, -0.000398, -0.000238 ],
      "X_54" : [ 0.000000, 0.000000, 0.000000, 0.000000 ],
      "X_55" : [ 0.000000, 0.000000, 0.000000, 0.000000 ],
      "X_56" : [ 0.000000, 0.000000, 0.000000, 0.000000 ],
      "X_57" : [ -0.000115, -0.000134, 0.000583, -0.000335 ],
      "X_58" : [ 0.000000, 0.000000, 0.000000, 0.000000 ],
      "X_59" : [ 0.000000, 0.000000, 0.000000, 0.000000 ],
      "X_60" : [ 0.004690, -0.010036, -0.000754, 0.006100 ],
      "X_61" : [ 0.000000, 0.000000, 0.000000, 0.000000 ],
      "X_62" : [ -0.008701, -0.006541, 0.010522, 0.004720 ],
      "X_63" : [ 0.000000, 0.000000, 0.000000, 0.000000 ],
      "X_64" : [ -0.000091, 0.000155, -0.000169, 0.000106 ],
      "X_65" : [ -0.001837, 0.002293, 0.000658, -0.001113 ],
      "X_66" : [ -0.000295, -0.010129, 0.011338, -0.000915 ],
      "X_67" : [ -0.000495, -0.000996, -0.000282, 0.001773 ],
      "X_68" : [ 0.000000, 0.000000, 0.000000, 0.000000 ],
      "X_69" : [ 0.000000, 0.000000, 0.000000, 0.000000 ],
      "X_70" : [ -0.000519, -0.000033, 0.000596, -0.000045 ],
      "X_71" : [ 0.000000, 0.000000, 0.000000, 0.000000 ],
      "X_72" : [ -0.000028, -0.000434, 0.000526, -0.000063 ],
      "X_73" : [ -0.000124, -0.000006, -0.000011, 0.000140 ],
      "X_74" : [ 0.000000, 0.000000, 0.000000, 0.000000 ],
      "X_75" : [ 0.000682, 0.000004, -0.000093, -0.000593 ],
      "X_76" : [ 0.000000, 0.000000, 0.000000, 0.000000 ],
      "X_77" : [ 0.000000, 0.000000, 0.000000, 0.000000 ],
      "X_78" : [ 0.000000, 0.000000, 0.000000, 0.000000 ],
      "X_79" : [ 0.001328, -0.000975, -0.000641, 0.000289 ],
      "X_80" : [ 0.000266, -0.000094, -0.000015, -0.000158 ],
      "X_81" : [ 0.000016, -0.000009, -0.000313, 0.000306 ],
      "X_82" : [ -0.000015, -0.000293, 0.000267, 0.000042 ],
      "X_83" : [ 0.000025, 0.000156, -0.000042, -0.000139 ],
      "X_84" : [ 0.000000, 0.000000, 0.000000, 0.000000 ],
      "X_85" : [ 0.000000, 0.000000, 0.000000, 0.000000 ],
      "X_86" : [ 0.000000, 0.000000, 0.000000, 0.000000 ],
      "X_87" : [ 0.000000, 0.000000, 0.000000, 0.000000 ],
      "X_88" : [ 0.000000, 0.000000, 0.000000, 0.000000 ],
      "X_89" : [ 0.000000, 0.000000, 0.000000, 0.000000 ],
      "X_90" : [ 0.000000, 0.000000, 0.000000, 0.000000 ],
      "X_91" : [ 0.000000, 0.000000, 0.000000, 0.000000 ],
      "X_92" : [ 0.000237, -0.000063, 0.000101, -0.000275 ],
      "X_93" : [ 0.000025, -0.000209, 0.000051, 0.000133 ],
      "X_94" : [ 0.000000, 0.000000, 0.000000, 0.000000 ],
      "X_95" : [ 0.000000, 0.000000, 0.000000, 0.000000 ],
      "X_96" : [ 0.000000, 0.000000, 0.000000, 0.000000 ],
      "X_97" : [ -0.000007, 0.000004, 0.000053, -0.000050 ],
      "X_98" : [ 0.000000, 0.000000, 0.000000, 0.000000 ],
      "X_99" : [ 0.000000, 0.000000, 0.000000, 0.000000 ]   
   },
   "Most_Contributive_Features_By_Class" : {
      "class_0" : [ 49, 62, 31, 60, 11, 46, 27, 65, 79, 75 ],
      "class_1" : [ 66, 60, 62, 46, 31, 35, 11, 65, 49, 67 ],
      "class_2" : [ 49, 66, 62, 35, 31, 46, 11, 60, 65, 79 ],
      "class_3" : [ 31, 49, 60, 62, 35, 46, 27, 67, 42, 65 ]
   }
}