{
   "Contributions" : {
      "X_0" : [ -0.000431, 0.000431 ],
      "X_1" : [ 0.000346, -0.000346 ],
      "X_2" : [ 0.014351, -0.014351 ],
      "X_3" : [ 0.001693, -0.001693 ],
      "X_4" : [ 0.001633, -0.001633 ],
      "X_5" : [ 0.014469, -0.014469 ],
      "X_6" : [ 0.000703, -0.000703 ],
      "X_7" : [ -0.000218, 0.000218 ],
      "X_8" : [ -0.000396, 0.000396 ],
      "X_9" : [ -0.000523, 0.000523 ]   
   },
   "Most_Contributive_Features_By_Class" : {
      "class_0" : [ 5, 2, 3, 4, 6, 9, 0, 8, 1, 7 ],
      "class_1" : [ 5, 2, 3, 4, 6, 9, 0, 8, 1, 7 ]
   }
}