{
   "Contributions" : {
      "X_0" : [ 0.000000, 0.000000 ],
      "X_1" : [ -0.002475, 0.002475 ],
      "X_2" : [ -0.000037, 0.000037 ],
      "X_3" : [ 0.000000, 0.000000 ],
      "X_4" : [ -0.004380, 0.004380 ],
      "X_5" : [ 0.023674, -0.023674 ],
      "X_6" : [ 0.000779, -0.000779 ],
      "X_7" : [ -0.000934, 0.000934 ],
      "X_8" : [ 0.001766, -0.001766 ],
      "X_9" : [ 0.007115, -0.007115 ]   
   },
   "Most_Contributive_Features_By_Class" : {
      "class_0" : [ 5, 9, 4, 1, 8, 7, 6, 2 ],
      "class_1" : [ 5, 9, 4, 1, 8, 7, 6, 2 ]
   }
}