{
   "Contributions" : {
      "X_0" : [ -0.004449, -0.007867, 0.012316 ],
      "X_1" : [ 0.000000, 0.000000, 0.000000 ],
      "X_2" : [ -0.000163, 0.008572, -0.008409 ],
      "X_3" : [ 0.000814, -0.017795, 0.016981 ]   
   },
   "Most_Contributive_Features_By_Class" : {
      "class_0" : [ 0, 3, 2 ],
      "class_1" : [ 3, 2, 0 ],
      "class_2" : [ 3, 0, 2 ]
   }
}