,Prob_0,Prob_1,Prob_2
0,0.0,0.0,1.0
1,0.0,0.9375,0.0625
2,0.0,0.0,1.0
3,0.0,0.1875,0.8125
4,0.0,0.0,1.0
5,0.0,1.0,0.0
6,0.0,1.0,0.0
7,0.09375,0.90625,0.0
8,0.90625,0.09375,0.0
9,1.0,0.0,0.0
10,0.90625,0.09375,0.0
11,0.0,1.0,0.0
12,0.0,1.0,0.0
13,0.0,1.0,0.0
14,0.0,0.0,1.0
15,0.875,0.125,0.0
16,0.0,1.0,0.0
17,0.90625,0.09375,0.0
