{
   "Contributions" : {
      "X_0" : [ 0.068631 ],
      "X_1" : [ 0.023563 ],
      "X_2" : [ -0.146468 ],
      "X_3" : [ -0.132796 ],
      "X_4" : [ 0.035084 ],
      "X_5" : [ 0.022261 ],
      "X_6" : [ -0.024635 ],
      "X_7" : [ 0.087903 ],
      "X_8" : [ 0.111599 ],
      "X_9" : [ 0.121853 ]   
   },
   "Most_Contributive_Features" : {
      "y" : [ 2, 3, 9, 8, 7, 0, 4, 6, 1, 5 ]
   }
}