{
	"metadata" : { "model" : "Vapnik_NuSVR_RBF", "version" : "2024-W13", "signature" : "ff4_ff4"},
	"options" : {"svm_type" : "nu_svr", "kernel" : "rbf", "degree" : 3, "gamma" : 45.754257, "coef0" : 0.000000, "cache_size" : 300, "tol" : 0.001000, "nu" : 0.100000, "epsilon" : 0.000000, "shrinking" : 0, "probability" : 0, "C" : 1.000000, "max_iter" : 128, "random_state" : 1789 },
	"dataset" : { "dataset_rows" : 64, "dataset_features" : 10 },
	"svm_model" : {
	"classes" : 2,
	"L" : 8,
	"SupportVectors" : {
		"SV_0" : [ 0.023546, 0.050680, -0.020218, -0.036656, -0.013953, -0.015092, 0.059685, -0.039493, -0.096435, -0.017646 ],
		"SV_1" : [ 0.019913, 0.050680, 0.104809, 0.070072, -0.035968, -0.026679, -0.024993, -0.002592, 0.003709, 0.040343 ],
		"SV_2" : [ -0.005515, 0.050680, 0.001339, -0.084856, -0.011201, -0.016658, 0.048640, -0.039493, -0.041176, -0.088062 ],
		"SV_3" : [ 0.041708, 0.050680, 0.071397, 0.008101, 0.038334, 0.015909, -0.017629, 0.034309, 0.073407, 0.085907 ],
		"SV_4" : [ 0.009016, -0.044642, -0.012673, 0.028758, -0.018080, -0.005072, -0.047082, 0.034309, 0.023371, -0.005220 ],
		"SV_5" : [ -0.049105, -0.044642, 0.160855, -0.046985, -0.029088, -0.019790, -0.047082, 0.034309, 0.028020, 0.011349 ],
		"SV_6" : [ -0.034575, 0.050680, -0.055785, -0.015999, -0.009825, -0.007890, 0.037595, -0.039493, -0.052963, 0.027917 ],
		"SV_7" : [ 0.016281, 0.050680, -0.046085, 0.011544, -0.033216, -0.016032, -0.010266, -0.002592, -0.043984, -0.042499 ]
	},
	"SupportVectorsCoefs" : {
		"SV_coef_0" : [ -1.000000, 1.000000, -0.199998, 1.000000, 0.199998, 1.000000, -1.000000, -1.000000 ]
	},
	"rho" : [ -172.155716 ],
	"nSV" : [ 8 ],
	"probA" : [ ],
	"probB" : [ ],
	"n_iter" : [ 9 ]
}
}