{
	"metadata" : { "model" : "Vapnik_NuSVR_RBF", "version" : "2024-W13", "signature" : "ff4_ff4"},
	"options" : {"svm_type" : "nu_svr", "kernel" : "rbf", "degree" : 3, "gamma" : 45.754257, "coef0" : 0.000000, "cache_size" : 300, "tol" : 0.001000, "nu" : 0.500000, "epsilon" : 0.000000, "shrinking" : 0, "probability" : 0, "C" : 1.000000, "max_iter" : 128, "random_state" : 1789 },
	"dataset" : { "dataset_rows" : 64, "dataset_features" : 10 },
	"svm_model" : {
	"classes" : 2,
	"L" : 32,
	"SupportVectors" : {
		"SV_00" : [ 0.038076, 0.050680, -0.009439, 0.002351, 0.001183, 0.037517, -0.054446, 0.050176, -0.025953, 0.106617 ],
		"SV_01" : [ 0.041708, -0.044642, -0.008362, -0.026328, 0.024574, 0.016222, 0.070730, -0.039493, -0.048359, -0.030072 ],
		"SV_02" : [ -0.041840, -0.044642, 0.128521, 0.063187, -0.033216, -0.032629, 0.011824, -0.039493, -0.015999, -0.050783 ],
		"SV_03" : [ 0.023546, 0.050680, -0.030996, -0.005670, -0.016704, 0.017788, -0.032356, -0.002592, -0.074093, -0.034215 ],
		"SV_04" : [ 0.016281, 0.050680, 0.014272, 0.001215, 0.001183, -0.021355, -0.032356, 0.034309, 0.074966, 0.040343 ],
		"SV_05" : [ -0.085430, -0.044642, -0.004050, -0.009113, -0.002945, 0.007767, 0.022869, -0.039493, -0.061176, -0.013504 ],
		"SV_06" : [ -0.001882, -0.044642, 0.033673, 0.125158, 0.024574, 0.026243, -0.010266, -0.002592, 0.026717, 0.061054 ],
		"SV_07" : [ -0.052738, -0.044642, 0.071397, -0.074527, -0.015328, -0.001314, 0.004460, -0.021412, -0.046883, 0.003064 ],
		"SV_08" : [ 0.009016, 0.050680, 0.069241, 0.059744, 0.017694, -0.023234, -0.047082, 0.034309, 0.103297, 0.073480 ],
		"SV_09" : [ -0.060003, 0.050680, -0.047163, -0.022885, -0.071743, -0.057681, -0.006584, -0.039493, -0.062917, -0.054925 ],
		"SV_10" : [ 0.030811, -0.044642, -0.033151, -0.022885, -0.046975, -0.081167, 0.103865, -0.076395, -0.039809, -0.054925 ],
		"SV_11" : [ 0.074401, -0.044642, 0.114509, 0.028758, 0.024574, 0.024991, 0.019187, -0.002592, -0.000612, -0.005220 ],
		"SV_12" : [ -0.103593, 0.050680, -0.023451, -0.022885, -0.086878, -0.067701, -0.017629, -0.039493, -0.078140, -0.071494 ],
		"SV_13" : [ 0.023546, 0.050680, -0.020218, -0.036656, -0.013953, -0.015092, 0.059685, -0.039493, -0.096435, -0.017646 ],
		"SV_14" : [ -0.070900, -0.044642, -0.004050, -0.040099, -0.066239, -0.078662, 0.052322, -0.076395, -0.051404, -0.034215 ],
		"SV_15" : [ 0.019913, 0.050680, 0.104809, 0.070072, -0.035968, -0.026679, -0.024993, -0.002592, 0.003709, 0.040343 ],
		"SV_16" : [ -0.005515, 0.050680, 0.001339, -0.084856, -0.011201, -0.016658, 0.048640, -0.039493, -0.041176, -0.088062 ],
		"SV_17" : [ -0.001882, 0.050680, 0.030440, 0.052858, 0.039710, 0.056619, -0.039719, 0.071210, 0.025395, 0.027917 ],
		"SV_18" : [ 0.016281, -0.044642, 0.020739, 0.021872, -0.013953, -0.013214, -0.006584, -0.002592, 0.013317, 0.040343 ],
		"SV_19" : [ 0.041708, 0.050680, 0.071397, 0.008101, 0.038334, 0.015909, -0.017629, 0.034309, 0.073407, 0.085907 ],
		"SV_20" : [ 0.048974, 0.050680, 0.074630, 0.066629, -0.009825, -0.002253, -0.043401, 0.034309, 0.033654, 0.019633 ],
		"SV_21" : [ -0.027310, 0.050680, -0.055785, 0.025315, -0.007073, -0.023547, 0.052322, -0.039493, -0.005142, -0.050783 ],
		"SV_22" : [ -0.041840, -0.044642, -0.066563, -0.046985, -0.037344, -0.043276, 0.048640, -0.039493, -0.056153, -0.013504 ],
		"SV_23" : [ 0.009016, -0.044642, -0.012673, 0.028758, -0.018080, -0.005072, -0.047082, 0.034309, 0.023371, -0.005220 ],
		"SV_24" : [ 0.045341, -0.044642, -0.006206, -0.015999, 0.125019, 0.125198, 0.019187, 0.034309, 0.032432, -0.005220 ],
		"SV_25" : [ 0.023546, 0.050680, -0.019140, 0.049415, -0.063487, -0.061125, 0.004460, -0.039493, -0.025953, -0.013504 ],
		"SV_26" : [ -0.099961, -0.044642, -0.067641, -0.108956, -0.074494, -0.072712, 0.015505, -0.039493, -0.049872, -0.009362 ],
		"SV_27" : [ -0.049105, -0.044642, 0.160855, -0.046985, -0.029088, -0.019790, -0.047082, 0.034309, 0.028020, 0.011349 ],
		"SV_28" : [ -0.034575, 0.050680, -0.055785, -0.015999, -0.009825, -0.007890, 0.037595, -0.039493, -0.052963, 0.027917 ],
		"SV_29" : [ 0.016281, 0.050680, -0.046085, 0.011544, -0.033216, -0.016032, -0.010266, -0.002592, -0.043984, -0.042499 ],
		"SV_30" : [ 0.045341, 0.050680, 0.068163, 0.008101, -0.016704, 0.004636, -0.076536, 0.071210, 0.032432, -0.017646 ],
		"SV_31" : [ -0.027310, 0.050680, 0.060618, 0.107944, 0.012191, -0.017598, -0.002903, -0.002592, 0.070207, 0.135612 ]
	},
	"SupportVectorsCoefs" : {
		"SV_coef_0" : [ -1.000000, -1.000000, 1.000000, -1.000000, 1.000000, -1.000000, 1.000000, -1.000000, 1.000000, -1.000000, -1.000000, 1.000000, -1.000000, -1.000000, -1.000000, 1.000000, -1.000000, 1.000000, 1.000000, 1.000000, 1.000000, -1.000000, -1.000000, 1.000000, 1.000000, 1.000000, -1.000000, 1.000000, -1.000000, -1.000000, 1.000000, 1.000000 ]
	},
	"rho" : [ -147.733551 ],
	"nSV" : [ 32 ],
	"probA" : [ ],
	"probB" : [ ],
	"n_iter" : [ 24 ]
}
}