{
   "Contributions" : {
      "X_0" : [ 0.030134 ],
      "X_1" : [ -0.008409 ],
      "X_2" : [ -0.115205 ],
      "X_3" : [ 0.064461 ],
      "X_4" : [ -0.061181 ],
      "X_5" : [ -0.083114 ],
      "X_6" : [ -0.166456 ],
      "X_7" : [ -0.279451 ],
      "X_8" : [ -0.155327 ],
      "X_9" : [ 0.041686 ]   
   },
   "Most_Contributive_Features" : {
      "y" : [ 7, 6, 8, 2, 5, 3, 4, 9, 0, 1 ]
   }
}