{
   "Contributions" : {
      "X_0" : [ 2565.886475 ],
      "X_1" : [ -6273.219727 ],
      "X_2" : [ 608.484070 ],
      "X_3" : [ -8660.786133 ],
      "X_4" : [ -6887.869141 ],
      "X_5" : [ 4579.403320 ],
      "X_6" : [ -9674.750000 ],
      "X_7" : [ 6640.655273 ],
      "X_8" : [ 0.000000 ]   
   },
   "Most_Contributive_Features" : {
      "y" : [ 6, 3, 4, 7, 1, 5, 0, 2 ]
   }
}