{
   "Contributions" : {
      "X_0" : [ 1126.604126 ],
      "X_1" : [ -438.973694 ],
      "X_2" : [ 214.944992 ],
      "X_3" : [ -523.545471 ],
      "X_4" : [ -1449.608643 ],
      "X_5" : [ 885.427490 ],
      "X_6" : [ -2960.196777 ],
      "X_7" : [ -250.815704 ],
      "X_8" : [ 0.000000 ]   
   },
   "Most_Contributive_Features" : {
      "y" : [ 6, 4, 0, 5, 3, 1, 7, 2 ]
   }
}