{
   "Contributions" : {
      "X_0" : [ 0.000000, 0.000000, 0.000000, 0.000000 ],
      "X_1" : [ 0.000000, 0.000000, 0.000000, 0.000000 ],
      "X_2" : [ -0.021484, -0.029297, 0.000000, 0.050781 ],
      "X_3" : [ 0.000000, 0.000000, 0.000000, 0.000000 ],
      "X_4" : [ 0.000000, 0.000000, 0.000000, 0.000000 ],
      "X_5" : [ 0.033203, 0.000000, -0.035156, 0.001953 ],
      "X_6" : [ 0.000000, 0.000000, 0.000000, 0.000000 ],
      "X_7" : [ -0.029297, 0.115234, 0.029297, -0.115234 ],
      "X_8" : [ -0.033203, 0.001953, -0.005859, 0.037109 ],
      "X_9" : [ 0.000000, 0.000000, 0.000000, 0.000000 ]   
   },
   "Most_Contributive_Features_By_Class" : {
      "class_0" : [ 5, 8, 7, 2 ],
      "class_1" : [ 7, 2, 8 ],
      "class_2" : [ 5, 7, 8 ],
      "class_3" : [ 7, 2, 8, 5 ]
   }
}