{
   "Contributions" : {
      "X_0" : [ 0.000076 ],
      "X_1" : [ 0.000154 ],
      "X_2" : [ 0.001570 ],
      "X_3" : [ -0.042170 ],
      "X_4" : [ -0.030022 ],
      "X_5" : [ -0.060575 ],
      "X_6" : [ 0.091380 ],
      "X_7" : [ -0.000002 ],
      "X_8" : [ 0.000000 ]   
   },
   "Most_Contributive_Features" : {
      "y" : [ 6, 5, 3, 4, 2, 1, 0, 7 ]
   }
}