{
   "Contributions" : {
      "X_0" : [ 9.530426 ],
      "X_1" : [ 16.955065 ],
      "X_2" : [ 41.333549 ],
      "X_3" : [ -9751.102539 ],
      "X_4" : [ -730.276917 ],
      "X_5" : [ -1725.227295 ],
      "X_6" : [ -819.167847 ],
      "X_7" : [ -6.143074 ],
      "X_8" : [ 0.000000 ]   
   },
   "Most_Contributive_Features" : {
      "y" : [ 3, 5, 6, 4, 2, 1, 0, 7 ]
   }
}