{
   "Contributions" : {
      "X_0" : [ -0.003048, 0.003048 ],
      "X_1" : [ 0.000033, -0.000033 ],
      "X_2" : [ -0.004495, 0.004495 ],
      "X_3" : [ 0.006283, -0.006283 ],
      "X_4" : [ 0.000679, -0.000679 ],
      "X_5" : [ -0.000468, 0.000468 ],
      "X_6" : [ -0.001613, 0.001613 ],
      "X_7" : [ -0.002232, 0.002232 ],
      "X_8" : [ -0.000179, 0.000179 ],
      "X_9" : [ -0.000544, 0.000544 ],
      "X_10" : [ 0.009818, -0.009818 ],
      "X_11" : [ -0.000286, 0.000286 ],
      "X_12" : [ -0.002035, 0.002035 ],
      "X_13" : [ -0.002500, 0.002500 ],
      "X_14" : [ 0.003856, -0.003856 ],
      "X_15" : [ -0.001174, 0.001174 ],
      "X_16" : [ -0.006641, 0.006641 ],
      "X_17" : [ -0.000790, 0.000790 ],
      "X_18" : [ 0.000027, -0.000027 ],
      "X_19" : [ -0.000716, 0.000716 ],
      "X_20" : [ -0.027853, 0.027853 ],
      "X_21" : [ -0.000362, 0.000362 ],
      "X_22" : [ -0.004050, 0.004050 ],
      "X_23" : [ 0.013975, -0.013975 ],
      "X_24" : [ 0.000449, -0.000449 ],
      "X_25" : [ -0.000308, 0.000308 ],
      "X_26" : [ -0.003499, 0.003499 ],
      "X_27" : [ -0.003924, 0.003924 ],
      "X_28" : [ -0.001868, 0.001868 ],
      "X_29" : [ 0.000493, -0.000493 ]   
   },
   "Most_Contributive_Features_By_Class" : {
      "class_0" : [ 20, 23, 10, 16, 3, 2, 22, 27, 14, 26 ],
      "class_1" : [ 20, 23, 10, 16, 3, 2, 22, 27, 14, 26 ]
   }
}