{
	"metadata" : { "model" : "Tikhonov_Ridge", "version" : "2024-W14", "signature" : "ff4_il8"},
	"options" : { "alpha" : 1.000000, "random_state" : 1789 },
	"dataset" : { "dataset_rows" : 512, "dataset_features" : 30 },
	"classes" : [ 0, 1 ],
	"equations" : {
		"class_1" : {
			"intercept" : 5.438785,
			"coeffs" : [ -0.029115, -0.019342, -0.006282, 0.000575, -1.505924, 7.132448, -3.562138, -2.159016, 0.777274, 2.460076, -1.294653, 0.010768, 0.038295, 0.004050, -29.040840, 1.702977, 7.929357, -23.944279, -0.066467, 5.991833, -0.151294, -0.010405, -0.005173, 0.001027, -1.768268, -0.197995, -0.646193, -1.212197, -1.888041, -8.915772 ]
		}
	}
}