{
   "Contributions" : {
      "X_0" : [ 0.019614, -0.019614 ],
      "X_1" : [ -0.000472, 0.000472 ],
      "X_2" : [ -0.009943, 0.009943 ],
      "X_3" : [ -0.002111, 0.002111 ],
      "X_4" : [ 0.000529, -0.000529 ],
      "X_5" : [ 0.006284, -0.006284 ],
      "X_6" : [ -0.002457, 0.002457 ],
      "X_7" : [ -0.001476, 0.001476 ],
      "X_8" : [ 0.000057, -0.000057 ],
      "X_9" : [ 0.000064, -0.000064 ],
      "X_10" : [ 0.006443, -0.006443 ],
      "X_11" : [ 0.000220, -0.000220 ],
      "X_12" : [ -0.003198, 0.003198 ],
      "X_13" : [ -0.000781, 0.000781 ],
      "X_14" : [ 0.003048, -0.003048 ],
      "X_15" : [ -0.000556, 0.000556 ],
      "X_16" : [ -0.005172, 0.005172 ],
      "X_17" : [ 0.000372, -0.000372 ],
      "X_18" : [ 0.000382, -0.000382 ],
      "X_19" : [ -0.000574, 0.000574 ],
      "X_20" : [ -0.033540, 0.033540 ],
      "X_21" : [ -0.000459, 0.000459 ],
      "X_22" : [ 0.000058, -0.000058 ],
      "X_23" : [ 0.013485, -0.013485 ],
      "X_24" : [ -0.000139, 0.000139 ],
      "X_25" : [ -0.002190, 0.002190 ],
      "X_26" : [ -0.004157, 0.004157 ],
      "X_27" : [ -0.001061, 0.001061 ],
      "X_28" : [ -0.002621, 0.002621 ],
      "X_29" : [ -0.001504, 0.001504 ]   
   },
   "Most_Contributive_Features_By_Class" : {
      "class_0" : [ 20, 0, 23, 2, 10, 5, 16, 26, 12, 14 ],
      "class_1" : [ 20, 0, 23, 2, 10, 5, 16, 26, 12, 14 ]
   }
}