{
   "Contributions" : {
      "X_0" : [ 0.000000, 0.000000, 0.000000, 0.000000, 0.000000, 0.000000, 0.000000, 0.000000, 0.000000, 0.000000 ],
      "X_1" : [ 0.000000, 0.000000, 0.000000, 0.000000, 0.000000, 0.000000, 0.000000, 0.000000, 0.000000, 0.000000 ],
      "X_2" : [ 0.000000, 0.000209, 0.000000, 0.000000, 0.000000, 0.000139, 0.000000, 0.000000, -0.000348, 0.000000 ],
      "X_3" : [ 0.000000, 0.000000, 0.000000, 0.000000, 0.000000, 0.000000, 0.000000, 0.000000, 0.000000, 0.000000 ],
      "X_4" : [ 0.000000, 0.000000, 0.000000, 0.000000, 0.000000, 0.000000, 0.000000, 0.000000, 0.000000, 0.000000 ],
      "X_5" : [ -0.000400, -0.010161, -0.010707, -0.003574, -0.005295, 0.031623, -0.006739, 0.006571, -0.000157, -0.001161 ],
      "X_6" : [ 0.000000, 0.000000, 0.000000, 0.000000, 0.000000, 0.000000, 0.000000, 0.000000, 0.000000, 0.000000 ],
      "X_7" : [ 0.000000, 0.000000, 0.000000, 0.000000, 0.000000, 0.000000, 0.000000, 0.000000, 0.000000, 0.000000 ],
      "X_8" : [ 0.000000, 0.000000, 0.000000, 0.000000, 0.000000, 0.000000, 0.000000, 0.000000, 0.000000, 0.000000 ],
      "X_9" : [ 0.000000, -0.000662, -0.002622, 0.005895, -0.000313, -0.002295, -0.001950, 0.000609, 0.001148, 0.000191 ],
      "X_10" : [ 0.000000, 0.000000, 0.000000, 0.000000, 0.000000, 0.000000, 0.000000, 0.000000, 0.000000, 0.000000 ],
      "X_11" : [ 0.000000, 0.000000, 0.000000, 0.002191, 0.000000, 0.001217, 0.000000, 0.000000, -0.003408, 0.000000 ],
      "X_12" : [ 0.000000, -0.000104, -0.002661, 0.000000, 0.010504, -0.000087, 0.000000, -0.003756, 0.005652, -0.009547 ],
      "X_13" : [ 0.000000, -0.000157, 0.000000, 0.000000, 0.000000, 0.000000, 0.000000, 0.000000, 0.000487, -0.000330 ],
      "X_14" : [ 0.000000, 0.000000, 0.000000, 0.000000, 0.000000, 0.000000, 0.000000, 0.000000, 0.000000, 0.000000 ],
      "X_15" : [ 0.000000, 0.000000, 0.000000, 0.000000, 0.000000, 0.000000, 0.000000, 0.000000, 0.000000, 0.000000 ],
      "X_16" : [ 0.000000, 0.000000, 0.000000, 0.000000, 0.000000, 0.000000, 0.000000, 0.000000, 0.000000, 0.000000 ],
      "X_17" : [ 0.000000, 0.000000, 0.000000, 0.000000, 0.000000, -0.000087, 0.000000, 0.000000, 0.000000, 0.000087 ],
      "X_18" : [ 0.000000, 0.000000, 0.000000, 0.000000, 0.000000, 0.000000, 0.000000, 0.000000, 0.000000, 0.000000 ],
      "X_19" : [ 0.000000, 0.000000, 0.000000, 0.000000, 0.000000, 0.000000, 0.000000, 0.000000, 0.000000, 0.000000 ],
      "X_20" : [ -0.000328, 0.010943, -0.000450, 0.000307, -0.000160, 0.000817, -0.000109, -0.000109, -0.009984, -0.000927 ],
      "X_21" : [ 0.020589, -0.001706, 0.000801, 0.012064, -0.002921, -0.008018, -0.001221, 0.001628, -0.004310, -0.016904 ],
      "X_22" : [ 0.000000, 0.000000, 0.000000, 0.000000, 0.000000, 0.000000, 0.000000, 0.000000, 0.000000, 0.000000 ],
      "X_23" : [ 0.000000, 0.000000, 0.000000, 0.000000, 0.000000, 0.000000, 0.000000, 0.000000, 0.000000, 0.000000 ],
      "X_24" : [ 0.000000, 0.000000, 0.000000, 0.000000, 0.000000, 0.000000, 0.000000, 0.000000, 0.000000, 0.000000 ],
      "X_25" : [ 0.000000, 0.000000, 0.000000, 0.000000, 0.000000, 0.002522, 0.000000, -0.002522, 0.000000, 0.000000 ],
      "X_26" : [ 0.000000, 0.000104, 0.001082, -0.020656, 0.000301, 0.005775, 0.000000, -0.000230, 0.000256, 0.013370 ],
      "X_27" : [ 0.000026, -0.002542, -0.008261, 0.000107, 0.001378, -0.001183, 0.000022, 0.002362, 0.009692, -0.001603 ],
      "X_28" : [ 0.013626, 0.000000, 0.000595, -0.000106, 0.004804, -0.006243, -0.000852, 0.000000, -0.002069, -0.009754 ],
      "X_29" : [ 0.000000, 0.000000, 0.000000, 0.000000, 0.000000, 0.000000, 0.000000, 0.000000, 0.000000, 0.000000 ],
      "X_30" : [ 0.000000, 0.000000, 0.000000, 0.000000, 0.000000, 0.000000, 0.000000, 0.000000, 0.000000, 0.000000 ],
      "X_31" : [ 0.000000, 0.000000, 0.000000, 0.000000, 0.000000, 0.000000, 0.000000, 0.000000, 0.000000, 0.000000 ],
      "X_32" : [ 0.000000, 0.000000, 0.000000, 0.000000, 0.000000, 0.000000, 0.000000, 0.000000, 0.000000, 0.000000 ],
      "X_33" : [ 0.000055, -0.001775, -0.003615, -0.004342, 0.034208, -0.002610, 0.001198, -0.002120, -0.008195, -0.012804 ],
      "X_34" : [ 0.003808, 0.000000, 0.000000, -0.000090, 0.000000, -0.000696, 0.000000, 0.000000, 0.001826, -0.004849 ],
      "X_35" : [ 0.000000, -0.000201, 0.000000, 0.000000, 0.000000, 0.002113, 0.000000, 0.000000, -0.004025, 0.002113 ],
      "X_36" : [ 0.020973, -0.002315, -0.008843, -0.006074, 0.005199, -0.001437, 0.001941, -0.000360, 0.003752, -0.012837 ],
      "X_37" : [ -0.000035, -0.002243, 0.002971, -0.002869, -0.001443, -0.000070, 0.000942, 0.001843, 0.001322, -0.000417 ],
      "X_38" : [ 0.000000, -0.000293, -0.014332, -0.000293, 0.003774, 0.000348, 0.000000, 0.010991, -0.002402, 0.002209 ],
      "X_39" : [ 0.000000, 0.000000, 0.000000, 0.000000, 0.000000, 0.000000, 0.000000, 0.000000, 0.000000, 0.000000 ],
      "X_40" : [ 0.000000, 0.000000, 0.000000, 0.000000, 0.000000, 0.000000, 0.000000, 0.000000, 0.000000, 0.000000 ],
      "X_41" : [ 0.000000, 0.000000, 0.000000, 0.000643, 0.000000, 0.000400, 0.000000, -0.001043, 0.000000, 0.000000 ],
      "X_42" : [ 0.000035, -0.008727, 0.004224, 0.000667, -0.006581, 0.009238, 0.007181, -0.004783, -0.001954, 0.000699 ],
      "X_43" : [ 0.000260, 0.006653, 0.008767, -0.026912, 0.006860, -0.005857, -0.000348, 0.006423, -0.005590, 0.009744 ],
      "X_44" : [ 0.000000, -0.008402, 0.007291, -0.000560, 0.000670, -0.002226, 0.000000, 0.001183, 0.002045, 0.000000 ],
      "X_45" : [ 0.000000, 0.000661, -0.002748, 0.000000, -0.000713, -0.000365, 0.000052, 0.000000, 0.003113, 0.000000 ],
      "X_46" : [ 0.000000, 0.000000, 0.000000, 0.000000, 0.000000, 0.000000, 0.000000, 0.000000, 0.000000, 0.000000 ],
      "X_47" : [ 0.000000, 0.000000, 0.000000, 0.000000, 0.000000, 0.000000, 0.000000, 0.000000, 0.000000, 0.000000 ],
      "X_48" : [ 0.000000, 0.000000, 0.000000, 0.000000, 0.000000, 0.000000, 0.000000, 0.000000, 0.000000, 0.000000 ],
      "X_49" : [ 0.000000, 0.000000, 0.000000, 0.000000, 0.000000, 0.000000, 0.000000, 0.000000, 0.000000, 0.000000 ],
      "X_50" : [ 0.000000, 0.000000, -0.002226, 0.000000, 0.000000, 0.000000, 0.000000, 0.000000, 0.000000, 0.002226 ],
      "X_51" : [ 0.000000, 0.000000, 0.000000, 0.001009, 0.000000, -0.000887, 0.000000, 0.000470, 0.000000, -0.000591 ],
      "X_52" : [ 0.000000, 0.001513, -0.002852, 0.000000, 0.000000, 0.001026, 0.000000, -0.002330, 0.002469, 0.000174 ],
      "X_53" : [ 0.000000, 0.000000, -0.000748, -0.006330, -0.000974, 0.000035, 0.004834, 0.003965, -0.001600, 0.000817 ],
      "X_54" : [ 0.000852, 0.000122, -0.008799, 0.000000, 0.013303, 0.003783, -0.002618, -0.004365, 0.000661, -0.002939 ],
      "X_55" : [ 0.000000, 0.000000, 0.000000, 0.000000, 0.000000, 0.000000, 0.000000, 0.000000, 0.000000, 0.000000 ],
      "X_56" : [ 0.000000, 0.000000, 0.000000, 0.000000, 0.000000, 0.000000, 0.000000, 0.000000, 0.000000, 0.000000 ],
      "X_57" : [ 0.000000, 0.000000, -0.011477, 0.000000, 0.000000, 0.000141, 0.011337, 0.000000, 0.000000, 0.000000 ],
      "X_58" : [ 0.000000, 0.000000, -0.009808, -0.000383, 0.001530, -0.000139, 0.000000, -0.001009, 0.000539, 0.009269 ],
      "X_59" : [ 0.000000, 0.000000, 0.000000, 0.000000, 0.000000, 0.000000, 0.000000, 0.000000, 0.000000, 0.000000 ],
      "X_60" : [ 0.000614, 0.009375, -0.000423, -0.006744, -0.006504, 0.000279, 0.000044, -0.012572, 0.023824, -0.007893 ],
      "X_61" : [ 0.000000, 0.000000, 0.000000, 0.000226, -0.001635, -0.000296, 0.000591, -0.001913, 0.001026, 0.002000 ],
      "X_62" : [ 0.000000, 0.000000, 0.000000, 0.000000, 0.000000, 0.000000, 0.000000, 0.000000, 0.000000, 0.000000 ],
      "X_63" : [ 0.000000, 0.000000, 0.000000, 0.000000, 0.000000, 0.000000, 0.000000, 0.000000, 0.000000, 0.000000 ]   
   },
   "Most_Contributive_Features_By_Class" : {
      "class_0" : [ 36, 21, 28, 34, 54, 60, 5, 20, 43, 33 ],
      "class_1" : [ 20, 5, 60, 42, 44, 43, 27, 36, 37, 33 ],
      "class_2" : [ 38, 57, 5, 58, 36, 54, 43, 27, 44, 42 ],