{
   "Contributions" : {
      "X_0" : [ 0.011464, -0.011464 ],
      "X_1" : [ 0.002300, -0.002300 ],
      "X_2" : [ -0.002579, 0.002579 ],
      "X_3" : [ 0.000918, -0.000918 ],
      "X_4" : [ -0.001352, 0.001352 ],
      "X_5" : [ -0.012787, 0.012787 ],
      "X_6" : [ 0.012996, -0.012996 ],
      "X_7" : [ -0.005100, 0.005100 ],
      "X_8" : [ 0.004204, -0.004204 ],
      "X_9" : [ -0.000072, 0.000072 ]   
   },
   "Most_Contributive_Features_By_Class" : {
      "class_0" : [ 6, 5, 0, 7, 8, 2, 1, 4, 3, 9 ],
      "class_1" : [ 6, 5, 0, 7, 8, 2, 1, 4, 3, 9 ]
   }
}