{
   "Contributions" : {
      "X_0" : [ 0.002429, -0.002429 ],
      "X_1" : [ -0.025414, 0.025414 ],
      "X_2" : [ -0.003409, 0.003409 ],
      "X_3" : [ -0.007410, 0.007410 ],
      "X_4" : [ -0.019711, 0.019711 ],
      "X_5" : [ 0.003153, -0.003153 ],
      "X_6" : [ -0.005787, 0.005787 ],
      "X_7" : [ 0.003617, -0.003617 ],
      "X_8" : [ 0.007107, -0.007107 ],
      "X_9" : [ 0.001396, -0.001396 ]   
   },
   "Most_Contributive_Features_By_Class" : {
      "class_0" : [ 1, 4, 3, 8, 6, 7, 2, 5, 0, 9 ],
      "class_1" : [ 1, 4, 3, 8, 6, 7, 2, 5, 0, 9 ]
   }
}