{
   "Contributions" : {
      "X_0" : [ -0.014404, -0.002075, 0.035767, -0.019287 ],
      "X_1" : [ 0.000000, 0.000000, 0.000000, 0.000000 ],
      "X_2" : [ -0.010254, 0.003174, -0.000244, 0.007324 ],
      "X_3" : [ -0.033691, 0.108154, -0.081299, 0.006836 ],
      "X_4" : [ 0.004395, -0.000732, -0.002197, -0.001465 ],
      "X_5" : [ 0.000000, 0.000000, 0.000000, 0.000000 ],
      "X_6" : [ -0.032349, -0.001038, 0.035461, -0.002075 ],
      "X_7" : [ 0.005371, 0.065186, -0.023193, -0.047363 ],
      "X_8" : [ -0.010498, 0.027222, -0.026733, 0.010010 ],
      "X_9" : [ -0.000977, 0.002197, -0.001221, 0.000000 ]   
   },
   "Most_Contributive_Features_By_Class" : {
      "class_0" : [ 3, 6, 0, 8, 2, 7, 4, 9 ],
      "class_1" : [ 3, 7, 8, 2, 9, 0, 6, 4 ],
      "class_2" : [ 3, 0, 6, 8, 7, 4, 9, 2 ],
      "class_3" : [ 7, 0, 8, 2, 3, 6, 4 ]
   }
}