{
	"metadata" : { "model" : "Breiman_CART", "version" : "2024-W12", "signature" : "ff4_il8"},
	"options" : { "ccp_alpha" : 0.000000, "criterion" : "", "max_depth" : 6, "max_features" : null, "max_leaf_nodes" : 32, "min_impurity_decrease" : 0.000000, "min_samples_leaf" : 1, "min_samples_split" : 2, "min_weight_fraction_leaf" : 0.000000, "random_state" : 1789, "splitter" : "best" },
	"dataset" : { "dataset_rows" : 64, "dataset_features" : 10 },
	"classes" : [ 0, 1, 2, 3 ],
	"tree" : {
	"features" : 10,
	"outputs" : 4,
	"max_depth" : 5,
	"node_count" : 31,
	"nodes" : {
		"node_00" : {"left" : 1, "right" : 2, "feature" : 8, "threshold" : 0.191088, "impurity" : 0.745605, "n_samples" : 64, "w_samples" : 64.000000, "value" : [0.265625, 0.296875, 0.218750, 0.218750]},
		"node_01" : {"left" : 9, "right" : 10, "feature" : 3, "threshold" : 0.761311, "impurity" : 0.690947, "n_samples" : 31, "w_samples" : 31.000000, "value" : [0.322581, 0.064516, 0.387097, 0.225806]},
		"node_02" : {"left" : 3, "right" : 4, "feature" : 3, "threshold" : 1.240127, "impurity" : 0.640955, "n_samples" : 33, "w_samples" : 33.000000, "value" : [0.212121, 0.515152, 0.060606, 0.212121]},
		"node_03" : {"left" : 5, "right" : 6, "feature" : 7, "threshold" : -1.009942, "impurity" : 0.529492, "n_samples" : 27, "w_samples" : 27.000000, "value" : [0.037037, 0.629630, 0.074074, 0.259259]},
		"node_04" : {"left" : null, "right" : null, "feature" : null, "threshold" : null, "impurity" : 0.000000, "n_samples" : 6, "w_samples" : 6.000000, "value" : [1.000000, 0.000000, 0.000000, 0.000000]},
		"node_05" : {"left" : 7, "right" : 8, "feature" : 0, "threshold" : 0.245479, "impurity" : 0.244898, "n_samples" : 7, "w_samples" : 7.000000, "value" : [0.000000, 0.000000, 0.142857, 0.857143]},
		"node_06" : {"left" : 25, "right" : 26, "feature" : 3, "threshold" : -1.923941, "impurity" : 0.270000, "n_samples" : 20, "w_samples" : 20.000000, "value" : [0.050000, 0.850000, 0.050000, 0.050000]},
		"node_07" : {"left" : null, "right" : null, "feature" : null, "threshold" : null, "impurity" : 0.000000, "n_samples" : 6, "w_samples" : 6.000000, "value" : [0.000000, 0.000000, 0.000000, 1.000000]},
		"node_08" : {"left" : null, "right" : null, "feature" : null, "threshold" : null, "impurity" : 0.000000, "n_samples" : 1, "w_samples" : 1.000000, "value" : [0.000000, 0.000000, 1.000000, 0.000000]},
		"node_09" : {"left" : 15, "right" : 16, "feature" : 6, "threshold" : 1.535481, "impurity" : 0.635417, "n_samples" : 24, "w_samples" : 24.000000, "value" : [0.375000, 0.083333, 0.458333, 0.083333]},
		"node_10" : {"left" : 11, "right" : 12, "feature" : 3, "threshold" : 2.514059, "impurity" : 0.448980, "n_samples" : 7, "w_samples" : 7.000000, "value" : [0.142857, 0.000000, 0.142857, 0.714286]},
		"node_11" : {"left" : null, "right" : null, "feature" : null, "threshold" : null, "impurity" : 0.000000, "n_samples" : 5, "w_samples" : 5.000000, "value" : [0.000000, 0.000000, 0.000000, 1.000000]},
		"node_12" : {"left" : 13, "right" : 14, "feature" : 9, "threshold" : 0.348157, "impurity" : 0.500000, "n_samples" : 2, "w_samples" : 2.000000, "value" : [0.500000, 0.000000, 0.500000, 0.000000]},
		"node_13" : {"left" : null, "right" : null, "feature" : null, "threshold" : null, "impurity" : 0.000000, "n_samples" : 1, "w_samples" : 1.000000, "value" : [1.000000, 0.000000, 0.000000, 0.000000]},
		"node_14" : {"left" : null, "right" : null, "feature" : null, "threshold" : null, "impurity" : 0.000000, "n_samples" : 1, "w_samples" : 1.000000, "value" : [0.000000, 0.000000, 1.000000, 0.000000]},
		"node_15" : {"left" : 17, "right" : 18, "feature" : 0, "threshold" : -1.119714, "impurity" : 0.653740, "n_samples" : 19, "w_samples" : 19.000000, "value" : [0.473684, 0.105263, 0.315789, 0.105263]},
		"node_16" : {"left" : null, "right" : null, "feature" : null, "threshold" : null, "impurity" : 0.000000, "n_samples" : 5, "w_samples" : 5.000000, "value" : [0.000000, 0.000000, 1.000000, 0.000000]},
		"node_17" : {"left" : 19, "right" : 20, "feature" : 2, "threshold" : 1.871103, "impurity" : 0.277778, "n_samples" : 6, "w_samples" : 6.000000, "value" : [0.833333, 0.166667, 0.000000, 0.000000]},
		"node_18" : {"left" : 21, "right" : 22, "feature" : 3, "threshold" : -1.509442, "impurity" : 0.662722, "n_samples" : 13, "w_samples" : 13.000000, "value" : [0.307692, 0.076923, 0.461538, 0.153846]},
		"node_19" : {"left" : null, "right" : null, "feature" : null, "threshold" : null, "impurity" : 0.000000, "n_samples" : 5, "w_samples" : 5.000000, "value" : [1.000000, 0.000000, 0.000000, 0.000000]},
		"node_20" : {"left" : null, "right" : null, "feature" : null, "threshold" : null, "impurity" : 0.000000, "n_samples" : 1, "w_samples" : 1.000000, "value" : [0.000000, 1.000000, 0.000000, 0.000000]},
		"node_21" : {"left" : null, "right" : null, "feature" : null, "threshold" : null, "impurity" : 0.000000, "n_samples" : 3, "w_samples" : 3.000000, "value" : [0.000000, 0.000000, 1.000000, 0.000000]},
		"node_22" : {"left" : 23, "right" : 24, "feature" : 4, "threshold" : 0.776090, "impurity" : 0.700000, "n_samples" : 10, "w_samples" : 10.000000, "value" : [0.400000, 0.100000, 0.300000, 0.200000]},
		"node_23" : {"left" : null, "right" : null, "feature" : null, "threshold" : null, "impurity" : 0.718750, "n_samples" : 8, "w_samples" : 8.000000, "value" : [0.250000, 0.125000, 0.375000, 0.250000]},
		"node_24" : {"left" : null, "right" : null, "feature" : null, "threshold" : null, "impurity" : 0.000000, "n_samples" : 2, "w_samples" : 2.000000, "value" : [1.000000, 0.000000, 0.000000, 0.000000]},
		"node_25" : {"left" : null, "right" : null, "feature" : null, "threshold" : null, "impurity" : 0.000000, "n_samples" : 1, "w_samples" : 1.000000, "value" : [1.000000, 0.000000, 0.000000, 0.000000]},
		"node_26" : {"left" : 27, "right" : 28, "feature" : 2, "threshold" : 1.671657, "impurity" : 0.193906, "n_samples" : 19, "w_samples" : 19.000000, "value" : [0.000000, 0.894737, 0.052632, 0.052632]},
		"node_27" : {"left" : 29, "right" : 30, "feature" : 9, "threshold" : 1.194430, "impurity" : 0.104938, "n_samples" : 18, "w_samples" : 18.000000, "value" : [0.000000, 0.944444, 0.055556, 0.000000]},
		"node_28" : {"left" : null, "right" : null, "feature" : null, "threshold" : null, "impurity" : 0.000000, "n_samples" : 1, "w_samples" : 1.000000, "value" : [0.000000, 0.000000, 0.000000, 1.000000]},
		"node_29" : {"left" : null, "right" : null, "feature" : null, "threshold" : null, "impurity" : 0.000000, "n_samples" : 16, "w_samples" : 16.000000, "value" : [0.000000, 1.000000, 0.000000, 0.000000]},
		"node_30" : {"left" : null, "right" : null, "feature" : null, "threshold" : null, "impurity" : 0.500000, "n_samples" : 2, "w_samples" : 2.000000, "value" : [0.000000, 0.500000, 0.500000, 0.000000]}
		}
	}
}