{
   "Contributions" : {
      "X_0" : [ -0.027344, 0.009766, 0.040039, -0.022461 ],
      "X_1" : [ 0.000000, 0.000000, 0.000000, 0.000000 ],
      "X_2" : [ -0.010254, 0.003418, -0.000488, 0.007324 ],
      "X_3" : [ -0.030762, 0.102539, -0.070312, -0.001465 ],
      "X_4" : [ 0.002930, -0.003418, 0.005371, -0.004883 ],
      "X_5" : [ 0.000000, 0.000000, 0.000000, 0.000000 ],
      "X_6" : [ -0.033691, -0.000977, 0.039062, -0.004395 ],
      "X_7" : [ 0.005371, 0.067383, -0.025391, -0.047363 ],
      "X_8" : [ -0.002930, 0.025391, -0.045898, 0.023438 ],
      "X_9" : [ -0.000977, 0.004395, -0.003418, 0.000000 ]   
   },
   "Most_Contributive_Features_By_Class" : {
      "class_0" : [ 6, 3, 0, 2, 7, 4, 8, 9 ],
      "class_1" : [ 3, 7, 8, 0, 9, 2, 4, 6 ],
      "class_2" : [ 3, 8, 0, 6, 7, 4, 9, 2 ],
      "class_3" : [ 7, 8, 0, 2, 4, 6, 3 ]
   }
}