{
   "Contributions" : {
      "X_0" : [ -0.000845, 0.000845 ],
      "X_1" : [ -0.000339, 0.000339 ],
      "X_2" : [ -0.000527, 0.000527 ],
      "X_3" : [ 0.000271, -0.000271 ],
      "X_4" : [ -0.002745, 0.002745 ],
      "X_5" : [ 0.000573, -0.000573 ],
      "X_6" : [ -0.000043, 0.000043 ],
      "X_7" : [ -0.000439, 0.000439 ],
      "X_8" : [ -0.001652, 0.001652 ],
      "X_9" : [ 0.001129, -0.001129 ],
      "X_10" : [ 0.000696, -0.000696 ],
      "X_11" : [ 0.000250, -0.000250 ],
      "X_12" : [ 0.000338, -0.000338 ],
      "X_13" : [ 0.002032, -0.002032 ],
      "X_14" : [ -0.000569, 0.000569 ],
      "X_15" : [ 0.001602, -0.001602 ],
      "X_16" : [ 0.000280, -0.000280 ],
      "X_17" : [ -0.000168, 0.000168 ],
      "X_18" : [ -0.002302, 0.002302 ],
      "X_19" : [ 0.000258, -0.000258 ],
      "X_20" : [ -0.000810, 0.000810 ],
      "X_21" : [ -0.001338, 0.001338 ],
      "X_22" : [ -0.000016, 0.000016 ],
      "X_23" : [ -0.000087, 0.000087 ],
      "X_24" : [ -0.000105, 0.000105 ],
      "X_25" : [ -0.000254, 0.000254 ],
      "X_26" : [ -0.001857, 0.001857 ],
      "X_27" : [ -0.001307, 0.001307 ],
      "X_28" : [ 0.000056, -0.000056 ],
      "X_29" : [ -0.000453, 0.000453 ],
      "X_30" : [ 0.002360, -0.002360 ],
      "X_31" : [ -0.000920, 0.000920 ],
      "X_32" : [ -0.000038, 0.000038 ],
      "X_33" : [ -0.000056, 0.000056 ],
      "X_34" : [ 0.000954, -0.000954 ],
      "X_35" : [ 0.000740, -0.000740 ],
      "X_36" : [ 0.000166, -0.000166 ],
      "X_37" : [ -0.000987, 0.000987 ],
      "X_38" : [ -0.000767, 0.000767 ],
      "X_39" : [ -0.000241, 0.000241 ],
      "X_40" : [ 0.000246, -0.000246 ],
      "X_41" : [ -0.002375, 0.002375 ],
      "X_42" : [ -0.000593, 0.000593 ],
      "X_43" : [ -0.000392, 0.000392 ],
      "X_44" : [ 0.000116, -0.000116 ],
      "X_45" : [ -0.000309, 0.000309 ],
      "X_46" : [ -0.000649, 0.000649 ],
      "X_47" : [ -0.000488, 0.000488 ],
      "X_48" : [ 0.001300, -0.001300 ],
      "X_49" : [ 0.001187, -0.001187 ],
      "X_50" : [ -0.000176, 0.000176 ],
      "X_51" : [ 0.000078, -0.000078 ],
      "X_52" : [ -0.000444, 0.000444 ],
      "X_53" : [ 0.001181, -0.001181 ],
      "X_54" : [ -0.000184, 0.000184 ],
      "X_55" : [ 0.000198, -0.000198 ],
      "X_56" : [ 0.000269, -0.000269 ],
      "X_57" : [ 0.002297, -0.002297 ],
      "X_58" : [ -0.000312, 0.000312 ],
      "X_59" : [ -0.000715, 0.000715 ],
      "X_60" : [ 0.000991, -0.000991 ],
      "X_61" : [ -0.003975, 0.003975 ],
      "X_62" : [ -0.000049, 0.000049 ],
      "X_63" : [ -0.000240, 0.000240 ],
      "X_64" : [ 0.000389, -0.000389 ],
      "X_65" : [ 0.001105, -0.001105 ],
      "X_66" : [ 0.000599, -0.000599 ],
      "X_67" : [ 0.001452, -0.001452 ],
      "X_68" : [ -0.000459, 0.000459 ],
      "X_69" : [ -0.000398, 0.000398 ],
      "X_70" : [ 0.000102, -0.000102 ],
      "X_71" : [ 0.000482, -0.000482 ],
      "X_72" : [ -0.000176, 0.000176 ],
      "X_73" : [ -0.000593, 0.000593 ],
      "X_74" : [ -0.000103, 0.000103 ],
      "X_75" : [ -0.000056, 0.000056 ],
      "X_76" : [ -0.001393, 0.001393 ],
      "X_77" : [ 0.001199, -0.001199 ],
      "X_78" : [ 0.001082, -0.001082 ],
      "X_79" : [ -0.002319, 0.002319 ],
      "X_80" : [ -0.003479, 0.003479 ],
      "X_81" : [ 0.002433, -0.002433 ],
      "X_82" : [ 0.001257, -0.001257 ],
      "X_83" : [ 0.000657, -0.000657 ],
      "X_84" : [ 0.001396, -0.001396 ],
      "X_85" : [ 0.000195, -0.000195 ],
      "X_86" : [ -0.000559, 0.000559 ],
      "X_87" : [ 0.000394, -0.000394 ],
      "X_88" : [ -0.000701, 0.000701 ],
      "X_89" : [ -0.000276, 0.000276 ],
      "X_90" : [ -0.000619, 0.000619 ],
      "X_91" : [ 0.001332, -0.001332 ],
      "X_92" : [ -0.000733, 0.000733 ],
      "X_93" : [ 0.001680, -0.001680 ],
      "X_94" : [ 0.000788, -0.000788 ],
      "X_95" : [ 0.000600, -0.000600 ],
      "X_96" : [ 0.002206, -0.002206 ],
      "X_97" : [ -0.001518, 0.001518 ],
      "X_98" : [ 0.000107, -0.000107 ],
      "X_99" : [ -0.002763, 0.002763 ]   
   },
   "Most_Contributive_Features_By_Class" : {
      "class_0" : [ 61, 80, 99, 4, 81, 41, 30, 79, 18, 57 ],
      "class_1" : [ 61, 80, 99, 4, 81, 41, 30, 79, 18, 57 ]
   }
}