{
   "Contributions" : {
      "X_0" : [ 0.001259, -0.001259 ],
      "X_1" : [ 0.000000, 0.000000 ],
      "X_2" : [ -0.011325, 0.011325 ],
      "X_3" : [ 0.000000, 0.000000 ],
      "X_4" : [ -0.003341, 0.003341 ],
      "X_5" : [ 0.000000, 0.000000 ],
      "X_6" : [ 0.000000, 0.000000 ],
      "X_7" : [ 0.000000, 0.000000 ],
      "X_8" : [ 0.000000, 0.000000 ],
      "X_9" : [ 0.000000, 0.000000 ],
      "X_10" : [ -0.005487, 0.005487 ],
      "X_11" : [ -0.004268, 0.004268 ],
      "X_12" : [ 0.003882, -0.003882 ],
      "X_13" : [ 0.000000, 0.000000 ]   
   },
   "Most_Contributive_Features_By_Class" : {
      "class_0" : [ 2, 10, 11, 12, 4, 0 ],
      "class_1" : [ 2, 10, 11, 12, 4, 0 ]
   }
}