{
   "Contributions" : {
      "X_0" : [ 0.012080 ],
      "X_1" : [ -0.038033 ],
      "X_2" : [ 0.082679 ],
      "X_3" : [ -0.004815 ],
      "X_4" : [ 0.002520 ],
      "X_5" : [ -0.000324 ],
      "X_6" : [ 0.002356 ],
      "X_7" : [ -0.037551 ],
      "X_8" : [ 0.026294 ],
      "X_9" : [ -0.009324 ],
      "X_10" : [ 0.007991 ],
      "X_11" : [ -0.039731 ],
      "X_12" : [ -0.002829 ],
      "X_13" : [ -0.004796 ],
      "X_14" : [ 0.014791 ],
      "X_15" : [ -0.002331 ],
      "X_16" : [ -0.005950 ],
      "X_17" : [ 0.003567 ],
      "X_18" : [ 0.074597 ],
      "X_19" : [ -0.034751 ],
      "X_20" : [ -0.026815 ],
      "X_21" : [ 0.002509 ],
      "X_22" : [ -0.072833 ],
      "X_23" : [ -0.012576 ],
      "X_24" : [ 0.010034 ],
      "X_25" : [ -0.063872 ],
      "X_26" : [ 0.015167 ],
      "X_27" : [ -0.001230 ],
      "X_28" : [ 0.014520 ],
      "X_29" : [ -0.006539 ],
      "X_30" : [ 0.008710 ],
      "X_31" : [ -0.010255 ],
      "X_32" : [ 0.108451 ],
      "X_33" : [ 0.002508 ],
      "X_34" : [ 0.001350 ],
      "X_35" : [ 0.004668 ],
      "X_36" : [ -0.059217 ],
      "X_37" : [ -0.019499 ],
      "X_38" : [ 0.002979 ],
      "X_39" : [ -0.013688 ],
      "X_40" : [ 0.067380 ],
      "X_41" : [ -0.042066 ],
      "X_42" : [ -0.107705 ],
      "X_43" : [ 0.016684 ],
      "X_44" : [ -0.018481 ],
      "X_45" : [ -0.006843 ],
      "X_46" : [ -0.018209 ],
      "X_47" : [ 0.010801 ],
      "X_48" : [ -0.032174 ],
      "X_49" : [ -0.005290 ],
      "X_50" : [ -0.001795 ],
      "X_51" : [ -0.019891 ],
      "X_52" : [ 0.001669 ],
      "X_53" : [ 0.027171 ],
      "X_54" : [ -0.000052 ],
      "X_55" : [ 0.004245 ],
      "X_56" : [ 0.005420 ],
      "X_57" : [ -0.004502 ],
      "X_58" : [ 0.010124 ],
      "X_59" : [ 0.080711 ],
      "X_60" : [ -0.010153 ],
      "X_61" : [ 0.025851 ],
      "X_62" : [ 0.031607 ],
      "X_63" : [ 0.007947 ],
      "X_64" : [ 0.009527 ],
      "X_65" : [ 0.002606 ],
      "X_66" : [ 0.010150 ],
      "X_67" : [ 0.014221 ],
      "X_68" : [ 0.028085 ],
      "X_69" : [ -0.017642 ],
      "X_70" : [ -0.007309 ],
      "X_71" : [ 0.024541 ],
      "X_72" : [ 0.007686 ],
      "X_73" : [ -0.002461 ],
      "X_74" : [ 0.000617 ],
      "X_75" : [ -0.054040 ],
      "X_76" : [ -0.027040 ],
      "X_77" : [ -0.023151 ],
      "X_78" : [ 0.049317 ],
      "X_79" : [ -0.008283 ],
      "X_80" : [ 0.023918 ],
      "X_81" : [ -0.076384 ],
      "X_82" : [ 0.000242 ],
      "X_83" : [ -0.001009 ],
      "X_84" : [ 0.015637 ],
      "X_85" : [ -0.009128 ],
      "X_86" : [ 0.030351 ],
      "X_87" : [ -0.000769 ],
      "X_88" : [ -0.009928 ],
      "X_89" : [ -0.019383 ],
      "X_90" : [ -0.036999 ],
      "X_91" : [ -0.073623 ],
      "X_92" : [ 0.026082 ],
      "X_93" : [ -0.005643 ],
      "X_94" : [ -0.001873 ],
      "X_95" : [ 0.020697 ],
      "X_96" : [ -0.014446 ],
      "X_97" : [ -0.011714 ],
      "X_98" : [ -0.003216 ],
      "X_99" : [ 0.011421 ]   
   },
   "Most_Contributive_Features" : {
      "y" : [ 32, 42, 2, 59, 81, 18, 91, 22, 40, 25 ]
   }
}