{
   "Contributions" : {
      "X_0" : [ -0.001357 ],
      "X_1" : [ 0.003999 ],
      "X_2" : [ 0.011763 ],
      "X_3" : [ -0.004713 ],
      "X_4" : [ -0.001058 ],
      "X_5" : [ 0.005125 ],
      "X_6" : [ -0.002933 ],
      "X_7" : [ -0.000227 ],
      "X_8" : [ 0.007328 ],
      "X_9" : [ -0.001212 ],
      "X_10" : [ 0.002340 ],
      "X_11" : [ 0.010501 ],
      "X_12" : [ -0.005464 ],
      "X_13" : [ -0.008698 ],
      "X_14" : [ -0.000187 ],
      "X_15" : [ -0.008235 ],
      "X_16" : [ -0.001532 ],
      "X_17" : [ 0.001604 ],
      "X_18" : [ -0.003019 ],
      "X_19" : [ 0.003788 ],
      "X_20" : [ 0.002992 ],
      "X_21" : [ -0.007751 ],
      "X_22" : [ -0.009179 ],
      "X_23" : [ 0.000648 ],
      "X_24" : [ -0.002122 ],
      "X_25" : [ 0.008211 ],
      "X_26" : [ 0.000312 ],
      "X_27" : [ 0.004336 ],
      "X_28" : [ -0.007306 ],
      "X_29" : [ 0.000699 ],
      "X_30" : [ -0.000844 ],
      "X_31" : [ -0.003068 ],
      "X_32" : [ -0.005818 ],
      "X_33" : [ -0.007864 ],
      "X_34" : [ -0.002742 ],
      "X_35" : [ 0.000130 ],
      "X_36" : [ -0.003137 ],
      "X_37" : [ 0.000029 ],
      "X_38" : [ 0.001395 ],
      "X_39" : [ -0.017191 ],
      "X_40" : [ -0.002767 ],
      "X_41" : [ -0.004371 ],
      "X_42" : [ 0.011963 ],
      "X_43" : [ 0.002925 ],
      "X_44" : [ -0.005935 ],
      "X_45" : [ -0.003068 ],
      "X_46" : [ -0.001280 ],
      "X_47" : [ 0.005290 ],
      "X_48" : [ -0.005451 ],
      "X_49" : [ 0.000828 ],
      "X_50" : [ -0.006064 ],
      "X_51" : [ 0.003535 ],
      "X_52" : [ 0.000069 ],
      "X_53" : [ -0.001333 ],
      "X_54" : [ 0.003974 ],
      "X_55" : [ 0.000030 ],
      "X_56" : [ -0.001160 ],
      "X_57" : [ -0.007156 ],
      "X_58" : [ -0.000613 ],
      "X_59" : [ 0.010421 ],
      "X_60" : [ -0.000540 ],
      "X_61" : [ 0.000884 ],
      "X_62" : [ 0.000050 ],
      "X_63" : [ 0.003520 ],
      "X_64" : [ -0.001472 ],
      "X_65" : [ -0.000163 ],
      "X_66" : [ 0.001649 ],
      "X_67" : [ -0.003659 ],
      "X_68" : [ -0.010032 ],
      "X_69" : [ -0.000347 ],
      "X_70" : [ -0.000214 ],
      "X_71" : [ 0.002642 ],
      "X_72" : [ 0.000481 ],
      "X_73" : [ -0.004397 ],
      "X_74" : [ 0.002328 ],
      "X_75" : [ 0.003395 ],
      "X_76" : [ 0.001645 ],
      "X_77" : [ -0.005683 ],
      "X_78" : [ 0.015049 ],
      "X_79" : [ 0.001238 ],
      "X_80" : [ -0.004215 ],
      "X_81" : [ -0.015022 ],
      "X_82" : [ -0.000463 ],
      "X_83" : [ 0.002743 ],
      "X_84" : [ 0.010697 ],
      "X_85" : [ 0.000300 ],
      "X_86" : [ -0.002764 ],
      "X_87" : [ 0.002553 ],
      "X_88" : [ 0.000476 ],
      "X_89" : [ 0.001614 ],
      "X_90" : [ -0.006788 ],
      "X_91" : [ 0.017698 ],
      "X_92" : [ 0.008789 ],
      "X_93" : [ 0.015872 ],
      "X_94" : [ 0.008211 ],
      "X_95" : [ -0.000484 ],
      "X_96" : [ -0.001694 ],
      "X_97" : [ 0.003454 ],
      "X_98" : [ 0.005374 ],
      "X_99" : [ 0.006948 ]   
   },
   "Most_Contributive_Features" : {
      "y" : [ 91, 39, 93, 78, 81, 42, 2, 84, 11, 59 ]
   }
}