{
	"metadata" : { "model" : "Tikhonov_Ridge", "version" : "2024-W14", "signature" : "ff4_il8"},
	"options" : { "alpha" : 0.000000, "random_state" : 1789 },
	"dataset" : { "dataset_rows" : 1797, "dataset_features" : 64 },
	"classes" : [ 0, 1, 2, 3, 4, 5, 6, 7, 8, 9 ],
	"equations" : {
		"class_0" : {
			"intercept" : -36.987644,
			"coeffs" : [ 0.000000, 3.860751, 0.401071, -6.770305, 0.899931, -0.159043, 1.354230, 0.444152, -6.376829, -1.759248, -2.448761, -1.924706, 1.370575, -0.551907, 0.190362, -1.397838, 35.081207, 0.379235, -0.238731, 0.490090, 1.329500, -0.299650, 0.121832, 1.160586, -71.214272, 6.710927, -2.345322, 0.956190, -0.286361, 1.660212, -0.807609, -31.632599, 0.000000, 12.817764, -3.106855, 2.754260, -0.757971, 0.048552, -2.369484, 0.000000, 7.071799, -6.636298, 1.796025, -3.375967, 1.748199, -0.062553, 1.350472, 7.602018, 10.416359, -0.171427, 2.122612, 1.788619, -1.768564, 0.087727, 0.485332, 1.393724, 17.489645, 0.640951, -0.364865, 9.799593, -2.633640, 0.798306, 0.426206, -0.955876 ]
		},
		"class_1" : {
			"intercept" : 54.698711,
			"coeffs" : [ 0.000000, 5.133045, -0.188537, 12.827849, -1.939579, 0.283836, -0.847730, 1.785814, 35.304398, -2.105556, 6.044786, 1.944992, -1.989356, 1.612604, 0.101354, 3.068810, -10.481716, -3.136345, -1.063393, -0.724848, -1.648384, 0.128455, 0.513082, -5.786546, -3.914007, 2.643899, -0.014914, 0.731089, -0.026547, -1.376344, -1.047009, 49.084366, 0.000000, -5.220175, -0.820122, -0.476049, -0.659068, 0.290115, 1.251941, 0.000000, -3.300244, 2.456412, 0.071635, 0.459912, 0.301646, -0.501052, 0.017970, -2.984018, -2.938389, 2.240135, -2.778806, 1.284631, 0.797925, -0.263218, 1.222426, -2.020990, -10.962286, -8.135533, 1.783396, -22.483160, 6.728076, -4.086452, -0.043674, 2.128641 ]
		},
		"class_2" : {
			"intercept" : -48.291885,
			"coeffs" : [ 0.000000, -7.812525, 0.601940, -8.319206, 0.994512, -0.181679, 0.046231, -2.734180, -34.062904, 2.910252, -4.711136, -1.282884, 0.585328, -1.191763, -0.377711, -0.348812, -19.552603, 4.440536, 1.217586, 0.533345, 0.421285, 0.552453, -0.547158, 6.221912, 31.070969, -5.929578, 1.191690, -1.090378, 0.056449, -0.096664, 2.112748, -37.298222, 0.000000, -8.437358, 4.326187, -2.540432, 1.858623, 0.211756, 1.111109, 0.000000, -2.537080, 4.208304, -2.505293, 3.825182, -2.256073, 1.112815, -1.073340, -4.010627, -7.574642, -3.518759, 2.478321, -1.353708, 0.738916, -0.086357, -2.058305, 1.696159, -5.119648, 7.807826, -1.768739, 15.081223, -3.714950, 3.235526, -0.671976, -0.894100 ]
		},
		"class_3" : {
			"intercept" : -15.712386,
			"coeffs" : [ 0.000000, -10.751398, -0.422240, -10.654829, 1.866174, -0.128934, -0.343611, -2.982237, -31.740746, 4.700069, -5.296927, -1.487523, 1.489896, -2.346207, -0.337029, -2.903296, -2.750119, 1.131420, 1.466124, 0.967522, 1.811533, -0.418725, -1.458547, 4.319975, 74.125359, -8.833755, 3.506082, -3.510015, 0.159962, 0.842715, 2.639025, -33.502720, 0.000000, -7.717361, 1.867429, 0.854327, 1.034258, -0.416479, 0.609298, 0.000000, 8.586581, 5.360595, 0.222472, -3.649247, -0.295260, -0.105678, -1.987518, -1.427073, -6.778192, -5.304724, 1.093593, -0.467511, -0.422636, -0.149821, -1.527393, 1.347860, 41.591793, 12.764166, -1.256644, 19.346127, -4.975121, 3.624672, -0.429701, -3.516475 ]
		},
		"class_4" : {
			"intercept" : 55.604214,
			"coeffs" : [ 0.000000, 6.788124, 0.142061, 18.285276, -3.255663, 1.133573, 1.057158, 6.327574, 33.617725, -1.337263, 9.333271, 3.744930, -1.832330, 4.052439, -0.287579, 0.703968, 13.323513, -5.603190, -2.348903, -1.895342, -2.815019, -0.157731, 2.706657, -9.351563, -14.262749, 4.755561, -3.364028, 4.399168, 0.300687, -0.723720, -5.602705, 98.507256, 0.000000, 28.496887, -7.541247, 1.497808, -3.503242, -0.360741, -2.574205, 0.000000, -16.923447, -15.515315, 1.469767, 1.591854, 2.254930, -0.530781, 3.881693, 7.144463, 14.260453, 11.713148, -3.753181, 1.131171, -0.294825, 0.311606, 2.496088, -2.072358, -101.677872, -18.371658, 2.059244, -33.215759, 8.301123, -6.177245, 1.295888, 4.466901 ]
		},
		"class_5" : {
			"intercept" : -57.098522,
			"coeffs" : [ 0.000000, -4.494911, 0.729877, -10.900904, 1.715926, -1.466008, -0.236712, -2.104828, -33.180878, 2.759243, -6.442224, -2.015309, 1.415110, -1.246180, 1.495696, 0.224988, 14.469610, 0.106060, 1.251650, 0.723875, 1.555081, 0.152265, -1.093448, 2.744293, -102.970322, 13.014235, -2.772155, 0.680306, -0.711767, 1.124451, 2.007714, -84.313705, 0.000000, -8.646276, 2.546469, -0.142069, 1.270872, 0.223145, -0.483100, 0.000000, 7.091163, 3.866053, 0.369959, 0.229172, -0.829113, 0.562175, -0.090722, 0.719187, 4.122143, -3.212842, 1.904438, -1.243445, -0.295897, 0.174884, -0.831840, 1.770223, 34.767323, 8.161566, -1.356939, 19.940903, -6.227137, 3.765923, -0.067268, -1.494788 ]
		},
		"class_6" : {
			"intercept" : 9.331075,
			"coeffs" : [ 0.000000, 5.521992, -0.191320, 5.281173, -1.098413, 0.770381, 0.387816, 1.485880, 21.609083, -1.798636, 3.715436, 0.442367, -0.616606, 0.952059, -0.555474, 0.912656, 9.410070, -2.552875, -0.601035, -0.642867, -0.901962, 0.169506, 0.948668, -1.381564, 11.387647, -0.314644, -0.395622, 0.961628, 0.269860, -0.559983, -1.545302, 27.182394, 0.000000, 6.305039, -1.281528, -0.168710, -0.833096, 0.118762, -0.201649, 0.000000, -3.515586, -3.772679, -0.359343, 1.189662, 0.415127, -0.070419, 0.632898, 0.540279, 2.478535, 2.144785, -0.416583, 1.217334, -0.154083, 0.009643, 0.793724, -0.911563, -29.293915, -5.689725, 0.712236, -10.602820, 3.736139, -2.383697, 0.331130, 1.627848 ]
		},
		"class_7" : {
			"intercept" : 12.139811,
			"coeffs" : [ 0.000000, 1.764141, -0.207908, 1.277067, -0.174745, 0.175818, -0.211906, -0.438582, 17.144575, -1.221796, 1.675183, 0.341706, -0.440085, 0.361713, -0.690998, 0.212696, -16.294563, -0.381577, 0.196834, -0.459897, -0.504027, 0.118131, 0.443729, 2.050517, 63.211018, -6.293834, 1.481200, -0.390088, 0.392376, -0.788721, 0.026876, 12.485581, 0.000000, -1.101384, 1.136181, -1.501297, -0.019902, -0.367032, 0.585717, 0.000000, -6.038455, 0.561401, -0.905443, 2.445121, -1.237607, 0.292819, -0.414875, -2.642956, -4.647305, 1.643214, -1.874579, -0.131543, 0.875655, 0.250783, -0.197186, -0.537272, -22.772631, -2.312898, 0.476839, -2.416385, 0.397909, 0.287970, -0.166395, 0.213543 ]
		},
		"class_8" : {
			"intercept" : -12.089852,
			"coeffs" : [ 0.000000, 1.750256, -0.383856, -2.145375, 0.612163, 0.000408, -0.399883, -1.080434, -2.062099, -1.655044, -1.228724, -0.141620, 0.228189, -0.787187, -0.048494, -0.438587, -10.548678, 3.066578, 0.250538, 0.208562, 0.173569, 0.156442, -0.558867, 2.648237, 18.610760, -4.108664, 1.188752, -0.858976, 0.085336, -0.326789, 1.139257, -7.107018, 0.000000, -7.232533, 2.562870, -1.518407, 1.140923, 0.177605, 1.098072, 0.000000, 1.014365, 3.596440, -1.261969, 1.813122, -0.952906, 0.090267, -0.967900, -3.421414, -3.856544, -2.844476, 1.731826, -2.431707, 0.877629, -0.015460, -0.525607, -0.338937, 19.216080, 2.312829, -0.856581, 5.335842, -1.833363, 1.238770, -0.258867, -0.171686 ]
		},
		"class_9" : {
			"intercept" : 30.406532,
			"coeffs" : [ 0.000000, -1.759165, -0.481076, 1.119323, 0.379698, -0.428392, -0.805639, -0.703166, -0.251474, -0.492134, -0.640882, 0.378035, -0.210739, -0.855568, 0.509937, -0.034460, -12.656135, 2.550010, -0.130671, 0.799549, 0.578424, -0.401133, -1.075979, -2.625908, -6.048487, -1.643524, 1.524215, -1.878867, -0.240027, 0.244832, 1.077042, 6.593253, 0.000000, -9.265127, 0.310661, 1.240541, 0.468628, 0.074343, 0.972333, 0.000000, 8.551099, 5.875319, 1.102206, -4.528760, 0.851035, -0.787597, -1.348692, -1.519937, -5.482260, -2.689140, -0.507637, 0.206134, -0.354093, -0.319789, 0.142804, -0.326885, 56.762749, 2.822391, 0.572070, -0.785664, 0.220979, -0.303797, -0.415344, -1.403969 ]
		}
	}
}