{
   "Contributions" : {
      "X_0" : [ 0.000000, 0.000000, 0.000000, 0.000000, 0.000000, 0.000000, 0.000000, 0.000000, 0.000000, 0.000000 ],
      "X_1" : [ 0.000720, -0.005076, 0.001321, 0.005184, -0.002013, -0.000937, 0.000024, 0.000710, 0.000278, -0.000210 ],
      "X_2" : [ -0.001603, 0.001777, -0.008796, 0.012117, -0.001087, -0.006450, 0.000206, 0.001003, 0.000190, 0.002644 ],
      "X_3" : [ 0.008454, -0.042664, 0.015109, 0.052679, -0.046141, 0.025822, 0.000538, -0.000523, -0.001765, -0.011509 ],
      "X_4" : [ 0.001029, 0.001923, -0.001264, 0.003363, -0.005179, 0.000941, 0.000100, 0.000937, -0.000052, -0.001800 ],
      "X_5" : [ -0.000921, 0.000576, -0.000624, 0.003236, 0.000259, -0.000269, -0.000246, 0.000134, -0.000208, -0.001937 ],
      "X_6" : [ -0.001261, 0.000912, 0.000469, 0.000799, -0.000360, 0.001651, 0.000189, -0.000406, 0.000017, -0.002010 ],
      "X_7" : [ 0.000248, 0.000055, -0.000534, -0.000582, 0.001038, -0.000251, -0.000013, 0.000097, 0.000023, -0.000081 ],
      "X_8" : [ 0.000042, 0.000387, -0.000566, -0.000475, 0.000388, -0.000241, 0.000030, 0.000130, 0.000196, 0.000110 ],
      "X_9" : [ -0.009002, 0.004935, 0.007489, -0.000632, -0.001162, 0.001130, -0.000164, -0.003681, -0.001243, 0.002328 ],
      "X_10" : [ 0.003967, -0.004426, -0.004637, 0.002848, -0.009544, 0.004335, 0.000006, -0.002800, 0.000906, 0.009345 ],
      "X_11" : [ -0.002434, 0.004169, 0.004138, -0.009508, -0.002341, -0.002787, -0.000051, -0.000034, -0.001599, 0.010446 ],
      "X_12" : [ 0.003305, -0.002641, -0.003800, 0.004577, -0.004599, 0.004802, 0.000114, 0.000955, 0.000007, -0.002719 ],
      "X_13" : [ 0.002634, -0.002614, -0.000308, -0.001076, 0.000054, 0.000883, 0.000076, -0.001389, 0.000734, 0.001006 ],
      "X_14" : [ 0.000732, -0.000315, -0.001009, -0.002716, 0.000229, 0.001031, -0.000065, -0.000565, 0.000302, 0.002377 ],
      "X_15" : [ -0.000057, 0.000712, 0.000322, -0.001274, -0.000221, 0.000396, -0.000053, -0.000010, -0.000013, 0.000197 ],
      "X_16" : [ 0.000240, -0.000160, -0.000104, 0.000063, 0.000132, 0.000023, 0.000008, -0.000054, -0.000016, -0.000133 ],
      "X_17" : [ -0.001224, 0.003477, 0.003122, -0.000510, -0.005867, -0.000637, -0.000217, -0.003533, 0.002162, 0.003229 ],
      "X_18" : [ -0.000265, -0.003106, 0.001588, 0.012128, -0.006845, 0.004305, -0.000001, 0.001271, -0.000118, -0.008957 ],
      "X_19" : [ 0.000914, -0.003652, -0.001885, 0.001839, 0.000681, 0.000006, -0.000056, 0.000249, 0.000397, 0.001509 ],
      "X_20" : [ 0.001929, 0.006196, 0.003920, -0.011980, 0.001303, -0.001010, -0.000278, 0.000702, -0.000456, -0.000327 ],
      "X_21" : [ -0.001341, -0.000322, 0.001247, 0.000551, -0.000146, -0.000334, -0.000217, -0.000526, -0.000173, 0.001261 ],
      "X_22" : [ 0.000524, 0.002339, 0.000538, -0.000809, -0.000554, -0.000610, 0.000068, -0.000405, -0.000088, -0.001003 ],
      "X_23" : [ 0.000081, -0.000072, 0.000575, 0.000605, -0.000551, -0.000115, 0.000018, -0.000037, 0.000006, -0.000510 ],
      "X_24" : [ -0.000030, -0.000002, -0.000021, 0.000263, 0.000047, -0.000222, 0.000000, 0.000017, 0.000000, -0.000053 ],
      "X_25" : [ 0.010377, 0.006894, -0.008294, -0.057065, 0.007770, 0.049933, -0.000130, -0.007629, -0.001125, -0.000732 ],
      "X_26" : [ -0.007124, -0.005776, 0.001195, 0.051237, -0.000493, -0.041741, 0.000098, 0.000150, 0.001565, 0.000889 ],
      "X_27" : [ 0.003271, 0.006341, 0.003927, -0.009230, -0.007834, 0.002032, 0.000184, 0.001877, 0.001738, -0.002306 ],
      "X_28" : [ -0.000469, -0.000508, 0.000768, -0.003304, 0.000161, 0.001151, 0.000159, -0.000340, -0.000114, 0.002497 ],
      "X_29" : [ 0.004070, -0.004671, -0.001652, -0.000457, -0.001763, 0.003597, 0.000222, 0.000821, -0.000383, 0.000216 ],
      "X_30" : [ -0.001818, -0.001767, 0.000355, -0.001418, 0.003613, 0.002376, 0.000320, 0.001251, 0.000349, -0.003261 ],
      "X_31" : [ -0.000152, 0.000016, -0.000012, -0.000026, 0.000352, -0.000362, 0.000001, 0.000018, 0.000000, 0.000163 ],
      "X_32" : [ 0.000000, 0.000000, 0.000000, 0.000000, 0.000000, 0.000000, 0.000000, 0.000000, 0.000000, 0.000000 ],
      "X_33" : [ 0.014732, -0.060741, 0.006742, -0.010834, 0.083875, -0.023713, 0.000107, 0.005726, -0.000654, -0.015240 ],
      "X_34" : [ -0.005960, -0.009233, -0.015924, 0.006408, 0.016600, 0.005709, -0.000200, 0.004161, 0.000351, -0.001912 ],
      "X_35" : [ -0.009917, 0.005469, 0.004374, -0.000630, -0.006649, 0.005681, 0.000276, 0.004061, 0.000607, -0.003271 ],
      "X_36" : [ 0.004112, 0.004893, -0.004153, -0.001974, -0.001325, -0.000452, 0.000053, 0.000093, -0.000895, -0.000352 ],
      "X_37" : [ 0.000477, 0.003506, 0.002946, -0.004888, -0.003356, 0.001994, 0.000197, -0.000995, 0.000192, -0.000073 ],
      "X_38" : [ -0.001515, 0.008914, 0.002000, -0.000298, -0.007021, -0.002197, -0.000126, -0.001312, 0.000612, 0.000944 ],
      "X_39" : [ 0.000000, 0.000000, 0.000000, 0.000000, 0.000000, 0.000000, 0.000000, 0.000000, 0.000000, 0.000000 ],
      "X_40" : [ 0.000043, 0.000054, -0.000250, 0.000257, -0.000193, 0.000083, -0.000000, -0.000045, -0.000017, 0.000067 ],
      "X_41" : [ -0.006126, 0.007255, 0.000744, 0.005097, -0.014200, 0.003797, 0.000005, 0.001551, -0.000197, 0.002072 ],
      "X_42" : [ -0.000005, 0.001184, -0.013002, 0.002931, -0.001140, 0.006888, -0.000255, 0.000044, 0.000010, 0.003345 ],
      "X_43" : [ -0.008024, 0.006510, 0.014725, -0.016886, 0.005871, 0.016666, 0.000462, -0.002064, 0.003220, -0.020480 ],
      "X_44" : [ -0.003055, -0.000389, -0.005164, 0.001451, -0.000056, 0.004534, 0.000063, 0.001796, 0.000108, 0.000712 ],
      "X_45" : [ -0.000949, -0.001089, 0.002565, -0.001588, -0.001131, 0.000326, -0.000127, -0.000868, 0.000140, 0.002722 ],
      "X_46" : [ 0.001359, -0.005631, -0.001311, -0.008968, 0.014504, 0.003318, -0.000229, -0.001520, -0.000638, -0.000884 ],
      "X_47" : [ 0.000449, -0.000352, -0.000361, -0.000205, 0.000463, 0.000191, -0.000015, -0.000028, -0.000025, -0.000117 ],
      "X_48" : [ 0.000131, -0.000137, -0.000107, -0.000147, 0.000194, 0.000123, 0.000000, -0.000003, -0.000000, -0.000052 ],
      "X_49" : [ 0.000306, -0.000940, -0.000621, 0.015024, -0.020780, 0.000722, 0.000091, -0.001161, 0.000922, 0.006437 ],
      "X_50" : [ -0.008673, 0.005325, -0.005864, 0.002395, 0.008325, -0.001508, -0.001169, -0.001269, -0.001770, 0.004208 ],
      "X_51" : [ -0.000824, 0.002920, 0.003418, -0.000243, 0.000776, 0.000567, 0.000420, 0.000422, -0.008218, 0.000763 ],
      "X_52" : [ 0.005338, 0.000296, -0.001872, -0.001589, -0.000661, -0.001445, 0.000288, 0.000278, -0.000772, 0.000139 ],
      "X_53" : [ -0.000818, -0.000003, -0.000477, 0.000832, -0.000448, -0.001328, 0.000011, 0.000457, -0.000233, 0.002007 ],
      "X_54" : [ -0.002313, 0.001304, -0.007641, 0.001485, 0.005958, 0.000514, -0.000098, 0.000954, 0.001137, -0.001301 ],
      "X_55" : [ 0.000259, 0.000287, -0.000765, -0.000105, 0.000013, -0.000412, -0.000010, -0.000003, 0.000286, 0.000450 ],
      "X_56" : [ 0.000019, 0.000018, -0.000052, 0.000087, -0.000070, 0.000000, -0.000000, -0.000018, -0.000000, 0.000017 ],
      "X_57" : [ -0.000928, 0.004356, 0.001865, -0.011799, 0.006660, -0.001423, -0.000091, 0.001457, -0.001089, 0.000992 ],
      "X_58" : [ 0.003687, -0.010056, 0.011842, 0.007665, -0.009741, 0.004812, 0.000069, -0.001530, 0.000622, -0.007369 ],
      "X_59" : [ -0.024934, 0.047398, 0.000525, -0.081567, 0.078602, -0.027614, -0.001157, -0.002069, 0.000345, 0.010470 ],
      "X_60" : [ 0.000182, 0.005722, -0.011986, 0.008663, 0.022852, -0.019780, -0.000388, -0.004148, 0.001106, -0.002223 ],
      "X_61" : [ 0.007994, 0.002190, 0.004111, -0.003288, -0.017255, 0.004320, -0.000237, -0.002765, -0.000333, 0.005263 ],
      "X_62" : [ -0.001758, 0.000433, 0.002006, 0.000816, -0.000097, -0.001949, 0.000006, -0.000022, -0.000003, 0.000566 ],
      "X_63" : [ -0.000974, -0.000591, -0.007355, 0.015420, -0.003782, -0.002752, -0.000069, 0.000927, -0.000338, -0.000485 ]   
   },