{
	"metadata" : { "model" : "Tikhonov_Ridge", "version" : "2024-W12", "signature" : "ff4_il8"},
	"options" : { "alpha" : 1.000000, "random_state" : 1789 },
	"dataset" : { "dataset_rows" : 1797, "dataset_features" : 64 },
	"classes" : [ 0, 1, 2, 3, 4, 5, 6, 7, 8, 9 ],
	"equations" : {
		"class_0" : {
			"intercept" : -37.029213,
			"coeffs" : [ 0.000000, 3.855193, 0.389085, -6.737541, 0.891765, -0.156314, 1.347769, 0.447243, -6.340547, -1.758754, -2.436315, -1.920652, 1.369087, -0.549271, 0.192612, -1.387507, 34.932072, 0.377913, -0.242908, 0.491660, 1.321742, -0.294767, 0.120628, 1.150101, -71.099304, 6.710705, -2.342466, 0.958050, -0.285058, 1.651210, -0.806746, -31.521791, 0.000000, 12.773556, -3.086408, 2.737694, -0.748458, 0.047796, -2.357439, 0.000000, 7.034015, -6.605086, 1.782067, -3.360400, 1.735021, -0.062717, 1.338758, 7.577039, 10.380018, -0.173254, 2.120187, 1.777346, -1.757699, 0.084137, 0.488757, 1.382151, 17.468706, 0.651627, -0.362480, 9.769893, -2.622816, 0.796686, 0.426871, -0.954077 ]
		},
		"class_1" : {
			"intercept" : 54.714119,
			"coeffs" : [ 0.000000, 5.087453, -0.166161, 12.767867, -1.921218, 0.275550, -0.843400, 1.779711, 35.200542, -2.096521, 6.011520, 1.942791, -1.986353, 1.603430, 0.102252, 3.050366, -10.383327, -3.127411, -1.049927, -0.728552, -1.638936, 0.128783, 0.510800, -5.757027, -3.789414, 2.631814, -0.018522, 0.728273, -0.027317, -1.371599, -1.042233, 48.790092, 0.000000, -5.208172, -0.812604, -0.478109, -0.654417, 0.285149, 1.248094, 0.000000, -3.276548, 2.444288, 0.065922, 0.465039, 0.295131, -0.495344, 0.023911, -2.972913, -2.917074, 2.224174, -2.762261, 1.276193, 0.800817, -0.263782, 1.208705, -2.000359, -11.095216, -8.089517, 1.765610, -22.400902, 6.686076, -4.055299, -0.053349, 2.124980 ]
		},
		"class_2" : {
			"intercept" : -48.257385,
			"coeffs" : [ 0.000000, -7.767087, 0.583197, -8.282369, 0.982602, -0.174791, 0.046237, -2.727279, -33.992607, 2.902071, -4.684457, -1.282408, 0.584013, -1.183728, -0.379735, -0.348139, -19.551231, 4.431242, 1.204357, 0.536027, 0.418757, 0.544596, -0.543678, 6.205534, 30.960121, -5.924976, 1.199348, -1.092562, 0.058124, -0.092125, 2.106927, -37.039032, 0.000000, -8.399483, 4.291869, -2.518800, 1.841388, 0.216805, 1.102802, 0.000000, -2.527369, 4.186344, -2.480198, 3.800333, -2.233888, 1.105592, -1.068660, -3.998144, -7.564871, -3.494073, 2.458203, -1.334744, 0.725586, -0.081081, -2.045937, 1.683684, -4.989176, 7.750100, -1.747265, 15.018788, -3.682474, 3.205283, -0.662356, -0.893032 ]
		},
		"class_3" : {
			"intercept" : -15.707154,
			"coeffs" : [ 0.000000, -10.661383, -0.436197, -10.605329, 1.850311, -0.123692, -0.341778, -2.973646, -31.620638, 4.681952, -5.269987, -1.482317, 1.487019, -2.333992, -0.342100, -2.892594, -2.791461, 1.129801, 1.456732, 0.965464, 1.801968, -0.419806, -1.449412, 4.297011, 73.890068, -8.817986, 3.495186, -3.494991, 0.158133, 0.839877, 2.627065, -33.246536, 0.000000, -7.690770, 1.860214, 0.850893, 1.029327, -0.412460, 0.607716, 0.000000, 8.553887, 5.340783, 0.225779, -3.641597, -0.288641, -0.108794, -1.982914, -1.429152, -6.772604, -5.273389, 1.083102, -0.466565, -0.424547, -0.147682, -1.516861, 1.326078, 41.621109, 12.674978, -1.247195, 19.275331, -4.944055, 3.596618, -0.417993, -3.507793 ]
		},
		"class_4" : {
			"intercept" : 55.550476,
			"coeffs" : [ 0.000000, 6.708669, 0.166401, 18.201706, -3.226783, 1.118103, 1.051111, 6.305708, 33.518700, -1.324498, 9.283648, 3.734553, -1.829159, 4.030211, -0.272740, 0.709861, 13.401506, -5.595273, -2.324612, -1.894078, -2.801327, -0.147269, 2.687487, -9.320262, -14.240240, 4.763594, -3.367169, 4.388600, 0.297039, -0.725590, -5.581154, 97.879219, 0.000000, 28.387712, -7.491357, 1.477989, -3.477553, -0.366883, -2.560186, 0.000000, -16.889481, -15.443323, 1.440729, 1.606573, 2.224797, -0.523158, 3.864316, 7.130384, 14.250219, 11.642429, -3.723020, 1.112834, -0.279071, 0.304556, 2.480535, -2.043952, -101.517174, -18.247728, 2.036923, -33.086929, 8.242927, -6.123492, 1.273279, 4.458230 ]
		},
		"class_5" : {
			"intercept" : -57.115433,
			"coeffs" : [ 0.000000, -4.443141, 0.705897, -10.849391, 1.698209, -1.452386, -0.234906, -2.092799, -33.081745, 2.737702, -6.404898, -2.012753, 1.414164, -1.238855, 1.484837, 0.222875, 14.302153, 0.117677, 1.229583, 0.730916, 1.546336, 0.149817, -1.085266, 2.730619, -102.768562, 12.976414, -2.752333, 0.672296, -0.704950, 1.121202, 1.999428, -83.864746, 0.000000, -8.601000, 2.522892, -0.130736, 1.259414, 0.226516, -0.484559, 0.000000, 7.070731, 3.843707, 0.380480, 0.216126, -0.815379, 0.556725, -0.091701, 0.722640, 4.087575, -3.182796, 1.887796, -1.231264, -0.303409, 0.176458, -0.820323, 1.753610, 34.813389, 8.102170, -1.336951, 19.865751, -6.187223, 3.735781, -0.057577, -1.494609 ]
		},
		"class_6" : {
			"intercept" : 9.341249,
			"coeffs" : [ 0.000000, 5.481366, -0.180016, 5.255589, -1.088182, 0.763774, 0.386122, 1.479884, 21.553032, -1.790328, 3.696261, 0.441649, -0.616444, 0.947116, -0.549237, 0.909098, 9.434229, -2.550878, -0.592792, -0.644138, -0.896625, 0.169672, 0.942475, -1.370412, 11.410593, -0.310635, -0.397091, 0.959345, 0.268099, -0.557972, -1.538905, 27.005363, 0.000000, 6.280136, -1.272257, -0.171820, -0.827257, 0.116062, -0.199925, 0.000000, -3.504454, -3.757106, -0.362863, 1.191287, 0.407980, -0.068021, 0.631100, 0.536342, 2.480667, 2.127298, -0.409771, 1.211483, -0.149469, 0.008189, 0.787283, -0.900493, -29.278318, -5.648119, 0.703786, -10.562465, 3.713841, -2.364728, 0.323650, 1.624829 ]
		},
		"class_7" : {
			"intercept" : 12.153167,
			"coeffs" : [ 0.000000, 1.744070, -0.200852, 1.270087, -0.172512, 0.175517, -0.212502, -0.439940, 17.091112, -1.213514, 1.667651, 0.340332, -0.439382, 0.359991, -0.688271, 0.212135, -16.195393, -0.386632, 0.200122, -0.460055, -0.501070, 0.116659, 0.441125, 2.048342, 63.057858, -6.281945, 1.477754, -0.390392, 0.390440, -0.784971, 0.027972, 12.431654, 0.000000, -1.098793, 1.129196, -1.493407, -0.023392, -0.364856, 0.581468, 0.000000, -6.015175, 0.560120, -0.900608, 2.436254, -1.230499, 0.291411, -0.410756, -2.636318, -4.627907, 1.635022, -1.870891, -0.127057, 0.869644, 0.252710, -0.198388, -0.534612, -22.727390, -2.297076, 0.472661, -2.409798, 0.396413, 0.284867, -0.165154, 0.212898 ]
		},
		"class_8" : {
			"intercept" : -12.056183,
			"coeffs" : [ 0.000000, 1.737931, -0.385536, -2.136207, 0.607345, 0.002626, -0.397343, -1.079501, -2.074765, -1.647833, -1.221877, -0.141881, 0.227174, -0.782394, -0.051532, -0.436760, -10.515516, 3.056715, 0.247710, 0.208325, 0.173548, 0.151917, -0.555532, 2.637351, 18.576994, -4.104402, 1.190077, -0.859400, 0.085795, -0.322887, 1.136108, -7.011384, 0.000000, -7.204718, 2.543550, -1.505694, 1.131178, 0.179097, 1.091541, 0.000000, 1.023420, 3.578084, -1.247425, 1.798994, -0.941325, 0.088505, -0.962104, -3.412770, -3.848777, -2.830026, 1.720505, -2.417191, 0.868467, -0.013233, -0.523177, -0.337670, 19.151878, 2.302114, -0.848653, 5.312026, -1.818239, 1.225257, -0.254526, -0.172042 ]
		},
		"class_9" : {
			"intercept" : 30.406174,
			"coeffs" : [ 0.000000, -1.742761, -0.475806, 1.115657, 0.378467, -0.428427, -0.801356, -0.699386, -0.252255, -0.490387, -0.641526, 0.380676, -0.210136, -0.852504, 0.503978, -0.039213, -12.632439, 2.546699, -0.128269, 0.794421, 0.575608, -0.399590, -1.068659, -2.621316, -6.002158, -1.641956, 1.515117, -1.869162, -0.240335, 0.242843, 1.071576, 6.575755, 0.000000, -9.238993, 0.314950, 1.231963, 0.469795, 0.072803, 0.970519, 0.000000, 8.531170, 5.852423, 1.096133, -4.512556, 0.846782, -0.784204, -1.341963, -1.517185, -5.467094, -2.675471, -0.503846, 0.198941, -0.350293, -0.320272, 0.139447, -0.328476, 56.553463, 2.801365, 0.563580, -0.781796, 0.215567, -0.300996, -0.412844, -1.399346 ]
		}
	}
}