{
   "Contributions" : {
      "X_0" : [ 0.000000, 0.000000, 0.000000, 0.000000, 0.000000, 0.000000, 0.000000, 0.000000, 0.000000, 0.000000 ],
      "X_1" : [ 0.000733, -0.005078, 0.001337, 0.005177, -0.001937, -0.000978, 0.000023, 0.000701, 0.000264, -0.000242 ],
      "X_2" : [ -0.001576, 0.001668, -0.008763, 0.012213, -0.001228, -0.006304, 0.000208, 0.000986, 0.000193, 0.002604 ],
      "X_3" : [ 0.008361, -0.042595, 0.015122, 0.052674, -0.046089, 0.025821, 0.000533, -0.000571, -0.001773, -0.011482 ],
      "X_4" : [ 0.001001, 0.001953, -0.001262, 0.003310, -0.005099, 0.000914, 0.000114, 0.000940, -0.000048, -0.001823 ],
      "X_5" : [ -0.000924, 0.000542, -0.000597, 0.003285, 0.000218, -0.000257, -0.000242, 0.000137, -0.000203, -0.001960 ],
      "X_6" : [ -0.001264, 0.000911, 0.000466, 0.000804, -0.000378, 0.001657, 0.000186, -0.000398, 0.000018, -0.002002 ],
      "X_7" : [ 0.000246, 0.000056, -0.000547, -0.000590, 0.001052, -0.000248, -0.000014, 0.000104, 0.000023, -0.000080 ],
      "X_8" : [ 0.000043, 0.000386, -0.000566, -0.000473, 0.000387, -0.000242, 0.000031, 0.000131, 0.000195, 0.000109 ],
      "X_9" : [ -0.009048, 0.004954, 0.007506, -0.000610, -0.001213, 0.001168, -0.000160, -0.003677, -0.001266, 0.002347 ],
      "X_10" : [ 0.003962, -0.004417, -0.004629, 0.002842, -0.009575, 0.004330, -0.000002, -0.002811, 0.000929, 0.009372 ],
      "X_11" : [ -0.002413, 0.004179, 0.004140, -0.009529, -0.002449, -0.002766, -0.000040, -0.000046, -0.001612, 0.010536 ],
      "X_12" : [ 0.003328, -0.002626, -0.003830, 0.004580, -0.004577, 0.004790, 0.000110, 0.000949, 0.000009, -0.002732 ],
      "X_13" : [ 0.002641, -0.002652, -0.000320, -0.001038, 0.000053, 0.000880, 0.000064, -0.001387, 0.000737, 0.001021 ],
      "X_14" : [ 0.000737, -0.000330, -0.000985, -0.002739, 0.000250, 0.001022, -0.000066, -0.000565, 0.000302, 0.002375 ],
      "X_15" : [ -0.000054, 0.000711, 0.000319, -0.001270, -0.000218, 0.000392, -0.000054, -0.000011, -0.000013, 0.000197 ],
      "X_16" : [ 0.000239, -0.000159, -0.000102, 0.000065, 0.000128, 0.000023, 0.000009, -0.000056, -0.000016, -0.000131 ],
      "X_17" : [ -0.001186, 0.003463, 0.003164, -0.000496, -0.005869, -0.000664, -0.000216, -0.003555, 0.002154, 0.003205 ],
      "X_18" : [ -0.000274, -0.003111, 0.001532, 0.012120, -0.006739, 0.004234, 0.000008, 0.001295, -0.000117, -0.008946 ],
      "X_19" : [ 0.000898, -0.003638, -0.001877, 0.001821, 0.000659, 0.000051, -0.000048, 0.000232, 0.000411, 0.001492 ],
      "X_20" : [ 0.001951, 0.006182, 0.003957, -0.011956, 0.001241, -0.001009, -0.000293, 0.000685, -0.000444, -0.000313 ],
      "X_21" : [ -0.001357, -0.000317, 0.001283, 0.000521, -0.000166, -0.000290, -0.000208, -0.000528, -0.000176, 0.001238 ],
      "X_22" : [ 0.000537, 0.002362, 0.000544, -0.000818, -0.000605, -0.000625, 0.000070, -0.000406, -0.000085, -0.000974 ],
      "X_23" : [ 0.000080, -0.000076, 0.000571, 0.000606, -0.000547, -0.000117, 0.000017, -0.000035, 0.000006, -0.000506 ],
      "X_24" : [ -0.000029, -0.000002, -0.000022, 0.000262, 0.000046, -0.000221, 0.000000, 0.000017, 0.000001, -0.000053 ],
      "X_25" : [ 0.010324, 0.006883, -0.008318, -0.057190, 0.007839, 0.050082, -0.000129, -0.007647, -0.001127, -0.000718 ],
      "X_26" : [ -0.007164, -0.005770, 0.001116, 0.051298, -0.000472, -0.041612, 0.000104, 0.000144, 0.001576, 0.000781 ],
      "X_27" : [ 0.003337, 0.006314, 0.003875, -0.009200, -0.007878, 0.002032, 0.000182, 0.001908, 0.001722, -0.002293 ],
      "X_28" : [ -0.000496, -0.000492, 0.000774, -0.003297, 0.000179, 0.001132, 0.000158, -0.000357, -0.000111, 0.002511 ],
      "X_29" : [ 0.004061, -0.004648, -0.001654, -0.000429, -0.001845, 0.003619, 0.000213, 0.000829, -0.000395, 0.000251 ],
      "X_30" : [ -0.001801, -0.001745, 0.000377, -0.001435, 0.003545, 0.002401, 0.000321, 0.001257, 0.000345, -0.003266 ],
      "X_31" : [ -0.000154, 0.000016, -0.000011, -0.000024, 0.000351, -0.000362, 0.000001, 0.000018, 0.000000, 0.000164 ],
      "X_32" : [ 0.000000, 0.000000, 0.000000, 0.000000, 0.000000, 0.000000, 0.000000, 0.000000, 0.000000, 0.000000 ],
      "X_33" : [ 0.014803, -0.060733, 0.006724, -0.010896, 0.083846, -0.023736, 0.000112, 0.005761, -0.000652, -0.015228 ],
      "X_34" : [ -0.005950, -0.009230, -0.015925, 0.006483, 0.016596, 0.005636, -0.000213, 0.004097, 0.000345, -0.001839 ],
      "X_35" : [ -0.009915, 0.005449, 0.004399, -0.000635, -0.006585, 0.005638, 0.000279, 0.004056, 0.000620, -0.003305 ],
      "X_36" : [ 0.004107, 0.004851, -0.004125, -0.001900, -0.001375, -0.000487, 0.000047, 0.000087, -0.000874, -0.000331 ],
      "X_37" : [ 0.000453, 0.003529, 0.002986, -0.004910, -0.003390, 0.002019, 0.000192, -0.000996, 0.000189, -0.000071 ],
      "X_38" : [ -0.001543, 0.008908, 0.001994, -0.000324, -0.006990, -0.002175, -0.000127, -0.001307, 0.000615, 0.000948 ],
      "X_39" : [ 0.000000, 0.000000, 0.000000, 0.000000, 0.000000, 0.000000, 0.000000, 0.000000, 0.000000, 0.000000 ],
      "X_40" : [ 0.000042, 0.000058, -0.000249, 0.000257, -0.000193, 0.000084, -0.000000, -0.000046, -0.000016, 0.000063 ],
      "X_41" : [ -0.006137, 0.007241, 0.000725, 0.005119, -0.014188, 0.003806, 0.000002, 0.001537, -0.000205, 0.002100 ],
      "X_42" : [ 0.000005, 0.001175, -0.012844, 0.002866, -0.001120, 0.006859, -0.000259, 0.000036, -0.000001, 0.003283 ],
      "X_43" : [ -0.008019, 0.006493, 0.014700, -0.016890, 0.005885, 0.016696, 0.000469, -0.002085, 0.003225, -0.020472 ],
      "X_44" : [ -0.003073, -0.000409, -0.005051, 0.001364, 0.000016, 0.004518, 0.000055, 0.001766, 0.000112, 0.000704 ],
      "X_45" : [ -0.000946, -0.001093, 0.002597, -0.001625, -0.001102, 0.000307, -0.000132, -0.000846, 0.000138, 0.002703 ],
      "X_46" : [ 0.001387, -0.005609, -0.001289, -0.009014, 0.014485, 0.003280, -0.000226, -0.001519, -0.000634, -0.000861 ],
      "X_47" : [ 0.000447, -0.000352, -0.000360, -0.000202, 0.000462, 0.000190, -0.000016, -0.000027, -0.000025, -0.000117 ],
      "X_48" : [ 0.000127, -0.000137, -0.000108, -0.000147, 0.000195, 0.000126, 0.000000, -0.000003, -0.000000, -0.000052 ],
      "X_49" : [ 0.000270, -0.000980, -0.000623, 0.015052, -0.020649, 0.000704, 0.000097, -0.001174, 0.000921, 0.006382 ],
      "X_50" : [ -0.008657, 0.005368, -0.005833, 0.002382, 0.008196, -0.001494, -0.001175, -0.001252, -0.001783, 0.004249 ],
      "X_51" : [ -0.000822, 0.002952, 0.003478, -0.000347, 0.000753, 0.000573, 0.000425, 0.000439, -0.008222, 0.000772 ],
      "X_52" : [ 0.005289, 0.000246, -0.001858, -0.001572, -0.000629, -0.001414, 0.000289, 0.000282, -0.000772, 0.000140 ],
      "X_53" : [ -0.000793, -0.000016, -0.000482, 0.000873, -0.000529, -0.001325, 0.000003, 0.000472, -0.000235, 0.002033 ],
      "X_54" : [ -0.002312, 0.001283, -0.007640, 0.001456, 0.005993, 0.000540, -0.000102, 0.000959, 0.001133, -0.001310 ],
      "X_55" : [ 0.000261, 0.000291, -0.000753, -0.000093, -0.000005, -0.000419, -0.000007, -0.000004, 0.000282, 0.000447 ],
      "X_56" : [ 0.000019, 0.000018, -0.000052, 0.000087, -0.000070, 0.000000, -0.000000, -0.000018, -0.000000, 0.000018 ],
      "X_57" : [ -0.000928, 0.004328, 0.001843, -0.011759, 0.006620, -0.001398, -0.000097, 0.001477, -0.001082, 0.000995 ],
      "X_58" : [ 0.003642, -0.010026, 0.011735, 0.007679, -0.009683, 0.004734, 0.000080, -0.001514, 0.000641, -0.007288 ],
      "X_59" : [ -0.024916, 0.047513, 0.000402, -0.081684, 0.078589, -0.027655, -0.001172, -0.002039, 0.000358, 0.010604 ],
      "X_60" : [ 0.000225, 0.005721, -0.011870, 0.008664, 0.022774, -0.019782, -0.000392, -0.004175, 0.001111, -0.002275 ],
      "X_61" : [ 0.007988, 0.002174, 0.004102, -0.003258, -0.017260, 0.004358, -0.000245, -0.002759, -0.000338, 0.005238 ],
      "X_62" : [ -0.001751, 0.000419, 0.002063, 0.000767, -0.000069, -0.001973, 0.000009, -0.000027, -0.000010, 0.000572 ],
      "X_63" : [ -0.001001, -0.000581, -0.007403, 0.015469, -0.003765, -0.002750, -0.000072, 0.000933, -0.000340, -0.000491 ]   
   },