{
   "Contributions" : {
      "X_0" : [ -0.000316, -0.004210, -0.004600, 0.009126 ],
      "X_1" : [ -0.007665, -0.003793, -0.002125, 0.013583 ],
      "X_2" : [ 0.001884, 0.001406, 0.002355, -0.005646 ],
      "X_3" : [ 0.008757, 0.006440, 0.002080, -0.017277 ],
      "X_4" : [ -0.001153, 0.000035, -0.001266, 0.002384 ],
      "X_5" : [ -0.000544, -0.001717, -0.001018, 0.003279 ],
      "X_6" : [ -0.000499, -0.000274, 0.000899, -0.000126 ],
      "X_7" : [ 0.001888, -0.008837, 0.004664, 0.002285 ],
      "X_8" : [ 0.002763, 0.007762, 0.005301, -0.015826 ],
      "X_9" : [ -0.001360, -0.000637, 0.002465, -0.000468 ]   
   },
   "Most_Contributive_Features_By_Class" : {
      "class_0" : [ 3, 1, 8, 7, 2, 9, 4, 5, 6, 0 ],
      "class_1" : [ 7, 8, 3, 0, 1, 5, 2, 9, 6, 4 ],
      "class_2" : [ 8, 7, 0, 9, 2, 1, 3, 4, 5, 6 ],
      "class_3" : [ 3, 8, 1, 0, 2, 5, 4, 7, 9, 6 ]
   }
}