{
   "Contributions" : {
      "X_0" : [ -0.009940, 0.009940 ],
      "X_1" : [ 0.000000, 0.000000 ],
      "X_2" : [ -0.003116, 0.003116 ],
      "X_3" : [ 0.000000, 0.000000 ],
      "X_4" : [ -0.034002, 0.034002 ],
      "X_5" : [ 0.000000, 0.000000 ],
      "X_6" : [ 0.000000, 0.000000 ],
      "X_7" : [ 0.000000, 0.000000 ],
      "X_8" : [ 0.000000, 0.000000 ],
      "X_9" : [ 0.000000, 0.000000 ],
      "X_10" : [ -0.013831, 0.013831 ],
      "X_11" : [ -0.001616, 0.001616 ],
      "X_12" : [ 0.001285, -0.001285 ],
      "X_13" : [ 0.000000, 0.000000 ]   
   },
   "Most_Contributive_Features_By_Class" : {
      "class_0" : [ 4, 10, 0, 2, 11, 12 ],
      "class_1" : [ 4, 10, 0, 2, 11, 12 ]
   }
}