{
   "Contributions" : {
      "X_0" : [ -0.009544, 0.009544 ],
      "X_1" : [ 0.000000, 0.000000 ],
      "X_2" : [ -0.000395, 0.000395 ],
      "X_3" : [ 0.000000, 0.000000 ],
      "X_4" : [ -0.026545, 0.026545 ],
      "X_5" : [ 0.000000, 0.000000 ],
      "X_6" : [ 0.000000, 0.000000 ],
      "X_7" : [ 0.000000, 0.000000 ],
      "X_8" : [ 0.000000, 0.000000 ],
      "X_9" : [ 0.000000, 0.000000 ],
      "X_10" : [ -0.010941, 0.010941 ],
      "X_11" : [ -0.000299, 0.000299 ],
      "X_12" : [ 0.002031, -0.002031 ],
      "X_13" : [ 0.000000, 0.000000 ]   
   },
   "Most_Contributive_Features_By_Class" : {
      "class_0" : [ 4, 10, 0, 12, 2, 11 ],
      "class_1" : [ 4, 10, 0, 12, 2, 11 ]
   }
}