{
   "Contributions" : {
      "X_0" : [ -0.643965 ],
      "X_1" : [ 0.777305 ],
      "X_2" : [ 1.271048 ],
      "X_3" : [ -0.099395 ],
      "X_4" : [ 0.096948 ],
      "X_5" : [ -0.294283 ],
      "X_6" : [ 1.088856 ],
      "X_7" : [ -0.715037 ],
      "X_8" : [ 0.046526 ],
      "X_9" : [ -0.105829 ]   
   },
   "Most_Contributive_Features" : {
      "y" : [ 2, 6, 1, 7, 0, 5, 9, 3, 4, 8 ]
   }
}