{
   "Contributions" : {
      "X_0" : [ -1.295671 ],
      "X_1" : [ 1.569478 ],
      "X_2" : [ 2.485752 ],
      "X_3" : [ -0.239219 ],
      "X_4" : [ 0.204901 ],
      "X_5" : [ -0.627980 ],
      "X_6" : [ 2.143109 ],
      "X_7" : [ -1.407307 ],
      "X_8" : [ 0.095151 ],
      "X_9" : [ -0.204691 ]   
   },
   "Most_Contributive_Features" : {
      "y" : [ 2, 6, 1, 7, 0, 5, 3, 4, 9, 8 ]
   }
}