{
   "Contributions" : {
      "X_0" : [ -0.002747, 0.002747 ],
      "X_1" : [ -0.047504, 0.047504 ],
      "X_2" : [ -0.002228, 0.002228 ],
      "X_3" : [ 0.000977, -0.000977 ],
      "X_4" : [ -0.035959, 0.035959 ],
      "X_5" : [ 0.000000, 0.000000 ],
      "X_6" : [ 0.000000, 0.000000 ],
      "X_7" : [ 0.010498, -0.010498 ],
      "X_8" : [ 0.000000, 0.000000 ],
      "X_9" : [ 0.000000, 0.000000 ],
      "X_10" : [ 0.000000, 0.000000 ],
      "X_11" : [ 0.001221, -0.001221 ],
      "X_12" : [ 0.000000, 0.000000 ],
      "X_13" : [ 0.000244, -0.000244 ],
      "X_14" : [ 0.000000, 0.000000 ],
      "X_15" : [ 0.001221, -0.001221 ],
      "X_16" : [ 0.004974, -0.004974 ],
      "X_17" : [ 0.002380, -0.002380 ],
      "X_18" : [ 0.000000, 0.000000 ],
      "X_19" : [ -0.000366, 0.000366 ],
      "X_20" : [ 0.000000, 0.000000 ],
      "X_21" : [ 0.000000, 0.000000 ],
      "X_22" : [ 0.000000, 0.000000 ],
      "X_23" : [ 0.000000, 0.000000 ],
      "X_24" : [ -0.000092, 0.000092 ],
      "X_25" : [ 0.000000, 0.000000 ],
      "X_26" : [ 0.000000, 0.000000 ],
      "X_27" : [ 0.000000, 0.000000 ],
      "X_28" : [ 0.000054, -0.000054 ],
      "X_29" : [ 0.000000, 0.000000 ],
      "X_30" : [ 0.001801, -0.001801 ],
      "X_31" : [ 0.000000, 0.000000 ],
      "X_32" : [ 0.000885, -0.000885 ],
      "X_33" : [ 0.000000, 0.000000 ],
      "X_34" : [ -0.002502, 0.002502 ],
      "X_35" : [ -0.001678, 0.001678 ],
      "X_36" : [ 0.000519, -0.000519 ],
      "X_37" : [ 0.000000, 0.000000 ],
      "X_38" : [ 0.000000, 0.000000 ],
      "X_39" : [ 0.000000, 0.000000 ],
      "X_40" : [ -0.000305, 0.000305 ],
      "X_41" : [ 0.000000, 0.000000 ],
      "X_42" : [ 0.000000, 0.000000 ],
      "X_43" : [ -0.003448, 0.003448 ],
      "X_44" : [ 0.001068, -0.001068 ],
      "X_45" : [ -0.002533, 0.002533 ],
      "X_46" : [ 0.000618, -0.000618 ],
      "X_47" : [ 0.000000, 0.000000 ],
      "X_48" : [ 0.000000, 0.000000 ],
      "X_49" : [ 0.000000, 0.000000 ],
      "X_50" : [ 0.000000, 0.000000 ],
      "X_51" : [ -0.001373, 0.001373 ],
      "X_52" : [ 0.000000, 0.000000 ],
      "X_53" : [ -0.001434, 0.001434 ],
      "X_54" : [ 0.000000, 0.000000 ],
      "X_55" : [ 0.000000, 0.000000 ],
      "X_56" : [ 0.002167, -0.002167 ],
      "X_57" : [ 0.000000, 0.000000 ],
      "X_58" : [ 0.000000, 0.000000 ],
      "X_59" : [ 0.000000, 0.000000 ],
      "X_60" : [ 0.000000, 0.000000 ],
      "X_61" : [ -0.036048, 0.036048 ],
      "X_62" : [ 0.000061, -0.000061 ],
      "X_63" : [ 0.000000, 0.000000 ],
      "X_64" : [ 0.000000, 0.000000 ],
      "X_65" : [ 0.000000, 0.000000 ],
      "X_66" : [ 0.000000, 0.000000 ],
      "X_67" : [ 0.037419, -0.037419 ],
      "X_68" : [ 0.000000, 0.000000 ],
      "X_69" : [ 0.000000, 0.000000 ],
      "X_70" : [ 0.000000, 0.000000 ],
      "X_71" : [ -0.003632, 0.003632 ],
      "X_72" : [ -0.000214, 0.000214 ],
      "X_73" : [ 0.000305, -0.000305 ],
      "X_74" : [ 0.001923, -0.001923 ],
      "X_75" : [ 0.000000, 0.000000 ],
      "X_76" : [ 0.000000, 0.000000 ],
      "X_77" : [ 0.000706, -0.000706 ],
      "X_78" : [ -0.000519, 0.000519 ],
      "X_79" : [ 0.000000, 0.000000 ],
      "X_80" : [ -0.001038, 0.001038 ],
      "X_81" : [ 0.000000, 0.000000 ],
      "X_82" : [ 0.003082, -0.003082 ],
      "X_83" : [ 0.000000, 0.000000 ],
      "X_84" : [ 0.000000, 0.000000 ],
      "X_85" : [ 0.000000, 0.000000 ],
      "X_86" : [ 0.000000, 0.000000 ],
      "X_87" : [ 0.000000, 0.000000 ],
      "X_88" : [ 0.000000, 0.000000 ],
      "X_89" : [ 0.000000, 0.000000 ],
      "X_90" : [ 0.001312, -0.001312 ],
      "X_91" : [ -0.000305, 0.000305 ],
      "X_92" : [ 0.000000, 0.000000 ],
      "X_93" : [ 0.000000, 0.000000 ],
      "X_94" : [ 0.000916, -0.000916 ],
      "X_95" : [ 0.000000, 0.000000 ],
      "X_96" : [ 0.000000, 0.000000 ],
      "X_97" : [ 0.000000, 0.000000 ],
      "X_98" : [ 0.000000, 0.000000 ],
      "X_99" : [ 0.000000, 0.000000 ]   
   },
   "Most_Contributive_Features_By_Class" : {
      "class_0" : [ 1, 67, 61, 4, 7, 16, 71, 43, 82, 0 ],
      "class_1" : [ 1, 67, 61, 4, 7, 16, 71, 43, 82, 0 ]
   }
}