{
   "Contributions" : {
      "X_0" : [ -0.000741 ],
      "X_1" : [ -0.000307 ],
      "X_2" : [ 0.001245 ],
      "X_3" : [ -0.000238 ],
      "X_4" : [ -0.000140 ],
      "X_5" : [ -0.000058 ],
      "X_6" : [ -0.000056 ],
      "X_7" : [ -0.000205 ],
      "X_8" : [ -0.000412 ],
      "X_9" : [ -0.000570 ]   
   },
   "Most_Contributive_Features" : {
      "y" : [ 2, 0, 9, 8, 1, 3, 7, 4, 5, 6 ]
   }
}