{
   "Contributions" : {
      "X_0" : [ -0.000692 ],
      "X_1" : [ 0.005341 ],
      "X_2" : [ -0.007800 ],
      "X_3" : [ 0.001016 ],
      "X_4" : [ -0.002107 ],
      "X_5" : [ 0.000063 ],
      "X_6" : [ -0.000565 ],
      "X_7" : [ 0.000080 ],
      "X_8" : [ -0.002770 ],
      "X_9" : [ 0.000252 ]   
   },
   "Most_Contributive_Features" : {
      "y" : [ 2, 1, 8, 4, 3, 0, 6, 9, 7, 5 ]
   }
}