{
   "Contributions" : {
      "X_0" : [ 2.854249 ],
      "X_1" : [ 6.869766 ],
      "X_2" : [ 1.879625 ],
      "X_3" : [ 0.014392 ],
      "X_4" : [ -0.057777 ],
      "X_5" : [ 0.031082 ],
      "X_6" : [ -0.811053 ],
      "X_7" : [ -0.169203 ],
      "X_8" : [ -1.295546 ],
      "X_9" : [ -0.020794 ]   
   },
   "Most_Contributive_Features" : {
      "y" : [ 1, 0, 2, 8, 6, 7, 4, 5, 9, 3 ]
   }
}