{
   "Contributions" : {
      "X_0" : [ 4.064023 ],
      "X_1" : [ 9.061787 ],
      "X_2" : [ 1.337374 ],
      "X_3" : [ -1.062015 ],
      "X_4" : [ -0.301282 ],
      "X_5" : [ -0.345423 ],
      "X_6" : [ 1.563800 ],
      "X_7" : [ 0.061342 ],
      "X_8" : [ -1.299793 ],
      "X_9" : [ 0.206323 ]   
   },
   "Most_Contributive_Features" : {
      "y" : [ 1, 0, 6, 2, 8, 3, 5, 4, 9, 7 ]
   }
}