{
   "Contributions" : {
      "X_0" : [ -0.116499 ],
      "X_1" : [ -0.187295 ],
      "X_2" : [ 0.070668 ],
      "X_3" : [ -0.039595 ],
      "X_4" : [ -0.023464 ],
      "X_5" : [ 0.007966 ],
      "X_6" : [ -0.016654 ],
      "X_7" : [ 0.022495 ],
      "X_8" : [ 0.125810 ],
      "X_9" : [ 0.043077 ],
      "X_10" : [ -0.060747 ],
      "X_11" : [ 0.020071 ],
      "X_12" : [ -0.134133 ],
      "X_13" : [ -0.070034 ],
      "X_14" : [ -0.012114 ],
      "X_15" : [ 0.017540 ],
      "X_16" : [ -0.010810 ],
      "X_17" : [ -0.007372 ],
      "X_18" : [ -0.019847 ],
      "X_19" : [ 0.034768 ],
      "X_20" : [ 0.039839 ],
      "X_21" : [ -0.169329 ],
      "X_22" : [ 0.009773 ],
      "X_23" : [ -0.003913 ],
      "X_24" : [ -0.070628 ],
      "X_25" : [ 0.180087 ],
      "X_26" : [ -0.046558 ],
      "X_27" : [ 0.055079 ],
      "X_28" : [ 0.028727 ],
      "X_29" : [ 0.039263 ],
      "X_30" : [ 0.129598 ],
      "X_31" : [ -0.099458 ],
      "X_32" : [ -0.034800 ],
      "X_33" : [ 0.043638 ],
      "X_34" : [ -0.187479 ],
      "X_35" : [ 0.011781 ],
      "X_36" : [ 0.121017 ],
      "X_37" : [ -0.076128 ],
      "X_38" : [ -0.021389 ],
      "X_39" : [ -0.009700 ],
      "X_40" : [ -0.007275 ],
      "X_41" : [ 0.157045 ],
      "X_42" : [ -0.046854 ],
      "X_43" : [ -0.020961 ],
      "X_44" : [ -0.005589 ],
      "X_45" : [ 0.003223 ],
      "X_46" : [ 0.034209 ],
      "X_47" : [ -0.037114 ],
      "X_48" : [ 0.014947 ],
      "X_49" : [ 0.131423 ],
      "X_50" : [ -0.046062 ],
      "X_51" : [ 0.039684 ],
      "X_52" : [ -0.029916 ],
      "X_53" : [ 0.032650 ],
      "X_54" : [ 0.105951 ],
      "X_55" : [ 0.023330 ],
      "X_56" : [ -0.239690 ],
      "X_57" : [ -0.009306 ],
      "X_58" : [ 0.091487 ],
      "X_59" : [ -0.314889 ],
      "X_60" : [ 0.133391 ],
      "X_61" : [ 0.051701 ],
      "X_62" : [ 0.012546 ],
      "X_63" : [ -0.267322 ],
      "X_64" : [ -0.021770 ],
      "X_65" : [ -0.014013 ],
      "X_66" : [ 0.061819 ],
      "X_67" : [ 0.081570 ],
      "X_68" : [ 0.143190 ],
      "X_69" : [ -0.073442 ],
      "X_70" : [ -0.059950 ],
      "X_71" : [ 0.156813 ],
      "X_72" : [ 0.153541 ],
      "X_73" : [ 0.109591 ],
      "X_74" : [ -0.037529 ],
      "X_75" : [ 0.004364 ],
      "X_76" : [ -0.017299 ],
      "X_77" : [ -0.090251 ],
      "X_78" : [ -0.051847 ],
      "X_79" : [ -0.023599 ],
      "X_80" : [ -0.026501 ],
      "X_81" : [ 0.016925 ],
      "X_82" : [ 0.043300 ],
      "X_83" : [ -0.019645 ],
      "X_84" : [ 0.026150 ],
      "X_85" : [ -0.006523 ],
      "X_86" : [ -0.010373 ],
      "X_87" : [ 0.058834 ],
      "X_88" : [ -0.056370 ],
      "X_89" : [ 0.091623 ],
      "X_90" : [ -0.177924 ],
      "X_91" : [ -0.010355 ],
      "X_92" : [ 0.023805 ],
      "X_93" : [ -0.010630 ],
      "X_94" : [ -0.053839 ],
      "X_95" : [ 0.204410 ],
      "X_96" : [ 0.021479 ],
      "X_97" : [ -0.040847 ],
      "X_98" : [ 0.074164 ],
      "X_99" : [ 0.034114 ]   
   },
   "Most_Contributive_Features" : {
      "y" : [ 59, 63, 56, 95, 34, 1, 25, 90, 21, 41 ]
   }
}