{
   "Contributions" : {
      "X_0" : [ -0.004045 ],
      "X_1" : [ -0.021724 ],
      "X_2" : [ -0.003382 ],
      "X_3" : [ 0.041113 ],
      "X_4" : [ 0.010296 ],
      "X_5" : [ -0.014626 ],
      "X_6" : [ 0.007866 ],
      "X_7" : [ -0.006426 ],
      "X_8" : [ -0.012165 ],
      "X_9" : [ 0.026280 ],
      "X_10" : [ -0.009573 ],
      "X_11" : [ 0.013917 ],
      "X_12" : [ -0.018080 ],
      "X_13" : [ 0.001282 ],
      "X_14" : [ -0.002126 ],
      "X_15" : [ 0.013228 ],
      "X_16" : [ -0.011937 ],
      "X_17" : [ 0.010816 ],
      "X_18" : [ 0.005451 ],
      "X_19" : [ -0.005752 ],
      "X_20" : [ -0.005300 ],
      "X_21" : [ -0.035044 ],
      "X_22" : [ 0.002576 ],
      "X_23" : [ 0.001141 ],
      "X_24" : [ -0.035559 ],
      "X_25" : [ -0.002065 ],
      "X_26" : [ -0.002449 ],
      "X_27" : [ -0.002385 ],
      "X_28" : [ 0.010570 ],
      "X_29" : [ -0.001197 ],
      "X_30" : [ 0.004609 ],
      "X_31" : [ -0.007463 ],
      "X_32" : [ 0.001337 ],
      "X_33" : [ -0.000443 ],
      "X_34" : [ -0.017981 ],
      "X_35" : [ -0.002113 ],
      "X_36" : [ 0.018114 ],
      "X_37" : [ 0.002794 ],
      "X_38" : [ 0.004832 ],
      "X_39" : [ 0.000349 ],
      "X_40" : [ -0.016083 ],
      "X_41" : [ 0.015919 ],
      "X_42" : [ -0.040496 ],
      "X_43" : [ -0.005499 ],
      "X_44" : [ -0.009718 ],
      "X_45" : [ -0.001469 ],
      "X_46" : [ 0.003302 ],
      "X_47" : [ 0.001745 ],
      "X_48" : [ 0.010599 ],
      "X_49" : [ 0.037073 ],
      "X_50" : [ 0.001713 ],
      "X_51" : [ 0.002296 ],
      "X_52" : [ -0.006438 ],
      "X_53" : [ -0.002005 ],
      "X_54" : [ 0.013946 ],
      "X_55" : [ -0.002129 ],
      "X_56" : [ -0.002161 ],
      "X_57" : [ 0.001496 ],
      "X_58" : [ 0.001805 ],
      "X_59" : [ -0.040966 ],
      "X_60" : [ 0.008249 ],
      "X_61" : [ -0.008468 ],
      "X_62" : [ 0.002186 ],
      "X_63" : [ -0.045950 ],
      "X_64" : [ 0.006496 ],
      "X_65" : [ 0.003324 ],
      "X_66" : [ 0.003605 ],
      "X_67" : [ 0.003711 ],
      "X_68" : [ -0.020163 ],
      "X_69" : [ 0.000714 ],
      "X_70" : [ 0.000845 ],
      "X_71" : [ 0.003682 ],
      "X_72" : [ -0.001178 ],
      "X_73" : [ 0.023474 ],
      "X_74" : [ -0.019032 ],
      "X_75" : [ 0.025758 ],
      "X_76" : [ -0.006212 ],
      "X_77" : [ -0.010707 ],
      "X_78" : [ -0.028285 ],
      "X_79" : [ 0.004912 ],
      "X_80" : [ 0.009524 ],
      "X_81" : [ -0.001830 ],
      "X_82" : [ 0.004682 ],
      "X_83" : [ -0.002797 ],
      "X_84" : [ 0.022819 ],
      "X_85" : [ -0.000534 ],
      "X_86" : [ -0.002869 ],
      "X_87" : [ 0.014766 ],
      "X_88" : [ 0.001706 ],
      "X_89" : [ -0.007266 ],
      "X_90" : [ -0.011166 ],
      "X_91" : [ 0.020976 ],
      "X_92" : [ 0.005193 ],
      "X_93" : [ 0.001336 ],
      "X_94" : [ 0.005119 ],
      "X_95" : [ 0.009759 ],
      "X_96" : [ 0.006855 ],
      "X_97" : [ -0.002222 ],
      "X_98" : [ -0.026803 ],
      "X_99" : [ -0.002489 ]   
   },
   "Most_Contributive_Features" : {
      "y" : [ 63, 3, 59, 42, 49, 24, 21, 78, 98, 9 ]
   }
}