{
   "Contributions" : {
      "X_0" : [ 0.000495, -0.001019, 0.000606, -0.000082 ],
      "X_1" : [ -0.000334, 0.000426, -0.000217, 0.000125 ],
      "X_2" : [ -0.001503, 0.002524, -0.003362, 0.002341 ],
      "X_3" : [ 0.000637, 0.002155, 0.002518, -0.005310 ],
      "X_4" : [ -0.000801, 0.000376, -0.000195, 0.000619 ],
      "X_5" : [ 0.000474, -0.001028, 0.000385, 0.000169 ],
      "X_6" : [ -0.000312, -0.000038, 0.000302, 0.000047 ],
      "X_7" : [ 0.000472, 0.001036, -0.000999, -0.000509 ],
      "X_8" : [ 0.000305, -0.000244, 0.000016, -0.000077 ],
      "X_9" : [ -0.000524, -0.002853, 0.002541, 0.000836 ],
      "X_10" : [ -0.000231, -0.000370, 0.000325, 0.000276 ],
      "X_11" : [ -0.001351, 0.000768, 0.000525, 0.000058 ],
      "X_12" : [ 0.000401, -0.001021, 0.000403, 0.000217 ],
      "X_13" : [ 0.001404, -0.001028, 0.000598, -0.000973 ],
      "X_14" : [ 0.000085, -0.001856, 0.000306, 0.001465 ],
      "X_15" : [ 0.000282, 0.000994, -0.000677, -0.000598 ],
      "X_16" : [ 0.001784, -0.001810, 0.001656, -0.001630 ],
      "X_17" : [ 0.000083, 0.000288, -0.000781, 0.000410 ],
      "X_18" : [ -0.000758, 0.000399, 0.000246, 0.000113 ],
      "X_19" : [ -0.001587, 0.002979, -0.000961, -0.000431 ],
      "X_20" : [ -0.002064, 0.004028, -0.000964, -0.000999 ],
      "X_21" : [ 0.000043, 0.000225, -0.000335, 0.000067 ],
      "X_22" : [ -0.002032, 0.003562, -0.002507, 0.000977 ],
      "X_23" : [ -0.000766, 0.000335, -0.000322, 0.000754 ],
      "X_24" : [ 0.000245, 0.000296, -0.000744, 0.000203 ],
      "X_25" : [ -0.000019, -0.000355, 0.000039, 0.000335 ],
      "X_26" : [ 0.000417, -0.002777, 0.003579, -0.001220 ],
      "X_27" : [ -0.001384, 0.001041, -0.000473, 0.000817 ],
      "X_28" : [ -0.000029, 0.000133, -0.000336, 0.000232 ],
      "X_29" : [ 0.004534, 0.001971, 0.001882, -0.008387 ],
      "X_30" : [ 0.000732, 0.000286, -0.000242, -0.000776 ],
      "X_31" : [ 0.011098, 0.000780, -0.002485, -0.009393 ],
      "X_32" : [ -0.005755, -0.000014, 0.000867, 0.004903 ],
      "X_33" : [ 0.001569, -0.002538, 0.002197, -0.001228 ],
      "X_34" : [ -0.001055, 0.001838, -0.001074, 0.000291 ],
      "X_35" : [ -0.000764, 0.002159, 0.000794, -0.002189 ],
      "X_36" : [ -0.000259, -0.000181, 0.000178, 0.000262 ],
      "X_37" : [ -0.003201, 0.004207, -0.001319, 0.000313 ],
      "X_38" : [ -0.001521, -0.000442, -0.000040, 0.002004 ],
      "X_39" : [ -0.000609, -0.000590, -0.000037, 0.001235 ],
      "X_40" : [ 0.000160, -0.001535, 0.000641, 0.000735 ],
      "X_41" : [ 0.000525, -0.001749, 0.001139, 0.000085 ],
      "X_42" : [ 0.000610, -0.000742, -0.000339, 0.000471 ],
      "X_43" : [ 0.000373, -0.000776, -0.000506, 0.000909 ],
      "X_44" : [ 0.000583, -0.000595, 0.001096, -0.001084 ],
      "X_45" : [ 0.002205, -0.001658, 0.000055, -0.000602 ],
      "X_46" : [ -0.003954, 0.002389, 0.000940, 0.000625 ],
      "X_47" : [ 0.003953, -0.001655, 0.001194, -0.003491 ],
      "X_48" : [ 0.000558, -0.000471, 0.001278, -0.001365 ],
      "X_49" : [ 0.001077, -0.000335, 0.000314, -0.001056 ],
      "X_50" : [ 0.001435, 0.001569, 0.000977, -0.003981 ],
      "X_51" : [ 0.000330, 0.001359, -0.001122, -0.000567 ],
      "X_52" : [ -0.002013, -0.004996, 0.002937, 0.004072 ],
      "X_53" : [ 0.004765, -0.001350, -0.001798, -0.001618 ],
      "X_54" : [ -0.000092, -0.001764, -0.001007, 0.002863 ],
      "X_55" : [ -0.001343, 0.000114, 0.001117, 0.000111 ],
      "X_56" : [ 0.000569, -0.001320, -0.001213, 0.001965 ],
      "X_57" : [ 0.001161, -0.002314, 0.000423, 0.000730 ],
      "X_58" : [ -0.000135, -0.000009, 0.000206, -0.000062 ],
      "X_59" : [ -0.000321, 0.000384, 0.000021, -0.000084 ],
      "X_60" : [ -0.002668, 0.002267, 0.002957, -0.002556 ],
      "X_61" : [ -0.000125, -0.000270, -0.000133, 0.000528 ],
      "X_62" : [ -0.025294, -0.007681, 0.004675, 0.028301 ],
      "X_63" : [ 0.000246, 0.000616, -0.000746, -0.000116 ],
      "X_64" : [ -0.000336, -0.000266, -0.000136, 0.000737 ],
      "X_65" : [ 0.000380, 0.001821, -0.003088, 0.000887 ],
      "X_66" : [ -0.002624, -0.000418, 0.003991, -0.000948 ],
      "X_67" : [ -0.000560, -0.000512, 0.000248, 0.000823 ],
      "X_68" : [ -0.005039, 0.001727, 0.001562, 0.001749 ],
      "X_69" : [ -0.003176, 0.004681, -0.001764, 0.000259 ],
      "X_70" : [ -0.003601, -0.000263, 0.001964, 0.001901 ],
      "X_71" : [ 0.000504, 0.001085, 0.000890, -0.002479 ],
      "X_72" : [ -0.000935, 0.000377, 0.000359, 0.000199 ],
      "X_73" : [ 0.000278, -0.000035, -0.000569, 0.000327 ],
      "X_74" : [ 0.000126, 0.000735, -0.000556, -0.000305 ],
      "X_75" : [ -0.001089, 0.001565, -0.001488, 0.001012 ],
      "X_76" : [ -0.003863, 0.002312, -0.000696, 0.002247 ],
      "X_77" : [ 0.001048, -0.000170, 0.000870, -0.001749 ],
      "X_78" : [ 0.000868, 0.000157, -0.001358, 0.000333 ],
      "X_79" : [ -0.000795, 0.000718, -0.000154, 0.000231 ],
      "X_80" : [ -0.000641, 0.000655, -0.003968, 0.003954 ],
      "X_81" : [ -0.001485, -0.000213, 0.000223, 0.001475 ],
      "X_82" : [ -0.000128, 0.002102, -0.000420, -0.001554 ],
      "X_83" : [ 0.002481, -0.002768, 0.000343, -0.000057 ],
      "X_84" : [ -0.000072, -0.000174, 0.000358, -0.000112 ],
      "X_85" : [ 0.000063, 0.000094, 0.000020, -0.000177 ],
      "X_86" : [ 0.000220, -0.000640, -0.000206, 0.000626 ],
      "X_87" : [ 0.000023, -0.000724, -0.000069, 0.000769 ],
      "X_88" : [ -0.000096, 0.000015, 0.000574, -0.000493 ],
      "X_89" : [ -0.001041, 0.000798, 0.000314, -0.000071 ],
      "X_90" : [ -0.000155, -0.000805, 0.000851, 0.000109 ],
      "X_91" : [ -0.000300, 0.000362, -0.000375, 0.000313 ],
      "X_92" : [ -0.001011, -0.002687, 0.000464, 0.003233 ],
      "X_93" : [ 0.000308, 0.000111, -0.000388, -0.000031 ],
      "X_94" : [ -0.002304, -0.000630, -0.000936, 0.003869 ],
      "X_95" : [ -0.000378, 0.003076, -0.002952, 0.000254 ],
      "X_96" : [ -0.000908, 0.001200, 0.000389, -0.000681 ],
      "X_97" : [ -0.000176, -0.000179, 0.000212, 0.000143 ],
      "X_98" : [ 0.000229, 0.000599, -0.000753, -0.000075 ],
      "X_99" : [ -0.000181, -0.000126, 0.000330, -0.000023 ]   
   },
   "Most_Contributive_Features_By_Class" : {
      "class_0" : [ 62, 31, 32, 68, 53, 29, 46, 47, 76, 70 ],
      "class_1" : [ 62, 52, 69, 37, 20, 22, 95, 19, 9, 26 ],
      "class_2" : [ 62, 66, 80, 26, 2, 65, 60, 95, 52, 9 ],
      "class_3" : [ 62, 31, 29, 3, 32, 52, 50, 80, 94, 47 ]
   }
}