{
	"metadata" : { "model" : "Tikhonov_Ridge", "version" : "2024-W14", "signature" : "ff4_il8"},
	"options" : { "alpha" : 0.000000, "random_state" : 1789 },
	"dataset" : { "dataset_rows" : 512, "dataset_features" : 100 },
	"classes" : [ 0, 1, 2, 3 ],
	"equations" : {
		"class_0" : {
			"intercept" : -0.601790,
			"coeffs" : [ -0.005324, -0.010539, -0.022921, -0.018191, -0.026031, -0.001844, -0.016072, 0.043345, 0.024643, 0.007773, 0.025368, -0.021858, 0.003691, 0.034971, -0.006145, 0.009035, 0.021533, 0.003009, 0.023265, -0.035629, -0.028112, 0.009374, -0.032341, 0.048793, 0.056890, 0.001192, -0.006544, 0.030861, -0.003206, -0.049011, -0.024414, 0.125422, -0.073826, -0.028990, -0.014190, 0.009147, -0.026521, 0.041357, -0.069038, -0.055270, -0.000940, 0.007062, -0.025882, -0.011032, -0.013162, -0.035348, 0.064914, -0.106282, -0.008198, -0.110257, 0.025485, 0.009321, 0.024417, 0.099202, 0.000842, 0.061019, -0.016280, -0.050886, -0.028251, -0.048848, -0.072379, 0.001585, 0.130092, 0.009901, 0.015618, 0.002375, 0.013349, 0.054694, -0.035628, 0.040920, 0.092112, 0.000886, -0.030633, 0.005857, -0.009628, 0.037174, -0.048702, -0.030514, 0.058527, 0.013443, 0.005320, -0.052824, 0.009763, -0.080728, 0.029083, -0.003306, -0.021514, -0.083087, -0.004148, -0.094027, 0.003071, -0.020573, 0.021383, 0.039289, 0.051648, -0.029810, 0.037563, -0.006288, -0.012505, -0.020990 ]
		},
		"class_1" : {
			"intercept" : -0.436952,
			"coeffs" : [ 0.034032, 0.007603, 0.044650, -0.039371, 0.011215, 0.034232, -0.035082, 0.035184, -0.009488, 0.054971, -0.047602, 0.007870, -0.084385, -0.035669, 0.094269, 0.030969, -0.028692, 0.005340, -0.010927, 0.058121, 0.065597, 0.006289, 0.081619, -0.020072, 0.003631, -0.043705, 0.037451, -0.011402, -0.018590, -0.019763, -0.006628, 0.048370, -0.005152, 0.053656, 0.038371, -0.020167, 0.012871, -0.067396, -0.016961, -0.032518, 0.080744, -0.033817, 0.020926, 0.019584, 0.035250, 0.027478, -0.053807, 0.047236, 0.019857, 0.043025, 0.024061, 0.039375, 0.072724, -0.046333, -0.041455, -0.023615, 0.028600, 0.093525, -0.005520, 0.041425, 0.050394, -0.036653, 0.063341, 0.015025, -0.004457, 0.009589, 0.002653, 0.052660, 0.010823, -0.081501, 0.010120, 0.021871, 0.030783, -0.015300, -0.023896, -0.044046, 0.028220, 0.027941, 0.021742, -0.003361, -0.009293, -0.025440, 0.051679, 0.103391, 0.005023, -0.003858, -0.043780, 0.036946, -0.002127, 0.027898, 0.016119, -0.058314, 0.049459, -0.005280, 0.011009, 0.097603, -0.058398, 0.046037, 0.094455, -0.054271 ]
		},
		"class_2" : {
			"intercept" : -0.435640,
			"coeffs" : [ -0.034930, -0.010589, -0.068333, -0.052446, 0.031465, -0.034632, 0.080992, -0.042011, 0.002406, -0.047070, 0.011769, -0.021342, 0.039029, 0.043260, -0.032285, -0.024069, 0.034158, -0.059689, -0.009752, -0.019810, -0.015658, -0.014323, -0.073313, 0.045391, -0.054397, 0.008985, -0.045795, 0.024220, -0.023890, -0.021749, 0.008560, -0.041865, 0.013201, -0.049720, -0.028201, -0.016640, -0.041367, 0.029482, 0.001724, 0.022620, -0.056006, 0.030201, 0.043612, 0.021150, -0.051276, -0.005742, -0.078265, -0.040945, -0.041511, 0.059288, 0.017191, -0.031672, -0.028123, -0.039241, -0.025912, -0.089360, 0.033256, -0.022473, 0.007005, 0.006697, 0.117308, 0.009898, -0.037747, -0.021390, 0.055055, -0.015716, -0.024192, -0.015184, 0.010298, 0.040711, -0.054818, 0.052639, 0.016242, -0.032788, 0.022885, 0.037867, -0.019188, -0.052165, -0.048599, 0.005361, 0.044863, 0.035805, -0.012117, -0.030388, -0.042227, -0.008580, 0.032161, -0.024907, 0.017759, 0.001940, -0.017472, 0.006728, -0.008830, -0.045597, 0.020703, -0.102778, -0.024424, -0.057825, -0.067428, 0.035152 ]
		},
		"class_3" : {
			"intercept" : -0.530651,
			"coeffs" : [ 0.006223, 0.013524, 0.046604, 0.110009, -0.016649, 0.002244, -0.029838, -0.036518, -0.017561, -0.015674, 0.010465, 0.030215, 0.041665, -0.042563, -0.055838, -0.015935, -0.026999, 0.051339, -0.002586, -0.002682, -0.021827, -0.001340, 0.024035, -0.074112, -0.006125, 0.033528, 0.014888, -0.028437, 0.045687, 0.090523, 0.022483, -0.133470, 0.065776, 0.025054, 0.004020, 0.029800, 0.055016, -0.003442, 0.084274, 0.065169, -0.023799, -0.003445, -0.038656, -0.029702, 0.029188, 0.013611, 0.062651, 0.099991, 0.029852, 0.007598, -0.066737, -0.017024, -0.069018, -0.019295, 0.066525, 0.051956, -0.045576, -0.020166, 0.026766, 0.000726, -0.096165, 0.025169, -0.154378, -0.003536, -0.066215, 0.005882, 0.009465, -0.092170, 0.014507, -0.000129, -0.047413, -0.075396, -0.016393, 0.042231, 0.010638, -0.030995, 0.039670, 0.054738, -0.031669, -0.004479, -0.040890, 0.042459, -0.049324, 0.007725, 0.008121, 0.015743, 0.033132, 0.071048, -0.011484, 0.064190, -0.001718, 0.072158, -0.062011, 0.011589, -0.083360, 0.034985, 0.045259, 0.018077, -0.014522, 0.040109 ]
		}
	}
}