{
   "Contributions" : {
      "X_0" : [ 0.000000 ],
      "X_1" : [ 0.000000 ],
      "X_2" : [ 0.000010 ],
      "X_3" : [ -0.290744 ],
      "X_4" : [ -0.042289 ],
      "X_5" : [ -0.098304 ],
      "X_6" : [ -0.033823 ],
      "X_7" : [ 0.000024 ],
      "X_8" : [ 0.000000 ]   
   },
   "Most_Contributive_Features" : {
      "y" : [ 3, 5, 4, 6, 7, 2 ]
   }
}