{
   "Contributions" : {
      "X_0" : [ 0.008877, -0.008877 ],
      "X_1" : [ -0.001754, 0.001754 ],
      "X_2" : [ -0.007727, 0.007727 ],
      "X_3" : [ -0.002142, 0.002142 ],
      "X_4" : [ -0.000658, 0.000658 ],
      "X_5" : [ 0.013538, -0.013538 ],
      "X_6" : [ -0.002129, 0.002129 ],
      "X_7" : [ -0.003372, 0.003372 ],
      "X_8" : [ 0.001318, -0.001318 ],
      "X_9" : [ -0.012694, 0.012694 ]   
   },
   "Most_Contributive_Features_By_Class" : {
      "class_0" : [ 5, 9, 0, 2, 7, 3, 6, 1, 8, 4 ],
      "class_1" : [ 5, 9, 0, 2, 7, 3, 6, 1, 8, 4 ]
   }
}