{
   "Contributions" : {
      "X_0" : [ -0.000951, 0.000951 ],
      "X_1" : [ 0.000694, -0.000694 ],
      "X_2" : [ -0.000764, 0.000764 ],
      "X_3" : [ 0.004031, -0.004031 ],
      "X_4" : [ 0.001721, -0.001721 ],
      "X_5" : [ 0.002164, -0.002164 ],
      "X_6" : [ -0.005202, 0.005202 ],
      "X_7" : [ -0.000921, 0.000921 ],
      "X_8" : [ 0.005513, -0.005513 ],
      "X_9" : [ -0.014336, 0.014336 ]   
   },
   "Most_Contributive_Features_By_Class" : {
      "class_0" : [ 9, 8, 6, 3, 5, 4, 0, 7, 2, 1 ],
      "class_1" : [ 9, 8, 6, 3, 5, 4, 0, 7, 2, 1 ]
   }
}