{
   "Contributions" : {
      "X_0" : [ -0.001072, 0.001072 ],
      "X_1" : [ -0.003959, 0.003959 ],
      "X_2" : [ -0.003594, 0.003594 ],
      "X_3" : [ 0.000556, -0.000556 ],
      "X_4" : [ 0.003443, -0.003443 ],
      "X_5" : [ -0.004154, 0.004154 ],
      "X_6" : [ -0.005597, 0.005597 ],
      "X_7" : [ -0.002635, 0.002635 ],
      "X_8" : [ -0.000035, 0.000035 ],
      "X_9" : [ -0.001554, 0.001554 ]   
   },
   "Most_Contributive_Features_By_Class" : {
      "class_0" : [ 6, 5, 1, 2, 4, 7, 9, 0, 3, 8 ],
      "class_1" : [ 6, 5, 1, 2, 4, 7, 9, 0, 3, 8 ]
   }
}