{
	"metadata" : { "model" : "Tikhonov_Ridge", "version" : "2024-W12", "signature" : "ff4_il8"},
	"options" : { "alpha" : 1.000000, "random_state" : 1789 },
	"dataset" : { "dataset_rows" : 128, "dataset_features" : 10 },
	"classes" : [ 0, 1 ],
	"equations" : {
		"class_1" : {
			"intercept" : 0.040871,
			"coeffs" : [ 0.030085, 0.049467, 0.149709, -0.037209, -0.185188, 0.305253, 0.237038, 0.046774, -0.001404, -0.046630 ]
		}
	}
}