{
   "Contributions" : {
      "X_0" : [ -0.001029, 0.001029 ],
      "X_1" : [ -0.003935, 0.003935 ],
      "X_2" : [ -0.003666, 0.003666 ],
      "X_3" : [ 0.000554, -0.000554 ],
      "X_4" : [ 0.003453, -0.003453 ],
      "X_5" : [ -0.004201, 0.004201 ],
      "X_6" : [ -0.005307, 0.005307 ],
      "X_7" : [ -0.002597, 0.002597 ],
      "X_8" : [ -0.000025, 0.000025 ],
      "X_9" : [ -0.001522, 0.001522 ]   
   },
   "Most_Contributive_Features_By_Class" : {
      "class_0" : [ 6, 5, 1, 2, 4, 7, 9, 0, 3, 8 ],
      "class_1" : [ 6, 5, 1, 2, 4, 7, 9, 0, 3, 8 ]
   }
}