{
   "Contributions" : {
      "X_0" : [ 0.000000, 0.000000, 0.000000, 0.000000, 0.000000, 0.000000, 0.000000, 0.000000, 0.000000, 0.000000 ],
      "X_1" : [ 0.000376, 0.001149, -0.003812, -0.000034, 0.000000, 0.000282, 0.000845, 0.000000, 0.000937, 0.000258 ],
      "X_2" : [ 0.002927, 0.000716, -0.003755, -0.000873, 0.001618, -0.008482, 0.005616, 0.002289, 0.001627, -0.001681 ],
      "X_3" : [ -0.000129, 0.000000, 0.000000, 0.000000, 0.000053, 0.000092, 0.000120, 0.000188, -0.000138, -0.000186 ],
      "X_4" : [ 0.000671, 0.000045, 0.000000, 0.000055, -0.000204, -0.000726, 0.000050, 0.000011, -0.000487, 0.000585 ],
      "X_5" : [ 0.000292, 0.000134, -0.000206, -0.001473, 0.000005, 0.002465, -0.000373, -0.001540, 0.001392, -0.000696 ],
      "X_6" : [ -0.000010, 0.000047, 0.000000, 0.000000, -0.000032, -0.000045, 0.000000, -0.000223, 0.000161, 0.000101 ],
      "X_7" : [ 0.000000, 0.000000, 0.000000, 0.000000, 0.000000, 0.000000, 0.000000, 0.000000, 0.000000, 0.000000 ],
      "X_8" : [ 0.000000, 0.000000, 0.000000, 0.000000, 0.000000, 0.000000, 0.000000, 0.000000, 0.000000, 0.000000 ],
      "X_9" : [ 0.000000, 0.000000, 0.000000, 0.000000, 0.000000, 0.000000, 0.000000, 0.000000, 0.000000, 0.000000 ],
      "X_10" : [ 0.000000, 0.000000, 0.000000, 0.000000, 0.000000, 0.000000, 0.000000, 0.000000, 0.000000, 0.000000 ],
      "X_11" : [ -0.000042, 0.000000, 0.000000, 0.000000, -0.000326, -0.000084, 0.000441, 0.000000, 0.000012, 0.000000 ],
      "X_12" : [ -0.000088, 0.000399, -0.000110, -0.000245, -0.000746, -0.000575, 0.000000, 0.000576, -0.000203, 0.000993 ],
      "X_13" : [ -0.001536, -0.000878, -0.000071, 0.000100, 0.003057, -0.000919, 0.000312, 0.001073, -0.000448, -0.000691 ],
      "X_14" : [ 0.000000, 0.000076, 0.000016, -0.000166, 0.000000, -0.000006, 0.000000, 0.000000, 0.000013, 0.000067 ],
      "X_15" : [ 0.000000, 0.000000, 0.000000, 0.000000, 0.000000, 0.000000, 0.000000, 0.000000, 0.000000, 0.000000 ],
      "X_16" : [ 0.000000, 0.000000, 0.000000, 0.000000, 0.000000, 0.000000, 0.000000, 0.000000, 0.000000, 0.000000 ],
      "X_17" : [ 0.001850, -0.001853, -0.000253, -0.000077, 0.001418, 0.001364, -0.000028, -0.002046, -0.000380, 0.000005 ],
      "X_18" : [ 0.000609, -0.000679, -0.000475, -0.002915, 0.000610, 0.005134, 0.001539, -0.004360, 0.000355, 0.000183 ],
      "X_19" : [ -0.000112, -0.000236, 0.000270, 0.000390, -0.000005, -0.000002, -0.000003, -0.000018, -0.000119, -0.000165 ],
      "X_20" : [ -0.000181, 0.002833, 0.000077, -0.000041, -0.000342, -0.000178, -0.000103, -0.000120, -0.001321, -0.000624 ],
      "X_21" : [ 0.000138, -0.000299, 0.000439, -0.002463, 0.000474, 0.003325, 0.000665, -0.001415, 0.000885, -0.001749 ],
      "X_22" : [ 0.000000, 0.000000, 0.000000, 0.000000, 0.000000, 0.000000, 0.000000, 0.000000, 0.000000, 0.000000 ],
      "X_23" : [ 0.000000, 0.000000, 0.000000, 0.000000, 0.000000, 0.000000, 0.000000, 0.000000, 0.000000, 0.000000 ],
      "X_24" : [ 0.000000, 0.000000, 0.000000, 0.000000, 0.000000, 0.000000, 0.000000, 0.000000, 0.000000, 0.000000 ],
      "X_25" : [ 0.000000, 0.000000, 0.000000, 0.000000, 0.000000, 0.000000, 0.000000, 0.000000, 0.000000, 0.000000 ],
      "X_26" : [ 0.000000, 0.000000, 0.000000, 0.000000, 0.000000, 0.000000, 0.000000, 0.000000, 0.000000, 0.000000 ],
      "X_27" : [ 0.000000, 0.000000, 0.000000, 0.000000, 0.000000, 0.000000, 0.000000, 0.000000, 0.000000, 0.000000 ],
      "X_28" : [ 0.000000, 0.000000, 0.000000, 0.000000, 0.000000, 0.000000, 0.000000, 0.000000, 0.000000, 0.000000 ],
      "X_29" : [ 0.000000, 0.000000, 0.000000, 0.000000, 0.000000, 0.000000, 0.000000, 0.000000, 0.000000, 0.000000 ],
      "X_30" : [ 0.004239, 0.000738, 0.001132, -0.001476, 0.001159, -0.000176, -0.001088, -0.002493, -0.003320, 0.001284 ],
      "X_31" : [ 0.000000, 0.000000, 0.000000, 0.000000, 0.000000, 0.000000, 0.000000, 0.000000, 0.000000, 0.000000 ],
      "X_32" : [ 0.000000, 0.000000, 0.000000, 0.000000, 0.000000, 0.000000, 0.000000, 0.000000, 0.000000, 0.000000 ],
      "X_33" : [ 0.000628, 0.000287, 0.000000, -0.000126, 0.004652, 0.000343, 0.000073, -0.004455, -0.000623, -0.000779 ],
      "X_34" : [ 0.002785, 0.000951, -0.006838, -0.005801, 0.002668, 0.002605, 0.008884, -0.002031, 0.000646, -0.003867 ],
      "X_35" : [ 0.001605, -0.000059, -0.000340, -0.000268, 0.000000, 0.000145, -0.001675, 0.000000, -0.000252, 0.000843 ],
      "X_36" : [ 0.004293, -0.000132, -0.000107, -0.000542, -0.000429, -0.000860, -0.000243, -0.000263, -0.001187, -0.000530 ],
      "X_37" : [ 0.000000, -0.000632, -0.000333, 0.000695, 0.000000, 0.000195, 0.000672, 0.000805, -0.001557, 0.000155 ],
      "X_38" : [ 0.000000, 0.000000, 0.000000, 0.000000, 0.000000, 0.000000, 0.000000, 0.000000, 0.000000, 0.000000 ],
      "X_39" : [ 0.000000, 0.000000, 0.000000, 0.000000, 0.000000, 0.000000, 0.000000, 0.000000, 0.000000, 0.000000 ],
      "X_40" : [ 0.000000, 0.000000, 0.000000, 0.000000, 0.000000, 0.000000, 0.000000, 0.000000, 0.000000, 0.000000 ],
      "X_41" : [ 0.001657, 0.000000, 0.000000, -0.000707, 0.000000, -0.000679, 0.001952, 0.000000, 0.000172, -0.002395 ],
      "X_42" : [ 0.007610, -0.004090, 0.000984, -0.001318, 0.005329, -0.006840, 0.002490, -0.002656, 0.002582, -0.004093 ],
      "X_43" : [ 0.001732, -0.000477, 0.000895, -0.002925, 0.006358, 0.000442, -0.005808, 0.001454, 0.001126, -0.002797 ],
      "X_44" : [ 0.001094, -0.003213, -0.002435, 0.000841, -0.000034, -0.000168, -0.000259, 0.000000, -0.000480, 0.004653 ],
      "X_45" : [ 0.000007, -0.001655, 0.002144, -0.000323, 0.000136, 0.000000, -0.000181, 0.000013, -0.000215, 0.000075 ],
      "X_46" : [ 0.011420, -0.009935, -0.011125, 0.010311, -0.002077, -0.001223, 0.014846, -0.005912, -0.011559, 0.005254 ],
      "X_47" : [ 0.000000, 0.000000, 0.000000, 0.000000, 0.000000, 0.000000, 0.000000, 0.000000, 0.000000, 0.000000 ],
      "X_48" : [ 0.000000, 0.000000, 0.000000, 0.000000, 0.000000, 0.000000, 0.000000, 0.000000, 0.000000, 0.000000 ],
      "X_49" : [ 0.000000, 0.000000, 0.000000, 0.000000, 0.000000, 0.000000, 0.000000, 0.000000, 0.000000, 0.000000 ],
      "X_50" : [ 0.000330, -0.000885, 0.000984, 0.000086, 0.001264, -0.003131, 0.000270, -0.000307, 0.000733, 0.000657 ],
      "X_51" : [ -0.000043, 0.000105, 0.000010, -0.000057, 0.000118, -0.000082, 0.000234, 0.000000, -0.000068, -0.000218 ],
      "X_52" : [ -0.003987, -0.002012, -0.002155, 0.001816, 0.000086, 0.001137, 0.001597, -0.001357, 0.001581, 0.003292 ],
      "X_53" : [ 0.000000, 0.000000, 0.000000, 0.000000, 0.000000, 0.000000, 0.000000, 0.000000, 0.000000, 0.000000 ],
      "X_54" : [ 0.000203, -0.001194, 0.001591, -0.000081, 0.000645, -0.000341, 0.001863, -0.000711, -0.001620, -0.000353 ],
      "X_55" : [ 0.000000, 0.000000, 0.000000, 0.000000, 0.000000, 0.000000, 0.000000, 0.000000, 0.000000, 0.000000 ],
      "X_56" : [ 0.000000, 0.000000, 0.000000, 0.000000, 0.000000, 0.000000, 0.000000, 0.000000, 0.000000, 0.000000 ],
      "X_57" : [ 0.000061, 0.000014, 0.000000, 0.000007, 0.000193, -0.000762, 0.000000, 0.000378, 0.000018, 0.000092 ],
      "X_58" : [ -0.000296, 0.014327, -0.011651, -0.026898, 0.050696, -0.018588, 0.008262, -0.006789, -0.006074, -0.002987 ],
      "X_59" : [ -0.002324, 0.000623, 0.004483, -0.001031, 0.000553, -0.001527, -0.001426, 0.000106, 0.000194, 0.000350 ],
      "X_60" : [ 0.002399, 0.002312, 0.005346, -0.000631, 0.000140, -0.000936, 0.000153, -0.006947, -0.001523, -0.000314 ],
      "X_61" : [ -0.002276, -0.004830, 0.002901, -0.001151, 0.002613, 0.003237, -0.000480, 0.006649, -0.003672, -0.002991 ],
      "X_62" : [ 0.000283, -0.004945, -0.002532, -0.003842, 0.000199, 0.005084, 0.001664, -0.000613, 0.001996, 0.002705 ],
      "X_63" : [ 0.000000, -0.000823, -0.000505, 0.000699, 0.000000, 0.000098, 0.000066, 0.000000, 0.000083, 0.000382 ]   
   },
   "Most_Contributive_Features_By_Class" : {
      "class_0" : [ 46, 42, 36, 30, 52, 2, 34, 60, 59, 61 ],
      "class_1" : [ 58, 46, 62, 61, 42, 44, 20, 60, 52, 17 ],