{
   "Contributions" : {
      "X_0" : [ 0.000000, 0.000000, 0.000000, 0.000000, 0.000000, 0.000000, 0.000000, 0.000000, 0.000000, 0.000000 ],
      "X_1" : [ 0.000219, 0.000448, -0.001172, -0.000311, 0.000004, 0.000168, 0.000077, 0.000165, 0.000067, 0.000337 ],
      "X_2" : [ -0.000521, 0.005448, -0.007304, -0.004041, 0.013325, -0.010488, 0.006447, -0.001681, -0.000433, -0.000753 ],
      "X_3" : [ -0.000292, -0.000322, -0.001504, -0.000492, 0.001108, 0.000456, 0.000092, -0.000667, 0.001396, 0.000225 ],
      "X_4" : [ 0.000202, -0.000247, -0.000170, -0.000072, 0.000492, 0.000338, -0.000180, 0.000027, -0.000222, -0.000169 ],
      "X_5" : [ 0.000190, -0.000117, 0.000315, 0.000197, -0.000793, 0.000141, -0.000872, 0.000143, 0.000498, 0.000299 ],
      "X_6" : [ 0.000170, -0.000186, 0.000047, 0.000104, 0.000106, -0.000888, 0.000340, 0.000162, -0.000052, 0.000196 ],
      "X_7" : [ 0.000000, -0.000002, 0.000000, 0.000011, -0.000001, -0.000019, 0.000000, 0.000067, -0.000008, -0.000049 ],
      "X_8" : [ 0.000000, 0.000000, -0.000012, 0.000004, 0.000000, 0.000000, 0.000000, 0.000000, 0.000012, -0.000004 ],
      "X_9" : [ -0.000146, -0.000738, 0.000897, -0.000343, -0.000138, 0.001068, 0.000490, -0.000021, -0.001134, 0.000065 ],
      "X_10" : [ 0.000091, 0.000305, -0.000662, -0.000753, 0.001887, -0.000227, 0.000597, -0.000359, -0.000553, -0.000325 ],
      "X_11" : [ 0.000009, -0.000100, -0.000090, -0.000204, 0.000056, 0.000065, 0.000240, 0.000192, -0.000019, -0.000149 ],
      "X_12" : [ -0.000167, 0.001752, 0.000633, -0.000480, -0.000283, -0.000622, 0.000001, -0.000319, -0.000023, -0.000491 ],
      "X_13" : [ -0.000890, -0.000552, -0.000041, 0.000306, 0.002588, 0.000817, -0.001323, -0.000428, 0.000170, -0.000646 ],
      "X_14" : [ 0.000001, -0.000098, -0.000023, 0.000042, -0.000376, -0.000322, 0.000114, 0.000308, 0.000134, 0.000221 ],
      "X_15" : [ 0.000000, 0.000000, 0.000000, 0.000000, -0.000007, 0.000000, 0.000000, 0.000018, -0.000009, -0.000003 ],
      "X_16" : [ 0.000000, 0.000000, 0.000000, 0.000000, 0.000000, 0.000000, 0.000000, 0.000000, 0.000000, 0.000000 ],
      "X_17" : [ 0.000092, -0.000018, 0.000115, -0.000713, -0.000209, 0.001577, -0.000009, -0.000367, -0.000460, -0.000008 ],
      "X_18" : [ 0.000835, 0.000317, -0.001223, -0.003903, 0.000988, 0.003315, 0.000793, -0.002918, 0.000514, 0.001281 ],
      "X_19" : [ -0.000140, -0.000177, 0.000105, -0.000112, 0.000079, 0.000018, 0.000155, -0.000040, 0.000095, 0.000016 ],
      "X_20" : [ 0.000104, -0.000118, -0.000089, -0.000129, -0.000113, 0.000031, 0.000402, 0.000206, 0.000169, -0.000462 ],
      "X_21" : [ -0.000155, -0.000434, -0.000090, 0.000568, -0.000488, 0.001314, 0.001664, 0.000292, -0.001421, -0.001249 ],
      "X_22" : [ -0.000030, -0.000082, -0.000012, 0.000047, 0.000039, 0.000018, 0.000003, 0.000147, -0.000154, 0.000024 ],
      "X_23" : [ 0.000000, 0.000000, 0.000000, 0.000000, 0.000000, 0.000000, 0.000000, 0.000000, 0.000000, 0.000000 ],
      "X_24" : [ 0.000000, 0.000005, -0.000005, 0.000000, 0.000000, 0.000000, 0.000000, 0.000000, 0.000000, 0.000000 ],
      "X_25" : [ 0.002838, -0.001211, -0.000604, -0.003095, 0.002214, 0.002687, 0.000354, -0.002239, -0.000963, 0.000020 ],
      "X_26" : [ -0.000021, -0.000512, -0.000650, -0.001980, 0.001382, 0.002968, 0.000213, -0.001152, -0.000504, 0.000256 ],
      "X_27" : [ 0.001569, -0.001274, 0.001049, -0.000156, -0.000302, -0.000349, -0.000144, 0.000653, -0.000252, -0.000795 ],
      "X_28" : [ -0.000124, 0.000500, 0.000444, -0.000515, -0.000245, -0.000239, 0.000145, -0.000090, 0.000092, 0.000033 ],
      "X_29" : [ -0.000261, 0.000178, 0.000125, -0.000146, 0.000366, -0.000230, -0.001179, 0.000382, 0.000347, 0.000418 ],
      "X_30" : [ 0.002616, -0.002600, 0.000274, -0.000732, 0.001832, -0.000605, -0.000795, 0.001531, -0.003152, 0.001630 ],
      "X_31" : [ 0.000000, 0.000000, 0.000000, 0.000000, 0.000000, 0.000000, 0.000000, 0.000000, 0.000000, 0.000000 ],
      "X_32" : [ 0.000000, 0.000000, 0.000000, 0.000000, 0.000000, 0.000000, 0.000000, 0.000000, 0.000000, 0.000000 ],
      "X_33" : [ 0.010913, -0.002706, -0.003255, -0.005368, 0.010135, 0.001516, 0.004710, -0.001913, -0.006033, -0.007999 ],
      "X_34" : [ 0.000447, -0.000010, -0.001650, -0.000690, 0.000327, -0.000004, 0.002580, -0.000042, -0.000826, -0.000132 ],
      "X_35" : [ 0.003372, -0.000663, 0.000275, -0.000665, -0.000042, -0.000079, -0.001332, 0.000127, -0.000699, -0.000296 ],
      "X_36" : [ 0.005317, 0.000160, -0.001043, -0.001525, 0.000481, -0.000618, -0.001524, -0.000418, -0.000777, -0.000051 ],
      "X_37" : [ 0.000398, -0.001492, -0.002682, 0.000611, 0.000614, -0.000483, 0.000534, 0.003013, -0.001897, 0.001384 ],
      "X_38" : [ 0.000178, -0.000624, -0.000223, -0.000148, 0.000452, -0.000111, 0.000316, 0.000745, -0.000650, 0.000066 ],
      "X_39" : [ 0.000000, 0.000000, 0.000000, 0.000000, 0.000000, 0.000000, 0.000000, 0.000000, 0.000000, 0.000000 ],
      "X_40" : [ 0.000000, 0.000000, 0.000000, 0.000000, 0.000000, 0.000000, 0.000000, 0.000000, 0.000000, 0.000000 ],
      "X_41" : [ 0.002446, -0.000509, -0.000349, -0.000312, 0.000649, -0.001121, 0.000672, -0.000178, -0.000034, -0.001265 ],
      "X_42" : [ 0.001533, 0.000246, -0.001095, 0.000185, 0.000599, -0.002107, 0.002312, -0.000621, -0.000076, -0.000976 ],
      "X_43" : [ -0.000945, 0.002807, 0.003380, -0.004041, 0.001608, -0.001812, 0.000813, 0.000357, 0.001556, -0.003723 ],
      "X_44" : [ -0.000040, -0.000231, -0.000245, 0.000272, 0.001180, -0.000315, 0.000368, 0.000632, -0.001155, -0.000466 ],
      "X_45" : [ 0.000765, -0.000051, -0.000813, -0.000509, 0.000019, 0.000778, 0.000571, -0.000571, -0.000778, 0.000589 ],
      "X_46" : [ 0.001811, -0.002995, -0.004788, 0.004101, -0.000795, -0.000078, 0.004601, -0.001380, -0.003423, 0.002946 ],
      "X_47" : [ 0.000000, 0.000000, 0.000000, 0.000000, 0.000000, 0.000000, 0.000000, 0.000000, 0.000000, 0.000000 ],
      "X_48" : [ 0.000000, 0.000000, 0.000000, 0.000000, 0.000005, 0.000000, 0.000000, 0.000000, -0.000005, 0.000000 ],
      "X_49" : [ -0.000117, 0.000012, -0.000012, -0.000053, 0.000001, -0.000004, 0.000022, 0.000196, -0.000287, 0.000242 ],
      "X_50" : [ 0.000210, 0.000535, -0.000207, -0.000122, 0.001000, -0.000437, -0.000154, 0.000125, -0.000810, -0.000140 ],
      "X_51" : [ 0.000119, -0.001595, 0.000003, -0.000002, 0.000486, 0.000028, 0.000456, 0.000321, 0.000050, 0.000134 ],
      "X_52" : [ -0.000689, -0.001133, -0.000921, -0.000222, -0.000238, 0.000806, 0.000647, -0.000145, 0.000507, 0.001389 ],
      "X_53" : [ -0.000230, -0.000317, -0.000869, -0.000785, 0.000862, 0.000321, -0.000462, 0.001387, -0.000174, 0.000267 ],
      "X_54" : [ 0.000160, 0.000052, -0.000851, 0.000114, 0.001761, 0.000091, 0.000261, -0.000606, -0.001275, 0.000294 ],
      "X_55" : [ 0.000000, -0.000063, -0.000021, 0.000003, 0.000000, 0.000003, 0.000000, 0.000000, 0.000078, 0.000000 ],
      "X_56" : [ 0.000000, 0.000000, 0.000000, 0.000000, 0.000000, 0.000000, 0.000000, 0.000000, 0.000000, 0.000000 ],
      "X_57" : [ 0.001020, 0.000167, -0.000645, -0.000103, -0.000132, -0.000946, 0.000259, 0.000960, -0.000063, -0.000517 ],
      "X_58" : [ 0.000591, 0.007199, -0.010051, -0.010653, 0.018072, -0.014015, 0.013055, -0.002180, -0.000179, -0.001839 ],
      "X_59" : [ -0.000325, -0.000799, -0.000162, -0.000305, 0.001119, -0.001521, 0.001920, 0.000140, -0.000413, 0.000346 ],
      "X_60" : [ 0.000509, 0.003933, 0.001463, -0.000026, -0.000239, 0.000778, 0.000311, -0.007358, 0.000713, -0.000084 ],
      "X_61" : [ -0.000629, 0.000069, -0.001123, -0.001748, -0.000383, 0.002729, -0.001221, 0.002156, 0.000358, -0.000209 ],
      "X_62" : [ 0.000194, -0.003588, -0.003108, 0.001783, 0.000959, 0.002213, -0.000080, 0.000722, 0.000488, 0.000416 ],
      "X_63" : [ 0.000103, -0.000941, -0.002117, 0.000528, 0.000008, 0.001010, 0.000525, 0.000139, 0.000406, 0.000341 ]   
   },