{
	"metadata" : { "model" : "Vapnik_NuSVR_RBF", "version" : "2024-W13", "signature" : "ff4_ff4"},
	"options" : {"svm_type" : "nu_svr", "kernel" : "rbf", "degree" : 3, "gamma" : 0.000001, "coef0" : 0.000000, "cache_size" : 300, "tol" : 0.001000, "nu" : 0.100000, "epsilon" : 0.000000, "shrinking" : 0, "probability" : 0, "C" : 1.000000, "max_iter" : 128, "random_state" : 1789 },
	"dataset" : { "dataset_rows" : 16, "dataset_features" : 4 },
	"svm_model" : {
	"classes" : 2,
	"L" : 5,
	"SupportVectors" : {
		"SV_0" : [ 45.437614, 168.841202, 0.343817, 3.279963 ],
		"SV_1" : [ 52.067585, 534.256165, 0.155164, 8.526538 ],
		"SV_2" : [ 22.605108, 1660.837036, 0.731124, 9.374556 ],
		"SV_3" : [ 13.280704, 643.716797, 0.520814, 4.842079 ],
		"SV_4" : [ 38.088467, 1321.297485, 0.052941, 10.429984 ]
	},
	"SupportVectorsCoefs" : {
		"SV_coef_0" : [ -0.207074, -0.393074, 0.158708, 0.641292, -0.199852 ]
	},
	"rho" : [ -1.245169 ],
	"nSV" : [ 5 ],
	"probA" : [ ],
	"probB" : [ ],
	"n_iter" : [ 52 ]
}
}