{
   "Contributions" : {
      "X_0" : [ 0.001568, 0.001031, -0.002598 ],
      "X_1" : [ 0.004248, -0.006493, 0.002245 ],
      "X_2" : [ 0.007519, -0.005184, -0.002335 ],
      "X_3" : [ -0.006442, 0.003688, 0.002754 ]   
   },
   "Most_Contributive_Features_By_Class" : {
      "class_0" : [ 2, 3, 1, 0 ],
      "class_1" : [ 1, 2, 3, 0 ],
      "class_2" : [ 3, 0, 2, 1 ]
   }
}