{
   "Contributions" : {
      "X_0" : [ -0.000404, -0.003722, 0.004126 ],
      "X_1" : [ 0.001038, -0.005302, 0.004264 ],
      "X_2" : [ 0.001611, -0.002635, 0.001024 ],
      "X_3" : [ -0.005821, 0.001111, 0.004710 ]   
   },
   "Most_Contributive_Features_By_Class" : {
      "class_0" : [ 3, 2, 1, 0 ],
      "class_1" : [ 1, 0, 2, 3 ],
      "class_2" : [ 3, 1, 0, 2 ]
   }
}