{
	"metadata" : { "model" : "Tikhonov_Ridge", "version" : "2024-W13", "signature" : "ff4_il8"},
	"options" : { "alpha" : 0.000000, "random_state" : 1789 },
	"dataset" : { "dataset_rows" : 18, "dataset_features" : 4 },
	"classes" : [ 0, 1, 2 ],
	"equations" : {
		"class_0" : {
			"intercept" : -2.674155,
			"coeffs" : [ 0.137207, 0.975062, -0.224788, -0.594189 ]
		},
		"class_1" : {
			"intercept" : 5.289789,
			"coeffs" : [ -0.012821, -1.650562, -0.224487, 0.505509 ]
		},
		"class_2" : {
			"intercept" : -3.615628,
			"coeffs" : [ -0.124389, 0.675502, 0.449278, 0.088676 ]
		}
	}
}