{
	"metadata" : { "model" : "Tikhonov_Ridge", "version" : "2024-W12", "signature" : "ff4_il8"},
	"options" : { "alpha" : 1.000000, "random_state" : 1789 },
	"dataset" : { "dataset_rows" : 18, "dataset_features" : 4 },
	"classes" : [ 0, 1, 2 ],
	"equations" : {
		"class_0" : {
			"intercept" : -1.957747,
			"coeffs" : [ -0.038377, 0.992181, -0.188127, -0.494877 ]
		},
		"class_1" : {
			"intercept" : 4.843588,
			"coeffs" : [ -0.102291, -1.434411, -0.051340, 0.215633 ]
		},
		"class_2" : {
			"intercept" : -3.885842,
			"coeffs" : [ 0.140668, 0.442230, 0.239467, 0.279243 ]
		}
	}
}