{
   "Contributions" : {
      "X_0" : [ 0.000000 ],
      "X_1" : [ 24.508362 ],
      "X_2" : [ -0.755632 ],
      "X_3" : [ -1.381554 ]   
   },
   "Most_Contributive_Features" : {
      "y" : [ 1, 3, 2 ]
   }
}