{
   "Contributions" : {
      "X_0" : [ 0.896978 ],
      "X_1" : [ 2.932185 ],
      "X_2" : [ 0.475320 ],
      "X_3" : [ 0.097589 ],
      "X_4" : [ 0.329764 ],
      "X_5" : [ 0.057363 ],
      "X_6" : [ -0.150715 ],
      "X_7" : [ 0.699971 ],
      "X_8" : [ -0.915101 ],
      "X_9" : [ 0.165898 ]   
   },
   "Most_Contributive_Features" : {
      "y" : [ 1, 8, 0, 7, 2, 4, 9, 6, 3, 5 ]
   }
}