{
   "Contributions" : {
      "X_0" : [ -0.005808 ],
      "X_1" : [ -0.003039 ],
      "X_2" : [ 0.000000 ],
      "X_3" : [ -0.000002 ]   
   },
   "Most_Contributive_Features" : {
      "y" : [ 0, 1, 3, 2 ]
   }
}