{
	"metadata" : { "model" : "Vapnik_NuSVR_RBF", "version" : "2024-W14", "signature" : "ff4_ff4"},
	"options" : {"svm_type" : "nu_svr", "kernel" : "rbf", "degree" : 3, "gamma" : 0.000001, "coef0" : 0.000000, "cache_size" : 300, "tol" : 0.001000, "nu" : 0.100000, "epsilon" : 0.000000, "shrinking" : 0, "probability" : 0, "C" : 1.000000, "max_iter" : 128, "random_state" : 1789 },
	"dataset" : { "dataset_rows" : 64, "dataset_features" : 4 },
	"svm_model" : {
	"classes" : 2,
	"L" : 9,
	"SupportVectors" : {
		"SV_0" : [ 7.606344, 1112.226562, 0.732761, 6.140375 ],
		"SV_1" : [ 75.648438, 442.560303, 0.035123, 1.334146 ],
		"SV_2" : [ 2.070305, 957.545105, 0.737876, 2.535709 ],
		"SV_3" : [ 85.409492, 865.747681, 0.002107, 1.657108 ],
		"SV_4" : [ 7.737632, 682.638123, 0.943330, 1.569080 ],
		"SV_5" : [ 97.541664, 130.009232, 0.366127, 5.345118 ],
		"SV_6" : [ 13.316919, 1592.958618, 0.993566, 7.946761 ],
		"SV_7" : [ 85.125381, 1049.026855, 0.039136, 3.186899 ],
		"SV_8" : [ 7.321981, 487.752838, 0.993317, 5.340956 ]
	},
	"SupportVectorsCoefs" : {
		"SV_coef_0" : [ 0.588360, -1.000000, 0.701633, -1.000000, 0.805240, -0.199998, 0.104765, -1.000000, 1.000000 ]
	},
	"rho" : [ -1.015656 ],
	"nSV" : [ 9 ],
	"probA" : [ ],
	"probB" : [ ],
	"n_iter" : [ 56 ]
}
}