{
   "Contributions" : {
      "X_0" : [ 0.084405 ],
      "X_1" : [ -0.238351 ],
      "X_2" : [ 0.051516 ],
      "X_3" : [ -0.146397 ],
      "X_4" : [ -0.175061 ],
      "X_5" : [ 0.000000 ],
      "X_6" : [ 0.000000 ],
      "X_7" : [ 0.017942 ],
      "X_8" : [ -0.020415 ],
      "X_9" : [ 0.017186 ]   
   },
   "Most_Contributive_Features" : {
      "y" : [ 1, 4, 3, 0, 2, 8, 7, 9 ]
   }
}