{
   "Contributions" : {
      "X_0" : [ 0.253037 ],
      "X_1" : [ 0.654820 ],
      "X_2" : [ 0.118354 ],
      "X_3" : [ -0.046847 ],
      "X_4" : [ 0.065276 ],
      "X_5" : [ 0.034497 ],
      "X_6" : [ -0.018239 ],
      "X_7" : [ 0.183266 ],
      "X_8" : [ -0.257928 ],
      "X_9" : [ 0.048908 ]   
   },
   "Most_Contributive_Features" : {
      "y" : [ 1, 8, 0, 7, 2, 4, 9, 3, 5, 6 ]
   }
}