{
   "Contributions" : {
      "X_0" : [ 0.458967 ],
      "X_1" : [ 1.422736 ],
      "X_2" : [ 0.229582 ],
      "X_3" : [ -0.039371 ],
      "X_4" : [ 0.160596 ],
      "X_5" : [ 0.033977 ],
      "X_6" : [ -0.062888 ],
      "X_7" : [ 0.416012 ],
      "X_8" : [ -0.357204 ],
      "X_9" : [ 0.067036 ]   
   },
   "Most_Contributive_Features" : {
      "y" : [ 1, 0, 7, 8, 2, 4, 9, 6, 3, 5 ]
   }
}