{
	"metadata" : { "model" : "Vapnik_NuSVR_RBF", "version" : "2024-W14", "signature" : "ff4_ff4"},
	"options" : {"svm_type" : "nu_svr", "kernel" : "rbf", "degree" : 3, "gamma" : 0.012721, "coef0" : 0.000000, "cache_size" : 300, "tol" : 0.001000, "nu" : 0.100000, "epsilon" : 0.000000, "shrinking" : 0, "probability" : 0, "C" : 1.000000, "max_iter" : 128, "random_state" : 1789 },
	"dataset" : { "dataset_rows" : 1024, "dataset_features" : 10 },
	"svm_model" : {
	"classes" : 2,
	"L" : 104,
	"SupportVectors" : {
		"SV_000" : [ 3.000000, 8.000000, 0.000000, 8.000000, 1.000000, 2.000000, 1.000000, 1.000000, 5.000000, 6.000000 ],
		"SV_001" : [ 9.000000, 8.000000, 3.000000, 2.000000, 7.000000, 7.000000, 8.000000, 6.000000, 9.000000, 8.000000 ],
		"SV_002" : [ 9.000000, 5.000000, 5.000000, 9.000000, 8.000000, 4.000000, 7.000000, 5.000000, 8.000000, 4.000000 ],
		"SV_003" : [ 0.000000, 3.000000, 4.000000, 0.000000, 7.000000, 0.000000, 0.000000, 7.000000, 4.000000, 5.000000 ],
		"SV_004" : [ 7.000000, 3.000000, 9.000000, 3.000000, 4.000000, 1.000000, 8.000000, 4.000000, 9.000000, 1.000000 ],
		"SV_005" : [ 4.000000, 9.000000, 9.000000, 4.000000, 6.000000, 8.000000, 6.000000, 8.000000, 9.000000, 7.000000 ],
		"SV_006" : [ 8.000000, 6.000000, 9.000000, 6.000000, 7.000000, 8.000000, 1.000000, 4.000000, 9.000000, 8.000000 ],
		"SV_007" : [ 1.000000, 0.000000, 1.000000, 1.000000, 8.000000, 2.000000, 4.000000, 2.000000, 7.000000, 6.000000 ],
		"SV_008" : [ 9.000000, 7.000000, 8.000000, 4.000000, 6.000000, 2.000000, 7.000000, 7.000000, 1.000000, 9.000000 ],
		"SV_009" : [ 1.000000, 2.000000, 4.000000, 2.000000, 1.000000, 2.000000, 1.000000, 1.000000, 7.000000, 5.000000 ],
		"SV_010" : [ 1.000000, 0.000000, 7.000000, 2.000000, 1.000000, 7.000000, 3.000000, 7.000000, 1.000000, 0.000000 ],
		"SV_011" : [ 6.000000, 6.000000, 9.000000, 8.000000, 8.000000, 7.000000, 7.000000, 2.000000, 7.000000, 0.000000 ],
		"SV_012" : [ 0.000000, 6.000000, 5.000000, 2.000000, 4.000000, 7.000000, 1.000000, 2.000000, 1.000000, 1.000000 ],
		"SV_013" : [ 4.000000, 0.000000, 1.000000, 2.000000, 3.000000, 1.000000, 0.000000, 1.000000, 8.000000, 9.000000 ],
		"SV_014" : [ 0.000000, 0.000000, 1.000000, 6.000000, 1.000000, 8.000000, 1.000000, 7.000000, 8.000000, 6.000000 ],
		"SV_015" : [ 9.000000, 8.000000, 2.000000, 4.000000, 3.000000, 9.000000, 9.000000, 8.000000, 1.000000, 3.000000 ],
		"SV_016" : [ 1.000000, 1.000000, 0.000000, 9.000000, 8.000000, 6.000000, 0.000000, 0.000000, 8.000000, 6.000000 ],
		"SV_017" : [ 9.000000, 6.000000, 3.000000, 8.000000, 3.000000, 7.000000, 8.000000, 8.000000, 5.000000, 7.000000 ],
		"SV_018" : [ 6.000000, 9.000000, 9.000000, 9.000000, 8.000000, 1.000000, 9.000000, 0.000000, 5.000000, 0.000000 ],
		"SV_019" : [ 0.000000, 1.000000, 2.000000, 4.000000, 1.000000, 1.000000, 1.000000, 1.000000, 2.000000, 5.000000 ],
		"SV_020" : [ 8.000000, 7.000000, 7.000000, 4.000000, 9.000000, 2.000000, 9.000000, 2.000000, 9.000000, 8.000000 ],
		"SV_021" : [ 1.000000, 1.000000, 0.000000, 6.000000, 5.000000, 3.000000, 5.000000, 9.000000, 1.000000, 6.000000 ],
		"SV_022" : [ 9.000000, 7.000000, 3.000000, 6.000000, 9.000000, 3.000000, 5.000000, 8.000000, 8.000000, 7.000000 ],
		"SV_023" : [ 8.000000, 8.000000, 7.000000, 4.000000, 5.000000, 2.000000, 9.000000, 7.000000, 9.000000, 5.000000 ],
		"SV_024" : [ 1.000000, 3.000000, 1.000000, 1.000000, 6.000000, 6.000000, 1.000000, 1.000000, 4.000000, 4.000000 ],
		"SV_025" : [ 9.000000, 4.000000, 6.000000, 8.000000, 10.000000, 7.000000, 9.000000, 7.000000, 8.000000, 5.000000 ],
		"SV_026" : [ 4.000000, 1.000000, 0.000000, 2.000000, 4.000000, 4.000000, 1.000000, 1.000000, 7.000000, 6.000000 ],
		"SV_027" : [ 4.000000, 5.000000, 2.000000, 2.000000, 2.000000, 5.000000, 0.000000, 2.000000, 4.000000, 0.000000 ],
		"SV_028" : [ 9.000000, 5.000000, 3.000000, 8.000000, 1.000000, 3.000000, 8.000000, 9.000000, 8.000000, 5.000000 ],
		"SV_029" : [ 9.000000, 4.000000, 8.000000, 4.000000, 1.000000, 9.000000, 7.000000, 7.000000, 7.000000, 7.000000 ],
		"SV_030" : [ 2.000000, 0.000000, 6.000000, 4.000000, 8.000000, 0.000000, 1.000000, 6.000000, 3.000000, 1.000000 ],
		"SV_031" : [ 2.000000, 4.000000, 9.000000, 7.000000, 6.000000, 4.000000, 9.000000, 9.000000, 5.000000, 8.000000 ],
		"SV_032" : [ 9.000000, 7.000000, 3.000000, 6.000000, 6.000000, 8.000000, 8.000000, 6.000000, 9.000000, 6.000000 ],
		"SV_033" : [ 0.000000, 3.000000, 0.000000, 5.000000, 7.000000, 8.000000, 8.000000, 6.000000, 1.000000, 7.000000 ],
		"SV_034" : [ 9.000000, 4.000000, 9.000000, 7.000000, 7.000000, 6.000000, 6.000000, 3.000000, 6.000000, 7.000000 ],
		"SV_035" : [ 8.000000, 0.000000, 0.000000, 4.000000, 9.000000, 1.000000, 0.000000, 2.000000, 8.000000, 8.000000 ],
		"SV_036" : [ 1.000000, 4.000000, 0.000000, 0.000000, 3.000000, 2.000000, 6.000000, 0.000000, 5.000000, 1.000000 ],
		"SV_037" : [ 1.000000, 2.000000, 4.000000, 8.000000, 1.000000, 5.000000, 1.000000, 1.000000, 1.000000, 2.000000 ],
		"SV_038" : [ 1.000000, 0.000000, 5.000000, 6.000000, 0.000000, 7.000000, 1.000000, 0.000000, 5.000000, 7.000000 ],
		"SV_039" : [ 9.000000, 2.000000, 5.000000, 7.000000, 0.000000, 1.000000, 9.000000, 4.000000, 9.000000, 1.000000 ],
		"SV_040" : [ 7.000000, 7.000000, 9.000000, 2.000000, 9.000000, 1.000000, 9.000000, 8.000000, 7.000000, 8.000000 ],
		"SV_041" : [ 2.000000, 3.000000, 1.000000, 5.000000, 6.000000, 0.000000, 1.000000, 8.000000, 0.000000, 3.000000 ],
		"SV_042" : [ 7.000000, 4.000000, 10.000000, 7.000000, 6.000000, 6.000000, 4.000000, 3.000000, 2.000000, 9.000000 ],
		"SV_043" : [ 9.000000, 8.000000, 9.000000, 5.000000, 9.000000, 3.000000, 6.000000, 4.000000, 1.000000, 1.000000 ],
		"SV_044" : [ 8.000000, 5.000000, 9.000000, 9.000000, 8.000000, 1.000000, 9.000000, 7.000000, 3.000000, 4.000000 ],
		"SV_045" : [ 4.000000, 6.000000, 8.000000, 8.000000, 1.000000, 6.000000, 10.000000, 5.000000, 0.000000, 1.000000 ],
		"SV_046" : [ 3.000000, 8.000000, 9.000000, 9.000000, 7.000000, 4.000000, 9.000000, 8.000000, 9.000000, 7.000000 ],
		"SV_047" : [ 1.000000, 1.000000, 1.000000, 2.000000, 8.000000, 4.000000, 0.000000, 1.000000, 2.000000, 9.000000 ],
		"SV_048" : [ 7.000000, 9.000000, 8.000000, 4.000000, 2.000000, 3.000000, 6.000000, 5.000000, 9.000000, 5.000000 ],
		"SV_049" : [ 0.000000, 7.000000, 1.000000, 6.000000, 6.000000, 2.000000, 0.000000, 3.000000, 4.000000, 7.000000 ],
		"SV_050" : [ 1.000000, 2.000000, 6.000000, 8.000000, 7.000000, 1.000000, 0.000000, 0.000000, 4.000000, 2.000000 ],
		"SV_051" : [ 3.000000, 5.000000, 0.000000, 8.000000, 8.000000, 3.000000, 0.000000, 3.000000, 1.000000, 9.000000 ],
		"SV_052" : [ 6.000000, 9.000000, 9.000000, 8.000000, 5.000000, 6.000000, 7.000000, 2.000000, 4.000000, 1.000000 ],
		"SV_053" : [ 4.000000, 6.000000, 2.000000, 8.000000, 2.000000, 2.000000, 0.000000, 0.000000, 4.000000, 1.000000 ],
		"SV_054" : [ 9.000000, 6.000000, 9.000000, 3.000000, 7.000000, 9.000000, 7.000000, 8.000000, 6.000000, 1.000000 ],
		"SV_055" : [ 1.000000, 4.000000, 0.000000, 3.000000, 0.000000, 1.000000, 7.000000, 6.000000, 0.000000, 0.000000 ],
		"SV_056" : [ 8.000000, 8.000000, 6.000000, 0.000000, 1.000000, 4.000000, 8.000000, 4.000000, 8.000000, 8.000000 ],
		"SV_057" : [ 9.000000, 2.000000, 6.000000, 6.000000, 2.000000, 9.000000, 6.000000, 9.000000, 8.000000, 5.000000 ],
		"SV_058" : [ 0.000000, 0.000000, 8.000000, 6.000000, 6.000000, 8.000000, 1.000000, 1.000000, 3.000000, 3.000000 ],
		"SV_059" : [ 9.000000, 1.000000, 7.000000, 0.000000, 8.000000, 6.000000, 3.000000, 8.000000, 8.000000, 5.000000 ],
		"SV_060" : [ 9.000000, 4.000000, 8.000000, 8.000000, 7.000000, 4.000000, 6.000000, 3.000000, 7.000000, 5.000000 ],
		"SV_061" : [ 2.000000, 6.000000, 0.000000, 5.000000, 8.000000, 7.000000, 1.000000, 5.000000, 5.000000, 4.000000 ],
		"SV_062" : [ 6.000000, 8.000000, 9.000000, 7.000000, 8.000000, 9.000000, 7.000000, 1.000000, 8.000000, 6.000000 ],