{
   "Contributions" : {
      "X_0" : [ -0.005859, 0.005859 ],
      "X_1" : [ 0.000000, 0.000000 ],
      "X_2" : [ -0.015625, 0.015625 ],
      "X_3" : [ -0.007812, 0.007812 ],
      "X_4" : [ 0.000000, 0.000000 ],
      "X_5" : [ -0.002686, 0.002686 ],
      "X_6" : [ -0.011719, 0.011719 ],
      "X_7" : [ -0.003906, 0.003906 ],
      "X_8" : [ 0.000000, 0.000000 ],
      "X_9" : [ 0.000000, 0.000000 ],
      "X_10" : [ 0.000000, 0.000000 ],
      "X_11" : [ 0.000000, 0.000000 ],
      "X_12" : [ 0.000000, 0.000000 ],
      "X_13" : [ 0.000000, 0.000000 ],
      "X_14" : [ 0.000000, 0.000000 ],
      "X_15" : [ 0.000000, 0.000000 ],
      "X_16" : [ -0.003906, 0.003906 ],
      "X_17" : [ -0.003906, 0.003906 ],
      "X_18" : [ 0.000000, 0.000000 ],
      "X_19" : [ 0.000000, 0.000000 ],
      "X_20" : [ -0.019531, 0.019531 ],
      "X_21" : [ 0.000000, 0.000000 ],
      "X_22" : [ -0.007812, 0.007812 ],
      "X_23" : [ -0.001953, 0.001953 ],
      "X_24" : [ 0.000000, 0.000000 ],
      "X_25" : [ -0.007812, 0.007812 ],
      "X_26" : [ -0.003906, 0.003906 ],
      "X_27" : [ -0.015625, 0.015625 ],
      "X_28" : [ 0.000000, 0.000000 ],
      "X_29" : [ -0.003540, 0.003540 ]   
   },
   "Most_Contributive_Features_By_Class" : {
      "class_0" : [ 20, 2, 27, 6, 3, 22, 25, 0, 7, 16 ],
      "class_1" : [ 20, 2, 27, 6, 3, 22, 25, 0, 7, 16 ]
   }
}