{
   "Contributions" : {
      "X_0" : [ 0.000001 ],
      "X_1" : [ 0.000009 ],
      "X_2" : [ 0.000106 ],
      "X_3" : [ -0.390518 ],
      "X_4" : [ 0.027600 ],
      "X_5" : [ 0.289887 ],
      "X_6" : [ 0.017449 ],
      "X_7" : [ -0.000011 ],
      "X_8" : [ 0.000000 ]   
   },
   "Most_Contributive_Features" : {
      "y" : [ 3, 5, 4, 6, 2, 7, 1, 0 ]
   }
}