{
   "Contributions" : {
      "X_0" : [ 0.122006 ],
      "X_1" : [ -0.133591 ],
      "X_2" : [ 0.015846 ],
      "X_3" : [ -0.126319 ],
      "X_4" : [ -0.006419 ],
      "X_5" : [ 0.031439 ],
      "X_6" : [ 0.042634 ],
      "X_7" : [ 0.286302 ],
      "X_8" : [ 0.531656 ],
      "X_9" : [ 0.308735 ]   
   },
   "Most_Contributive_Features" : {
      "y" : [ 8, 9, 7, 1, 3, 0, 6, 5, 2, 4 ]
   }
}