{
   "Contributions" : {
      "X_0" : [ -0.189408 ],
      "X_1" : [ 0.000000 ],
      "X_2" : [ 0.000000 ],
      "X_3" : [ 0.000000 ],
      "X_4" : [ 0.000000 ],
      "X_5" : [ 0.010352 ],
      "X_6" : [ -0.028327 ],
      "X_7" : [ 0.000000 ],
      "X_8" : [ 0.000000 ],
      "X_9" : [ 0.000000 ],
      "X_10" : [ 0.000000 ],
      "X_11" : [ 0.000000 ],
      "X_12" : [ -0.149742 ],
      "X_13" : [ 0.000000 ],
      "X_14" : [ 0.000000 ],
      "X_15" : [ 0.000000 ],
      "X_16" : [ 0.000000 ],
      "X_17" : [ 0.000000 ],
      "X_18" : [ 0.000000 ],
      "X_19" : [ -0.078245 ],
      "X_20" : [ 0.000000 ],
      "X_21" : [ -0.171466 ],
      "X_22" : [ 0.391367 ],
      "X_23" : [ 0.000000 ],
      "X_24" : [ 0.000000 ],
      "X_25" : [ 0.000000 ],
      "X_26" : [ 0.000000 ],
      "X_27" : [ 0.000000 ],
      "X_28" : [ 0.000000 ],
      "X_29" : [ 0.000000 ],
      "X_30" : [ -26.056290 ],
      "X_31" : [ 0.000000 ],
      "X_32" : [ 0.628368 ],
      "X_33" : [ 0.000000 ],
      "X_34" : [ -0.237874 ],
      "X_35" : [ 0.397087 ],
      "X_36" : [ 2.781786 ],
      "X_37" : [ 0.000000 ],
      "X_38" : [ 0.000000 ],
      "X_39" : [ 0.000000 ],
      "X_40" : [ 0.136848 ],
      "X_41" : [ 0.440228 ],
      "X_42" : [ -0.004267 ],
      "X_43" : [ 0.000000 ],
      "X_44" : [ -0.306006 ],
      "X_45" : [ 0.000000 ],
      "X_46" : [ -22.299896 ],
      "X_47" : [ 0.000000 ],
      "X_48" : [ 0.000000 ],
      "X_49" : [ -0.036079 ],
      "X_50" : [ 0.000000 ],
      "X_51" : [ 0.000000 ],
      "X_52" : [ 0.000000 ],
      "X_53" : [ 0.000000 ],
      "X_54" : [ 0.000000 ],
      "X_55" : [ 0.000000 ],
      "X_56" : [ -0.139866 ],
      "X_57" : [ -0.143422 ],
      "X_58" : [ 0.001874 ],
      "X_59" : [ -2.361782 ],
      "X_60" : [ 0.000000 ],
      "X_61" : [ 0.000000 ],
      "X_62" : [ 0.000000 ],
      "X_63" : [ 0.077999 ],
      "X_64" : [ -0.070771 ],
      "X_65" : [ -0.522709 ],
      "X_66" : [ 0.000000 ],
      "X_67" : [ 0.000000 ],
      "X_68" : [ -0.072799 ],
      "X_69" : [ 0.000000 ],
      "X_70" : [ 0.000000 ],
      "X_71" : [ 0.000000 ],
      "X_72" : [ -0.019276 ],
      "X_73" : [ 0.000000 ],
      "X_74" : [ 0.000000 ],
      "X_75" : [ 0.000000 ],
      "X_76" : [ 0.000000 ],
      "X_77" : [ 1.767525 ],
      "X_78" : [ 0.000000 ],
      "X_79" : [ 0.000000 ],
      "X_80" : [ 0.000000 ],
      "X_81" : [ -0.177957 ],
      "X_82" : [ 0.071328 ],
      "X_83" : [ 0.000000 ],
      "X_84" : [ 0.466622 ],
      "X_85" : [ 0.000000 ],
      "X_86" : [ 0.397719 ],
      "X_87" : [ 0.000000 ],
      "X_88" : [ 0.000000 ],
      "X_89" : [ 0.020151 ],
      "X_90" : [ -0.451255 ],
      "X_91" : [ 0.350039 ],
      "X_92" : [ -0.138410 ],
      "X_93" : [ 0.000000 ],
      "X_94" : [ 0.000000 ],
      "X_95" : [ 0.381783 ],
      "X_96" : [ 0.000000 ],
      "X_97" : [ 0.000000 ],
      "X_98" : [ 0.000000 ],
      "X_99" : [ 0.000000 ]   
   },
   "Most_Contributive_Features" : {
      "y" : [ 30, 46, 36, 59, 77, 32, 65, 84, 90, 41 ]
   }
}