{
	"metadata" : { "model" : "Breiman_CART", "version" : "2024-W14", "signature" : "ff4_ff4"},
	"options" : { "ccp_alpha" : 0.000000, "criterion" : "", "max_depth" : 6, "max_features" : null, "max_leaf_nodes" : 32, "min_impurity_decrease" : 0.000000, "min_samples_leaf" : 1, "min_samples_split" : 2, "min_weight_fraction_leaf" : 0.000000, "random_state" : 1789, "splitter" : "best" },
	"dataset" : { "dataset_rows" : 1024, "dataset_features" : 100 },
	"tree" : {
	"features" : 100,
	"outputs" : 1,
	"max_depth" : 5,
	"node_count" : 63,
	"nodes" : {
		"node_00" : {"left" : 1, "right" : 2, "feature" : 46, "threshold" : 4.500000, "impurity" : 23999.398438, "n_samples" : 1024, "w_samples" : 1024.000000, "value" : [2.598278]},
		"node_01" : {"left" : 3, "right" : 4, "feature" : 30, "threshold" : 2.500000, "impurity" : 20888.490234, "n_samples" : 509, "w_samples" : 509.000000, "value" : [-65.110886]},
		"node_02" : {"left" : 7, "right" : 8, "feature" : 30, "threshold" : 6.500000, "impurity" : 18064.589844, "n_samples" : 515, "w_samples" : 515.000000, "value" : [69.518570]},
		"node_03" : {"left" : 17, "right" : 18, "feature" : 77, "threshold" : 6.500000, "impurity" : 15081.216797, "n_samples" : 154, "w_samples" : 154.000000, "value" : [-160.254257]},
		"node_04" : {"left" : 5, "right" : 6, "feature" : 77, "threshold" : 3.500000, "impurity" : 17777.326172, "n_samples" : 355, "w_samples" : 355.000000, "value" : [-23.837357]},
		"node_05" : {"left" : 33, "right" : 34, "feature" : 46, "threshold" : 0.500000, "impurity" : 12304.672852, "n_samples" : 147, "w_samples" : 147.000000, "value" : [-94.686432]},
		"node_06" : {"left" : 43, "right" : 44, "feature" : 59, "threshold" : 4.500000, "impurity" : 15590.404297, "n_samples" : 208, "w_samples" : 208.000000, "value" : [26.233877]},
		"node_07" : {"left" : null, "right" : null, "feature" : null, "threshold" : null, "impurity" : 14319.877930, "n_samples" : 357, "w_samples" : 357.000000, "value" : [32.853886]},
		"node_08" : {"left" : 9, "right" : 10, "feature" : 77, "threshold" : 6.500000, "impurity" : 16625.212891, "n_samples" : 158, "w_samples" : 158.000000, "value" : [152.362213]},
		"node_09" : {"left" : 27, "right" : 28, "feature" : 36, "threshold" : 8.500000, "impurity" : 12464.878906, "n_samples" : 103, "w_samples" : 103.000000, "value" : [105.460457]},
		"node_10" : {"left" : 11, "right" : 12, "feature" : 32, "threshold" : 5.500000, "impurity" : 12581.964844, "n_samples" : 55, "w_samples" : 55.000000, "value" : [240.196365]},
		"node_11" : {"left" : 13, "right" : 14, "feature" : 0, "threshold" : 8.500000, "impurity" : 10279.390625, "n_samples" : 32, "w_samples" : 32.000000, "value" : [191.151672]},
		"node_12" : {"left" : 15, "right" : 16, "feature" : 34, "threshold" : 1.500000, "impurity" : 7782.804688, "n_samples" : 23, "w_samples" : 23.000000, "value" : [308.432434]},
		"node_13" : {"left" : 31, "right" : 32, "feature" : 22, "threshold" : 3.500000, "impurity" : 6392.925781, "n_samples" : 30, "w_samples" : 30.000000, "value" : [208.023361]},
		"node_14" : {"left" : null, "right" : null, "feature" : null, "threshold" : null, "impurity" : 259.344727, "n_samples" : 2, "w_samples" : 2.000000, "value" : [-61.923779]},
		"node_15" : {"left" : null, "right" : null, "feature" : null, "threshold" : null, "impurity" : 53.683594, "n_samples" : 4, "w_samples" : 4.000000, "value" : [190.771225]},
		"node_16" : {"left" : 41, "right" : 42, "feature" : 59, "threshold" : 5.500000, "impurity" : 5881.851562, "n_samples" : 19, "w_samples" : 19.000000, "value" : [333.203247]},
		"node_17" : {"left" : 23, "right" : 24, "feature" : 36, "threshold" : 4.500000, "impurity" : 12191.410156, "n_samples" : 119, "w_samples" : 119.000000, "value" : [-189.235077]},
		"node_18" : {"left" : 19, "right" : 20, "feature" : 95, "threshold" : 2.500000, "impurity" : 12341.820312, "n_samples" : 35, "w_samples" : 35.000000, "value" : [-61.719509]},
		"node_19" : {"left" : 21, "right" : 22, "feature" : 46, "threshold" : 1.500000, "impurity" : 4920.468750, "n_samples" : 11, "w_samples" : 11.000000, "value" : [-182.304352]},
		"node_20" : {"left" : 25, "right" : 26, "feature" : 81, "threshold" : 0.500000, "impurity" : 6024.234375, "n_samples" : 24, "w_samples" : 24.000000, "value" : [-6.451446]},
		"node_21" : {"left" : null, "right" : null, "feature" : null, "threshold" : null, "impurity" : 1604.781250, "n_samples" : 4, "w_samples" : 4.000000, "value" : [-263.569397]},
		"node_22" : {"left" : null, "right" : null, "feature" : null, "threshold" : null, "impurity" : 885.009766, "n_samples" : 7, "w_samples" : 7.000000, "value" : [-135.867172]},
		"node_23" : {"left" : 53, "right" : 54, "feature" : 59, "threshold" : 6.500000, "impurity" : 9121.042969, "n_samples" : 62, "w_samples" : 62.000000, "value" : [-243.242798]},
		"node_24" : {"left" : 61, "right" : 62, "feature" : 77, "threshold" : 1.500000, "impurity" : 8907.394531, "n_samples" : 57, "w_samples" : 57.000000, "value" : [-130.489853]},
		"node_25" : {"left" : null, "right" : null, "feature" : null, "threshold" : null, "impurity" : 0.000000, "n_samples" : 1, "w_samples" : 1.000000, "value" : [-252.278091]},
		"node_26" : {"left" : null, "right" : null, "feature" : null, "threshold" : null, "impurity" : 3544.496094, "n_samples" : 23, "w_samples" : 23.000000, "value" : [4.236669]},
		"node_27" : {"left" : null, "right" : null, "feature" : null, "threshold" : null, "impurity" : 10237.701172, "n_samples" : 91, "w_samples" : 91.000000, "value" : [87.012955]},
		"node_28" : {"left" : 29, "right" : 30, "feature" : 44, "threshold" : 0.500000, "impurity" : 7203.394531, "n_samples" : 12, "w_samples" : 12.000000, "value" : [245.353683]},
		"node_29" : {"left" : null, "right" : null, "feature" : null, "threshold" : null, "impurity" : 653.718750, "n_samples" : 2, "w_samples" : 2.000000, "value" : [412.473938]},
		"node_30" : {"left" : null, "right" : null, "feature" : null, "threshold" : null, "impurity" : 1810.503906, "n_samples" : 10, "w_samples" : 10.000000, "value" : [211.929596]},
		"node_31" : {"left" : null, "right" : null, "feature" : null, "threshold" : null, "impurity" : 2273.037109, "n_samples" : 11, "w_samples" : 11.000000, "value" : [141.512680]},
		"node_32" : {"left" : null, "right" : null, "feature" : null, "threshold" : null, "impurity" : 4734.324219, "n_samples" : 19, "w_samples" : 19.000000, "value" : [246.529602]},
		"node_33" : {"left" : 35, "right" : 36, "feature" : 90, "threshold" : 0.500000, "impurity" : 15010.464844, "n_samples" : 21, "w_samples" : 21.000000, "value" : [-215.505142]},
		"node_34" : {"left" : null, "right" : null, "feature" : null, "threshold" : null, "impurity" : 9015.371094, "n_samples" : 126, "w_samples" : 126.000000, "value" : [-74.549995]},
		"node_35" : {"left" : 37, "right" : 38, "feature" : 13, "threshold" : 5.000000, "impurity" : 9651.421875, "n_samples" : 4, "w_samples" : 4.000000, "value" : [-378.311768]},
		"node_36" : {"left" : 39, "right" : 40, "feature" : 35, "threshold" : 1.500000, "impurity" : 8567.244141, "n_samples" : 17, "w_samples" : 17.000000, "value" : [-177.197723]},
		"node_37" : {"left" : null, "right" : null, "feature" : null, "threshold" : null, "impurity" : 3196.343750, "n_samples" : 2, "w_samples" : 2.000000, "value" : [-288.625000]},
		"node_38" : {"left" : null, "right" : null, "feature" : null, "threshold" : null, "impurity" : 19.078125, "n_samples" : 2, "w_samples" : 2.000000, "value" : [-467.998505]},
		"node_39" : {"left" : null, "right" : null, "feature" : null, "threshold" : null, "impurity" : 2765.176758, "n_samples" : 5, "w_samples" : 5.000000, "value" : [-81.502541]},
		"node_40" : {"left" : null, "right" : null, "feature" : null, "threshold" : null, "impurity" : 5579.250000, "n_samples" : 12, "w_samples" : 12.000000, "value" : [-217.070694]},
		"node_41" : {"left" : null, "right" : null, "feature" : null, "threshold" : null, "impurity" : 2349.906250, "n_samples" : 9, "w_samples" : 9.000000, "value" : [281.266876]},