{
   "Contributions" : {
      "X_0" : [ 0.105158 ],
      "X_1" : [ -0.165627 ],
      "X_2" : [ -0.132370 ],
      "X_3" : [ -0.013514 ],
      "X_4" : [ -0.580754 ],
      "X_5" : [ 0.002972 ],
      "X_6" : [ 0.045268 ],
      "X_7" : [ -0.167360 ],
      "X_8" : [ 0.114307 ],
      "X_9" : [ 0.002617 ],
      "X_10" : [ -0.054544 ],
      "X_11" : [ 0.233978 ],
      "X_12" : [ -0.089562 ],
      "X_13" : [ -0.131782 ],
      "X_14" : [ -0.007029 ],
      "X_15" : [ -0.003428 ],
      "X_16" : [ -0.053997 ],
      "X_17" : [ -0.054717 ],
      "X_18" : [ 0.399677 ],
      "X_19" : [ 0.062990 ],
      "X_20" : [ -0.154139 ],
      "X_21" : [ 0.118296 ],
      "X_22" : [ 0.055339 ],
      "X_23" : [ 0.007788 ],
      "X_24" : [ -0.088014 ],
      "X_25" : [ -0.018222 ],
      "X_26" : [ -0.347479 ],
      "X_27" : [ 0.007866 ],
      "X_28" : [ 0.288078 ],
      "X_29" : [ 0.211123 ],
      "X_30" : [ -25.155645 ],
      "X_31" : [ 0.398969 ],
      "X_32" : [ -0.443958 ],
      "X_33" : [ -0.032618 ],
      "X_34" : [ -0.641719 ],
      "X_35" : [ 0.027272 ],
      "X_36" : [ 4.298717 ],
      "X_37" : [ -0.338811 ],
      "X_38" : [ -0.042923 ],
      "X_39" : [ -0.069973 ],
      "X_40" : [ 0.159881 ],
      "X_41" : [ -0.003436 ],
      "X_42" : [ 0.079171 ],
      "X_43" : [ 0.316830 ],
      "X_44" : [ 0.017158 ],
      "X_45" : [ -0.096143 ],
      "X_46" : [ -6.514383 ],
      "X_47" : [ 0.000414 ],
      "X_48" : [ 0.006719 ],
      "X_49" : [ -0.040213 ],
      "X_50" : [ -0.093459 ],
      "X_51" : [ -0.050500 ],
      "X_52" : [ -0.070300 ],
      "X_53" : [ 0.119338 ],
      "X_54" : [ 0.150771 ],
      "X_55" : [ 0.073854 ],
      "X_56" : [ 0.468411 ],
      "X_57" : [ -0.051405 ],
      "X_58" : [ -0.024445 ],
      "X_59" : [ -2.911364 ],
      "X_60" : [ 0.006308 ],
      "X_61" : [ 0.098035 ],
      "X_62" : [ 0.203585 ],
      "X_63" : [ 0.357860 ],
      "X_64" : [ 0.034965 ],
      "X_65" : [ -0.040956 ],
      "X_66" : [ -0.055049 ],
      "X_67" : [ -0.006213 ],
      "X_68" : [ -0.011231 ],
      "X_69" : [ -0.099853 ],
      "X_70" : [ 0.008617 ],
      "X_71" : [ -0.154468 ],
      "X_72" : [ 0.408539 ],
      "X_73" : [ 0.080066 ],
      "X_74" : [ 0.022751 ],
      "X_75" : [ 0.076702 ],
      "X_76" : [ -0.030162 ],
      "X_77" : [ 6.641323 ],
      "X_78" : [ 0.057340 ],
      "X_79" : [ -0.038158 ],
      "X_80" : [ 0.175754 ],
      "X_81" : [ 0.225560 ],
      "X_82" : [ -0.081410 ],
      "X_83" : [ 0.091541 ],
      "X_84" : [ -0.205231 ],
      "X_85" : [ -0.014192 ],
      "X_86" : [ -0.125516 ],
      "X_87" : [ 0.029041 ],
      "X_88" : [ -0.187060 ],
      "X_89" : [ -0.884593 ],
      "X_90" : [ -0.432992 ],
      "X_91" : [ 0.027922 ],
      "X_92" : [ -0.090832 ],
      "X_93" : [ 0.287795 ],
      "X_94" : [ -0.258520 ],
      "X_95" : [ 1.922408 ],
      "X_96" : [ 0.340863 ],
      "X_97" : [ 0.117288 ],
      "X_98" : [ 0.037584 ],
      "X_99" : [ -0.459114 ]   
   },
   "Most_Contributive_Features" : {
      "y" : [ 30, 77, 46, 36, 59, 95, 89, 34, 4, 56 ]
   }
}