{
   "Contributions" : {
      "X_0" : [ 0.151064 ],
      "X_1" : [ 0.000000 ],
      "X_2" : [ 0.000000 ],
      "X_3" : [ -0.038863 ],
      "X_4" : [ -0.005912 ],
      "X_5" : [ 0.000000 ],
      "X_6" : [ 0.000000 ],
      "X_7" : [ -0.106977 ],
      "X_8" : [ 0.000000 ],
      "X_9" : [ -0.189907 ],
      "X_10" : [ 0.000000 ],
      "X_11" : [ -0.186644 ],
      "X_12" : [ 0.000000 ],
      "X_13" : [ 0.000000 ],
      "X_14" : [ 0.064802 ],
      "X_15" : [ 0.000000 ],
      "X_16" : [ 0.000000 ],
      "X_17" : [ 0.000000 ],
      "X_18" : [ 0.000000 ],
      "X_19" : [ 0.000000 ],
      "X_20" : [ 0.000000 ],
      "X_21" : [ -0.033711 ],
      "X_22" : [ 0.214472 ],
      "X_23" : [ -0.027271 ],
      "X_24" : [ 0.000000 ],
      "X_25" : [ 0.000000 ],
      "X_26" : [ -0.188384 ],
      "X_27" : [ 0.000000 ],
      "X_28" : [ -0.020080 ],
      "X_29" : [ 0.000000 ],
      "X_30" : [ -18.165260 ],
      "X_31" : [ 0.000000 ],
      "X_32" : [ 0.056803 ],
      "X_33" : [ 0.000000 ],
      "X_34" : [ 0.000000 ],
      "X_35" : [ 0.000000 ],
      "X_36" : [ 2.761959 ],
      "X_37" : [ 0.000000 ],
      "X_38" : [ 0.000000 ],
      "X_39" : [ -0.035345 ],
      "X_40" : [ -0.002682 ],
      "X_41" : [ 0.000000 ],
      "X_42" : [ 0.000000 ],
      "X_43" : [ 0.158656 ],
      "X_44" : [ -0.005146 ],
      "X_45" : [ 0.169524 ],
      "X_46" : [ -9.517780 ],
      "X_47" : [ -0.068920 ],
      "X_48" : [ 0.000000 ],
      "X_49" : [ 0.000000 ],
      "X_50" : [ 0.000000 ],
      "X_51" : [ 0.000000 ],
      "X_52" : [ 0.000000 ],
      "X_53" : [ 0.000000 ],
      "X_54" : [ 0.000000 ],
      "X_55" : [ 0.000000 ],
      "X_56" : [ 0.000000 ],
      "X_57" : [ 0.033741 ],
      "X_58" : [ 0.000000 ],
      "X_59" : [ -1.545311 ],
      "X_60" : [ 0.000000 ],
      "X_61" : [ 0.000000 ],
      "X_62" : [ 0.000000 ],
      "X_63" : [ 0.000000 ],
      "X_64" : [ 0.011736 ],
      "X_65" : [ 0.000000 ],
      "X_66" : [ 0.000000 ],
      "X_67" : [ 0.052440 ],
      "X_68" : [ -0.081579 ],
      "X_69" : [ 0.000000 ],
      "X_70" : [ 0.000000 ],
      "X_71" : [ -0.242584 ],
      "X_72" : [ 0.000000 ],
      "X_73" : [ 0.000000 ],
      "X_74" : [ 0.000000 ],
      "X_75" : [ 0.000000 ],
      "X_76" : [ 0.000000 ],
      "X_77" : [ 2.721725 ],
      "X_78" : [ 0.039730 ],
      "X_79" : [ 0.000000 ],
      "X_80" : [ 0.000000 ],
      "X_81" : [ -0.077450 ],
      "X_82" : [ 0.000000 ],
      "X_83" : [ 0.000000 ],
      "X_84" : [ 0.050177 ],
      "X_85" : [ 0.000000 ],
      "X_86" : [ 0.000000 ],
      "X_87" : [ 0.000000 ],
      "X_88" : [ 0.000000 ],
      "X_89" : [ 0.000000 ],
      "X_90" : [ -0.347287 ],
      "X_91" : [ 0.000000 ],
      "X_92" : [ 0.000000 ],
      "X_93" : [ 0.000000 ],
      "X_94" : [ 0.000000 ],
      "X_95" : [ 0.537140 ],
      "X_96" : [ 0.000000 ],
      "X_97" : [ 0.000000 ],
      "X_98" : [ 0.000000 ],
      "X_99" : [ 0.000000 ]   
   },
   "Most_Contributive_Features" : {
      "y" : [ 30, 46, 36, 77, 59, 95, 90, 71, 22, 9 ]
   }
}