{
   "Contributions" : {
      "X_0" : [ 0.101072 ],
      "X_1" : [ 0.113039 ],
      "X_2" : [ -0.306793 ],
      "X_3" : [ 0.254805 ],
      "X_4" : [ 0.039534 ],
      "X_5" : [ -0.073960 ],
      "X_6" : [ -0.599108 ],
      "X_7" : [ -0.815065 ],
      "X_8" : [ -0.494438 ],
      "X_9" : [ 0.087094 ]   
   },
   "Most_Contributive_Features" : {
      "y" : [ 7, 6, 8, 2, 3, 1, 0, 9, 5, 4 ]
   }
}