{
   "Contributions" : {
      "X_0" : [ 0.019356, 0.000779, -0.014720, -0.005414 ],
      "X_1" : [ 0.009233, -0.009669, -0.003524, 0.003959 ],
      "X_2" : [ 0.000000, 0.000000, 0.000000, 0.000000 ],
      "X_3" : [ 0.024926, -0.018735, -0.013492, 0.007301 ],
      "X_4" : [ 0.000000, -0.005188, 0.001729, 0.003459 ],
      "X_5" : [ 0.000000, 0.000000, 0.000000, 0.000000 ],
      "X_6" : [ 0.002717, -0.002863, -0.000030, 0.000175 ],
      "X_7" : [ -0.030548, 0.022483, 0.002378, 0.005687 ],
      "X_8" : [ -0.006378, -0.025219, 0.036348, -0.004752 ],
      "X_9" : [ 0.000000, 0.000916, 0.000000, -0.000916 ]   
   },
   "Most_Contributive_Features_By_Class" : {
      "class_0" : [ 7, 3, 0, 1, 8, 6 ],
      "class_1" : [ 8, 7, 3, 1, 4, 6, 9, 0 ],
      "class_2" : [ 8, 0, 3, 1, 7, 4, 6 ],
      "class_3" : [ 3, 7, 0, 8, 1, 4, 9, 6 ]
   }
}