{
   "Contributions" : {
      "X_0" : [ 0.025089, -0.009892, -0.007976, -0.007221 ],
      "X_1" : [ 0.019460, -0.026306, -0.016591, 0.023438 ],
      "X_2" : [ -0.001052, 0.001052, 0.000000, 0.000000 ],
      "X_3" : [ 0.019794, -0.018769, -0.027442, 0.026417 ],
      "X_4" : [ -0.005127, -0.003601, 0.007751, 0.000977 ],
      "X_5" : [ 0.013672, 0.002563, -0.008484, -0.007751 ],
      "X_6" : [ 0.000916, -0.000916, 0.004883, -0.004883 ],
      "X_7" : [ -0.041396, 0.009788, 0.019761, 0.011846 ],
      "X_8" : [ -0.005190, -0.022406, 0.034793, -0.007197 ],
      "X_9" : [ 0.002197, 0.002258, -0.004517, 0.000061 ]   
   },
   "Most_Contributive_Features_By_Class" : {
      "class_0" : [ 7, 0, 3, 1, 5, 8, 4, 9, 2, 6 ],
      "class_1" : [ 1, 8, 3, 0, 7, 4, 5, 9, 2, 6 ],
      "class_2" : [ 8, 3, 7, 1, 5, 0, 4, 6, 9 ],
      "class_3" : [ 3, 1, 7, 5, 0, 8, 6, 4, 9 ]
   }
}