{
   "Contributions" : {
      "X_0" : [ -0.589807 ],
      "X_1" : [ 0.654358 ],
      "X_2" : [ 1.208098 ],
      "X_3" : [ -0.116285 ],
      "X_4" : [ 0.109786 ],
      "X_5" : [ -0.252569 ],
      "X_6" : [ 0.941582 ],
      "X_7" : [ -0.614926 ],
      "X_8" : [ 0.052300 ],
      "X_9" : [ -0.084791 ]   
   },
   "Most_Contributive_Features" : {
      "y" : [ 2, 6, 1, 7, 0, 5, 3, 4, 9, 8 ]
   }
}