{
	"metadata" : { "model" : "Vapnik_NuSVR_RBF", "version" : "2024-W13", "signature" : "ff4_ff4"},
	"options" : {"svm_type" : "nu_svr", "kernel" : "rbf", "degree" : 3, "gamma" : 0.094635, "coef0" : 0.000000, "cache_size" : 300, "tol" : 0.001000, "nu" : 0.100000, "epsilon" : 0.000000, "shrinking" : 0, "probability" : 0, "C" : 1.000000, "max_iter" : 128, "random_state" : 1789 },
	"dataset" : { "dataset_rows" : 512, "dataset_features" : 10 },
	"svm_model" : {
	"classes" : 2,
	"L" : 52,
	"SupportVectors" : {
		"SV_00" : [ -0.442130, 1.306160, -1.825507, 1.100284, -1.437801, -0.649406, -1.264657, -1.279199, -0.018147, 0.535711 ],
		"SV_01" : [ 1.733387, 1.179237, -0.514713, -0.636198, 0.807121, 0.692319, 0.984058, 0.511947, 1.594198, 1.066414 ],
		"SV_02" : [ -2.943059, -0.309609, -0.072162, -2.262798, 0.736537, -2.108314, -1.447145, 0.637392, -0.173819, 0.036993 ],
		"SV_03" : [ -0.073077, 2.365016, 2.240391, -0.043197, 0.319032, 1.172624, 0.516884, 0.936275, 1.530299, 0.760551 ],
		"SV_04" : [ 1.155000, 0.368091, 1.783268, 0.256439, 0.705056, 1.181344, -0.862248, -0.122000, 2.028982, 1.282302 ],
		"SV_05" : [ -0.954328, -1.585818, -1.063495, -1.275574, 0.925778, -0.721438, -0.067949, -0.734094, 0.737898, 0.452645 ],
		"SV_06" : [ -1.137054, -3.538038, 0.812275, -0.776307, -0.902616, 0.682718, -0.477214, 0.605484, -1.034789, -2.564028 ],
		"SV_07" : [ 0.518680, 0.380992, 2.365259, 1.120010, 0.887410, 0.716484, 0.840450, -0.543144, 0.628204, -1.724641 ],
		"SV_08" : [ -2.025332, 0.323725, 0.185556, -0.602472, 0.002524, 0.724881, -1.211576, -0.600575, -1.267722, -1.387488 ],
		"SV_09" : [ -0.224744, -2.284432, -0.910936, -0.765917, -0.441337, -1.130983, -3.091728, -0.870308, 1.408795, 1.573483 ],
		"SV_10" : [ -1.663189, -2.813570, -0.911721, 0.330630, -1.203015, 1.128912, -0.989711, 0.544166, 1.050769, 0.523799 ],
		"SV_11" : [ 1.450914, 0.947874, -0.761664, -0.117374, -0.351617, 1.425146, 2.352939, 1.412653, -1.109344, -0.478533 ],
		"SV_12" : [ -0.925916, -0.828297, -2.221536, 1.946958, 1.157058, 0.337418, -1.568780, -1.992355, 1.054428, 0.416875 ],
		"SV_13" : [ 1.863660, 0.428986, -0.302269, 0.839360, -0.425435, 0.702640, 1.119942, 1.040506, 0.143258, 0.566889 ],
		"SV_14" : [ 0.375851, 2.459666, 2.331842, 1.801873, 0.883058, -1.030525, 2.246760, -1.930692, 0.035418, -1.673652 ],
		"SV_15" : [ -1.500866, -0.869898, -0.550293, -0.165722, -0.963508, -1.148148, -0.873892, -1.059741, -0.563514, 0.014577 ],
		"SV_16" : [ 0.979486, 0.742885, 0.831373, -0.050735, 1.847543, -0.813007, 2.967019, -0.577383, 1.682021, 1.122447 ],
		"SV_17" : [ -1.175223, -0.881866, -2.038557, 0.355348, 0.204878, -0.418047, 0.090892, 1.532446, -0.926707, 0.242572 ],
		"SV_18" : [ 2.369399, 0.638177, -0.480462, 0.470591, 2.399159, -0.359512, 0.115684, 1.227851, 0.992660, 0.585489 ],
		"SV_19" : [ 0.989313, 1.299769, 0.638123, -0.057128, 0.263195, -0.552314, 2.397088, 0.764131, 1.959339, 0.016881 ],
		"SV_20" : [ -0.881164, -0.243344, -0.932318, -1.238473, 0.334930, 0.324729, -0.905650, -1.003999, -0.104416, -0.079766 ],
		"SV_21" : [ 1.778479, -0.107321, 0.499717, 1.012944, 3.581633, 0.529848, 2.348272, 0.759198, 0.891340, 0.160584 ],
		"SV_22" : [ -0.053547, -1.030065, -1.674985, -0.652352, -0.152519, -0.138631, -1.005193, -1.103286, 0.548890, 0.329599 ],
		"SV_23" : [ -0.200071, 0.129612, -0.790449, -0.606438, -0.807512, 0.021321, -1.727536, -0.607904, -0.210802, -1.598145 ],
		"SV_24" : [ 1.825200, 0.077000, -0.317323, 0.982492, -1.195058, -0.290629, 0.997010, 1.428728, 0.921160, 0.195723 ],
		"SV_25" : [ 2.433735, -0.224022, 0.946601, -0.239396, -1.001844, 1.881842, 0.828645, 0.659906, 0.532215, 0.823993 ],
		"SV_26" : [ -0.652742, -2.617394, 0.521494, -0.042029, 0.987763, -2.192085, -1.255113, 0.402326, -0.466969, -1.275339 ],
		"SV_27" : [ -0.566777, -0.107356, 1.701696, 0.609468, 0.495924, -0.037368, 1.983282, 1.803535, 0.044597, 1.139575 ],
		"SV_28" : [ 2.259198, 0.660802, -0.359369, 0.254461, 0.338733, 0.999390, 0.896915, 0.337849, 1.643787, 0.393010 ],
		"SV_29" : [ -3.011217, -0.237807, -2.809668, 0.002221, 0.782830, 1.331153, 1.409284, 0.359371, -1.268436, 0.620385 ],
		"SV_30" : [ 1.592630, -0.066335, 1.591133, 0.520360, 0.648423, 0.415493, 0.318371, -0.244695, 0.296384, 0.741941 ],
		"SV_31" : [ 0.982460, -2.571504, -1.367336, -0.268029, 2.087631, -1.005192, -2.533357, -0.726558, 1.326329, 1.263514 ],
		"SV_32" : [ -1.036888, -0.024599, -1.392098, -2.101363, -0.440851, -0.508293, 0.315350, -1.595709, 0.141595, -1.339787 ],
		"SV_33" : [ -0.870149, -0.752639, -0.214174, 1.249193, -0.937758, 0.148611, -0.875522, -0.961511, -1.062297, -0.739897 ],
		"SV_34" : [ -0.956213, -1.712332, 0.158220, 0.473843, -1.513727, 0.699988, -1.415951, -2.027736, 0.160639, 0.843978 ],
		"SV_35" : [ 2.484432, -0.599458, 0.119987, 0.825037, -2.195806, -1.082385, 1.976712, -0.208409, 1.452886, -0.901476 ],
		"SV_36" : [ 0.688381, 0.502706, 1.565170, -0.803346, 2.194218, -1.093374, 1.993191, 1.369458, 0.664299, 1.399513 ],
		"SV_37" : [ -0.556619, -0.453353, -0.954313, -0.027242, 0.410704, -2.106026, -0.979750, 1.118346, -1.917618, -0.429714 ],
		"SV_38" : [ 0.764710, -0.131963, 2.929883, 0.541185, 0.398369, 0.432224, -0.203324, -0.310808, -0.580665, 1.869243 ],
		"SV_39" : [ 1.615264, 1.280778, 2.168024, 0.167350, 1.848855, -0.371764, 0.448637, -0.141452, -1.229369, -1.308475 ],
		"SV_40" : [ 0.951369, 0.000628, 2.025298, 2.396950, 1.078692, -1.270538, 1.671911, 0.644695, -0.525940, -0.173784 ],
		"SV_41" : [ -0.089211, 0.312728, 1.315380, 1.087081, -1.489479, 0.281810, 3.358608, 0.065406, -1.755447, -1.047703 ],
		"SV_42" : [ -0.295064, 1.194803, 1.861863, 1.707372, 0.633005, -0.225227, 2.782754, 0.944220, 1.771623, 0.845925 ],
		"SV_43" : [ -0.962087, -0.811300, -0.860895, -0.618786, 1.154862, -0.109392, -1.451841, -1.351123, -0.609824, 1.677988 ],
		"SV_44" : [ 0.718688, 2.345176, 1.140082, -0.255796, -0.541699, -0.267152, 0.477413, 0.211695, 1.671833, 0.021005 ],
		"SV_45" : [ -2.540307, 0.615175, -0.852460, 0.312049, 0.384321, -0.691277, -1.518534, -0.496941, -0.073622, 0.594182 ],
		"SV_46" : [ -0.936137, -0.536943, 0.395361, 0.985637, 0.651706, -1.064311, -1.857782, -3.020075, -0.219744, -0.860749 ],
		"SV_47" : [ -0.300907, 0.092844, -1.798404, 0.844823, 1.148211, -0.411208, -2.001013, -0.332793, -1.111466, 2.101292 ],
		"SV_48" : [ 0.407709, 1.731959, 2.029409, 0.944727, 0.109421, 0.459821, 0.789806, -0.526205, -0.132555, -1.108467 ],
		"SV_49" : [ -0.260382, 0.402392, -0.670571, 1.286237, -0.656967, -0.619251, -1.976581, -1.946761, -0.154320, -0.966909 ],
		"SV_50" : [ 2.403274, 0.375416, 1.439453, -0.577537, 0.724526, 1.642020, 0.606415, 1.273062, 0.348294, -1.197603 ],
		"SV_51" : [ -1.111266, -0.153776, -1.654098, -0.529378, -2.084757, -1.174514, 0.751192, 0.452218, -1.975403, -2.083950 ]
	},
	"SupportVectorsCoefs" : {
		"SV_coef_0" : [ -0.599895, 1.000000, -1.000000, 1.000000, 1.000000, -1.000000, -1.000000, 1.000000, -1.000000, -1.000000, -1.000000, 1.000000, -1.000000, 1.000000, 1.000000, -1.000000, 1.000000, -1.000000, 1.000000, 1.000000, -1.000000, 1.000000, -1.000000, -1.000000, 1.000000, 1.000000, -1.000000, 1.000000, 1.000000, -1.000000, 1.000000, -1.000000, -1.000000, -1.000000, -1.000000, 1.000000, 1.000000, -1.000000, 0.599895, 1.000000, 1.000000, 1.000000, 1.000000, -1.000000, 1.000000, -1.000000, -1.000000, -1.000000, 1.000000, -1.000000, 1.000000, -1.000000 ]
	},
	"rho" : [ -12.698318 ],
	"nSV" : [ 52 ],
	"probA" : [ ],
	"probB" : [ ],
	"n_iter" : [ 66 ]
}
}