{
   "Contributions" : {
      "X_0" : [ -0.153431 ],
      "X_1" : [ 0.171276 ],
      "X_2" : [ 0.344316 ],
      "X_3" : [ -0.031212 ],
      "X_4" : [ 0.025692 ],
      "X_5" : [ -0.089910 ],
      "X_6" : [ 0.294159 ],
      "X_7" : [ -0.211268 ],
      "X_8" : [ 0.031784 ],
      "X_9" : [ -0.039588 ]   
   },
   "Most_Contributive_Features" : {
      "y" : [ 2, 6, 7, 1, 0, 5, 9, 8, 3, 4 ]
   }
}