{
   "Contributions" : {
      "X_0" : [ 0.015581, 0.000069, -0.014847, -0.000803 ],
      "X_1" : [ 0.004065, -0.006477, -0.009231, 0.011642 ],
      "X_2" : [ 0.000307, 0.000690, -0.000933, -0.000064 ],
      "X_3" : [ -0.005526, -0.004238, 0.002408, 0.007356 ],
      "X_4" : [ 0.001207, -0.000333, -0.000442, -0.000433 ],
      "X_5" : [ 0.000004, 0.000126, -0.000113, -0.000017 ],
      "X_6" : [ -0.003763, -0.001240, 0.005483, -0.000480 ],
      "X_7" : [ -0.012619, 0.019642, 0.003305, -0.010328 ],
      "X_8" : [ 0.007515, -0.014845, 0.009395, -0.002064 ],
      "X_9" : [ 0.000020, 0.000421, -0.000129, -0.000312 ]   
   },
   "Most_Contributive_Features_By_Class" : {
      "class_0" : [ 0, 7, 8, 3, 1, 6, 4, 2, 9, 5 ],
      "class_1" : [ 7, 8, 1, 3, 6, 2, 9, 4, 5, 0 ],
      "class_2" : [ 0, 8, 1, 6, 7, 3, 2, 4, 9, 5 ],
      "class_3" : [ 1, 7, 3, 8, 0, 6, 4, 9, 2, 5 ]
   }
}