{
   "Contributions" : {
      "X_0" : [ -0.000673, 0.000673 ],
      "X_1" : [ -0.004770, 0.004770 ],
      "X_2" : [ -0.000857, 0.000857 ],
      "X_3" : [ -0.000403, 0.000403 ],
      "X_4" : [ -0.028059, 0.028059 ],
      "X_5" : [ 0.000328, -0.000328 ],
      "X_6" : [ 0.000206, -0.000206 ],
      "X_7" : [ -0.000041, 0.000041 ],
      "X_8" : [ 0.000432, -0.000432 ],
      "X_9" : [ -0.000301, 0.000301 ],
      "X_10" : [ -0.000950, 0.000950 ],
      "X_11" : [ 0.000324, -0.000324 ],
      "X_12" : [ 0.000767, -0.000767 ],
      "X_13" : [ 0.001223, -0.001223 ],
      "X_14" : [ -0.000281, 0.000281 ],
      "X_15" : [ 0.000184, -0.000184 ],
      "X_16" : [ -0.001095, 0.001095 ],
      "X_17" : [ -0.000211, 0.000211 ],
      "X_18" : [ -0.000037, 0.000037 ],
      "X_19" : [ 0.000518, -0.000518 ],
      "X_20" : [ 0.000583, -0.000583 ],
      "X_21" : [ 0.000342, -0.000342 ],
      "X_22" : [ -0.000010, 0.000010 ],
      "X_23" : [ -0.003856, 0.003856 ],
      "X_24" : [ 0.000009, -0.000009 ],
      "X_25" : [ -0.000079, 0.000079 ],
      "X_26" : [ 0.000257, -0.000257 ],
      "X_27" : [ -0.000273, 0.000273 ],
      "X_28" : [ -0.000165, 0.000165 ],
      "X_29" : [ 0.000208, -0.000208 ],
      "X_30" : [ -0.000478, 0.000478 ],
      "X_31" : [ 0.000248, -0.000248 ],
      "X_32" : [ -0.002590, 0.002590 ],
      "X_33" : [ 0.000171, -0.000171 ],
      "X_34" : [ 0.000230, -0.000230 ],
      "X_35" : [ 0.000035, -0.000035 ],
      "X_36" : [ -0.001692, 0.001692 ],
      "X_37" : [ 0.001603, -0.001603 ],
      "X_38" : [ -0.000328, 0.000328 ],
      "X_39" : [ -0.001311, 0.001311 ],
      "X_40" : [ 0.001091, -0.001091 ],
      "X_41" : [ 0.000426, -0.000426 ],
      "X_42" : [ -0.003999, 0.003999 ],
      "X_43" : [ 0.000893, -0.000893 ],
      "X_44" : [ 0.000971, -0.000971 ],
      "X_45" : [ 0.000471, -0.000471 ],
      "X_46" : [ 0.002149, -0.002149 ],
      "X_47" : [ -0.002383, 0.002383 ],
      "X_48" : [ 0.000304, -0.000304 ],
      "X_49" : [ 0.000538, -0.000538 ],
      "X_50" : [ 0.000151, -0.000151 ],
      "X_51" : [ 0.003097, -0.003097 ],
      "X_52" : [ -0.000328, 0.000328 ],
      "X_53" : [ -0.000341, 0.000341 ],
      "X_54" : [ -0.000911, 0.000911 ],
      "X_55" : [ -0.000930, 0.000930 ],
      "X_56" : [ 0.000441, -0.000441 ],
      "X_57" : [ -0.001812, 0.001812 ],
      "X_58" : [ 0.000884, -0.000884 ],
      "X_59" : [ 0.000089, -0.000089 ],
      "X_60" : [ -0.000124, 0.000124 ],
      "X_61" : [ -0.062420, 0.062420 ],
      "X_62" : [ 0.000082, -0.000082 ],
      "X_63" : [ 0.000925, -0.000925 ],
      "X_64" : [ -0.000014, 0.000014 ],
      "X_65" : [ 0.000569, -0.000569 ],
      "X_66" : [ -0.000037, 0.000037 ],
      "X_67" : [ 0.013495, -0.013495 ],
      "X_68" : [ 0.000847, -0.000847 ],
      "X_69" : [ -0.001163, 0.001163 ],
      "X_70" : [ -0.000017, 0.000017 ],
      "X_71" : [ -0.000545, 0.000545 ],
      "X_72" : [ 0.000161, -0.000161 ],
      "X_73" : [ -0.000740, 0.000740 ],
      "X_74" : [ 0.000511, -0.000511 ],
      "X_75" : [ 0.002495, -0.002495 ],
      "X_76" : [ -0.000569, 0.000569 ],
      "X_77" : [ 0.000726, -0.000726 ],
      "X_78" : [ -0.000735, 0.000735 ],
      "X_79" : [ 0.000437, -0.000437 ],
      "X_80" : [ 0.000071, -0.000071 ],
      "X_81" : [ 0.000164, -0.000164 ],
      "X_82" : [ 0.000901, -0.000901 ],
      "X_83" : [ 0.000499, -0.000499 ],
      "X_84" : [ 0.000820, -0.000820 ],
      "X_85" : [ 0.004609, -0.004609 ],
      "X_86" : [ 0.000574, -0.000574 ],
      "X_87" : [ 0.000426, -0.000426 ],
      "X_88" : [ 0.001617, -0.001617 ],
      "X_89" : [ 0.002400, -0.002400 ],
      "X_90" : [ -0.000065, 0.000065 ],
      "X_91" : [ 0.000450, -0.000450 ],
      "X_92" : [ -0.001012, 0.001012 ],
      "X_93" : [ -0.001096, 0.001096 ],
      "X_94" : [ 0.000784, -0.000784 ],
      "X_95" : [ 0.000987, -0.000987 ],
      "X_96" : [ 0.001506, -0.001506 ],
      "X_97" : [ -0.001527, 0.001527 ],
      "X_98" : [ 0.001002, -0.001002 ],
      "X_99" : [ -0.000235, 0.000235 ]   
   },
   "Most_Contributive_Features_By_Class" : {
      "class_0" : [ 61, 4, 67, 1, 85, 42, 23, 51, 32, 75 ],
      "class_1" : [ 61, 4, 67, 1, 85, 42, 23, 51, 32, 75 ]
   }
}