{
   "Contributions" : {
      "X_0" : [ 0.005303 ],
      "X_1" : [ 0.056040 ],
      "X_2" : [ -0.009654 ],
      "X_3" : [ -0.032244 ],
      "X_4" : [ 0.080414 ],
      "X_5" : [ -0.031226 ],
      "X_6" : [ 0.104246 ],
      "X_7" : [ -0.007208 ],
      "X_8" : [ 0.022085 ],
      "X_9" : [ -0.233556 ],
      "X_10" : [ -0.014031 ],
      "X_11" : [ 0.053523 ],
      "X_12" : [ 0.028189 ],
      "X_13" : [ -0.005275 ],
      "X_14" : [ 0.113546 ],
      "X_15" : [ -0.031826 ],
      "X_16" : [ -0.214287 ],
      "X_17" : [ -0.009922 ],
      "X_18" : [ 0.156701 ],
      "X_19" : [ 0.051280 ],
      "X_20" : [ 0.052192 ],
      "X_21" : [ -0.006225 ],
      "X_22" : [ 0.084748 ],
      "X_23" : [ -0.024849 ],
      "X_24" : [ 0.017157 ],
      "X_25" : [ -0.029035 ],
      "X_26" : [ -0.017693 ],
      "X_27" : [ -0.012513 ],
      "X_28" : [ 0.046098 ],
      "X_29" : [ 0.060923 ],
      "X_30" : [ -0.360172 ],
      "X_31" : [ -0.002931 ],
      "X_32" : [ 0.029154 ],
      "X_33" : [ -0.020080 ],
      "X_34" : [ -0.073489 ],
      "X_35" : [ -0.000440 ],
      "X_36" : [ 0.157881 ],
      "X_37" : [ -0.009157 ],
      "X_38" : [ -0.058560 ],
      "X_39" : [ -0.003170 ],
      "X_40" : [ -0.009836 ],
      "X_41" : [ -0.030198 ],
      "X_42" : [ 0.004297 ],
      "X_43" : [ 0.011496 ],
      "X_44" : [ -0.004808 ],
      "X_45" : [ 0.002781 ],
      "X_46" : [ 0.000895 ],
      "X_47" : [ -0.000730 ],
      "X_48" : [ 0.010564 ],
      "X_49" : [ 0.060136 ],
      "X_50" : [ -0.011982 ],
      "X_51" : [ 0.028103 ],
      "X_52" : [ 0.031423 ],
      "X_53" : [ -0.006371 ],
      "X_54" : [ 0.031842 ],
      "X_55" : [ -0.001643 ],
      "X_56" : [ 0.002342 ],
      "X_57" : [ -0.007115 ],
      "X_58" : [ 0.077802 ],
      "X_59" : [ -0.216134 ],
      "X_60" : [ -0.018179 ],
      "X_61" : [ 0.019872 ],
      "X_62" : [ 0.032280 ],
      "X_63" : [ 0.211965 ],
      "X_64" : [ 0.068528 ],
      "X_65" : [ 0.011775 ],
      "X_66" : [ 0.019792 ],
      "X_67" : [ -0.066896 ],
      "X_68" : [ -0.103159 ],
      "X_69" : [ -0.008377 ],
      "X_70" : [ -0.013216 ],
      "X_71" : [ -0.072903 ],
      "X_72" : [ -0.021489 ],
      "X_73" : [ 0.039207 ],
      "X_74" : [ 0.035185 ],
      "X_75" : [ -0.022573 ],
      "X_76" : [ -0.008459 ],
      "X_77" : [ 0.066934 ],
      "X_78" : [ -0.000926 ],
      "X_79" : [ 0.001683 ],
      "X_80" : [ -0.025995 ],
      "X_81" : [ -0.014337 ],
      "X_82" : [ 0.014596 ],
      "X_83" : [ 0.006688 ],
      "X_84" : [ 0.099965 ],
      "X_85" : [ -0.005934 ],
      "X_86" : [ -0.046939 ],
      "X_87" : [ -0.003756 ],
      "X_88" : [ 0.037566 ],
      "X_89" : [ 0.027038 ],
      "X_90" : [ -0.023464 ],
      "X_91" : [ 0.243143 ],
      "X_92" : [ 0.010073 ],
      "X_93" : [ 0.035834 ],
      "X_94" : [ 0.014595 ],
      "X_95" : [ 0.100062 ],
      "X_96" : [ -0.082235 ],
      "X_97" : [ -0.001511 ],
      "X_98" : [ 0.059554 ],
      "X_99" : [ 0.044826 ]   
   },
   "Most_Contributive_Features" : {
      "y" : [ 30, 91, 9, 59, 16, 63, 36, 18, 14, 6 ]
   }
}