{
   "Contributions" : {
      "X_0" : [ 0.178332 ],
      "X_1" : [ 0.116153 ],
      "X_2" : [ -0.001487 ],
      "X_3" : [ -0.015528 ],
      "X_4" : [ 0.064270 ],
      "X_5" : [ -0.012008 ],
      "X_6" : [ 0.473383 ],
      "X_7" : [ -0.085648 ],
      "X_8" : [ 0.170139 ],
      "X_9" : [ -0.400327 ],
      "X_10" : [ 0.012997 ],
      "X_11" : [ 0.038372 ],
      "X_12" : [ -0.016143 ],
      "X_13" : [ 0.155674 ],
      "X_14" : [ 0.285126 ],
      "X_15" : [ -0.151615 ],
      "X_16" : [ 0.170271 ],
      "X_17" : [ -0.146057 ],
      "X_18" : [ 0.242825 ],
      "X_19" : [ -0.076766 ],
      "X_20" : [ -0.168722 ],
      "X_21" : [ -0.006865 ],
      "X_22" : [ 0.000740 ],
      "X_23" : [ -0.002923 ],
      "X_24" : [ 0.125941 ],
      "X_25" : [ -0.076902 ],
      "X_26" : [ -0.341308 ],
      "X_27" : [ 0.003221 ],
      "X_28" : [ 0.287835 ],
      "X_29" : [ 0.131342 ],
      "X_30" : [ -1.949222 ],
      "X_31" : [ -0.007318 ],
      "X_32" : [ -0.079796 ],
      "X_33" : [ 0.128064 ],
      "X_34" : [ -0.139361 ],
      "X_35" : [ -0.025724 ],
      "X_36" : [ 0.460315 ],
      "X_37" : [ -0.088964 ],
      "X_38" : [ -0.054440 ],
      "X_39" : [ -0.024763 ],
      "X_40" : [ -0.002027 ],
      "X_41" : [ -0.021775 ],
      "X_42" : [ -0.016621 ],
      "X_43" : [ -0.010906 ],
      "X_44" : [ 0.013580 ],
      "X_45" : [ 0.008722 ],
      "X_46" : [ -0.071211 ],
      "X_47" : [ 0.003745 ],
      "X_48" : [ 0.061840 ],
      "X_49" : [ 0.126447 ],
      "X_50" : [ -0.113401 ],
      "X_51" : [ -0.037554 ],
      "X_52" : [ 0.136341 ],
      "X_53" : [ 0.305898 ],
      "X_54" : [ -0.014631 ],
      "X_55" : [ -0.010503 ],
      "X_56" : [ 0.121287 ],
      "X_57" : [ -0.010648 ],
      "X_58" : [ 0.292956 ],
      "X_59" : [ -0.839515 ],
      "X_60" : [ -0.114958 ],
      "X_61" : [ -0.042536 ],
      "X_62" : [ -0.012927 ],
      "X_63" : [ 0.455506 ],
      "X_64" : [ 0.138168 ],
      "X_65" : [ 0.151170 ],
      "X_66" : [ 0.023735 ],
      "X_67" : [ -0.058443 ],
      "X_68" : [ -0.012791 ],
      "X_69" : [ 0.011152 ],
      "X_70" : [ -0.038742 ],
      "X_71" : [ -0.027028 ],
      "X_72" : [ -0.048164 ],
      "X_73" : [ 0.053532 ],
      "X_74" : [ -0.074467 ],
      "X_75" : [ 0.059268 ],
      "X_76" : [ 0.014270 ],
      "X_77" : [ 0.474565 ],
      "X_78" : [ 0.012175 ],
      "X_79" : [ -0.061560 ],
      "X_80" : [ 0.393347 ],
      "X_81" : [ -0.055424 ],
      "X_82" : [ -0.054958 ],
      "X_83" : [ 0.067755 ],
      "X_84" : [ 0.082493 ],
      "X_85" : [ 0.054497 ],
      "X_86" : [ -0.061008 ],
      "X_87" : [ 0.006004 ],
      "X_88" : [ -0.222104 ],
      "X_89" : [ -0.242406 ],
      "X_90" : [ -0.207473 ],
      "X_91" : [ 0.083028 ],
      "X_92" : [ 0.028215 ],
      "X_93" : [ -0.047433 ],
      "X_94" : [ -0.123741 ],
      "X_95" : [ 0.727057 ],
      "X_96" : [ 0.105094 ],
      "X_97" : [ 0.009900 ],
      "X_98" : [ 0.003190 ],
      "X_99" : [ 0.019136 ]   
   },
   "Most_Contributive_Features" : {
      "y" : [ 30, 59, 95, 77, 6, 36, 63, 9, 80, 26 ]
   }
}