{
   "Contributions" : {
      "X_0" : [ -0.006192, -0.003735, -0.003837, 0.013764 ],
      "X_1" : [ -0.014965, -0.004851, -0.006476, 0.026291 ],
      "X_2" : [ -0.000255, 0.000789, 0.000545, -0.001078 ],
      "X_3" : [ -0.001582, 0.003523, 0.005093, -0.007034 ],
      "X_4" : [ -0.006981, -0.008235, -0.005900, 0.021116 ],
      "X_5" : [ -0.005352, -0.005062, -0.001858, 0.012272 ],
      "X_6" : [ -0.003398, -0.001375, 0.000840, 0.003932 ],
      "X_7" : [ -0.009515, -0.020723, -0.005655, 0.035893 ],
      "X_8" : [ -0.008327, -0.009855, -0.001583, 0.019765 ],
      "X_9" : [ -0.000536, -0.001215, -0.002880, 0.004630 ]   
   },
   "Most_Contributive_Features_By_Class" : {
      "class_0" : [ 1, 7, 8, 4, 0, 5, 6, 3, 9, 2 ],
      "class_1" : [ 7, 8, 4, 5, 1, 0, 3, 6, 9, 2 ],
      "class_2" : [ 1, 4, 7, 3, 0, 9, 5, 8, 6, 2 ],
      "class_3" : [ 7, 1, 4, 8, 0, 5, 3, 9, 6, 2 ]
   }
}