{
   "Contributions" : {
      "X_0" : [ 0.000000, 0.000000, 0.000000, 0.000000, 0.000000, 0.000000, 0.000000, 0.000000 ],
      "X_1" : [ 0.000000, -0.000000, -0.000000, -0.000000, -0.000000, 0.000001, -0.000000, 0.000000 ],
      "X_2" : [ -0.000129, -0.000179, 0.000423, 0.000156, -0.000044, 0.000052, -0.000042, -0.000237 ],
      "X_3" : [ -0.000260, -0.001389, 0.000500, -0.000157, 0.000025, 0.000762, 0.000029, 0.000490 ],
      "X_4" : [ -0.000037, -0.002181, 0.000187, 0.000536, 0.000546, -0.000618, -0.001120, 0.002686 ],
      "X_5" : [ 0.000024, -0.001308, 0.001076, -0.000469, 0.000200, -0.000211, -0.000817, 0.001505 ],
      "X_6" : [ -0.000151, -0.001159, -0.000127, 0.000239, 0.000154, 0.000678, -0.000125, 0.000491 ],
      "X_7" : [ -0.000005, -0.000569, 0.000036, 0.000166, 0.000035, 0.000560, -0.000239, 0.000015 ],
      "X_8" : [ 0.000000, 0.000000, 0.000000, 0.000000, 0.000000, 0.000000, 0.000000, 0.000000 ],
      "X_9" : [ -0.000021, -0.000371, 0.000105, 0.000289, -0.000067, 0.000241, 0.000291, -0.000467 ],
      "X_10" : [ 0.000246, 0.000428, -0.000447, 0.000647, -0.000110, 0.001330, -0.002796, 0.000702 ],
      "X_11" : [ 0.000328, -0.000445, 0.000442, 0.000453, 0.000504, 0.000959, 0.000609, -0.002850 ],
      "X_12" : [ -0.000020, 0.000437, 0.000316, 0.000290, 0.000431, -0.000865, 0.000702, -0.001290 ],
      "X_13" : [ -0.000048, -0.001907, 0.000342, -0.000139, 0.000213, -0.001079, -0.000442, 0.003061 ],
      "X_14" : [ -0.000458, 0.001818, -0.000107, -0.000436, -0.000069, 0.000119, -0.000070, -0.000797 ],
      "X_15" : [ -0.000013, -0.000108, -0.000004, 0.000056, -0.000002, -0.000077, 0.000167, -0.000019 ],
      "X_16" : [ 0.000000, 0.000000, 0.000000, 0.000000, 0.000000, 0.000000, 0.000000, 0.000000 ],
      "X_17" : [ -0.000085, 0.000073, 0.000011, 0.000024, -0.000000, 0.000822, -0.000376, -0.000469 ],
      "X_18" : [ -0.000222, -0.000211, -0.001033, -0.000149, -0.000245, -0.000450, 0.001701, 0.000608 ],
      "X_19" : [ -0.000240, -0.000841, 0.000446, 0.000623, 0.000029, -0.001385, -0.000319, 0.001688 ],
      "X_20" : [ -0.000675, 0.000195, 0.000404, 0.000019, 0.000047, 0.001169, -0.002042, 0.000884 ],
      "X_21" : [ -0.000342, -0.004527, 0.002226, 0.000852, 0.001104, -0.000738, 0.001216, 0.000211 ],
      "X_22" : [ -0.000131, 0.001635, -0.000287, -0.000288, -0.000116, -0.000627, -0.000368, 0.000181 ],
      "X_23" : [ 0.000000, 0.000000, 0.000000, 0.000000, 0.000000, 0.000000, 0.000000, 0.000000 ],
      "X_24" : [ 0.000000, 0.000000, 0.000000, 0.000000, 0.000000, 0.000000, 0.000000, 0.000000 ],
      "X_25" : [ -0.000080, 0.000875, -0.000071, -0.000053, -0.000159, 0.000066, -0.000475, -0.000103 ],
      "X_26" : [ -0.000009, -0.006180, -0.000187, 0.000945, 0.001188, -0.000401, 0.002834, 0.001810 ],
      "X_27" : [ -0.001129, -0.002963, 0.000018, 0.000212, -0.000187, 0.002948, -0.002687, 0.003787 ],
      "X_28" : [ -0.002192, -0.001388, -0.001659, -0.000290, -0.000567, 0.002270, -0.006402, 0.010227 ],
      "X_29" : [ 0.000231, -0.000047, 0.002040, 0.000577, 0.000434, -0.000779, -0.000930, -0.001526 ],
      "X_30" : [ 0.000025, 0.000527, 0.000092, 0.000060, 0.000288, 0.000473, -0.000621, -0.000844 ],
      "X_31" : [ 0.000000, 0.000000, 0.000000, 0.000000, 0.000000, 0.000000, 0.000000, 0.000000 ],
      "X_32" : [ 0.000000, 0.000000, 0.000000, 0.000000, 0.000000, 0.000000, 0.000000, 0.000000 ],
      "X_33" : [ -0.000152, -0.000029, -0.000106, -0.000191, -0.000246, 0.001025, -0.000904, 0.000602 ],
      "X_34" : [ -0.000633, 0.001073, -0.000629, 0.000677, -0.000392, 0.000499, -0.002716, 0.002122 ],
      "X_35" : [ -0.000434, -0.001593, -0.000265, 0.000123, 0.000023, 0.000111, -0.002308, 0.004342 ],
      "X_36" : [ -0.001270, -0.000680, 0.000091, 0.000298, -0.000228, 0.004666, 0.001410, -0.004287 ],
      "X_37" : [ 0.000111, 0.000106, 0.001029, 0.001315, 0.001110, -0.003685, 0.001664, -0.001650 ],
      "X_38" : [ -0.000298, 0.000461, -0.000038, 0.000386, 0.000765, 0.000430, -0.000345, -0.001362 ],
      "X_39" : [ 0.000000, 0.000000, 0.000000, 0.000000, 0.000000, 0.000000, 0.000000, 0.000000 ],
      "X_40" : [ 0.000000, 0.000000, 0.000000, 0.000000, 0.000000, 0.000000, 0.000000, 0.000000 ],
      "X_41" : [ -0.000225, 0.000075, 0.000039, 0.000300, 0.000005, 0.000459, -0.001142, 0.000490 ],
      "X_42" : [ -0.002431, 0.002415, 0.000370, -0.000065, 0.000357, -0.002020, -0.001756, 0.003130 ],
      "X_43" : [ -0.000196, -0.003800, 0.002208, 0.001825, 0.000918, 0.003394, 0.001823, -0.006172 ],
      "X_44" : [ -0.000460, -0.002637, 0.000340, 0.000523, 0.000763, 0.005437, -0.001343, -0.002624 ],
      "X_45" : [ 0.000029, -0.000361, -0.000810, 0.000135, 0.000241, 0.002874, -0.002385, 0.000277 ],
      "X_46" : [ 0.000159, -0.000410, 0.000709, 0.000603, 0.000594, 0.000601, 0.000129, -0.002385 ],
      "X_47" : [ 0.000000, 0.000000, 0.000000, 0.000000, 0.000000, 0.000000, 0.000000, 0.000000 ],
      "X_48" : [ 0.000000, 0.000000, 0.000000, 0.000000, 0.000000, 0.000000, 0.000000, 0.000000 ],
      "X_49" : [ 0.000014, 0.000110, -0.000010, 0.000007, 0.000013, 0.000026, -0.000140, -0.000020 ],
      "X_50" : [ -0.000068, 0.006473, 0.000466, -0.000653, 0.000598, 0.000307, 0.000213, -0.007335 ],
      "X_51" : [ -0.000108, 0.003770, -0.001364, -0.000901, 0.000695, -0.000507, -0.000507, -0.001077 ],
      "X_52" : [ 0.000285, -0.001793, 0.001286, 0.000448, 0.000920, -0.000194, 0.000641, -0.001593 ],
      "X_53" : [ -0.000396, 0.000378, -0.000707, 0.001247, 0.000071, 0.001787, -0.003591, 0.001210 ],
      "X_54" : [ 0.000060, -0.000392, 0.000549, 0.000345, 0.000689, -0.000325, 0.000213, -0.001138 ],
      "X_55" : [ -0.000066, 0.000099, -0.000031, -0.000027, -0.000023, -0.000237, -0.000183, 0.000469 ],
      "X_56" : [ 0.000000, 0.000000, 0.000000, 0.000000, 0.000000, 0.000000, 0.000000, 0.000000 ],
      "X_57" : [ 0.000000, -0.000000, -0.000000, -0.000000, -0.000000, 0.000001, -0.000000, 0.000000 ],
      "X_58" : [ -0.000105, -0.000655, 0.000464, 0.000220, 0.000019, 0.000067, 0.000495, -0.000506 ],
      "X_59" : [ -0.000490, 0.001978, -0.000273, -0.000105, -0.000340, 0.000170, -0.002011, 0.001071 ],
      "X_60" : [ 0.000583, 0.000200, 0.000516, 0.001347, 0.001273, -0.001012, 0.000197, -0.003103 ],
      "X_61" : [ 0.000158, -0.000240, 0.000615, 0.000755, 0.000508, -0.000838, -0.000217, -0.000741 ],
      "X_62" : [ 0.000251, 0.001660, 0.000914, -0.000171, 0.000357, -0.000526, -0.001588, -0.000897 ],
      "X_63" : [ -0.000210, 0.000094, 0.000291, 0.000150, 0.000117, -0.000624, -0.000281, 0.000463 ]   
   },
   "Most_Contributive_Features_By_Class" : {
      "class_0" : [ 42, 28, 36, 27, 20, 34, 60, 59, 44, 14 ],
      "class_1" : [ 50, 26, 21, 43, 51, 27, 44, 42, 4, 59 ],
      "class_2" : [ 21, 43, 29, 28, 51, 52, 5, 18, 37, 62 ],
      "class_3" : [ 43, 60, 37, 53, 26, 51, 21, 61, 34, 50 ],
      "class_4" : [ 60, 26, 37, 21, 52, 43, 38, 44, 51, 54 ],
      "class_5" : [ 44, 36, 37, 43, 27, 45, 28, 42, 53, 19 ],
      "class_6" : [ 28, 53, 26, 10, 34, 27, 45, 35, 20, 59 ],
      "class_7" : [ 28, 50, 43, 35, 36, 27, 42, 60, 13, 11 ]
   }
}