{
   "Contributions" : {
      "X_0" : [ 0.309173 ],
      "X_1" : [ 2.210284 ],
      "X_2" : [ -4.059978 ],
      "X_3" : [ -4.501230 ],
      "X_4" : [ -4.558105 ],
      "X_5" : [ 2.187746 ],
      "X_6" : [ -0.139399 ],
      "X_7" : [ 1.403576 ],
      "X_8" : [ 2.045679 ],
      "X_9" : [ -0.103291 ]   
   },
   "Most_Contributive_Features" : {
      "y" : [ 4, 3, 2, 1, 5, 8, 7, 0, 6, 9 ]
   }
}