{
	"metadata" : { "model" : "Tikhonov_Ridge", "version" : "2024-W12", "signature" : "ff4_ff4"},
	"options" : { "alpha" : 0.000000, "random_state" : 1789 },
	"dataset" : { "dataset_rows" : 64, "dataset_features" : 10 },
	"equations" : {
			"intercept" : 155.253098,
			"coeffs" : [ 57.948521, -494.669312, 469.941010, 612.282104, -990.710754, 550.643372, -55.073551, 267.506866, 876.567993, -72.542847 ]
		}
}