{
	"metadata" : { "model" : "Tikhonov_Ridge", "version" : "2024-W12", "signature" : "ff4_ff4"},
	"options" : { "alpha" : 1.000000, "random_state" : 1789 },
	"dataset" : { "dataset_rows" : 64, "dataset_features" : 10 },
	"equations" : {
			"intercept" : 155.092560,
			"coeffs" : [ 69.450317, -490.289551, 470.852570, 606.271545, -330.493958, -12.406943, -294.665253, 270.161865, 619.634155, -65.170250 ]
		}
}