{
   "Contributions" : {
      "X_0" : [ -0.000262, 0.000262 ],
      "X_1" : [ 0.000000, 0.000000 ],
      "X_2" : [ -0.022000, 0.022000 ],
      "X_3" : [ 0.000000, 0.000000 ],
      "X_4" : [ -0.001087, 0.001087 ],
      "X_5" : [ 0.000000, 0.000000 ],
      "X_6" : [ 0.000000, 0.000000 ],
      "X_7" : [ 0.000000, 0.000000 ],
      "X_8" : [ 0.000000, 0.000000 ],
      "X_9" : [ 0.000000, 0.000000 ],
      "X_10" : [ 0.000304, -0.000304 ],
      "X_11" : [ -0.002782, 0.002782 ],
      "X_12" : [ 0.000150, -0.000150 ],
      "X_13" : [ 0.000000, 0.000000 ]   
   },
   "Most_Contributive_Features_By_Class" : {
      "class_0" : [ 2, 11, 4, 10, 0, 12 ],
      "class_1" : [ 2, 11, 4, 10, 0, 12 ]
   }
}