{
   "Contributions" : {
      "X_0" : [ -0.000148, 0.000305, -0.000439, 0.000282 ],
      "X_1" : [ -0.000381, -0.000244, -0.000307, 0.000933 ],
      "X_2" : [ -0.000011, -0.000776, 0.001098, -0.000311 ],
      "X_3" : [ -0.000272, 0.000033, 0.000457, -0.000218 ],
      "X_4" : [ -0.000136, -0.000142, 0.000319, -0.000042 ],
      "X_5" : [ 0.000732, -0.001040, 0.000435, -0.000127 ],
      "X_6" : [ -0.000325, -0.000739, 0.000883, 0.000181 ],
      "X_7" : [ 0.000679, -0.000339, -0.000222, -0.000118 ],
      "X_8" : [ 0.000425, 0.000124, -0.001018, 0.000469 ],
      "X_9" : [ 0.000413, 0.001978, -0.001992, -0.000398 ],
      "X_10" : [ 0.000039, 0.000117, -0.000053, -0.000104 ],
      "X_11" : [ 0.002180, -0.001278, 0.001189, -0.002091 ],
      "X_12" : [ -0.000257, -0.000486, 0.001006, -0.000264 ],
      "X_13" : [ 0.002002, -0.005698, 0.001934, 0.001763 ],
      "X_14" : [ 0.000113, -0.000154, -0.000304, 0.000344 ],
      "X_15" : [ -0.000322, -0.000262, -0.000615, 0.001200 ],
      "X_16" : [ 0.000064, 0.000022, 0.000192, -0.000278 ],
      "X_17" : [ -0.000173, -0.000377, 0.001626, -0.001076 ],
      "X_18" : [ -0.000278, 0.000156, -0.000207, 0.000330 ],
      "X_19" : [ 0.000379, -0.001031, 0.000539, 0.000113 ],
      "X_20" : [ -0.000591, -0.000997, -0.000356, 0.001944 ],
      "X_21" : [ 0.000773, 0.001014, -0.002105, 0.000318 ],
      "X_22" : [ 0.001022, -0.001624, 0.000973, -0.000371 ],
      "X_23" : [ -0.001426, 0.001892, -0.000931, 0.000465 ],
      "X_24" : [ 0.000791, -0.001366, 0.000140, 0.000434 ],
      "X_25" : [ 0.000307, -0.000624, 0.000695, -0.000377 ],
      "X_26" : [ 0.000709, -0.000571, 0.000041, -0.000179 ],
      "X_27" : [ 0.000417, -0.003297, 0.003076, -0.000196 ],
      "X_28" : [ -0.000121, 0.000075, -0.000380, 0.000426 ],
      "X_29" : [ -0.001184, 0.000034, -0.000257, 0.001407 ],
      "X_30" : [ 0.000224, -0.000180, 0.000002, -0.000046 ],
      "X_31" : [ -0.009906, -0.003825, 0.001814, 0.011917 ],
      "X_32" : [ 0.006239, -0.001477, -0.001689, -0.003073 ],
      "X_33" : [ 0.000006, 0.000009, 0.000067, -0.000082 ],
      "X_34" : [ -0.000619, -0.000196, 0.000301, 0.000514 ],
      "X_35" : [ 0.000504, -0.000286, -0.000485, 0.000267 ],
      "X_36" : [ -0.000455, -0.000039, 0.000073, 0.000422 ],
      "X_37" : [ -0.000509, 0.000647, -0.000293, 0.000155 ],
      "X_38" : [ 0.000535, -0.000277, -0.000107, -0.000151 ],
      "X_39" : [ 0.002284, 0.000213, -0.000486, -0.002010 ],
      "X_40" : [ 0.001233, 0.001789, -0.001618, -0.001404 ],
      "X_41" : [ -0.000179, -0.000118, 0.000286, 0.000011 ],
      "X_42" : [ -0.000398, -0.000094, 0.000422, 0.000069 ],
      "X_43" : [ -0.000931, -0.000013, 0.000288, 0.000656 ],
      "X_44" : [ -0.002346, 0.002998, -0.000339, -0.000313 ],
      "X_45" : [ -0.000548, -0.000660, 0.000534, 0.000674 ],
      "X_46" : [ -0.005796, 0.003083, 0.004893, -0.002180 ],
      "X_47" : [ -0.000797, -0.000166, -0.000982, 0.001945 ],
      "X_48" : [ 0.000288, 0.000158, 0.000598, -0.001045 ],
      "X_49" : [ 0.014297, -0.003917, -0.011340, 0.000960 ],
      "X_50" : [ 0.000555, 0.000148, 0.000424, -0.001127 ],
      "X_51" : [ 0.000193, 0.000158, -0.000550, 0.000199 ],
      "X_52" : [ 0.000623, 0.000563, -0.000735, -0.000450 ],
      "X_53" : [ 0.003351, 0.001258, -0.001858, -0.002752 ],
      "X_54" : [ -0.000519, 0.000733, -0.000383, 0.000168 ],
      "X_55" : [ 0.000040, 0.000065, -0.000477, 0.000372 ],
      "X_56" : [ 0.000928, -0.002890, 0.001313, 0.000649 ],
      "X_57" : [ -0.000005, -0.000244, 0.000109, 0.000140 ],
      "X_58" : [ 0.000199, -0.000214, -0.000555, 0.000571 ],
      "X_59" : [ 0.000170, -0.000409, -0.000167, 0.000405 ],
      "X_60" : [ 0.000500, -0.001558, 0.001938, -0.000880 ],
      "X_61" : [ -0.000846, 0.000212, 0.000118, 0.000516 ],
      "X_62" : [ -0.009640, -0.008966, 0.004239, 0.014366 ],
      "X_63" : [ 0.000690, -0.000821, -0.000072, 0.000203 ],
      "X_64" : [ 0.000417, -0.003523, 0.005186, -0.002080 ],
      "X_65" : [ -0.001804, -0.001647, 0.002449, 0.001003 ],
      "X_66" : [ -0.000705, -0.001757, 0.004497, -0.002035 ],
      "X_67" : [ 0.000272, 0.000398, -0.000054, -0.000616 ],
      "X_68" : [ 0.000141, -0.000059, 0.000012, -0.000093 ],
      "X_69" : [ -0.000116, 0.000316, -0.000460, 0.000260 ],
      "X_70" : [ -0.001326, 0.001073, 0.000739, -0.000486 ],
      "X_71" : [ 0.001269, 0.000149, -0.001114, -0.000304 ],
      "X_72" : [ -0.000555, 0.001969, 0.000608, -0.002022 ],
      "X_73" : [ -0.000179, 0.000352, -0.000608, 0.000434 ],
      "X_74" : [ 0.000013, -0.000003, 0.000007, -0.000017 ],
      "X_75" : [ 0.002399, -0.001971, 0.003415, -0.003844 ],
      "X_76" : [ -0.001260, 0.003532, -0.002742, 0.000470 ],
      "X_77" : [ 0.000260, 0.000444, -0.001697, 0.000993 ],
      "X_78" : [ 0.001580, -0.001251, -0.000169, -0.000160 ],
      "X_79" : [ -0.003019, 0.007145, -0.001980, -0.002146 ],
      "X_80" : [ 0.002046, -0.000776, -0.002654, 0.001384 ],
      "X_81" : [ -0.001274, -0.001930, 0.001322, 0.001882 ],
      "X_82" : [ 0.001763, 0.000173, -0.000690, -0.001245 ],
      "X_83" : [ -0.002472, 0.001917, -0.000503, 0.001058 ],
      "X_84" : [ 0.000192, -0.000665, 0.000426, 0.000048 ],
      "X_85" : [ -0.002513, -0.000153, 0.000605, 0.002061 ],
      "X_86" : [ -0.000146, 0.000281, -0.000375, 0.000240 ],
      "X_87" : [ -0.000709, 0.000187, -0.000010, 0.000531 ],
      "X_88" : [ -0.000348, 0.000294, 0.000185, -0.000132 ],
      "X_89" : [ -0.001603, -0.000882, 0.000877, 0.001607 ],
      "X_90" : [ -0.001560, -0.000069, 0.000697, 0.000932 ],
      "X_91" : [ -0.002656, 0.002758, 0.001219, -0.001321 ],
      "X_92" : [ 0.000960, 0.001053, 0.000243, -0.002256 ],
      "X_93" : [ 0.000944, -0.000864, 0.002126, -0.002206 ],
      "X_94" : [ 0.000913, -0.000323, 0.000173, -0.000762 ],
      "X_95" : [ 0.000148, -0.001279, 0.001560, -0.000428 ],
      "X_96" : [ -0.000221, -0.000170, 0.000396, -0.000005 ],
      "X_97" : [ -0.000052, 0.000043, -0.000106, 0.000114 ],
      "X_98" : [ -0.000037, -0.000253, 0.000278, 0.000012 ],
      "X_99" : [ 0.000787, -0.001983, -0.000266, 0.001462 ]   
   },
   "Most_Contributive_Features_By_Class" : {
      "class_0" : [ 49, 31, 62, 32, 46, 53, 79, 91, 85, 83 ],
      "class_1" : [ 62, 79, 13, 49, 31, 76, 64, 27, 46, 44 ],
      "class_2" : [ 49, 64, 46, 66, 62, 75, 27, 76, 80, 65 ],
      "class_3" : [ 62, 31, 75, 32, 53, 92, 93, 46, 79, 11 ]
   }
}