{
	"metadata" : { "model" : "Tikhonov_Ridge", "version" : "2024-W12", "signature" : "ff4_il8"},
	"options" : { "alpha" : 0.000000, "random_state" : 1789 },
	"dataset" : { "dataset_rows" : 1024, "dataset_features" : 100 },
	"classes" : [ 0, 1, 2, 3 ],
	"equations" : {
		"class_0" : {
			"intercept" : -0.841159,
			"coeffs" : [ -0.000445, -0.001766, 0.000488, 0.009145, 0.006860, -0.005648, -0.000587, 0.007845, 0.006956, 0.002349, -0.003622, -0.023602, -0.001897, 0.004587, -0.002411, 0.002662, -0.002455, 0.000059, 0.009633, 0.002271, -0.006190, 0.009368, -0.006046, 0.006614, 0.004407, 0.005367, -0.009373, 0.006225, -0.001681, -0.012579, -0.004688, 0.088637, -0.020345, -0.002868, 0.004974, 0.006597, -0.009370, 0.007650, -0.011171, -0.015180, 0.009858, -0.001960, -0.002982, 0.006142, -0.008829, -0.007303, 0.035634, -0.009079, -0.006881, -0.073578, 0.007696, 0.002291, 0.008839, 0.060447, 0.003582, 0.002206, -0.010524, -0.009708, -0.002099, 0.002522, -0.053215, -0.008134, 0.085441, 0.006218, 0.001106, -0.011912, -0.003699, 0.002904, -0.002663, 0.003565, 0.015021, -0.008951, -0.002259, -0.000901, -0.002436, 0.006901, -0.005564, 0.000088, 0.010548, 0.019513, -0.010274, -0.012230, 0.011510, -0.020880, 0.003275, -0.007831, -0.015132, -0.017307, -0.003048, -0.011962, 0.012304, 0.014652, 0.007714, -0.003721, 0.007996, -0.001476, 0.003169, 0.003820, 0.000956, 0.004141 ]
		},
		"class_1" : {
			"intercept" : -0.931336,
			"coeffs" : [ 0.003349, -0.006813, 0.007912, -0.001905, -0.000344, 0.008640, -0.005386, -0.002960, 0.003743, 0.015417, -0.001535, 0.016680, -0.006513, -0.015732, 0.006983, 0.004490, 0.004293, 0.005274, 0.000406, -0.004784, -0.006516, 0.006442, 0.010793, -0.009631, -0.008133, -0.010270, 0.012436, -0.029406, 0.002434, -0.000994, 0.003509, 0.030264, 0.003995, -0.003142, 0.005199, -0.003578, 0.000164, -0.007159, 0.001278, -0.004492, 0.013601, -0.000930, -0.003536, 0.001101, 0.013407, -0.004360, -0.023355, -0.003313, 0.000058, 0.013451, 0.001799, 0.003450, 0.002389, 0.008836, -0.008037, 0.004416, 0.024589, 0.011034, 0.004442, -0.007019, 0.029041, 0.001333, 0.067138, -0.007279, -0.012385, -0.012467, 0.006897, 0.015859, 0.000581, -0.014601, -0.013208, -0.001244, 0.009527, 0.002950, -0.000185, -0.005419, 0.017690, 0.006063, -0.008291, -0.068402, 0.004588, -0.014126, 0.001880, 0.020034, 0.007806, -0.001222, 0.000979, 0.002780, 0.003513, -0.005507, 0.000111, -0.014607, 0.007088, 0.003639, -0.003033, 0.007329, -0.009837, -0.003228, 0.007509, -0.010047 ]
		},
		"class_2" : {
			"intercept" : -0.204436,
			"coeffs" : [ -0.007365, -0.004068, -0.010652, -0.010048, 0.008023, -0.003607, 0.014826, -0.006585, -0.017882, -0.015795, 0.002699, -0.016258, 0.013547, 0.005496, 0.005374, 0.007553, 0.004239, -0.014913, -0.006830, 0.002412, -0.003567, -0.017208, -0.010033, 0.006005, 0.000867, 0.008459, -0.006335, 0.029519, -0.007396, -0.002125, 0.001466, -0.016155, 0.005492, 0.003713, -0.004475, -0.004566, 0.001580, 0.005514, -0.004921, 0.004833, -0.013725, 0.002829, 0.007350, -0.003459, -0.002339, 0.005272, -0.038306, -0.008150, -0.004880, 0.065431, 0.003879, -0.010046, -0.005824, -0.036448, 0.005562, -0.016924, -0.008094, 0.005283, 0.006681, -0.002400, 0.092928, 0.002287, -0.040779, -0.001586, 0.021731, 0.017666, -0.036643, -0.006109, 0.000328, 0.012172, -0.008271, 0.007439, 0.004510, -0.005509, 0.001482, 0.012579, -0.015709, -0.017506, -0.001093, 0.018735, 0.013820, 0.008845, -0.005210, -0.007910, -0.017037, 0.001989, 0.008213, 0.002088, 0.005463, 0.006271, -0.005669, -0.006512, 0.000250, -0.012419, 0.004155, -0.010670, 0.005986, 0.003264, -0.009082, -0.002249 ]
		},
		"class_3" : {
			"intercept" : -0.023136,
			"coeffs" : [ 0.004461, 0.012647, 0.002253, 0.002807, -0.014538, 0.000615, -0.008853, 0.001699, 0.007183, -0.001971, 0.002458, 0.023183, -0.005137, 0.005649, -0.009946, -0.014705, -0.006077, 0.009579, -0.003209, 0.000101, 0.016273, 0.001398, 0.005286, -0.002987, 0.002860, -0.003556, 0.003271, -0.006334, 0.006643, 0.015699, -0.000287, -0.102748, 0.010859, 0.002297, -0.005698, 0.001545, 0.007627, -0.006004, 0.014814, 0.014839, -0.009734, 0.000062, -0.000833, -0.003784, -0.002239, 0.006391, 0.026026, 0.020541, 0.011703, -0.005301, -0.013374, 0.004304, -0.005404, -0.032834, -0.001107, 0.010302, -0.005971, -0.006609, -0.009025, 0.006897, -0.068753, 0.004514, -0.111799, 0.002647, -0.010452, 0.006715, 0.033451, -0.012654, 0.001753, -0.001136, 0.006458, 0.002756, -0.011779, 0.003460, 0.001138, -0.014061, 0.003584, 0.011355, -0.001165, 0.030155, -0.008134, 0.017510, -0.008180, 0.008757, 0.005956, 0.007065, 0.005940, 0.012439, -0.005927, 0.011198, -0.006745, 0.006467, -0.015052, 0.012501, -0.009117, 0.004816, 0.000683, -0.003857, 0.000618, 0.008156 ]
		}
	}
}