{
   "Contributions" : {
      "X_0" : [ -0.000147, 0.000304, -0.000439, 0.000282 ],
      "X_1" : [ -0.000380, -0.000245, -0.000305, 0.000929 ],
      "X_2" : [ -0.000009, -0.000776, 0.001096, -0.000310 ],
      "X_3" : [ -0.000272, 0.000034, 0.000454, -0.000216 ],
      "X_4" : [ -0.000135, -0.000141, 0.000319, -0.000043 ],
      "X_5" : [ 0.000730, -0.001039, 0.000434, -0.000125 ],
      "X_6" : [ -0.000326, -0.000737, 0.000884, 0.000178 ],
      "X_7" : [ 0.000679, -0.000339, -0.000222, -0.000118 ],
      "X_8" : [ 0.000427, 0.000123, -0.001018, 0.000468 ],
      "X_9" : [ 0.000410, 0.001977, -0.001990, -0.000397 ],
      "X_10" : [ 0.000040, 0.000118, -0.000054, -0.000104 ],
      "X_11" : [ 0.002153, -0.001247, 0.001181, -0.002087 ],
      "X_12" : [ -0.000257, -0.000485, 0.001005, -0.000263 ],
      "X_13" : [ 0.001997, -0.005692, 0.001933, 0.001762 ],
      "X_14" : [ 0.000113, -0.000155, -0.000303, 0.000344 ],
      "X_15" : [ -0.000322, -0.000263, -0.000614, 0.001198 ],
      "X_16" : [ 0.000064, 0.000023, 0.000191, -0.000278 ],
      "X_17" : [ -0.000172, -0.000377, 0.001624, -0.001075 ],
      "X_18" : [ -0.000279, 0.000156, -0.000206, 0.000329 ],
      "X_19" : [ 0.000378, -0.001029, 0.000538, 0.000114 ],
      "X_20" : [ -0.000590, -0.000995, -0.000357, 0.001941 ],
      "X_21" : [ 0.000775, 0.001011, -0.002104, 0.000319 ],
      "X_22" : [ 0.001019, -0.001619, 0.000971, -0.000371 ],
      "X_23" : [ -0.001423, 0.001890, -0.000929, 0.000462 ],
      "X_24" : [ 0.000793, -0.001366, 0.000140, 0.000433 ],
      "X_25" : [ 0.000307, -0.000623, 0.000693, -0.000377 ],
      "X_26" : [ 0.000708, -0.000574, 0.000043, -0.000177 ],
      "X_27" : [ 0.000424, -0.003260, 0.003050, -0.000214 ],
      "X_28" : [ -0.000120, 0.000074, -0.000380, 0.000425 ],
      "X_29" : [ -0.001182, 0.000033, -0.000256, 0.001405 ],
      "X_30" : [ 0.000223, -0.000179, 0.000002, -0.000046 ],
      "X_31" : [ -0.009889, -0.003812, 0.001800, 0.011901 ],
      "X_32" : [ 0.006234, -0.001479, -0.001684, -0.003071 ],
      "X_33" : [ 0.000006, 0.000009, 0.000067, -0.000082 ],
      "X_34" : [ -0.000616, -0.000196, 0.000300, 0.000512 ],
      "X_35" : [ 0.000495, -0.000324, -0.000467, 0.000296 ],
      "X_36" : [ -0.000454, -0.000039, 0.000072, 0.000421 ],
      "X_37" : [ -0.000507, 0.000644, -0.000293, 0.000157 ],
      "X_38" : [ 0.000534, -0.000277, -0.000106, -0.000151 ],
      "X_39" : [ 0.002281, 0.000213, -0.000486, -0.002008 ],
      "X_40" : [ 0.001232, 0.001788, -0.001616, -0.001404 ],
      "X_41" : [ -0.000181, -0.000118, 0.000288, 0.000011 ],
      "X_42" : [ -0.000397, -0.000095, 0.000421, 0.000071 ],
      "X_43" : [ -0.000931, -0.000010, 0.000288, 0.000652 ],
      "X_44" : [ -0.002341, 0.002993, -0.000339, -0.000313 ],
      "X_45" : [ -0.000548, -0.000660, 0.000534, 0.000674 ],
      "X_46" : [ -0.005774, 0.003094, 0.004866, -0.002187 ],
      "X_47" : [ -0.000794, -0.000166, -0.000982, 0.001942 ],
      "X_48" : [ 0.000289, 0.000157, 0.000597, -0.001042 ],
      "X_49" : [ 0.014248, -0.003883, -0.011342, 0.000977 ],
      "X_50" : [ 0.000556, 0.000147, 0.000423, -0.001125 ],
      "X_51" : [ 0.000192, 0.000159, -0.000550, 0.000199 ],
      "X_52" : [ 0.000625, 0.000560, -0.000736, -0.000449 ],
      "X_53" : [ 0.003366, 0.001222, -0.001842, -0.002746 ],
      "X_54" : [ -0.000518, 0.000734, -0.000382, 0.000166 ],
      "X_55" : [ 0.000041, 0.000065, -0.000479, 0.000373 ],
      "X_56" : [ 0.000931, -0.002890, 0.001311, 0.000648 ],
      "X_57" : [ -0.000005, -0.000242, 0.000108, 0.000139 ],
      "X_58" : [ 0.000199, -0.000214, -0.000554, 0.000569 ],
      "X_59" : [ 0.000171, -0.000409, -0.000167, 0.000405 ],
      "X_60" : [ 0.000500, -0.001556, 0.001935, -0.000879 ],
      "X_61" : [ -0.000845, 0.000210, 0.000119, 0.000516 ],
      "X_62" : [ -0.009632, -0.008975, 0.004243, 0.014364 ],
      "X_63" : [ 0.000689, -0.000820, -0.000072, 0.000203 ],
      "X_64" : [ 0.000417, -0.003518, 0.005183, -0.002081 ],
      "X_65" : [ -0.001793, -0.001600, 0.002420, 0.000973 ],
      "X_66" : [ -0.000730, -0.001746, 0.004496, -0.002021 ],
      "X_67" : [ 0.000270, 0.000401, -0.000055, -0.000616 ],
      "X_68" : [ 0.000141, -0.000058, 0.000011, -0.000094 ],
      "X_69" : [ -0.000119, 0.000322, -0.000459, 0.000257 ],
      "X_70" : [ -0.001324, 0.001072, 0.000738, -0.000486 ],
      "X_71" : [ 0.001268, 0.000148, -0.001112, -0.000304 ],
      "X_72" : [ -0.000555, 0.001967, 0.000607, -0.002019 ],
      "X_73" : [ -0.000178, 0.000352, -0.000608, 0.000434 ],
      "X_74" : [ 0.000013, -0.000003, 0.000007, -0.000017 ],
      "X_75" : [ 0.002394, -0.001964, 0.003410, -0.003840 ],
      "X_76" : [ -0.001256, 0.003526, -0.002739, 0.000469 ],
      "X_77" : [ 0.000259, 0.000445, -0.001695, 0.000990 ],
      "X_78" : [ 0.001583, -0.001248, -0.000172, -0.000163 ],
      "X_79" : [ -0.003019, 0.007076, -0.001932, -0.002124 ],
      "X_80" : [ 0.002044, -0.000777, -0.002650, 0.001383 ],
      "X_81" : [ -0.001275, -0.001925, 0.001322, 0.001877 ],
      "X_82" : [ 0.001760, 0.000174, -0.000690, -0.001244 ],
      "X_83" : [ -0.002468, 0.001914, -0.000505, 0.001059 ],
      "X_84" : [ 0.000190, -0.000662, 0.000425, 0.000046 ],
      "X_85" : [ -0.002509, -0.000153, 0.000604, 0.002058 ],
      "X_86" : [ -0.000145, 0.000281, -0.000375, 0.000239 ],
      "X_87" : [ -0.000708, 0.000186, -0.000010, 0.000531 ],
      "X_88" : [ -0.000348, 0.000295, 0.000185, -0.000132 ],
      "X_89" : [ -0.001603, -0.000879, 0.000876, 0.001605 ],
      "X_90" : [ -0.001558, -0.000071, 0.000696, 0.000933 ],
      "X_91" : [ -0.002656, 0.002760, 0.001213, -0.001317 ],
      "X_92" : [ 0.000961, 0.001054, 0.000241, -0.002257 ],
      "X_93" : [ 0.000942, -0.000864, 0.002124, -0.002203 ],
      "X_94" : [ 0.000912, -0.000324, 0.000173, -0.000761 ],
      "X_95" : [ 0.000150, -0.001279, 0.001558, -0.000429 ],
      "X_96" : [ -0.000221, -0.000170, 0.000396, -0.000005 ],
      "X_97" : [ -0.000052, 0.000042, -0.000106, 0.000115 ],
      "X_98" : [ -0.000037, -0.000254, 0.000278, 0.000013 ],
      "X_99" : [ 0.000785, -0.001980, -0.000267, 0.001461 ]   
   },
   "Most_Contributive_Features_By_Class" : {
      "class_0" : [ 49, 31, 62, 32, 46, 53, 79, 91, 85, 83 ],
      "class_1" : [ 62, 79, 13, 49, 31, 76, 64, 27, 46, 44 ],
      "class_2" : [ 49, 64, 46, 66, 62, 75, 27, 76, 80, 65 ],
      "class_3" : [ 62, 31, 75, 32, 53, 92, 93, 46, 79, 11 ]
   }
}