{
   "Contributions" : {
      "X_0" : [ -0.279297 ],
      "X_1" : [ 0.000000 ],
      "X_2" : [ 0.000000 ],
      "X_3" : [ -18.236328 ],
      "X_4" : [ 0.000000 ],
      "X_5" : [ -2.158203 ],
      "X_6" : [ 0.148438 ],
      "X_7" : [ 1.220703 ],
      "X_8" : [ -16.640625 ],
      "X_9" : [ 1.308594 ]   
   },
   "Most_Contributive_Features" : {
      "y" : [ 3, 8, 5, 9, 7, 0, 6 ]
   }
}