{
   "Contributions" : {
      "X_0" : [ 0.000816 ],
      "X_1" : [ 0.338742 ],
      "X_2" : [ 0.000000 ],
      "X_3" : [ -0.000050 ]   
   },
   "Most_Contributive_Features" : {
      "y" : [ 1, 0, 3, 2 ]
   }
}