{
	"metadata" : { "model" : "Vapnik_SVR_RBF", "version" : "2024-W12", "signature" : "ff4_ff4"},
	"options" : {"svm_type" : "epsilon_svr", "kernel" : "rbf", "degree" : 3, "gamma" : 0.000001, "coef0" : 0.000000, "cache_size" : 300, "tol" : 0.001000, "nu" : 0.500000, "epsilon" : 0.100000, "shrinking" : 0, "probability" : 0, "C" : 2.000000, "max_iter" : 128, "random_state" : 1789 },
	"dataset" : { "dataset_rows" : 100, "dataset_features" : 4 },
	"svm_model" : {
	"classes" : 2,
	"L" : 100,
	"SupportVectors" : {
		"SV_00" : [ 45.688717, 609.092529, 0.591968, 7.449268 ],
		"SV_01" : [ 92.630493, 1621.621948, 0.997097, 3.905369 ],
		"SV_02" : [ 76.131752, 526.791992, 0.716619, 5.202790 ],
		"SV_03" : [ 40.067005, 524.247498, 0.463251, 1.522912 ],
		"SV_04" : [ 34.726295, 778.125916, 0.167246, 2.339115 ],
		"SV_05" : [ 14.083336, 1134.869141, 0.186105, 7.672650 ],
		"SV_06" : [ 83.628975, 1564.098755, 0.798945, 2.980786 ],
		"SV_07" : [ 64.806686, 1046.145874, 0.071195, 8.048056 ],
		"SV_08" : [ 7.321981, 487.752838, 0.993317, 5.340956 ],
		"SV_09" : [ 48.198017, 353.104248, 0.725143, 10.405507 ],
		"SV_10" : [ 71.041054, 1540.879761, 0.056103, 6.055449 ],
		"SV_11" : [ 13.280704, 643.716797, 0.520814, 4.842079 ],
		"SV_12" : [ 66.659485, 625.477356, 0.705919, 4.356689 ],
		"SV_13" : [ 82.923828, 1535.997559, 0.287537, 7.396835 ],
		"SV_14" : [ 74.577126, 1412.240356, 0.582418, 4.633062 ],
		"SV_15" : [ 76.304665, 377.450928, 0.181362, 6.939103 ],
		"SV_16" : [ 72.844986, 208.134521, 0.953115, 4.121809 ],
		"SV_17" : [ 11.772216, 671.264099, 0.172757, 1.573729 ],
		"SV_18" : [ 17.167280, 1104.656250, 0.421381, 6.591000 ],
		"SV_19" : [ 41.761013, 1756.453247, 0.074700, 8.084325 ],
		"SV_20" : [ 67.252014, 1694.635620, 0.271050, 3.594086 ],
		"SV_21" : [ 7.606344, 1112.226562, 0.732761, 6.140375 ],
		"SV_22" : [ 91.832474, 611.998413, 0.771820, 5.897234 ],
		"SV_23" : [ 67.712112, 367.323730, 0.907274, 4.550431 ],
		"SV_24" : [ 85.125381, 1049.026855, 0.039136, 3.186899 ],
		"SV_25" : [ 29.812233, 273.763794, 0.971798, 6.207578 ],
		"SV_26" : [ 55.118420, 1002.086060, 0.726658, 4.570618 ],
		"SV_27" : [ 22.966129, 1168.374634, 0.287599, 10.392606 ],
		"SV_28" : [ 38.088467, 1321.297485, 0.052941, 10.429984 ],
		"SV_29" : [ 52.784882, 1453.126099, 0.329620, 1.035491 ],
		"SV_30" : [ 44.762737, 1255.201538, 0.591546, 2.754247 ],
		"SV_31" : [ 63.010204, 221.354385, 0.814630, 5.897069 ],
		"SV_32" : [ 67.667091, 938.672607, 0.652046, 9.523154 ],
		"SV_33" : [ 66.129356, 874.156616, 0.683117, 10.889200 ],
		"SV_34" : [ 95.999474, 1121.298950, 0.682591, 3.437388 ],
		"SV_35" : [ 73.448112, 913.160706, 0.789831, 9.069126 ],
		"SV_36" : [ 68.110588, 1110.484253, 0.333277, 2.477425 ],
		"SV_37" : [ 2.070305, 957.545105, 0.737876, 2.535709 ],
		"SV_38" : [ 15.098896, 889.292297, 0.382693, 8.700624 ],
		"SV_39" : [ 76.371201, 1620.264648, 0.622375, 3.062019 ],
		"SV_40" : [ 34.347893, 205.928116, 0.720020, 9.414678 ],
		"SV_41" : [ 19.900188, 265.249756, 0.635873, 4.546347 ],
		"SV_42" : [ 97.111717, 715.890503, 0.509773, 4.410513 ],
		"SV_43" : [ 39.537281, 1051.230713, 0.346628, 10.316089 ],
		"SV_44" : [ 10.735011, 265.420807, 0.260950, 2.285511 ],
		"SV_45" : [ 13.316919, 1592.958618, 0.993566, 7.946761 ],
		"SV_46" : [ 75.648438, 442.560303, 0.035123, 1.334146 ],
		"SV_47" : [ 1.405850, 1607.972168, 0.402955, 9.850420 ],
		"SV_48" : [ 17.504890, 971.383606, 0.443807, 9.156222 ],
		"SV_49" : [ 17.761709, 423.498322, 0.135270, 10.148129 ],
		"SV_50" : [ 24.641842, 1358.054199, 0.264436, 10.968261 ],
		"SV_51" : [ 88.010742, 553.589050, 0.595422, 4.068089 ],
		"SV_52" : [ 39.016674, 895.294678, 0.992031, 3.333866 ],
		"SV_53" : [ 78.286156, 508.159058, 0.252201, 1.424874 ],
		"SV_54" : [ 35.366142, 784.952942, 0.461541, 9.951669 ],
		"SV_55" : [ 47.922291, 1244.051270, 0.324254, 9.012303 ],
		"SV_56" : [ 87.148712, 1656.827271, 0.292127, 10.007549 ],
		"SV_57" : [ 82.796799, 1054.865356, 0.437299, 6.563562 ],
		"SV_58" : [ 18.416498, 1731.276367, 0.269218, 3.928754 ],
		"SV_59" : [ 40.263954, 1592.242188, 0.611773, 6.435989 ],
		"SV_60" : [ 31.518255, 1755.028198, 0.586190, 5.455982 ],
		"SV_61" : [ 65.455681, 755.864746, 0.990681, 3.455762 ],
		"SV_62" : [ 17.373148, 483.680237, 0.685229, 2.728044 ],
		"SV_63" : [ 11.179132, 444.204834, 0.202220, 7.809537 ],
		"SV_64" : [ 38.291386, 635.121277, 0.271890, 7.067709 ],
		"SV_65" : [ 76.461021, 744.759766, 0.823855, 10.136035 ],
		"SV_66" : [ 55.340031, 215.592316, 0.588332, 4.610499 ],
		"SV_67" : [ 81.497955, 327.723633, 0.774569, 10.248817 ],
		"SV_68" : [ 14.950633, 1426.670288, 0.333866, 2.658153 ],
		"SV_69" : [ 41.595963, 464.454712, 0.523104, 2.377327 ],
		"SV_70" : [ 63.422050, 921.190674, 0.969793, 5.416355 ],
		"SV_71" : [ 81.412109, 1254.374390, 0.194226, 8.164762 ],
		"SV_72" : [ 69.792320, 473.447937, 0.233546, 3.411072 ],
		"SV_73" : [ 66.012100, 216.127472, 0.564663, 3.090549 ],
		"SV_74" : [ 14.282172, 1575.160400, 0.428596, 4.169882 ],
		"SV_75" : [ 80.410118, 294.009796, 0.728795, 1.686282 ],
		"SV_76" : [ 56.761314, 1185.173462, 0.495718, 7.283545 ],
		"SV_77" : [ 39.873802, 428.048248, 0.235384, 2.176043 ],
		"SV_78" : [ 51.401745, 1161.331543, 0.618557, 2.218271 ],
		"SV_79" : [ 57.693111, 275.251129, 0.527227, 3.112807 ],
		"SV_80" : [ 22.605108, 1660.837036, 0.731124, 9.374556 ],
		"SV_81" : [ 78.244774, 702.214600, 0.183212, 9.434527 ],
		"SV_82" : [ 18.503828, 532.344482, 0.721851, 10.655538 ],
		"SV_83" : [ 43.550098, 1462.972046, 0.939145, 3.150335 ],
		"SV_84" : [ 44.357746, 674.885315, 0.220269, 3.032311 ],
		"SV_85" : [ 97.541664, 130.009232, 0.366127, 5.345118 ],
		"SV_86" : [ 94.566437, 663.266418, 0.852323, 6.919084 ],
		"SV_87" : [ 15.123654, 486.957489, 0.123542, 2.365677 ],
		"SV_88" : [ 35.417500, 933.556885, 0.674758, 8.628964 ],
		"SV_89" : [ 45.437614, 168.841202, 0.343817, 3.279963 ],
		"SV_90" : [ 42.679214, 472.756287, 0.481987, 2.150893 ],
		"SV_91" : [ 85.409492, 865.747681, 0.002107, 1.657108 ],
		"SV_92" : [ 50.992905, 814.561340, 0.257439, 5.994627 ],
		"SV_93" : [ 26.014614, 517.573425, 0.156860, 6.909534 ],
		"SV_94" : [ 7.737632, 682.638123, 0.943330, 1.569080 ],
		"SV_95" : [ 22.116344, 1162.774048, 0.675740, 4.934592 ],
		"SV_96" : [ 59.325420, 1558.844604, 0.742170, 4.222862 ],
		"SV_97" : [ 74.947220, 1754.316162, 0.366207, 1.961987 ],
		"SV_98" : [ 52.067585, 534.256165, 0.155164, 8.526538 ],
		"SV_99" : [ 0.743929, 167.010742, 0.924844, 10.614025 ]
	},
	"SupportVectorsCoefs" : {
		"SV_coef_0" : [ 2.000000, 2.000000, 2.000000, -2.000000, -2.000000, -2.000000, 2.000000, -2.000000, 2.000000, -2.000000, -2.000000, -2.000000, 2.000000, 2.000000, 2.000000, -2.000000, -2.000000, -2.000000, 2.000000, -2.000000, 2.000000, 2.000000, 2.000000, 2.000000, -2.000000, -2.000000, 2.000000, -2.000000, -2.000000, 2.000000, 2.000000, -2.000000, 2.000000, 2.000000, 2.000000, 2.000000, -2.000000, 2.000000, -2.000000, 2.000000, -2.000000, -2.000000, 2.000000, -2.000000, -2.000000, 2.000000, -2.000000, 2.000000, 2.000000, -2.000000, -2.000000, -2.000000, 2.000000, -2.000000, 2.000000, 2.000000, 2.000000, 2.000000, 2.000000, 2.000000, 2.000000, 2.000000, -2.000000, -2.000000, -2.000000, 2.000000, -2.000000, -2.000000, 2.000000, -2.000000, 2.000000, -2.000000, -2.000000, -2.000000, 2.000000, -2.000000, 2.000000, -2.000000, 2.000000, -2.000000, 2.000000, -2.000000, 2.000000, 2.000000, -2.000000, -2.000000, 2.000000, -2.000000, 2.000000, -2.000000, -2.000000, -2.000000, -2.000000, -2.000000, 2.000000, 2.000000, 2.000000, 2.000000, -2.000000, -2.000000 ]
	},
	"rho" : [ -367.941895 ],
	"nSV" : [ 100 ],
	"probA" : [ ],
	"probB" : [ ],
	"n_iter" : [ 66 ]
}
}