{
   "Contributions" : {
      "X_0" : [ 3116.121338 ],
      "X_1" : [ 3998.422119 ],
      "X_2" : [ 180.512756 ],
      "X_3" : [ 121.496948 ],
      "X_4" : [ 280.296112 ],
      "X_5" : [ -180.018494 ],
      "X_6" : [ 1306.370483 ],
      "X_7" : [ 16436.583984 ],
      "X_8" : [ 0.000000 ]   
   },
   "Most_Contributive_Features" : {
      "y" : [ 7, 1, 0, 6, 4, 2, 5, 3 ]
   }
}