{
   "Contributions" : {
      "X_0" : [ 7468.446289 ],
      "X_1" : [ 1948.485962 ],
      "X_2" : [ -535.981750 ],
      "X_3" : [ -369.866669 ],
      "X_4" : [ -162.963821 ],
      "X_5" : [ -335.559906 ],
      "X_6" : [ 751.064941 ],
      "X_7" : [ 14579.469727 ],
      "X_8" : [ 0.000000 ]   
   },
   "Most_Contributive_Features" : {
      "y" : [ 7, 0, 1, 6, 2, 3, 5, 4 ]
   }
}