{
   "Contributions" : {
      "X_0" : [ 0.000000, 0.000000 ],
      "X_1" : [ 0.020650, -0.020650 ],
      "X_2" : [ 0.000000, 0.000000 ],
      "X_3" : [ 0.000000, 0.000000 ],
      "X_4" : [ 0.000000, 0.000000 ],
      "X_5" : [ -0.008183, 0.008183 ],
      "X_6" : [ 0.000000, 0.000000 ],
      "X_7" : [ 0.000000, 0.000000 ],
      "X_8" : [ 0.000000, 0.000000 ],
      "X_9" : [ 0.000000, 0.000000 ],
      "X_10" : [ 0.003185, -0.003185 ],
      "X_11" : [ 0.000000, 0.000000 ],
      "X_12" : [ 0.000000, 0.000000 ],
      "X_13" : [ 0.000000, 0.000000 ],
      "X_14" : [ 0.000000, 0.000000 ],
      "X_15" : [ 0.000000, 0.000000 ],
      "X_16" : [ 0.001208, -0.001208 ],
      "X_17" : [ 0.000000, 0.000000 ],
      "X_18" : [ 0.007414, -0.007414 ],
      "X_19" : [ 0.001153, -0.001153 ],
      "X_20" : [ -0.011863, 0.011863 ],
      "X_21" : [ -0.011478, 0.011478 ],
      "X_22" : [ -0.009172, 0.009172 ],
      "X_23" : [ -0.006645, 0.006645 ],
      "X_24" : [ -0.016641, 0.016641 ],
      "X_25" : [ -0.002636, 0.002636 ],
      "X_26" : [ 0.000000, 0.000000 ],
      "X_27" : [ -0.001757, 0.001757 ],
      "X_28" : [ 0.000000, 0.000000 ],
      "X_29" : [ -0.001922, 0.001922 ]   
   },
   "Most_Contributive_Features_By_Class" : {
      "class_0" : [ 1, 24, 20, 21, 22, 5, 18, 23, 10, 25 ],
      "class_1" : [ 1, 24, 20, 21, 22, 5, 18, 23, 10, 25 ]
   }
}