{
   "Contributions" : {
      "X_0" : [ 0.000000, 0.000000 ],
      "X_1" : [ 0.020943, -0.020943 ],
      "X_2" : [ 0.000000, 0.000000 ],
      "X_3" : [ 0.000000, 0.000000 ],
      "X_4" : [ 0.000000, 0.000000 ],
      "X_5" : [ -0.008330, 0.008330 ],
      "X_6" : [ 0.000000, 0.000000 ],
      "X_7" : [ 0.000000, 0.000000 ],
      "X_8" : [ 0.000000, 0.000000 ],
      "X_9" : [ 0.000000, 0.000000 ],
      "X_10" : [ -0.000513, 0.000513 ],
      "X_11" : [ 0.000000, 0.000000 ],
      "X_12" : [ 0.000000, 0.000000 ],
      "X_13" : [ 0.000000, 0.000000 ],
      "X_14" : [ 0.000000, 0.000000 ],
      "X_15" : [ 0.002856, -0.002856 ],
      "X_16" : [ 0.001208, -0.001208 ],
      "X_17" : [ 0.000000, 0.000000 ],
      "X_18" : [ 0.000000, 0.000000 ],
      "X_19" : [ 0.001153, -0.001153 ],
      "X_20" : [ 0.000000, 0.000000 ],
      "X_21" : [ -0.011863, 0.011863 ],
      "X_22" : [ 0.012601, -0.012601 ],
      "X_23" : [ 0.000807, -0.000807 ],
      "X_24" : [ -0.018600, 0.018600 ],
      "X_25" : [ 0.000000, 0.000000 ],
      "X_26" : [ 0.000000, 0.000000 ],
      "X_27" : [ 0.009081, -0.009081 ],
      "X_28" : [ 0.000000, 0.000000 ],
      "X_29" : [ -0.000641, 0.000641 ]   
   },
   "Most_Contributive_Features_By_Class" : {
      "class_0" : [ 1, 24, 22, 21, 27, 5, 15, 16, 19, 23 ],
      "class_1" : [ 1, 24, 22, 21, 27, 5, 15, 16, 19, 23 ]
   }
}