{
   "Contributions" : {
      "X_0" : [ 0.018695 ],
      "X_1" : [ -0.007510 ],
      "X_2" : [ 0.019069 ],
      "X_3" : [ 0.003255 ]   
   },
   "Most_Contributive_Features" : {
      "y" : [ 2, 0, 1, 3 ]
   }
}