{
   "Contributions" : {
      "X_0" : [ -0.010030 ],
      "X_1" : [ 0.006352 ],
      "X_2" : [ -0.001525 ],
      "X_3" : [ 0.027023 ]   
   },
   "Most_Contributive_Features" : {
      "y" : [ 3, 0, 1, 2 ]
   }
}