{
   "Contributions" : {
      "X_0" : [ -0.000689, -0.008553, -0.006737, 0.015979 ],
      "X_1" : [ -0.011211, -0.000598, -0.005221, 0.017031 ],
      "X_2" : [ -0.000213, 0.001273, 0.002098, -0.003158 ],
      "X_3" : [ -0.002162, 0.007275, 0.011359, -0.016472 ],
      "X_4" : [ 0.001132, 0.000452, 0.000936, -0.002521 ],
      "X_5" : [ 0.001128, -0.000349, 0.000593, -0.001371 ],
      "X_6" : [ -0.003567, -0.002902, 0.000513, 0.005957 ],
      "X_7" : [ 0.001606, -0.000427, 0.003793, -0.004972 ],
      "X_8" : [ -0.001682, 0.004174, -0.001003, -0.001489 ],
      "X_9" : [ -0.000981, -0.000275, 0.000326, 0.000930 ]   
   },
   "Most_Contributive_Features_By_Class" : {
      "class_0" : [ 1, 6, 3, 8, 7, 4, 5, 9, 0, 2 ],
      "class_1" : [ 0, 3, 8, 6, 2, 1, 4, 7, 5, 9 ],
      "class_2" : [ 3, 0, 1, 7, 2, 8, 4, 5, 6, 9 ],
      "class_3" : [ 1, 3, 0, 6, 7, 2, 4, 8, 5, 9 ]
   }
}