{
   "Contributions" : {
      "X_0" : [ -0.001085, -0.006600, -0.006834, 0.014520 ],
      "X_1" : [ -0.012024, -0.005251, -0.004532, 0.021808 ],
      "X_2" : [ -0.000765, 0.000671, 0.000944, -0.000850 ],
      "X_3" : [ -0.005020, 0.002728, 0.006276, -0.003984 ],
      "X_4" : [ 0.001225, 0.000052, 0.000171, -0.001447 ],
      "X_5" : [ 0.001259, 0.000699, -0.000107, -0.001851 ],
      "X_6" : [ -0.005081, -0.003583, 0.004377, 0.004288 ],
      "X_7" : [ 0.000005, -0.003396, 0.006309, -0.002918 ],
      "X_8" : [ 0.000185, 0.007490, 0.000917, -0.008592 ],
      "X_9" : [ -0.001205, 0.001152, 0.000346, -0.000293 ]   
   },
   "Most_Contributive_Features_By_Class" : {
      "class_0" : [ 1, 6, 3, 5, 4, 9, 0, 2, 8, 7 ],
      "class_1" : [ 8, 0, 1, 6, 7, 3, 9, 5, 2, 4 ],
      "class_2" : [ 0, 7, 3, 1, 6, 2, 8, 9, 4, 5 ],
      "class_3" : [ 1, 0, 8, 6, 3, 7, 5, 4, 2, 9 ]
   }
}