{
   "Contributions" : {
      "X_0" : [ 0.000001, -0.000001 ],
      "X_1" : [ -0.000058, 0.000058 ],
      "X_2" : [ -0.000108, 0.000108 ],
      "X_3" : [ 0.006049, -0.006049 ],
      "X_4" : [ 0.000000, -0.000000 ],
      "X_5" : [ 0.000000, -0.000000 ],
      "X_6" : [ 0.000000, -0.000000 ],
      "X_7" : [ 0.000000, -0.000000 ],
      "X_8" : [ -0.000000, -0.000000 ],
      "X_9" : [ 0.000000, -0.000000 ],
      "X_10" : [ 0.000000, -0.000000 ],
      "X_11" : [ -0.000000, 0.000000 ],
      "X_12" : [ 0.000001, -0.000001 ],
      "X_13" : [ -0.000047, 0.000047 ],
      "X_14" : [ -0.000000, 0.000000 ],
      "X_15" : [ 0.000000, -0.000000 ],
      "X_16" : [ 0.000000, -0.000000 ],
      "X_17" : [ -0.000000, -0.000000 ],
      "X_18" : [ 0.000000, -0.000000 ],
      "X_19" : [ 0.000000, 0.000000 ],
      "X_20" : [ -0.000024, 0.000024 ],
      "X_21" : [ -0.000063, 0.000063 ],
      "X_22" : [ -0.000273, 0.000273 ],
      "X_23" : [ -0.035382, 0.035382 ],
      "X_24" : [ -0.000000, 0.000000 ],
      "X_25" : [ 0.000000, -0.000000 ],
      "X_26" : [ 0.000000, -0.000000 ],
      "X_27" : [ 0.000000, -0.000000 ],
      "X_28" : [ 0.000000, -0.000000 ],
      "X_29" : [ 0.000000, -0.000000 ]   
   },
   "Most_Contributive_Features_By_Class" : {
      "class_0" : [ 23, 3, 22, 2, 21, 1, 13, 20, 0, 12 ],
      "class_1" : [ 23, 3, 22, 2, 21, 1, 13, 20, 0, 12 ]
   }
}