{
   "Contributions" : {
      "X_0" : [ 0.000125, 0.001493, -0.000459, -0.001160 ],
      "X_1" : [ 0.003754, -0.004874, 0.000404, 0.000716 ],
      "X_2" : [ -0.000867, 0.002224, -0.000404, -0.000953 ],
      "X_3" : [ 0.002276, -0.004118, 0.000524, 0.001318 ],
      "X_4" : [ 0.002253, -0.003682, 0.000407, 0.001022 ],
      "X_5" : [ 0.001434, -0.002336, 0.000319, 0.000583 ],
      "X_6" : [ 0.000203, -0.000037, -0.000232, 0.000067 ],
      "X_7" : [ -0.000886, -0.000875, 0.000430, 0.001332 ],
      "X_8" : [ -0.003926, 0.004432, -0.000129, -0.000377 ],
      "X_9" : [ 0.000833, -0.002166, 0.000393, 0.000940 ]   
   },
   "Most_Contributive_Features_By_Class" : {
      "class_0" : [ 8, 1, 3, 4, 5, 7, 2, 9, 6, 0 ],
      "class_1" : [ 1, 8, 3, 4, 5, 2, 9, 0, 7, 6 ],
      "class_2" : [ 3, 0, 7, 4, 1, 2, 9, 5, 6, 8 ],
      "class_3" : [ 7, 3, 0, 4, 2, 9, 1, 5, 8, 6 ]
   }
}