{
   "Contributions" : {
      "X_0" : [ -0.005964, 0.005964 ],
      "X_1" : [ -0.012936, 0.012936 ],
      "X_2" : [ -0.000412, 0.000412 ],
      "X_3" : [ -0.002949, 0.002949 ],
      "X_4" : [ -0.001453, 0.001453 ],
      "X_5" : [ -0.001190, 0.001190 ],
      "X_6" : [ -0.003505, 0.003505 ],
      "X_7" : [ -0.003131, 0.003131 ],
      "X_8" : [ -0.003680, 0.003680 ],
      "X_9" : [ -0.001519, 0.001519 ],
      "X_10" : [ -0.003417, 0.003417 ],
      "X_11" : [ -0.006659, 0.006659 ],
      "X_12" : [ -0.003804, 0.003804 ],
      "X_13" : [ -0.004754, 0.004754 ],
      "X_14" : [ -0.003180, 0.003180 ],
      "X_15" : [ 0.000646, -0.000646 ],
      "X_16" : [ -0.002497, 0.002497 ],
      "X_17" : [ -0.000617, 0.000617 ],
      "X_18" : [ -0.000133, 0.000133 ],
      "X_19" : [ 0.010632, -0.010632 ],
      "X_20" : [ -0.000110, 0.000110 ],
      "X_21" : [ -0.000301, 0.000301 ],
      "X_22" : [ 0.003508, -0.003508 ],
      "X_23" : [ -0.003362, 0.003362 ],
      "X_24" : [ -0.001615, 0.001615 ],
      "X_25" : [ -0.001987, 0.001987 ],
      "X_26" : [ -0.002630, 0.002630 ],
      "X_27" : [ -0.002691, 0.002691 ],
      "X_28" : [ -0.003651, 0.003651 ],
      "X_29" : [ -0.006249, 0.006249 ],
      "X_30" : [ 0.003335, -0.003335 ],
      "X_31" : [ 0.001676, -0.001676 ],
      "X_32" : [ 0.000459, -0.000459 ],
      "X_33" : [ 0.000019, -0.000019 ],
      "X_34" : [ -0.000194, 0.000194 ],
      "X_35" : [ -0.001765, 0.001765 ],
      "X_36" : [ 0.000199, -0.000199 ],
      "X_37" : [ -0.004043, 0.004043 ],
      "X_38" : [ -0.002016, 0.002016 ],
      "X_39" : [ -0.001950, 0.001950 ],
      "X_40" : [ -0.001879, 0.001879 ],
      "X_41" : [ 0.000224, -0.000224 ],
      "X_42" : [ -0.001058, 0.001058 ],
      "X_43" : [ 0.001027, -0.001027 ],
      "X_44" : [ -0.000015, 0.000015 ],
      "X_45" : [ 0.001283, -0.001283 ],
      "X_46" : [ -0.003244, 0.003244 ],
      "X_47" : [ -0.003449, 0.003449 ],
      "X_48" : [ -0.000937, 0.000937 ],
      "X_49" : [ -0.001380, 0.001380 ],
      "X_50" : [ -0.001550, 0.001550 ],
      "X_51" : [ 0.000530, -0.000530 ],
      "X_52" : [ -0.002192, 0.002192 ],
      "X_53" : [ -0.004272, 0.004272 ],
      "X_54" : [ -0.000922, 0.000922 ],
      "X_55" : [ 0.003540, -0.003540 ],
      "X_56" : [ 0.000734, -0.000734 ],
      "X_57" : [ -0.000991, 0.000991 ],
      "X_58" : [ -0.002904, 0.002904 ],
      "X_59" : [ 0.000528, -0.000528 ],
      "X_60" : [ -0.000749, 0.000749 ],
      "X_61" : [ -0.007198, 0.007198 ],
      "X_62" : [ 0.000784, -0.000784 ],
      "X_63" : [ -0.000664, 0.000664 ],
      "X_64" : [ -0.004536, 0.004536 ],
      "X_65" : [ 0.001526, -0.001526 ],
      "X_66" : [ -0.000302, 0.000302 ],
      "X_67" : [ -0.003632, 0.003632 ],
      "X_68" : [ -0.003236, 0.003236 ],
      "X_69" : [ 0.000407, -0.000407 ],
      "X_70" : [ -0.001221, 0.001221 ],
      "X_71" : [ -0.001788, 0.001788 ],
      "X_72" : [ -0.002440, 0.002440 ],
      "X_73" : [ -0.000367, 0.000367 ],
      "X_74" : [ 0.001498, -0.001498 ],
      "X_75" : [ -0.000386, 0.000386 ],
      "X_76" : [ -0.001956, 0.001956 ],
      "X_77" : [ 0.000890, -0.000890 ],
      "X_78" : [ -0.009130, 0.009130 ],
      "X_79" : [ 0.000494, -0.000494 ],
      "X_80" : [ 0.001896, -0.001896 ],
      "X_81" : [ -0.000048, 0.000048 ],
      "X_82" : [ -0.000100, 0.000100 ],
      "X_83" : [ -0.000211, 0.000211 ],
      "X_84" : [ -0.001196, 0.001196 ],
      "X_85" : [ -0.001426, 0.001426 ],
      "X_86" : [ 0.000999, -0.000999 ],
      "X_87" : [ -0.002139, 0.002139 ],
      "X_88" : [ -0.002429, 0.002429 ],
      "X_89" : [ -0.005497, 0.005497 ],
      "X_90" : [ -0.000504, 0.000504 ],
      "X_91" : [ -0.002326, 0.002326 ],
      "X_92" : [ -0.003156, 0.003156 ],
      "X_93" : [ -0.001605, 0.001605 ],
      "X_94" : [ -0.000140, 0.000140 ],
      "X_95" : [ 0.000106, -0.000106 ],
      "X_96" : [ -0.001623, 0.001623 ],
      "X_97" : [ -0.000448, 0.000448 ],
      "X_98" : [ 0.000170, -0.000170 ],
      "X_99" : [ -0.003011, 0.003011 ]   
   },
   "Most_Contributive_Features_By_Class" : {
      "class_0" : [ 1, 19, 78, 61, 11, 29, 0, 89, 13, 64 ],
      "class_1" : [ 1, 19, 78, 61, 11, 29, 0, 89, 13, 64 ]
   }
}