{
   "Contributions" : {
      "X_0" : [ -0.023438, 0.023438 ],
      "X_1" : [ 0.000000, 0.000000 ],
      "X_2" : [ -0.113281, 0.113281 ],
      "X_3" : [ 0.000000, 0.000000 ],
      "X_4" : [ -0.021484, 0.021484 ],
      "X_5" : [ 0.000000, 0.000000 ],
      "X_6" : [ 0.000000, 0.000000 ],
      "X_7" : [ 0.000000, 0.000000 ],
      "X_8" : [ 0.000000, 0.000000 ],
      "X_9" : [ 0.000000, 0.000000 ],
      "X_10" : [ 0.000000, 0.000000 ],
      "X_11" : [ 0.000000, 0.000000 ],
      "X_12" : [ 0.000000, 0.000000 ],
      "X_13" : [ 0.000000, 0.000000 ]   
   },
   "Most_Contributive_Features_By_Class" : {
      "class_0" : [ 2, 0, 4 ],
      "class_1" : [ 2, 0, 4 ]
   }
}