{
   "Contributions" : {
      "X_0" : [ 0.000000, 0.000000 ],
      "X_1" : [ -0.001236, 0.001236 ],
      "X_2" : [ -0.001526, 0.001526 ],
      "X_3" : [ -0.000351, 0.000351 ],
      "X_4" : [ -0.003250, 0.003250 ],
      "X_5" : [ 0.000000, 0.000000 ],
      "X_6" : [ -0.000290, 0.000290 ],
      "X_7" : [ 0.000702, -0.000702 ],
      "X_8" : [ -0.000732, 0.000732 ],
      "X_9" : [ -0.001953, 0.001953 ],
      "X_10" : [ -0.000397, 0.000397 ],
      "X_11" : [ -0.000793, 0.000793 ],
      "X_12" : [ 0.000000, 0.000000 ],
      "X_13" : [ 0.000000, 0.000000 ],
      "X_14" : [ 0.000076, -0.000076 ],
      "X_15" : [ -0.003082, 0.003082 ],
      "X_16" : [ 0.000000, 0.000000 ],
      "X_17" : [ 0.000000, 0.000000 ],
      "X_18" : [ 0.000000, 0.000000 ],
      "X_19" : [ 0.000305, -0.000305 ],
      "X_20" : [ 0.000397, -0.000397 ],
      "X_21" : [ -0.000870, 0.000870 ],
      "X_22" : [ -0.000549, 0.000549 ],
      "X_23" : [ 0.000000, 0.000000 ],
      "X_24" : [ -0.000015, 0.000015 ],
      "X_25" : [ 0.000153, -0.000153 ],
      "X_26" : [ 0.000000, 0.000000 ],
      "X_27" : [ 0.000076, -0.000076 ],
      "X_28" : [ -0.000626, 0.000626 ],
      "X_29" : [ 0.000000, 0.000000 ],
      "X_30" : [ -0.000854, 0.000854 ],
      "X_31" : [ 0.000000, 0.000000 ],
      "X_32" : [ 0.000000, 0.000000 ],
      "X_33" : [ 0.000000, 0.000000 ],
      "X_34" : [ -0.003723, 0.003723 ],
      "X_35" : [ -0.000351, 0.000351 ],
      "X_36" : [ 0.000000, 0.000000 ],
      "X_37" : [ 0.000259, -0.000259 ],
      "X_38" : [ -0.001877, 0.001877 ],
      "X_39" : [ -0.000351, 0.000351 ],
      "X_40" : [ 0.000000, 0.000000 ],
      "X_41" : [ 0.000412, -0.000412 ],
      "X_42" : [ 0.000870, -0.000870 ],
      "X_43" : [ 0.000000, 0.000000 ],
      "X_44" : [ 0.000000, 0.000000 ],
      "X_45" : [ 0.000641, -0.000641 ],
      "X_46" : [ 0.000534, -0.000534 ],
      "X_47" : [ 0.000000, 0.000000 ],
      "X_48" : [ -0.001480, 0.001480 ],
      "X_49" : [ 0.001205, -0.001205 ],
      "X_50" : [ -0.003647, 0.003647 ],
      "X_51" : [ 0.001770, -0.001770 ],
      "X_52" : [ 0.001633, -0.001633 ],
      "X_53" : [ 0.003708, -0.003708 ],
      "X_54" : [ 0.000000, 0.000000 ],
      "X_55" : [ 0.000916, -0.000916 ],
      "X_56" : [ 0.000320, -0.000320 ],
      "X_57" : [ 0.002777, -0.002777 ],
      "X_58" : [ -0.000336, 0.000336 ],
      "X_59" : [ 0.000000, 0.000000 ],
      "X_60" : [ 0.000000, 0.000000 ],
      "X_61" : [ -0.005875, 0.005875 ],
      "X_62" : [ -0.000397, 0.000397 ],
      "X_63" : [ -0.000946, 0.000946 ],
      "X_64" : [ 0.000717, -0.000717 ],
      "X_65" : [ -0.000183, 0.000183 ],
      "X_66" : [ -0.000198, 0.000198 ],
      "X_67" : [ -0.000381, 0.000381 ],
      "X_68" : [ 0.000000, 0.000000 ],
      "X_69" : [ 0.000992, -0.000992 ],
      "X_70" : [ 0.000000, 0.000000 ],
      "X_71" : [ -0.000214, 0.000214 ],
      "X_72" : [ 0.000000, 0.000000 ],
      "X_73" : [ 0.000778, -0.000778 ],
      "X_74" : [ -0.000458, 0.000458 ],
      "X_75" : [ -0.002594, 0.002594 ],
      "X_76" : [ 0.000000, 0.000000 ],
      "X_77" : [ 0.000000, 0.000000 ],
      "X_78" : [ -0.000122, 0.000122 ],
      "X_79" : [ -0.001160, 0.001160 ],
      "X_80" : [ 0.000000, 0.000000 ],
      "X_81" : [ 0.000092, -0.000092 ],
      "X_82" : [ -0.002579, 0.002579 ],
      "X_83" : [ 0.000000, 0.000000 ],
      "X_84" : [ -0.000107, 0.000107 ],
      "X_85" : [ 0.000000, 0.000000 ],
      "X_86" : [ 0.000000, 0.000000 ],
      "X_87" : [ -0.000504, 0.000504 ],
      "X_88" : [ -0.000412, 0.000412 ],
      "X_89" : [ 0.000595, -0.000595 ],
      "X_90" : [ 0.000809, -0.000809 ],
      "X_91" : [ -0.000992, 0.000992 ],
      "X_92" : [ -0.003265, 0.003265 ],
      "X_93" : [ 0.001755, -0.001755 ],
      "X_94" : [ -0.002762, 0.002762 ],
      "X_95" : [ 0.008331, -0.008331 ],
      "X_96" : [ 0.001419, -0.001419 ],
      "X_97" : [ -0.004562, 0.004562 ],
      "X_98" : [ 0.010559, -0.010559 ],
      "X_99" : [ 0.004425, -0.004425 ]   
   },
   "Most_Contributive_Features_By_Class" : {
      "class_0" : [ 98, 95, 61, 97, 99, 34, 53, 50, 92, 4 ],
      "class_1" : [ 98, 95, 61, 97, 99, 34, 53, 50, 92, 4 ]
   }
}