{
   "Contributions" : {
      "X_0" : [ 0.000000, 0.000000 ],
      "X_1" : [ 0.000000, 0.000000 ],
      "X_2" : [ 0.000000, 0.000000 ],
      "X_3" : [ 0.000000, 0.000000 ],
      "X_4" : [ 0.000000, 0.000000 ],
      "X_5" : [ 0.000000, 0.000000 ],
      "X_6" : [ 0.000000, 0.000000 ],
      "X_7" : [ 0.000000, 0.000000 ],
      "X_8" : [ 0.000000, 0.000000 ],
      "X_9" : [ 0.000000, 0.000000 ],
      "X_10" : [ 0.000000, 0.000000 ],
      "X_11" : [ -0.005078, 0.005078 ],
      "X_12" : [ 0.000000, 0.000000 ],
      "X_13" : [ 0.000000, 0.000000 ],
      "X_14" : [ 0.000000, 0.000000 ],
      "X_15" : [ -0.015430, 0.015430 ],
      "X_16" : [ 0.000000, 0.000000 ],
      "X_17" : [ 0.000000, 0.000000 ],
      "X_18" : [ 0.000000, 0.000000 ],
      "X_19" : [ 0.001953, -0.001953 ],
      "X_20" : [ 0.000000, 0.000000 ],
      "X_21" : [ 0.000000, 0.000000 ],
      "X_22" : [ -0.003223, 0.003223 ],
      "X_23" : [ 0.000000, 0.000000 ],
      "X_24" : [ 0.000000, 0.000000 ],
      "X_25" : [ 0.000000, 0.000000 ],
      "X_26" : [ 0.000000, 0.000000 ],
      "X_27" : [ 0.000000, 0.000000 ],
      "X_28" : [ -0.004004, 0.004004 ],
      "X_29" : [ 0.000000, 0.000000 ],
      "X_30" : [ 0.000000, 0.000000 ],
      "X_31" : [ 0.000000, 0.000000 ],
      "X_32" : [ 0.000000, 0.000000 ],
      "X_33" : [ 0.000000, 0.000000 ],
      "X_34" : [ 0.000000, 0.000000 ],
      "X_35" : [ 0.000000, 0.000000 ],
      "X_36" : [ 0.000000, 0.000000 ],
      "X_37" : [ 0.001660, -0.001660 ],
      "X_38" : [ 0.000000, 0.000000 ],
      "X_39" : [ 0.000000, 0.000000 ],
      "X_40" : [ 0.000000, 0.000000 ],
      "X_41" : [ 0.000000, 0.000000 ],
      "X_42" : [ 0.000000, 0.000000 ],
      "X_43" : [ 0.000000, 0.000000 ],
      "X_44" : [ 0.000000, 0.000000 ],
      "X_45" : [ 0.000000, 0.000000 ],
      "X_46" : [ 0.000000, 0.000000 ],
      "X_47" : [ 0.000000, 0.000000 ],
      "X_48" : [ 0.000000, 0.000000 ],
      "X_49" : [ 0.005664, -0.005664 ],
      "X_50" : [ 0.000000, 0.000000 ],
      "X_51" : [ -0.003662, 0.003662 ],
      "X_52" : [ 0.008203, -0.008203 ],
      "X_53" : [ 0.000000, 0.000000 ],
      "X_54" : [ 0.000000, 0.000000 ],
      "X_55" : [ 0.000000, 0.000000 ],
      "X_56" : [ 0.000000, 0.000000 ],
      "X_57" : [ 0.002734, -0.002734 ],
      "X_58" : [ 0.000000, 0.000000 ],
      "X_59" : [ 0.000000, 0.000000 ],
      "X_60" : [ 0.000000, 0.000000 ],
      "X_61" : [ 0.000000, 0.000000 ],
      "X_62" : [ 0.000000, 0.000000 ],
      "X_63" : [ -0.006055, 0.006055 ],
      "X_64" : [ 0.000000, 0.000000 ],
      "X_65" : [ 0.000000, 0.000000 ],
      "X_66" : [ 0.000000, 0.000000 ],
      "X_67" : [ -0.001562, 0.001562 ],
      "X_68" : [ 0.000000, 0.000000 ],
      "X_69" : [ 0.004297, -0.004297 ],
      "X_70" : [ 0.000000, 0.000000 ],
      "X_71" : [ -0.001367, 0.001367 ],
      "X_72" : [ 0.000000, 0.000000 ],
      "X_73" : [ 0.000000, 0.000000 ],
      "X_74" : [ -0.002930, 0.002930 ],
      "X_75" : [ 0.000000, 0.000000 ],
      "X_76" : [ 0.000000, 0.000000 ],
      "X_77" : [ 0.000000, 0.000000 ],
      "X_78" : [ 0.005078, -0.005078 ],
      "X_79" : [ 0.000000, 0.000000 ],
      "X_80" : [ 0.000000, 0.000000 ],
      "X_81" : [ 0.000000, 0.000000 ],
      "X_82" : [ -0.006152, 0.006152 ],
      "X_83" : [ 0.000000, 0.000000 ],
      "X_84" : [ 0.000000, 0.000000 ],
      "X_85" : [ 0.000000, 0.000000 ],
      "X_86" : [ 0.000000, 0.000000 ],
      "X_87" : [ 0.000000, 0.000000 ],
      "X_88" : [ 0.000000, 0.000000 ],
      "X_89" : [ 0.000000, 0.000000 ],
      "X_90" : [ -0.001318, 0.001318 ],
      "X_91" : [ 0.000000, 0.000000 ],
      "X_92" : [ -0.012793, 0.012793 ],
      "X_93" : [ 0.002539, -0.002539 ],
      "X_94" : [ -0.016699, 0.016699 ],
      "X_95" : [ 0.000000, 0.000000 ],
      "X_96" : [ 0.000000, 0.000000 ],
      "X_97" : [ 0.002930, -0.002930 ],
      "X_98" : [ 0.006104, -0.006104 ],
      "X_99" : [ 0.002344, -0.002344 ]   
   },
   "Most_Contributive_Features_By_Class" : {
      "class_0" : [ 94, 15, 92, 52, 82, 98, 63, 49, 11, 78 ],
      "class_1" : [ 94, 15, 92, 52, 82, 98, 63, 49, 11, 78 ]
   }
}