{
   "Contributions" : {
      "X_0" : [ -0.005945, 0.005945 ],
      "X_1" : [ 0.000000, 0.000000 ],
      "X_2" : [ 0.000476, -0.000476 ],
      "X_3" : [ 0.000000, 0.000000 ],
      "X_4" : [ -0.018677, 0.018677 ],
      "X_5" : [ 0.000000, 0.000000 ],
      "X_6" : [ 0.000000, 0.000000 ],
      "X_7" : [ 0.000000, 0.000000 ],
      "X_8" : [ 0.000000, 0.000000 ],
      "X_9" : [ 0.000000, 0.000000 ],
      "X_10" : [ 0.020573, -0.020573 ],
      "X_11" : [ -0.008129, 0.008129 ],
      "X_12" : [ -0.001864, 0.001864 ],
      "X_13" : [ 0.000000, 0.000000 ]   
   },
   "Most_Contributive_Features_By_Class" : {
      "class_0" : [ 10, 4, 11, 0, 12, 2 ],
      "class_1" : [ 10, 4, 11, 0, 12, 2 ]
   }
}