{
   "Contributions" : {
      "X_0" : [ -0.007465, 0.007465 ],
      "X_1" : [ 0.000000, 0.000000 ],
      "X_2" : [ 0.000228, -0.000228 ],
      "X_3" : [ 0.000000, 0.000000 ],
      "X_4" : [ -0.020313, 0.020313 ],
      "X_5" : [ 0.000000, 0.000000 ],
      "X_6" : [ 0.000000, 0.000000 ],
      "X_7" : [ 0.000000, 0.000000 ],
      "X_8" : [ 0.000000, 0.000000 ],
      "X_9" : [ 0.000000, 0.000000 ],
      "X_10" : [ 0.018176, -0.018176 ],
      "X_11" : [ -0.008032, 0.008032 ],
      "X_12" : [ 0.001552, -0.001552 ],
      "X_13" : [ 0.000000, 0.000000 ]   
   },
   "Most_Contributive_Features_By_Class" : {
      "class_0" : [ 4, 10, 11, 0, 12, 2 ],
      "class_1" : [ 4, 10, 11, 0, 12, 2 ]
   }
}