{
   "Contributions" : {
      "X_0" : [ -0.000789, 0.000789 ],
      "X_1" : [ 0.000000, 0.000000 ],
      "X_2" : [ -0.000280, 0.000280 ],
      "X_3" : [ 0.000000, 0.000000 ],
      "X_4" : [ -0.006599, 0.006599 ],
      "X_5" : [ 0.000000, 0.000000 ],
      "X_6" : [ 0.000000, 0.000000 ],
      "X_7" : [ 0.000000, 0.000000 ],
      "X_8" : [ 0.000000, 0.000000 ],
      "X_9" : [ 0.000000, 0.000000 ],
      "X_10" : [ 0.030730, -0.030730 ],
      "X_11" : [ -0.003720, 0.003720 ],
      "X_12" : [ -0.006488, 0.006488 ],
      "X_13" : [ 0.000000, 0.000000 ]   
   },
   "Most_Contributive_Features_By_Class" : {
      "class_0" : [ 10, 4, 12, 11, 0, 2 ],
      "class_1" : [ 10, 4, 12, 11, 0, 2 ]
   }
}