{
	"metadata" : { "model" : "Tikhonov_Ridge", "version" : "2024-W14", "signature" : "ff4_OO8"},
	"options" : { "alpha" : 0.000000, "random_state" : 1789 },
	"dataset" : { "dataset_rows" : 48842, "dataset_features" : 14 },
	"classes" : [ "<=50K", ">50K" ],
	"equations" : {
		"class_1" : {
			"intercept" : -1.838795,
			"coeffs" : [ 0.025834, 0.000000, 0.002276, 0.000000, 0.046985, 0.000000, 0.000000, 0.000000, 0.000000, 0.000000, 0.209873, 0.039602, 0.183522, 0.000000 ]
		}
	}
}