{
   "Contributions" : {
      "X_0" : [ -0.005558, 0.005558 ],
      "X_1" : [ -0.001333, 0.001333 ],
      "X_2" : [ -0.007984, 0.007984 ],
      "X_3" : [ -0.008201, 0.008201 ],
      "X_4" : [ -0.001491, 0.001491 ],
      "X_5" : [ 0.000975, -0.000975 ],
      "X_6" : [ -0.011398, 0.011398 ],
      "X_7" : [ -0.006595, 0.006595 ],
      "X_8" : [ -0.000511, 0.000511 ],
      "X_9" : [ 0.002888, -0.002888 ],
      "X_10" : [ -0.000993, 0.000993 ],
      "X_11" : [ -0.000394, 0.000394 ],
      "X_12" : [ -0.004954, 0.004954 ],
      "X_13" : [ -0.003602, 0.003602 ],
      "X_14" : [ 0.001855, -0.001855 ],
      "X_15" : [ 0.000156, -0.000156 ],
      "X_16" : [ -0.002437, 0.002437 ],
      "X_17" : [ -0.000174, 0.000174 ],
      "X_18" : [ -0.000594, 0.000594 ],
      "X_19" : [ 0.002452, -0.002452 ],
      "X_20" : [ -0.004250, 0.004250 ],
      "X_21" : [ -0.006948, 0.006948 ],
      "X_22" : [ -0.009622, 0.009622 ],
      "X_23" : [ -0.011495, 0.011495 ],
      "X_24" : [ -0.005002, 0.005002 ],
      "X_25" : [ -0.002234, 0.002234 ],
      "X_26" : [ -0.011449, 0.011449 ],
      "X_27" : [ -0.010472, 0.010472 ],
      "X_28" : [ -0.008812, 0.008812 ],
      "X_29" : [ -0.002880, 0.002880 ]   
   },
   "Most_Contributive_Features_By_Class" : {
      "class_0" : [ 23, 26, 6, 27, 22, 28, 3, 2, 21, 7 ],
      "class_1" : [ 23, 26, 6, 27, 22, 28, 3, 2, 21, 7 ]
   }
}