{
	"metadata" : { "model" : "Tikhonov_Ridge", "version" : "2024-W14", "signature" : "ff4_ff4"},
	"options" : { "alpha" : 1.000000, "random_state" : 1789 },
	"dataset" : { "dataset_rows" : 1024, "dataset_features" : 10 },
	"equations" : {
			"intercept" : -629.546265,
			"coeffs" : [ 30.402140, 16.246965, 25.457283, 2.199723, 1.837180, 9.243998, 27.938166, 12.397970, 9.286277, 5.514602 ]
		}
}