{
	"metadata" : { "model" : "Tikhonov_Ridge", "version" : "2024-W14", "signature" : "ff4_ff4"},
	"options" : { "alpha" : 0.000000, "random_state" : 1789 },
	"dataset" : { "dataset_rows" : 1024, "dataset_features" : 10 },
	"equations" : {
			"intercept" : -630.176208,
			"coeffs" : [ 30.431307, 16.261839, 25.484423, 2.200887, 1.838324, 9.254494, 27.966387, 12.409963, 9.294753, 5.521595 ]
		}
}