{
   "Contributions" : {
      "X_0" : [ 5.670700 ],
      "X_1" : [ 20.435623 ],
      "X_2" : [ 4.474935 ],
      "X_3" : [ -1.037561 ],
      "X_4" : [ 0.984972 ],
      "X_5" : [ -1.958925 ],
      "X_6" : [ -4.010656 ],
      "X_7" : [ 2.954204 ],
      "X_8" : [ -4.126234 ],
      "X_9" : [ 1.319411 ]   
   },
   "Most_Contributive_Features" : {
      "y" : [ 1, 0, 2, 8, 6, 7, 5, 9, 3, 4 ]
   }
}