{
   "Contributions" : {
      "X_0" : [ 5.676144 ],
      "X_1" : [ 20.454365 ],
      "X_2" : [ 4.479685 ],
      "X_3" : [ -1.038112 ],
      "X_4" : [ 0.985587 ],
      "X_5" : [ -1.961153 ],
      "X_6" : [ -4.014703 ],
      "X_7" : [ 2.957065 ],
      "X_8" : [ -4.130001 ],
      "X_9" : [ 1.321084 ]   
   },
   "Most_Contributive_Features" : {
      "y" : [ 1, 0, 2, 8, 6, 7, 5, 9, 3, 4 ]
   }
}