{
   "Contributions" : {
      "X_0" : [ -0.003446 ],
      "X_1" : [ 0.027009 ],
      "X_2" : [ -1.398344 ],
      "X_3" : [ 130.222702 ],
      "X_4" : [ 12.246600 ],
      "X_5" : [ 21.692865 ],
      "X_6" : [ 0.416578 ],
      "X_7" : [ 0.080433 ],
      "X_8" : [ 0.000000 ]   
   },
   "Most_Contributive_Features" : {
      "y" : [ 3, 5, 4, 2, 6, 7, 1, 0 ]
   }
}