{
   "Contributions" : {
      "X_0" : [ 0.000188 ],
      "X_1" : [ -0.000860 ],
      "X_2" : [ 0.176551 ],
      "X_3" : [ -13.872527 ],
      "X_4" : [ 0.154894 ],
      "X_5" : [ -0.849396 ],
      "X_6" : [ 0.073113 ],
      "X_7" : [ 0.002042 ],
      "X_8" : [ 0.000000 ]   
   },
   "Most_Contributive_Features" : {
      "y" : [ 3, 5, 2, 4, 6, 7, 1, 0 ]
   }
}