{
   "Contributions" : {
      "X_0" : [ 0.142220 ],
      "X_1" : [ -0.195164 ],
      "X_2" : [ 0.000000 ],
      "X_3" : [ 5.889361 ],
      "X_4" : [ 0.000000 ],
      "X_5" : [ 0.000000 ],
      "X_6" : [ 0.000000 ],
      "X_7" : [ 0.000000 ],
      "X_8" : [ 0.000000 ],
      "X_9" : [ 0.000000 ],
      "X_10" : [ 0.000000 ],
      "X_11" : [ 3.013384 ],
      "X_12" : [ 1.306178 ],
      "X_13" : [ 0.000000 ],
      "X_14" : [ 0.000000 ],
      "X_15" : [ 0.000000 ],
      "X_16" : [ -0.000000 ],
      "X_17" : [ 0.000000 ],
      "X_18" : [ 0.000000 ],
      "X_19" : [ 0.000000 ],
      "X_20" : [ 0.760279 ],
      "X_21" : [ -0.108211 ],
      "X_22" : [ 0.000000 ],
      "X_23" : [ 0.000000 ],
      "X_24" : [ 0.000000 ],
      "X_25" : [ 0.000000 ],
      "X_26" : [ -0.877055 ],
      "X_27" : [ 0.000000 ],
      "X_28" : [ 0.000000 ],
      "X_29" : [ 0.000000 ],
      "X_30" : [ -2.794148 ],
      "X_31" : [ 0.000000 ],
      "X_32" : [ 0.000000 ],
      "X_33" : [ 0.000000 ],
      "X_34" : [ 1.204483 ],
      "X_35" : [ 0.000000 ],
      "X_36" : [ 0.000000 ],
      "X_37" : [ 0.000000 ],
      "X_38" : [ 0.000000 ],
      "X_39" : [ 0.578959 ],
      "X_40" : [ 0.000000 ],
      "X_41" : [ 0.000000 ],
      "X_42" : [ 0.000000 ],
      "X_43" : [ 0.000000 ],
      "X_44" : [ 0.000000 ],
      "X_45" : [ 0.000000 ],
      "X_46" : [ 24.832445 ],
      "X_47" : [ -3.480673 ],
      "X_48" : [ 0.000000 ],
      "X_49" : [ 0.000000 ],
      "X_50" : [ 0.000000 ],
      "X_51" : [ 0.000000 ],
      "X_52" : [ 0.000000 ],
      "X_53" : [ 0.000000 ],
      "X_54" : [ 0.000000 ],
      "X_55" : [ -3.783942 ],
      "X_56" : [ 0.000000 ],
      "X_57" : [ 0.000000 ],
      "X_58" : [ 0.000000 ],
      "X_59" : [ 0.035032 ],
      "X_60" : [ 0.000000 ],
      "X_61" : [ 0.000000 ],
      "X_62" : [ 0.000000 ],
      "X_63" : [ 0.000000 ],
      "X_64" : [ 0.000000 ],
      "X_65" : [ 0.000000 ],
      "X_66" : [ 0.000000 ],
      "X_67" : [ 0.000000 ],
      "X_68" : [ 0.000000 ],
      "X_69" : [ 0.000000 ],
      "X_70" : [ 0.000000 ],
      "X_71" : [ -0.450688 ],
      "X_72" : [ 0.000000 ],
      "X_73" : [ 0.000000 ],
      "X_74" : [ 0.000000 ],
      "X_75" : [ 0.000000 ],
      "X_76" : [ 0.176952 ],
      "X_77" : [ -0.619894 ],
      "X_78" : [ 0.000000 ],
      "X_79" : [ 0.181767 ],
      "X_80" : [ -0.095965 ],
      "X_81" : [ 0.000000 ],
      "X_82" : [ 0.000000 ],
      "X_83" : [ 0.000000 ],
      "X_84" : [ 0.000000 ],
      "X_85" : [ 0.000000 ],
      "X_86" : [ 0.672739 ],
      "X_87" : [ 9.925928 ],
      "X_88" : [ 0.000000 ],
      "X_89" : [ 0.000000 ],
      "X_90" : [ 0.000000 ],
      "X_91" : [ 0.000000 ],
      "X_92" : [ 0.000000 ],
      "X_93" : [ 0.000000 ],
      "X_94" : [ 0.000000 ],
      "X_95" : [ 0.000000 ],
      "X_96" : [ 3.264456 ],
      "X_97" : [ 0.000000 ],
      "X_98" : [ 0.000000 ],
      "X_99" : [ 0.000000 ]   
   },
   "Most_Contributive_Features" : {
      "y" : [ 46, 87, 3, 55, 47, 96, 11, 30, 12, 34 ]
   }
}