{
   "Contributions" : {
      "X_0" : [ -0.049784 ],
      "X_1" : [ -0.323931 ],
      "X_2" : [ -0.171893 ],
      "X_3" : [ 5.712458 ],
      "X_4" : [ 0.000000 ],
      "X_5" : [ 0.763044 ],
      "X_6" : [ 0.000000 ],
      "X_7" : [ 0.000000 ],
      "X_8" : [ 0.000000 ],
      "X_9" : [ 0.000000 ],
      "X_10" : [ -1.043205 ],
      "X_11" : [ 5.457612 ],
      "X_12" : [ 1.606624 ],
      "X_13" : [ -0.696127 ],
      "X_14" : [ -0.124130 ],
      "X_15" : [ 0.000000 ],
      "X_16" : [ -0.000000 ],
      "X_17" : [ 0.000000 ],
      "X_18" : [ 0.000000 ],
      "X_19" : [ 0.000000 ],
      "X_20" : [ 0.872396 ],
      "X_21" : [ -0.239049 ],
      "X_22" : [ 0.000000 ],
      "X_23" : [ 0.000000 ],
      "X_24" : [ 0.000000 ],
      "X_25" : [ 0.000000 ],
      "X_26" : [ -0.722121 ],
      "X_27" : [ 0.000000 ],
      "X_28" : [ 0.147625 ],
      "X_29" : [ 0.000000 ],
      "X_30" : [ -2.714796 ],
      "X_31" : [ 0.000000 ],
      "X_32" : [ 0.000000 ],
      "X_33" : [ 0.050558 ],
      "X_34" : [ 1.146073 ],
      "X_35" : [ 0.000000 ],
      "X_36" : [ 0.000000 ],
      "X_37" : [ 0.000000 ],
      "X_38" : [ -0.643409 ],
      "X_39" : [ -0.087588 ],
      "X_40" : [ 0.388076 ],
      "X_41" : [ 0.093374 ],
      "X_42" : [ 0.000000 ],
      "X_43" : [ 0.000000 ],
      "X_44" : [ 0.000000 ],
      "X_45" : [ 0.000000 ],
      "X_46" : [ 28.947409 ],
      "X_47" : [ -2.885667 ],
      "X_48" : [ 0.000000 ],
      "X_49" : [ 0.000000 ],
      "X_50" : [ 0.000000 ],
      "X_51" : [ 0.000000 ],
      "X_52" : [ -1.406998 ],
      "X_53" : [ 0.048373 ],
      "X_54" : [ 0.000000 ],
      "X_55" : [ -5.858205 ],
      "X_56" : [ 2.876220 ],
      "X_57" : [ 0.000000 ],
      "X_58" : [ 0.000000 ],
      "X_59" : [ 0.439736 ],
      "X_60" : [ 0.000000 ],
      "X_61" : [ 0.000000 ],
      "X_62" : [ 0.000000 ],
      "X_63" : [ 0.000000 ],
      "X_64" : [ 0.000000 ],
      "X_65" : [ -2.984878 ],
      "X_66" : [ 0.000000 ],
      "X_67" : [ 0.000000 ],
      "X_68" : [ -0.968698 ],
      "X_69" : [ 0.000000 ],
      "X_70" : [ 0.413123 ],
      "X_71" : [ -0.654214 ],
      "X_72" : [ -1.971852 ],
      "X_73" : [ 0.000000 ],
      "X_74" : [ -0.040903 ],
      "X_75" : [ 0.577520 ],
      "X_76" : [ 0.000000 ],
      "X_77" : [ 0.000000 ],
      "X_78" : [ -1.483318 ],
      "X_79" : [ 0.000000 ],
      "X_80" : [ -0.095965 ],
      "X_81" : [ 0.000000 ],
      "X_82" : [ 0.000000 ],
      "X_83" : [ 0.000000 ],
      "X_84" : [ 0.000000 ],
      "X_85" : [ 0.052372 ],
      "X_86" : [ 0.672739 ],
      "X_87" : [ 10.778641 ],
      "X_88" : [ 0.000000 ],
      "X_89" : [ 0.588146 ],
      "X_90" : [ 0.628435 ],
      "X_91" : [ 0.021806 ],
      "X_92" : [ -0.007615 ],
      "X_93" : [ 0.047646 ],
      "X_94" : [ 0.000000 ],
      "X_95" : [ 0.000000 ],
      "X_96" : [ 3.454011 ],
      "X_97" : [ -0.485728 ],
      "X_98" : [ -0.023677 ],
      "X_99" : [ 0.000000 ]   
   },
   "Most_Contributive_Features" : {
      "y" : [ 46, 87, 55, 3, 11, 96, 65, 47, 56, 30 ]
   }
}