{
   "Contributions" : {
      "X_0" : [ -5.144768 ],
      "X_1" : [ 9.174093 ],
      "X_2" : [ 22.798004 ],
      "X_3" : [ -1.285120 ],
      "X_4" : [ 0.085043 ],
      "X_5" : [ -5.011341 ],
      "X_6" : [ 13.336333 ],
      "X_7" : [ -4.912191 ],
      "X_8" : [ -0.569529 ],
      "X_9" : [ -1.228921 ]   
   },
   "Most_Contributive_Features" : {
      "y" : [ 2, 6, 1, 0, 5, 7, 3, 9, 8, 4 ]
   }
}