{
   "Contributions" : {
      "X_0" : [ -6.404452 ],
      "X_1" : [ 7.612204 ],
      "X_2" : [ 15.858241 ],
      "X_3" : [ -0.034014 ],
      "X_4" : [ 0.224221 ],
      "X_5" : [ -0.534241 ],
      "X_6" : [ 8.486441 ],
      "X_7" : [ -1.520126 ],
      "X_8" : [ -1.261839 ],
      "X_9" : [ -0.491617 ]   
   },
   "Most_Contributive_Features" : {
      "y" : [ 2, 6, 1, 0, 7, 8, 5, 9, 4, 3 ]
   }
}